{
  "GaugeNo": [
    35,
    36,
    37,
    38,
    39,
    40,
    41,
    42,
    43
  ],
  "MLDir": "/mnt/beegfs/nragu/tsunami/ML4SicilyTsunami/",
  "SimDir": "/mnt/beegfs/nragu/tsunami/ML4SicilyTsunami/data/simu/",
  "batch_size": 500,
  "batch_size_on": 50,
  "channels_deform": [
    64,
    64
  ],
  "channels_off": [
    64,
    128,
    256
  ],
  "channels_on": [
    64,
    64
  ],
  "control_points": [
    [
      37.5022,
      15.096
    ],
    [
      37.48876,
      15.08936
    ],
    [
      37.47193,
      15.07816
    ],
    [
      37.46273,
      15.08527
    ],
    [
      37.46252,
      15.08587
    ],
    [
      37.45312,
      15.07874
    ],
    [
      37.42821,
      15.08506
    ],
    [
      37.40958,
      15.08075
    ],
    [
      37.38595,
      15.08539
    ],
    [
      37.35084,
      15.08575
    ],
    [
      37.33049,
      15.07029
    ],
    [
      37.40675,
      15.05037
    ]
  ],
  "epoch_deform": null,
  "epoch_offshore": null,
  "epoch_onshore": null,
  "es_gap": 1000,
  "gamma": 0.8,
  "interface_layers": 2,
  "lr": 0.0001,
  "lr_couple": 0.0005,
  "lr_deform": 5e-05,
  "lr_on": 5e-05,
  "nepochs": 5000,
  "offshore_threshold": 0.1,
  "onshore_threshold": 0.25,
  "pts_dim": 480,
  "reg": "CT",
  "reg_gaugeno": "41",
  "seed": 0,
  "split": 0.75,
  "step_size": 300,
  "test_size": "5000",
  "threshold": 0.1,
  "train_size": "900",
  "ts_dim": 9,
  "tune_nlayers": 1,
  "x_dim": 912,
  "y_dim": 2224,
  "z": 64
}