idx,eve_id,MIH,P05,P16,P50,P84,P95,Pmean
0,E01267N3753E01646N3535-BS-M754_E01498N3715_D010_S067D50R090_A001972_S039,1.65,4.1524886352522186e-07,7.623234496517648e-07,1.7573392299190485e-06,5.3113740327127675e-06,1.0775256095345193e-05,3.0186332371178574e-06
4,E01267N3753E01646N3535-BS-M754_E01502N3737_D091_S247D30R090_A001972_S039,1.2,5.645881197578327e-07,1.07478523249563e-06,2.4171596423065796e-06,7.395397758827585e-06,1.4147679735655424e-05,4.150620701037057e-06
5,E01267N3753E01646N3535-BS-M754_E01527N3715_D010_S067D50R090_A001972_S039,1.36,4.946841657502419e-07,9.61306382757599e-07,2.1633700308780443e-06,6.5385076121932805e-06,1.2786575774016038e-05,3.6623123832679853e-06
6,E01267N3753E01646N3535-BS-M754_E01502N3737_D172_S247D30R090_A001972_S039,0.95,7.131639407467362e-07,1.3576234515734277e-06,3.053254285018839e-06,9.341555063782217e-06,1.7870753350301595e-05,5.242889306573121e-06
8,E01267N3753E01646N3535-BS-M754_E01527N3715_D091_S067D50R090_A001972_S039,1.08,6.229356161299343e-07,1.210533963472532e-06,2.7242437425871672e-06,8.233676252391539e-06,1.6101613937649827e-05,4.611800778930064e-06
10,E01267N3753E01646N3535-BS-M774_E01498N3715_D010_S067D50R090_A003139_S050,2.07,6.075085224455562e-08,1.9935847679704626e-07,5.357063912822904e-07,2.0175561928400334e-06,4.106335460693861e-06,1.081331788396147e-06
11,E01267N3753E01646N3535-BS-M774_E01502N3737_D010_S247D30R090_A003139_S050,1.69,7.4691305386626e-08,2.443451840796181e-07,6.638045266229972e-07,2.483962943950468e-06,4.856490511220834e-06,1.324471480461548e-06
12,E01267N3753E01646N3535-BS-M774_E01527N3715_D107_S067D50R090_A003139_S050,1.38,9.206666576449944e-08,3.076259636902036e-07,8.139916465875307e-07,2.989398582350081e-06,5.6941413056558445e-06,1.621997682594215e-06
13,E01267N3753E01646N3535-BS-M732_E01527N3715_D076_S067D50R090_A001180_S030,0.75,1.683989402348473e-06,2.8762697164454154e-06,5.985397298398093e-06,1.5054803066394873e-05,2.8571992071576925e-05,9.060233691830518e-06
14,E01267N3753E01646N3535-BS-M774_E01527N3715_D010_S067D50R090_A003139_S050,1.84,6.904999932337457e-08,2.3071947276765268e-07,6.104937349406479e-07,2.242048936762561e-06,4.270605979241883e-06,1.2164982619456615e-06
15,E01267N3753E01646N3535-BS-M732_E01502N3737_D010_S247D30R090_A001180_S030,1.06,1.2142806427647124e-06,2.0229877023363348e-06,4.266349032122264e-06,1.0983817858091277e-05,1.9341612251496134e-05,6.410542706483835e-06
16,E01267N3753E01646N3535-BS-M754_E01527N3715_D172_S067D50R090_A001972_S039,0.68,9.89368331500484e-07,1.922612765515198e-06,4.3267400617560895e-06,1.3077015224386561e-05,2.5573151548032076e-05,7.324624766535971e-06
18,E01267N3753E01646N3535-BS-M707_E01502N3737_D062_S247D30R090_A000668_S023,0.66,2.0935003915033724e-06,3.516175736721674e-06,6.806954093029197e-06,1.4843263486763781e-05,2.6188106594716764e-05,9.276486898705001e-06
19,E01267N3753E01646N3535-BS-M707_E01502N3737_D010_S247D30R090_A000668_S023,0.82,1.6850125102344217e-06,2.830092666141835e-06,5.478767928535695e-06,1.1947016952761094e-05,2.1078232137211055e-05,7.466440674567449e-06
20,E01267N3753E01646N3535-BS-M792_E01498N3715_D010_S067D50R090_A004781_S062,2.41,0.0,0.0,9.898326940368594e-08,1.1598078527170962e-06,3.4857132643905226e-06,7.208079696626745e-07
21,E01267N3753E01646N3535-BS-M792_E01498N3715_D125_S067D50R090_A004781_S062,1.38,0.0,0.0,1.728620864223791e-07,2.0254615398900015e-06,6.087368816797943e-06,1.2588023238311934e-06
22,E01267N3753E01646N3535-BS-M792_E01502N3737_D125_S247D30R090_A004781_S062,1.89,0.0,0.0,1.277836694856659e-07,1.4869735104972e-06,4.402283710060151e-06,9.191255062894415e-07
23,E01267N3753E01646N3535-BS-M792_E01502N3737_D010_S247D30R090_A004781_S062,2.06,0.0,0.0,1.1723841520772259e-07,1.3642621042911203e-06,4.038988452433827e-06,8.432753431490517e-07
24,E01267N3753E01646N3535-BS-M792_E01527N3715_D125_S067D50R090_A004781_S062,1.67,0.0,0.0,1.4516215117206937e-07,1.703185533009803e-06,4.985336711663876e-06,1.0402079083155946e-06
27,E01267N3753E01646N3535-BS-M809_E01498N3715_D010_S067D50R090_A006995_S075,2.86,0.0,0.0,2.671483524245673e-09,2.462243158261015e-07,9.036032049419385e-07,1.7367790699840825e-07
28,E01267N3753E01646N3535-BS-M707_E01502N3737_D115_S247D30R090_A000668_S023,0.5,2.763420516784451e-06,4.64135197247261e-06,8.98517940279854e-06,1.959310780252819e-05,3.456830070502614e-05,1.2244962706290623e-05
29,E01267N3753E01646N3535-BS-M774_E01498N3715_D107_S067D50R090_A003139_S050,1.09,1.1537088453782574e-07,3.7859820822925283e-07,1.0173506696828812e-06,3.831505797411805e-06,7.798270095079165e-06,2.053538350440386e-06
32,E01267N3753E01646N3535-BS-M707_E01527N3715_D062_S067D50R090_A000668_S023,0.41,3.2445430337111423e-06,5.664995075061488e-06,1.1066093714294966e-05,2.4349393382505827e-05,4.286608860257353e-05,1.493288134913489e-05
34,E01267N3753E01646N3535-BS-M809_E01527N3715_D010_S067D50R090_A006995_S075,2.76,0.0,0.0,2.811264039457681e-09,2.692785821285277e-07,9.54028379390648e-07,1.7997058478820544e-07
42,E01267N3753E01646N3535-BS-M809_E01502N3737_D144_S247D30R090_A006995_S075,2.29,0.0,0.0,3.328178182768533e-09,3.148291304192975e-07,1.1670106089843424e-06,2.1690777904604674e-07
44,E01267N3753E01646N3535-BS-M809_E01502N3737_D010_S247D30R090_A006995_S075,2.47,0.0,0.0,3.085638881999975e-09,2.9188611686647415e-07,1.0819653014470218e-06,2.0110073441920908e-07
45,E01267N3753E01646N3535-BS-M680_E01527N3715_D010_S067D50R090_A000357_S016,0.14,1.950073356412228e-06,3.221274060750099e-06,6.117623271134737e-06,1.1446200648091056e-05,1.8695439411939763e-05,7.4566315712549e-06
48,E01108N3882E01527N3690-BS-M774_E01477N3760_D010_S247D30R090_A005608_S028,0.7,0.0,0.0,1.0651740146789231e-06,8.067859908829695e-06,1.08674729599601e-05,3.1976525742571664e-06
56,E01267N3753E01646N3535-BS-M680_E01502N3737_D051_S247D30R090_A000357_S016,0.41,6.69912365735293e-07,1.0828388501478908e-06,2.0691388536913327e-06,3.865757907671126e-06,6.2589982331519225e-06,2.546166877989472e-06
62,E01470N3877E01631N3641-BS-M732_E01534N3760_D010_S202D30R090_A002108_S017,0.64,2.026695810600614e-06,3.4338985121820134e-06,7.607494022342159e-06,1.722370143110693e-05,3.051918461416029e-05,1.0617461357613874e-05
69,E01267N3753E01646N3535-BS-M792_E01502N3737_D010_S067D50R090_A004781_S062,2.53,0.0,0.0,8.897927610674551e-08,1.1235792995064786e-06,3.1991105898001765e-06,6.866194493624687e-07
70,E01267N3753E01646N3535-BS-M707_E01502N3737_D220_S247D30R090_A000668_S023,0.28,4.9346794942579485e-06,8.288128522272517e-06,1.6044963219283107e-05,3.4987692504514625e-05,6.172910840183237e-05,2.1866004832661544e-05
71,E01470N3877E01631N3641-BS-M809_E01534N3760_D010_S202D30R090_A012497_S042,1.75,0.0,0.0,2.479292095771656e-11,4.46330251750113e-07,1.5201331195176685e-06,2.838393222945407e-07
73,E01267N3753E01646N3535-BS-M680_E01502N3737_D010_S247D30R090_A000357_S016,0.59,4.655323219516443e-07,7.524812348485343e-07,1.4378761525651634e-06,2.6863741392290882e-06,4.349473348461505e-06,1.7693702033486167e-06
75,E01267N3753E01646N3535-BS-M707_E01527N3715_D115_S067D50R090_A000668_S023,0.27,4.926898680820625e-06,8.602399928797075e-06,1.6804068232818284e-05,3.697500476602737e-05,6.509294935946351e-05,2.2675856863500783e-05
76,E01267N3753E01646N3535-BS-M680_E01502N3737_D092_S247D30R090_A000357_S016,0.3,9.155468998382336e-07,1.4798797618687843e-06,2.8278231000448214e-06,5.283202473817206e-06,8.553964251974293e-06,3.4797613999189464e-06
89,E01267N3753E01646N3535-BS-M754_E01498N3715_D091_S022D50R090_A001972_S039,1.14,3.8853689795248313e-07,7.757233922550588e-07,2.2371620703961118e-06,7.368393875039087e-06,1.529877645083779e-05,4.3690744221442726e-06
108,E01267N3753E01646N3535-BS-M774_E01498N3715_D010_S202D50R090_A003139_S050,2.6,2.992874350577603e-08,1.0541409086490537e-07,3.7199330857393414e-07,1.3425237639982272e-06,3.4354996954230165e-06,8.609064623000053e-07
111,E01267N3753E01646N3535-BS-M680_E01502N3737_D133_S247D30R090_A000357_S016,0.22,1.248473045233955e-06,2.0180178570937965e-06,3.8561224091520285e-06,7.2043670097507355e-06,1.1664496707237676e-05,4.745129181707655e-06
218,E01470N3877E01631N3641-BS-M774_E01534N3760_D010_S157D50R090_A005608_S028,1.67,7.259817739064022e-09,1.3632446588893764e-07,6.35738053932636e-07,2.2154296069628436e-06,4.900627169728072e-06,1.3403334143592915e-06
282,E01470N3877E01631N3641-BS-M754_E01555N3715_D010_S202D50R270_A003524_S022,1.19,2.7716257298172933e-07,7.852056214039973e-07,2.2369588398539195e-06,6.594497496474181e-06,1.5337524180671605e-05,4.185499866591991e-06
464,E01380N4178E01687N3892-BS-M809_E01648N3917_D010_S157D50R270_A012497_S042,0.32,0.0,0.0,6.434580548916302e-12,5.530593412658041e-06,1.1955482654110695e-05,2.4324104473865656e-06
532,E01470N3877E01631N3641-BS-M774_E01559N3737_D010_S292D50R090_A005608_S028,1.61,8.742304289743817e-09,1.3604163522204108e-07,6.493908935997531e-07,2.4728202090633943e-06,5.013324625886073e-06,1.3902837279378986e-06
613,E01470N3877E01631N3641-BS-M774_E01555N3715_D010_S022D30R090_A005608_S028,1.3,7.302462476823057e-09,1.3547298229701112e-07,7.784745372401166e-07,2.8360921649739225e-06,6.0024496813542915e-06,1.7218129246000136e-06
646,E01267N3753E01646N3535-BS-M774_E01502N3737_D010_S112D30R090_A003139_S050,2.14,3.030898953749927e-08,1.2880467082869563e-07,4.741149902029943e-07,1.6002719337630832e-06,3.993688532726565e-06,1.0459611224205699e-06
728,E01108N3882E01527N3690-BS-M754_E01506N3760_D010_S247D50R090_A003524_S022,0.76,0.0,0.0,3.577366012811428e-06,1.4894806106975489e-05,2.2038422190108487e-05,6.5536116332164055e-06
813,E01470N3877E01631N3641-BS-M707_E01538N3782_D094_S022D30R270_A001194_S013,0.16,8.617782516915598e-06,1.4172157246389349e-05,2.9076953123525513e-05,5.9843080909491403e-05,0.00010116860569919499,3.826550845715605e-05
964,E01470N3877E01631N3641-BS-M754_E01534N3760_D140_S022D50R090_A003524_S022,0.8,4.577397470685519e-07,1.0864687961452327e-06,3.4991208966913856e-06,9.61359285871972e-06,2.1643649847846083e-05,6.225931051555498e-06
1199,E01470N3877E01631N3641-BS-M774_E01538N3782_D010_S247D50R270_A005608_S028,0.87,1.5030259393505685e-08,2.422674050831255e-07,1.2666772652529364e-06,4.1235464547186614e-06,9.806473689934378e-06,2.572823910321856e-06
1252,E01598N4052E01840N3892-BS-M792_E01798N3940_D010_S292D50R090_A008541_S034,1.4,6.139120635893894e-11,5.5278591393237633e-08,7.277325886118776e-07,3.1749377325684925e-06,7.856409298404225e-06,1.7785113910054586e-06
1346,E01380N4178E01687N3892-BS-M809_E01619N3917_D010_S022D30R270_A012497_S042,0.21,0.0,0.0,6.953510056325647e-12,6.236986288183404e-06,1.2910078160072947e-05,2.720966096341066e-06
1415,E01267N3753E01646N3535-BS-M792_E01470N3715_D010_S067D50R090_A004781_S062,2.04,0.0,0.0,7.791753693526073e-08,1.3454951678128562e-06,4.261680787362264e-06,8.515427484740409e-07
1444,E01380N4178E01687N3892-BS-M809_E01677N3917_D010_S157D50R270_A012497_S042,0.38,0.0,0.0,4.739630103597398e-12,4.304724951424339e-06,9.539683922570883e-06,1.8735952481146868e-06
1481,E01470N3877E01631N3641-BS-M680_E01583N3715_D010_S022D50R090_A000638_S009,0.39,3.2940750385002496e-07,6.536712239531276e-07,1.8517992850997153e-06,4.404893566096821e-06,7.458479156702982e-06,2.6767395383991907e-06
1495,E01267N3753E01646N3535-BS-M809_E01523N3692_D010_S337D50R090_A006995_S075,1.39,0.0,0.0,3.736179181982302e-09,4.759217181883342e-07,1.774554735771856e-06,3.573516647593144e-07
1707,E01470N3877E01631N3641-BS-M774_E01534N3760_D010_S112D90R270_A005608_S028,1.51,3.1522539093815505e-09,4.752088981673411e-08,5.098063597204032e-07,2.652668645409293e-06,6.4667564613521395e-06,1.482355498000009e-06
1838,E01108N3882E01527N3690-BS-M680_E01506N3760_D010_S247D30R090_A000638_S009,0.16,2.5902624153632684e-06,4.091797956736248e-06,6.389942993513343e-06,8.919811063757202e-06,1.052133454355605e-05,6.5245526248480175e-06
1898,E01267N3753E01646N3535-BS-M680_E01527N3715_D092_S067D50R090_A000357_S016,0.12,2.2750855824809326e-06,3.7581530708751156e-06,7.1372271496571935e-06,1.3353900756106231e-05,2.1811345980596384e-05,8.699403499797393e-06
1968,E01267N3753E01646N3535-BS-M809_E01498N3715_D010_S202D50R090_A006995_S075,3.97,0.0,0.0,1.120036787334308e-09,1.6641314535668435e-07,7.318308948678429e-07,1.2511808917265642e-07
2075,E01267N3753E01646N3535-BS-M650_E01530N3737_D010_S022D30R090_A000178_S012,0.55,4.0105695662053036e-08,9.384244269020664e-08,2.6223100842699417e-07,6.55647937645313e-07,1.0654451680169423e-06,3.7673661342976765e-07
2076,E01470N3877E01631N3641-BS-M809_E01538N3782_D010_S202D50R090_A012497_S042,2.29,0.0,0.0,1.6524660143504437e-11,2.7398590917395337e-07,1.1167114217130282e-06,2.169077790460465e-07
2120,E01470N3877E01631N3641-BS-M650_E01534N3760_D010_S112D50R090_A000318_S006,0.17,1.708650589916135e-07,3.5380401428360956e-07,8.913503983881771e-07,2.064773604679366e-06,3.4203020787062703e-06,1.2188537493315972e-06
2121,E01267N3753E01646N3535-BS-M792_E01502N3737_D125_S157D50R270_A004781_S062,1.18,0.0,0.0,1.2715195279366165e-07,2.1297890315272793e-06,7.49706125756558e-06,1.472158649904279e-06
2123,E01470N3877E01631N3641-BS-M650_E01534N3760_D010_S202D30R090_A000318_S006,0.13,4.069440588114254e-07,6.714456219832485e-07,1.3421758703848227e-06,2.581626972630212e-06,3.440259111921654e-06,1.5938856722028623e-06
2182,E01267N3753E01646N3535-BS-M680_E01502N3737_D174_S247D30R090_A000357_S016,0.17,1.6156709997145299e-06,2.611552520944913e-06,4.990276058902625e-06,9.323298483206832e-06,1.5095231032895813e-05,6.140755411621669e-06
2381,E01470N3877E01631N3641-BS-M754_E01538N3782_D010_S112D70R090_A003524_S022,0.74,7.74212412753094e-08,3.0513802301455787e-07,2.4191611649421342e-06,1.1483675918869034e-05,2.697796045022309e-05,6.7307362719518395e-06
2393,E01267N3753E01646N3535-BS-M809_E01527N3715_D010_S292D30R090_A006995_S075,1.33,0.0,0.0,4.600675490388443e-09,4.927926458746701e-07,2.0937707599025933e-06,3.7347279249281794e-07
2549,E01267N3753E01646N3535-BS-M680_E01530N3737_D010_S067D50R090_A000357_S016,0.79,2.074084348397526e-07,4.0961998057209533e-07,9.727346420228268e-07,2.1400244253416065e-06,3.905792461047683e-06,1.3214283797160576e-06
2733,E01470N3877E01631N3641-BS-M809_E01534N3760_D010_S292D50R090_A012497_S042,2.01,0.0,0.0,1.5855528855585834e-11,3.3713415267852826e-07,1.2178614207899654e-06,2.471237880673862e-07
2756,E01267N3753E01646N3535-BS-M774_E01527N3715_D107_S067D70R090_A003139_S050,1.33,1.1810154303420664e-08,8.822123077629857e-08,5.573570526609955e-07,2.9073884178423854e-06,7.645859876638374e-06,1.68297503908272e-06
2912,E01470N3877E01631N3641-BS-M809_E01513N3805_D010_S157D50R270_A012497_S042,2.65,0.0,0.0,1.0371260158287595e-11,2.5116193621249014e-07,9.5556902960259e-07,1.8744106189262108e-07
2948,E01267N3753E01646N3535-BS-M680_E01502N3737_D215_S247D30R090_A000357_S016,0.13,2.1128005380882316e-06,3.4151071427741174e-06,6.5257456154880486e-06,1.2192005708808937e-05,1.9739917504556063e-05,8.030218615197565e-06
3052,E01470N3877E01631N3641-BS-M792_E01555N3715_D010_S112D30R270_A008541_S034,1.3,0.0,0.0,5.81406748942459e-09,1.6751159583523735e-06,6.504244691672656e-06,1.3362670822208037e-06
3150,E01470N3877E01631N3641-BS-M754_E01587N3737_D010_S157D30R270_A003524_S022,0.87,2.0600872446088352e-07,5.053490969621995e-07,2.5924370026102975e-06,9.80306883104383e-06,2.1164104588611923e-05,5.724994070395943e-06
3239,E01470N3877E01631N3641-BS-M809_E01538N3782_D010_S112D50R270_A012497_S042,2.29,0.0,0.0,1.0622093956202168e-11,2.836454953419621e-07,1.0162897095039977e-06,2.1690777904604663e-07
3298,E01267N3753E01646N3535-BS-M650_E01530N3737_D010_S202D50R270_A000178_S012,0.35,8.833857788920289e-08,1.8375302017813742e-07,4.5814049220033413e-07,9.596057940484811e-07,1.5754739934462483e-06,5.920146782467784e-07
3357,E01267N3753E01646N3535-BS-M792_E01495N3692_D010_S067D50R270_A004781_S062,0.88,0.0,0.0,1.7606757139945562e-07,3.4564913997473263e-06,9.98890557802101e-06,1.974030916917097e-06
3422,E01470N3877E01631N3641-BS-M809_E01534N3760_D010_S067D50R270_A012497_S042,1.66,0.0,0.0,2.2954665139313917e-11,4.277991608691704e-07,1.4978309018221484e-06,2.9922820121412437e-07
3525,E01470N3877E01631N3641-BS-M809_E01488N3827_D010_S157D50R270_A012497_S042,1.44,0.0,0.0,2.1957124524133242e-11,4.969029442724782e-07,1.9275714889423503e-06,3.449436208440603e-07
3541,E01470N3877E01631N3641-BS-M809_E01488N3827_D010_S337D50R090_A012497_S042,2.08,0.0,0.0,1.3179471761331195e-11,2.867828802020999e-07,1.1397923781527903e-06,2.388071221228107e-07
3548,E01470N3877E01631N3641-BS-M809_E01534N3760_D010_S292D30R090_A012497_S042,1.83,0.0,0.0,2.0194893171893538e-11,3.507636104696149e-07,1.3666521319954247e-06,2.714310459100803e-07
3574,E01470N3877E01631N3641-BS-M809_E01555N3715_D010_S247D50R270_A012497_S042,2.14,0.0,0.0,1.7014536635511448e-11,3.405585107042083e-07,1.1534033871607192e-06,2.321115953343209e-07
3849,E01267N3753E01646N3535-BS-M754_E01498N3715_D091_S202D70R090_A001972_S039,0.85,2.2374823407888249e-07,6.625626171765758e-07,2.773578704435854e-06,1.02314953914925e-05,2.2066448077370128e-05,5.859699813228772e-06
3898,E01267N3753E01646N3535-BS-M707_E01530N3737_D115_S337D30R090_A000668_S023,0.55,9.082023388075713e-07,2.244496332394266e-06,6.675758439483877e-06,1.861248947335602e-05,3.7585992636398215e-05,1.1131784278445919e-05
5018,E01108N3882E01527N3690-BS-M809_E01484N3805_D010_S157D50R090_A012497_S042,2.29,0.0,0.0,2.447699690602297e-10,4.961584568141915e-07,1.1449367482221792e-06,2.1690777904604687e-07
5310,E01267N3753E01646N3535-BS-M792_E01523N3692_D010_S202D70R270_A004781_S062,2.57,0.0,0.0,1.4266517283204519e-08,7.760596720347898e-07,3.556410499135295e-06,6.759327653256986e-07
5593,E01470N3877E01631N3641-BS-M680_E01583N3715_D010_S202D50R270_A000638_S009,0.3,5.333525317671668e-07,9.657419760302259e-07,2.3278341213206235e-06,6.1573074822192834e-06,1.0191121964046363e-05,3.4797613999189536e-06
5906,E01889N4173E02097N3847-BS-M732_E01996N3917_D115_S292D30R090_A002108_S017,0.14,3.5230212198406185e-05,4.61801685496867e-05,8.958182958484057e-05,0.00011609038879298799,0.00012847286387052497,8.414059658545972e-05
5932,E01108N3882E01527N3690-BS-M809_E01484N3805_D010_S112D50R270_A012497_S042,1.76,0.0,0.0,4.0161066448846255e-10,6.691323696921317e-07,1.3821510350389915e-06,2.8222659887241265e-07
6067,E01267N3753E01646N3535-BS-M809_E01467N3692_D010_S112D50R270_A006995_S075,0.7,0.0,0.0,7.736040355162525e-09,9.002463654700326e-07,3.984810587391788e-06,7.09598305736353e-07
6114,E01470N3877E01631N3641-BS-M650_E01559N3737_D010_S022D50R090_A000318_S006,0.18,1.681356027485967e-07,3.22498129158762e-07,8.161750956195238e-07,1.9325654750239547e-06,3.25568654505816e-06,1.1511396521465104e-06
6375,E01267N3753E01646N3535-BS-M650_E01502N3737_D072_S247D30R090_A000178_S012,0.11,5.748855943702981e-07,8.756494084786459e-07,1.6311470009936323e-06,2.847840877583632e-06,4.2220956547338265e-06,1.8836830671488349e-06
6382,E01267N3753E01646N3535-BS-M754_E01502N3737_D010_S247D70R270_A001972_S039,1.34,2.8071350290199893e-08,2.0597381317217864e-07,1.3979175282860204e-06,6.016796013531111e-06,1.6429001551295535e-05,3.716973762122737e-06
6604,E01267N3753E01646N3535-BS-M809_E01547N3670_D010_S022D30R270_A006995_S075,1.62,0.0,0.0,4.187583032582901e-09,3.72608537954444e-07,1.6446960293870064e-06,3.066165518613866e-07
6960,E01267N3753E01646N3535-BS-M809_E01523N3692_D010_S292D10R090_A006995_S075,0.61,0.0,0.0,4.254807256597095e-09,7.596565144553361e-07,3.532557123825804e-06,8.142931377302418e-07
7093,E01380N4178E01687N3892-BS-M774_E01677N3917_D010_S157D50R270_A005608_S028,0.14,1.2182328232984914e-07,5.789710087182631e-06,2.0368069032105087e-05,4.1859325738458024e-05,6.428887839520976e-05,2.451649661758038e-05
7185,E01108N3882E01527N3690-BS-M809_E01449N3760_D010_S292D30R270_A012497_S042,0.75,0.0,0.0,7.87921811409005e-10,1.4405288175703035e-06,3.4880595641058516e-06,6.622917520205951e-07
7358,E01108N3882E01527N3690-BS-M809_E01506N3760_D010_S247D50R270_A012497_S042,1.3,0.0,0.0,7.056537505408034e-10,9.190378610829147e-07,1.951006167841002e-06,3.8209139539649716e-07
7662,E01267N3753E01646N3535-BS-M650_E01530N3737_D010_S247D50R270_A000178_S012,0.31,9.857681955403677e-08,1.909378607774813e-07,4.5219952322393714e-07,1.094404272021092e-06,1.8891040574859583e-06,6.684036689882965e-07
7727,E01267N3753E01646N3535-BS-M650_E01502N3737_D041_S247D30R090_A000178_S012,0.12,5.269784615061065e-07,8.02678624438759e-07,1.4952180842441632e-06,2.610520804451663e-06,3.870254350172673e-06,1.726709478219767e-06
7832,E01267N3753E01646N3535-BS-M650_E01502N3737_D010_S247D30R090_A000178_S012,0.07,9.033916482961825e-07,1.376020499037872e-06,2.563231001561422e-06,4.475178521917136e-06,6.6347217431531545e-06,2.960073391233882e-06
8047,E01267N3753E01646N3535-BS-M600_E01530N3737_D010_S112D50R090_A000056_S006,0.06,3.89364558550233e-09,7.085752687838182e-09,1.7055619901800547e-08,3.546763955510567e-08,5.990800607619569e-08,2.2006138845343166e-08
8496,E01267N3753E01646N3535-BS-M650_E01530N3737_D041_S157D50R090_A000178_S012,0.28,1.2211350187194564e-07,2.2396591389739338e-07,5.379524849053766e-07,1.246369839982501e-06,2.0862387224216493e-06,7.400183478084714e-07
8704,E01108N3882E01527N3690-BS-M774_E01474N3737_D010_S112D90R270_A005608_S028,0.73,0.0,0.0,4.40934282625493e-08,5.002381375044103e-06,1.737731414321548e-05,3.066242194493174e-06
8980,E01267N3753E01646N3535-BS-M809_E01544N3647_D010_S247D30R090_A006995_S075,2.21,0.0,0.0,2.5624916847748822e-09,3.027024270475793e-07,1.1714362348716804e-06,2.2475964435088026e-07
10133,E01267N3753E01646N3535-BS-M732_E01502N3737_D208_S247D30R270_A001180_S030,0.34,8.534892178002015e-07,2.5349679662796597e-06,1.0109728967586351e-05,3.434455213877076e-05,7.307639360034615e-05,1.9985809614330996e-05
10650,E01470N3877E01631N3641-BS-M680_E01534N3760_D010_S202D50R090_A000638_S009,0.2,6.98026962456626e-07,1.4316593311264347e-06,3.607565411652655e-06,8.767072598474508e-06,1.475211487311102e-05,5.219642099878424e-06
11024,E01470N3877E01631N3641-BS-M650_E01534N3760_D059_S112D50R090_A000318_S006,0.13,2.2343892329672528e-07,4.626667879093355e-07,1.1656120594306929e-06,2.700088559965324e-06,4.472702718308198e-06,1.5938856722028583e-06
11031,E01470N3877E01631N3641-BS-M680_E01538N3782_D075_S022D30R270_A000638_S009,0.1,2.5671347263479695e-06,4.2393172211766e-06,8.392284414341906e-06,1.687263106682369e-05,2.5515497759985213e-05,1.043928419975687e-05
11411,E01889N4173E02097N3847-BS-M774_E02038N3850_D010_S337D50R090_A005608_S028,0.31,0.0,0.0,5.740139966308715e-08,1.4718455349255342e-05,8.128851244675193e-05,1.1915831462178911e-05
12189,E01267N3753E01646N3535-BS-M650_E01502N3737_D103_S247D30R090_A000178_S012,0.09,7.026379486748088e-07,1.070238165918345e-06,1.9936241123255513e-06,3.4806944059355503e-06,5.160339133563565e-06,2.3022793042930216e-06
12206,E01108N3882E01527N3690-BS-M680_E01506N3760_D141_S247D30R090_A000638_S009,0.06,6.907366440968716e-06,1.0911461217963328e-05,1.703984798270225e-05,2.3786162836685876e-05,2.805689211614946e-05,1.739880699959472e-05
12230,E01470N3877E01631N3641-BS-M732_E01538N3782_D115_S157D30R090_A002108_S017,0.34,1.6221493523267766e-06,3.409645326174871e-06,1.1275606595620169e-05,3.397860439409251e-05,6.488787663936652e-05,1.9985809614331193e-05
12442,E01470N3877E01631N3641-BS-M650_E01534N3760_D059_S202D30R090_A000318_S006,0.08,6.612840955685662e-07,1.0910991357227787e-06,2.181035789375337e-06,4.195143830524094e-06,5.590421056872689e-06,2.5900642173296505e-06
12537,E01267N3753E01646N3535-BS-M809_E01551N3692_D010_S022D90R090_A006995_S075,3.31,0.0,0.0,6.491783604866553e-10,1.6229327205819992e-07,7.746664537541722e-07,1.5006610695330708e-07
12552,E01267N3753E01646N3535-BS-M809_E01512N3625_D010_S292D30R090_A006995_S075,0.97,0.0,0.0,6.6211203378606395e-09,7.133454886610869e-07,2.4938027413461627e-06,5.12081251562316e-07
13005,E01889N4173E02097N3847-BS-M680_E01996N3917_D010_S292D30R090_A000638_S009,0.05,2.8625189114391462e-05,3.268778501719859e-05,3.747270315100855e-05,4.307953184881252e-05,4.624947741966173e-05,3.758939478852372e-05
13145,E01889N4173E02097N3847-BS-M680_E02014N3872_D010_S337D30R090_A000638_S009,0.04,3.3527555606234895e-05,3.76305272290013e-05,4.3336702581917706e-05,4.9499973036782877e-05,5.4410834892165415e-05,4.349773258995451e-05
13713,E01267N3753E01646N3535-BS-M650_E01530N3737_D041_S202D50R270_A000178_S012,0.2,1.5459251130610504e-07,3.215677853117404e-07,8.017458613505847e-07,1.6793101395848422e-06,2.757079488530934e-06,1.0360256869318598e-06
14367,E01889N4173E02097N3847-BS-M707_E01996N3917_D010_S292D30R090_A001194_S013,0.11,7.414330277270045e-05,8.410815878250594e-05,0.00010081213979565,0.00011473174212724,0.000126303653974795,0.00010020728681860722
15000,E01267N3753E01646N3535-BS-M680_E01502N3737_D174_S067D50R090_A000357_S016,0.18,1.4194736462901978e-06,2.3860969991879597e-06,4.642622746543147e-06,8.985254558062278e-06,1.5306112416295913e-05,5.79960233319825e-06
15248,E01267N3753E01646N3535-BS-M600_E01530N3737_D010_S022D90R090_A000056_S006,0.23,7.063700672798733e-11,3.862603295171192e-10,2.5851426350248608e-09,1.1031300964323602e-08,2.2016003575525613e-08,5.740731872698225e-09
15694,E01267N3753E01646N3535-BS-M600_E01530N3737_D010_S022D70R090_A000056_S006,0.11,2.0286253030252534e-10,1.0131959630303761e-09,6.41005959941522e-09,2.204809408148274e-08,4.31209567992713e-08,1.200334846109626e-08
15965,E01267N3753E01646N3535-BS-M600_E01530N3737_D010_S337D50R090_A000056_S006,0.12,1.73488009223729e-09,3.362564872412664e-09,8.383187525964662e-09,1.7917369540377963e-08,2.99406760207411e-08,1.1003069422671598e-08
16077,E01267N3753E01646N3535-BS-M650_E01527N3715_D041_S067D50R090_A000178_S012,0.06,1.0429286877547032e-06,1.5883410540060397e-06,2.99312670697208e-06,5.1769481974159116e-06,7.701968251887404e-06,3.453418956439538e-06
16203,E01267N3753E01646N3535-BS-M650_E01527N3715_D010_S067D50R090_A000178_S012,0.06,1.0429286877547032e-06,1.5883410540060397e-06,2.99312670697208e-06,5.1769481974159116e-06,7.701968251887404e-06,3.453418956439538e-06
16356,E01889N4173E02097N3847-BS-M680_E02043N3872_D010_S337D30R090_A000638_S009,0.04,3.445718674537222e-05,3.8720723288625406e-05,4.5220329085467655e-05,5.1648066089730155e-05,5.620906909746839e-05,4.5242236152933835e-05
16865,E01598N4052E01840N3892-BS-M792_E01702N3895_D010_S292D50R270_A008541_S034,0.41,1.7094322341341126e-10,1.3099142144436394e-07,1.5750419070913824e-06,7.0888443729007274e-06,1.8261512311705547e-05,4.236944407041581e-06
16907,E01598N4052E01840N3892-BS-M774_E01769N3940_D010_S112D50R270_A005608_S028,0.61,3.207073545277118e-08,4.5949703248824444e-07,2.3886427748180338e-06,9.844198404648377e-06,2.1366599165083225e-05,5.6267379071416165e-06
17064,E01964N3926E02184N3685-BS-M707_E02027N3805_D010_S157D90R270_A001194_S013,0.15,1.2940168656405393e-06,7.281390919209273e-06,4.410441118196625e-05,0.000123328898868036,0.00021006421320573495,6.600284242411629e-05
17085,E01267N3753E01646N3535-BS-M650_E01551N3692_D010_S247D30R090_A000178_S012,0.1,2.1752826274907566e-07,5.254613593278897e-07,1.4359146313212867e-06,3.6274901238688367e-06,6.122291524978658e-06,2.0720513738637162e-06
18121,E01517N3917E01678N3772-BS-M680_E01570N3805_D010_S022D30R270_A000638_S009,0.07,3.233147874991191e-06,5.5423565166584714e-06,1.1893404618841178e-05,2.4388102262034413e-05,3.601095489746517e-05,1.49132631425098e-05
18534,E01889N4173E02097N3847-BS-M680_E01996N3917_D075_S292D30R090_A000638_S009,0.04,3.5113267737241375e-05,4.009667647817325e-05,4.596612631348564e-05,5.2843777896365814e-05,5.6732211509744125e-05,4.610926684242299e-05
18547,E01889N4173E02097N3847-BS-M680_E02043N3872_D075_S337D30R090_A000638_S009,0.04,3.379684287366881e-05,3.797867221752335e-05,4.43537183720434e-05,5.065827304075856e-05,5.513186814699756e-05,4.437520560843475e-05
18708,E01470N3877E01631N3641-BS-M650_E01559N3737_D010_S292D50R090_A000318_S006,0.09,3.4505793839201567e-07,6.305192007472316e-07,1.5727088203006738e-06,4.029315463660604e-06,6.311322428996755e-06,2.302279304293017e-06
19322,E01470N3877E01631N3641-BS-M650_E01555N3715_D010_S247D50R270_A000318_S006,0.08,3.2668370442326104e-07,6.87015387962105e-07,1.8701648812540685e-06,4.392053771851163e-06,7.232061467202174e-06,2.5900642173296475e-06
19551,E01267N3753E01646N3535-BS-M650_E01551N3692_D072_S247D50R090_A000178_S012,0.06,5.188033952541612e-07,9.658342566811908e-07,2.625313136203988e-06,5.778192160903721e-06,9.470614532531058e-06,3.453418956439529e-06
19842,E01267N3753E01646N3535-BS-M650_E01551N3692_D010_S247D70R090_A000178_S012,0.09,5.74795392020129e-08,2.2330872947820828e-07,1.1935675908881058e-06,4.228636742464988e-06,8.204358504950046e-06,2.3022793042930207e-06
19937,E01267N3753E01646N3535-BS-M650_E01527N3715_D072_S067D50R090_A000178_S012,0.05,1.251514425305644e-06,1.9060092648072474e-06,3.591752048366496e-06,6.2123378368990935e-06,9.242361902264887e-06,4.144102747727444e-06
22181,E01267N3753E01646N3535-BS-M792_E01523N3692_D010_S292D10R270_A004781_S062,0.47,0.0,0.0,3.6791473618205136e-10,1.2261974225347958e-06,1.0064558210950908e-05,3.6960578869932367e-06
24240,E01267N3753E01646N3535-BS-M809_E01547N3670_D010_S112D90R090_A006995_S075,1.12,0.0,0.0,4.7689258982252085e-12,1.5203481655317791e-07,1.2203842131307158e-06,4.4349894108521897e-07
25042,E01517N3917E01678N3772-PS-Str_PYes_Hom-M809_E01620N3835_S000,0.66,8.120374523403634e-20,3.547179801690442e-08,2.2698472365545886e-07,1.232104532757179e-06,3.2081945726245016e-06,7.526042636597678e-07
25043,E01517N3917E01678N3772-PS-Str_PNo_Hom-M809_E01620N3835_S000,0.58,9.240426181804135e-20,4.036445981233951e-08,2.5829296140103946e-07,1.402049985551273e-06,3.6507041688485707e-06,8.564117483024969e-07
25044,E01517N3917E01678N3772-PS-Str_PYes_Var-M824_E01620N3835_S000,0.65,0.0,0.0,0.0,1.1536163784751475e-05,4.503128119233789e-05,1.2420096259640854e-05
25045,E01517N3917E01678N3772-PS-Mur_PYes_Hom-M809_E01620N3835_S000,0.58,9.240426181804135e-20,4.036445981233951e-08,2.5829296140103946e-07,1.402049985551273e-06,3.6507041688485707e-06,8.564117483024969e-07
25046,E01517N3917E01678N3772-PS-Str_PYes_Var-M809_E01620N3835_S000,0.51,1.0508719971463527e-19,4.5904679786582184e-08,2.9374493649529976e-07,1.5944882188622319e-06,4.151781211631707e-06,9.739584588538177e-07
25047,E01517N3917E01678N3772-PS-Mur_PNo_Hom-M809_E01620N3835_S000,0.52,1.0306629202781535e-19,4.502189748299406e-08,2.880959954088516e-07,1.563824983884112e-06,4.071939265254175e-06,9.552284884912444e-07
25048,E01517N3917E01678N3772-PS-Mur_PYes_Var-M809_E01620N3835_S000,0.44,1.2180561785105452e-19,5.320769702535663e-08,3.404770854831883e-07,1.848156799135769e-06,4.812291858936753e-06,1.128906395489655e-06
25049,E01517N3917E01678N3772-PS-Mur_PYes_Hom-M809_E01632N3846_S000,0.46,0.0,0.0,3.61983321551892e-07,1.761594222017225e-06,5.261992139961979e-06,1.0798235087292335e-06
25050,E02113N3823E02873N3483-PS-Str_PYes_Hom-M861_E02340N3543_S002,0.58,0.0,0.0,0.0,7.933838015574868e-06,2.911083985041538e-05,6.194276369045643e-06
25051,E01517N3917E01678N3772-PS-Str_PNo_Var-M809_E01620N3835_S000,0.39,1.3742172270375381e-19,6.002919664399209e-08,3.8412799387846884e-07,2.08509997851215e-06,5.429252353672233e-06,1.2736379846549959e-06
25052,E01517N3917E01678N3772-PS-Str_PYes_Hom-M792_E01598N3815_S000,0.49,5.804734685251906e-12,4.4747158803404454e-07,1.9677193302370297e-06,5.446761974088195e-06,1.5395469778636193e-05,3.5451983814021305e-06
25054,E02113N3823E02873N3483-PS-Str_PNo_Hom-M888_E02358N3562_S002,0.9,0.0,0.0,0.0,0.0,1.1004321271195228e-05,1.1171981216720054e-06
25055,E02113N3823E02873N3483-PS-Str_PNo_Hom-M888_E02358N3562_S001,0.96,0.0,0.0,0.0,0.0,1.0675687273345048e-05,1.0838340207822193e-06
25056,E02113N3823E02873N3483-PS-Str_PNo_Hom-M888_E02358N3562_S004,1.42,0.0,0.0,0.0,0.0,5.882707323690117e-06,5.97233524031684e-07
25057,E02113N3823E02873N3483-PS-Str_PNo_Hom-M888_E02358N3562_S005,1.38,0.0,0.0,0.0,0.0,5.742207254812703e-06,5.829694536563939e-07
25058,E01517N3917E01678N3772-PS-Str_PNo_Hom-M809_E01632N3846_S000,0.42,0.0,0.0,3.9645792360445317e-07,1.92936510030458e-06,5.763134248529788e-06,1.1826638428939194e-06
25059,E01517N3917E01678N3772-PS-Str_PNo_Hom-M809_E01619N3854_S000,0.5,0.0,0.0,1.2940866307478396e-09,1.7412714409245802e-06,5.634564642539486e-06,9.934376280308915e-07
25060,E01517N3917E01678N3772-PS-Str_PYes_Hom-M809_E01632N3846_S000,0.43,0.0,0.0,3.8723797189272176e-07,1.884496144483544e-06,5.629107870657002e-06,1.1551600325940632e-06
25061,E01517N3917E01678N3772-PS-Mur_PNo_Var-M809_E01620N3835_S000,0.35,1.5312706244132573e-19,6.688967626044834e-08,4.2802833603600827e-07,2.3233971189135386e-06,6.049738336949061e-06,1.4191966114727094e-06
25062,E01517N3917E01678N3772-PS-Str_PNo_Hom-M792_E01598N3815_S000,0.45,6.320711101718744e-12,4.872468403037375e-07,2.1426277151469885e-06,5.930918594007147e-06,1.6763955981181632e-05,3.860327126415656e-06
25063,E01964N3926E02184N3685-PS-Str_PYes_Hom-M861_E02067N3699_S001,0.7,0.0,0.0,0.0,4.111306490921485e-06,2.2093952276803202e-05,3.4765010680093853e-06
25064,E01517N3917E01678N3772-PS-Mur_PNo_Hom-M792_E01598N3815_S000,0.42,6.7721904661272245e-12,5.220501860397186e-07,2.2956725519432016e-06,6.354555636436228e-06,1.796138140840889e-05,4.1360647783024806e-06
25069,E02113N3823E02873N3483-PS-Str_PNo_Var-M888_E02358N3562_S002,0.8,0.0,0.0,0.0,0.0,1.248852334647289e-05,1.2678796339450288e-06
25070,E01517N3917E01678N3772-PS-Str_PNo_Hom-M792_E01609N3825_S000,0.43,6.641545000227594e-12,5.120941810309059e-07,2.2300991416095404e-06,6.2021722863667536e-06,1.746515690407418e-05,4.039877225318705e-06
25072,E01517N3917E01678N3772-PS-Str_PYes_Hom-M792_E01587N3805_S000,0.55,0.0,0.0,1.1917739772158487e-06,4.954519682845798e-06,1.4135848146483134e-05,3.1584494670673553e-06
25075,E01548N3896E01854N3659-PS-Mur_PYes_Var-M809_E01622N3816_S000,0.39,0.0,0.0,6.266326004600233e-08,8.764472838465285e-07,5.711984902388807e-06,1.2736379846549889e-06
25077,E01517N3917E01678N3772-PS-Mur_PNo_Hom-M792_E01620N3835_S000,0.37,7.392579615175489e-12,5.724341160152045e-07,2.667307001953577e-06,7.2176988116987806e-06,2.0408548406820042e-05,4.6949924510460665e-06
25078,E01517N3917E01678N3772-PS-Mur_PYes_Hom-M792_E01620N3835_S000,0.37,7.392579615175489e-12,5.724341160152045e-07,2.667307001953577e-06,7.2176988116987806e-06,2.0408548406820042e-05,4.6949924510460665e-06
25079,E01517N3917E01678N3772-PS-Str_PYes_Hom-M809_E01619N3854_S000,0.5,0.0,0.0,1.2940866307478396e-09,1.7412714409245802e-06,5.634564642539486e-06,9.934376280308915e-07
25080,E02113N3823E02873N3483-PS-Str_PNo_Hom-M850_E02236N3646_S000,0.42,1.6921538253350779e-13,1.9494087444697642e-07,8.102520356027921e-06,4.764837481511658e-05,8.924914819274902e-05,2.301428144285521e-05
25081,E02113N3823E02873N3483-PS-Str_PYes_Var-M861_E02340N3543_S003,0.57,0.0,0.0,0.0,7.877651356507074e-06,2.8904679751023196e-05,6.150409114151365e-06
25082,E01517N3917E01678N3772-PS-Mur_PYes_Hom-M792_E01587N3805_S000,0.48,0.0,0.0,1.36557434889316e-06,5.677053803260811e-06,1.6197326001178595e-05,3.6190566810146783e-06
25084,E02113N3823E02873N3483-PS-Str_PYes_Var-M861_E02340N3543_S004,0.61,0.0,0.0,0.0,8.09149784458578e-06,2.9689325322915667e-05,6.317367935986188e-06
25085,E02020N3739E02658N3366-PS-Str_PNo_Hom-M861_E02207N3659_S005,1.3,0.0,0.0,0.0,0.0,8.557695447185482e-06,2.072694139790874e-06
25087,E02113N3823E02873N3483-PS-Str_PYes_Var-M861_E02340N3543_S005,0.79,0.0,0.0,0.0,5.636493238326107e-06,2.0681421987284096e-05,4.400644026498757e-06
25088,E02113N3823E02873N3483-PS-Str_PYes_Hom-M861_E02340N3543_S001,0.6,0.0,0.0,0.0,7.546125108321877e-06,2.7688243582527883e-05,5.891572823213661e-06
25089,E01964N3926E02184N3685-PS-Str_PYes_Var-M861_E02067N3699_S003,1.02,0.0,0.0,0.0,2.7883381342688094e-06,1.4984387519189227e-05,2.357805365073652e-06
25091,E01517N3917E01678N3772-PS-Str_PNo_Hom-M809_E01609N3825_S000,0.59,0.0,0.0,0.0,3.6226382002954106e-08,4.350065350235174e-06,8.418962949414328e-07
25092,E01964N3926E02184N3685-PS-Str_PYes_Var-M861_E02067N3699_S004,1.18,0.0,0.0,0.0,2.3809641674951317e-06,1.2795180511493645e-05,2.0133318908398015e-06
25093,E01548N3896E01854N3659-PS-Str_PNo_Hom-M809_E01622N3816_S000,0.55,0.0,0.0,4.4433948032619844e-08,6.21480801272993e-07,4.050316567148426e-06,9.031251163917193e-07
25095,E01548N3896E01854N3659-PS-Mur_PNo_Hom-M809_E01633N3827_S000,0.51,3.794209505181307e-20,4.214133049710375e-09,5.23404291244973e-08,1.0639802653978863e-06,4.778640858505603e-06,9.739584588538124e-07
25096,E01517N3917E01678N3772-PS-Str_PNo_Hom-M792_E01585N3824_S000,0.45,0.0,0.0,2.6371143080605426e-07,6.770066291754422e-06,1.534010498498718e-05,3.8603271264156565e-06
25098,E01517N3917E01678N3772-PS-Str_PYes_Hom-M792_E01620N3835_S000,0.4,6.8381361440373235e-12,5.295015573140638e-07,2.467258976807058e-06,6.67637140082137e-06,1.8877907276308538e-05,4.342868017217608e-06
25099,E01517N3917E01678N3772-PS-Str_PYes_Hom-M774_E01587N3805_S000,0.42,4.802556436697278e-09,8.486946790108673e-07,3.3882989442869076e-06,8.06671803608727e-06,2.1230417518035687e-05,5.329420957095282e-06
25100,E01517N3917E01678N3772-PS-Str_PYes_Hom-M792_E01585N3824_S000,0.45,0.0,0.0,2.6371143080605426e-07,6.770066291754422e-06,1.534010498498718e-05,3.8603271264156565e-06
25101,E02113N3823E02873N3483-PS-Str_PYes_Var-M861_E02340N3543_S002,0.53,0.0,0.0,0.0,8.611744016979903e-06,3.1598212670707025e-05,6.723545698302556e-06
25102,E01517N3917E01678N3772-PS-Mur_PNo_Hom-M792_E01609N3825_S000,0.39,7.322729102815038e-12,5.646166611366397e-07,2.458827258697698e-06,6.838292520865907e-06,1.9256455048081786e-05,4.454223607402689e-06
25104,E01517N3917E01678N3772-PS-Str_PNo_Hom-M792_E01620N3835_S000,0.4,6.8381361440373235e-12,5.295015573140638e-07,2.467258976807058e-06,6.67637140082137e-06,1.8877907276308538e-05,4.342868017217608e-06
25106,E02020N3739E02658N3366-PS-Str_PYes_Hom-M861_E02218N3646_S002,0.71,0.0,0.0,0.0,1.6092543301934698e-07,1.3818498663300274e-05,4.080932525654945e-06
25109,E01517N3917E01678N3772-PS-Str_PYes_Var-M792_E01598N3815_S000,0.39,7.293128194290857e-12,5.622078926581584e-07,2.4722627482465247e-06,6.843367608469782e-06,1.934302613213265e-05,4.454223607402676e-06
25110,E01517N3917E01678N3772-PS-Str_PNo_Hom-M809_E01643N3856_S000,0.36,0.0,0.0,4.609300721778887e-07,2.2135386096027887e-06,6.501002152426527e-06,1.3797744833762397e-06
25112,E01548N3896E01854N3659-PS-Str_PNo_Hom-M809_E01633N3827_S000,0.44,4.3978337446419684e-20,4.884563307618844e-09,6.066731557612187e-08,1.2332498530748229e-06,5.5388791769042215e-06,1.1289063954896472e-06
25114,E02020N3739E02658N3366-PS-Str_PNo_Hom-M861_E02204N3672_S001,0.96,0.0,0.0,0.0,0.0,1.1473268054198587e-05,2.776732501433018e-06
25115,E01964N3926E02184N3685-PS-Str_PYes_Var-M850_E02067N3699_S000,0.44,0.0,0.0,0.0,3.315241257488704e-05,8.023752790693075e-05,1.775524979994045e-05
25116,E01964N3926E02184N3685-PS-Str_PYes_Var-M861_E02067N3699_S005,0.89,0.0,0.0,0.0,3.156993848982777e-06,1.696552460674204e-05,2.669538870897396e-06
25117,E02113N3823E02873N3483-PS-Str_PNo_Var-M888_E02358N3562_S005,1.0,0.0,0.0,0.0,0.0,8.008400473633281e-06,8.130415085353589e-07
25118,E01517N3917E01678N3772-PS-Mur_PYes_Var-M792_E01598N3815_S000,0.36,7.900888877148429e-12,6.090585503796717e-07,2.678284643933736e-06,7.413648242508933e-06,2.095494497647704e-05,4.825408908019574e-06
25119,E01517N3917E01678N3772-PS-Str_PNo_Hom-M774_E01574N3813_S000,0.35,5.414747527435098e-09,1.0126697414177743e-06,4.1082238722298255e-06,9.777187452588245e-06,2.4988227123348254e-05,6.3953051485143405e-06
25122,E02020N3739E02658N3366-PS-Str_PNo_Hom-M861_E02193N3666_S003,1.1,0.0,0.0,0.0,1.0266627005780187e-06,9.502685974968092e-06,2.396878054040432e-06
25123,E01517N3917E01678N3772-PS-Str_PNo_Hom-M774_E01587N3805_S000,0.38,5.308088693191729e-09,9.380309610120112e-07,3.744961991053951e-06,8.915846250412246e-06,2.3465198309407862e-05,5.890412636789525e-06
25124,E01964N3926E02184N3685-PS-Str_PYes_Hom-M861_E02067N3699_S002,0.92,0.0,0.0,0.0,3.0911725885325587e-06,1.6611804496018743e-05,2.6138807284654976e-06
25126,E01548N3896E01854N3659-PS-Str_PYes_Hom-M809_E01622N3816_S000,0.52,0.0,0.0,4.699744503450176e-08,6.573354628848964e-07,4.283988676791605e-06,9.552284884912412e-07
25128,E01517N3917E01678N3772-PS-Str_PYes_Var-M809_E01619N3854_S000,0.33,0.0,0.0,1.9607373193149076e-09,2.63829006200694e-06,8.537219155362855e-06,1.505208527319533e-06
25129,E02113N3823E02873N3483-PS-Str_PNo_Var-M888_E02358N3562_S003,0.53,0.0,0.0,0.0,0.0,2.225983016527421e-05,2.2598977107727703e-06
25134,E01548N3896E01854N3659-PS-Str_PYes_Var-M809_E01622N3816_S000,0.43,0.0,0.0,5.6834119576606766e-08,7.949173039538282e-07,5.180637469608452e-06,1.155160032594059e-06
25135,E01517N3917E01678N3772-PS-Str_PNo_Hom-M754_E01587N3805_S000,0.26,2.301742613334436e-06,4.275993387476399e-06,1.2835462950462018e-05,3.21753272683973e-05,6.33207140026985e-05,1.915671092786284e-05
25136,E01517N3917E01678N3772-PS-Mur_PYes_Var-M792_E01609N3825_S000,0.35,8.159612428851044e-12,6.291442795522559e-07,2.73983608826315e-06,7.6198116661077265e-06,2.1457192767862567e-05,4.963277733962995e-06
25137,E01517N3917E01678N3772-PS-Str_PYes_Hom-M754_E01575N3795_S000,0.29,2.059749738439696e-06,3.8057810669902905e-06,1.1539015869963095e-05,2.8779555678883492e-05,5.6845108473997067e-05,1.7174982211187545e-05
25140,E01517N3917E01678N3772-PS-Str_PNo_Hom-M754_E01563N3803_S000,0.27,2.210605242737213e-06,4.108225972259988e-06,1.226547031582655e-05,3.033054385187451e-05,6.16779125855478e-05,1.844720311571998e-05
25141,E01517N3917E01678N3772-PS-Str_PYes_Var-M792_E01587N3805_S000,0.44,0.0,0.0,1.489717471519811e-06,6.193149603557247e-06,1.7669810183103917e-05,3.948061833834192e-06
25142,E01517N3917E01678N3772-PS-Str_PYes_Hom-M774_E01574N3813_S000,0.35,5.414747527435098e-09,1.0126697414177743e-06,4.1082238722298255e-06,9.777187452588245e-06,2.4988227123348254e-05,6.3953051485143405e-06
25144,E01517N3917E01678N3772-PS-Mur_PYes_Hom-M774_E01574N3813_S000,0.33,5.742914044249344e-09,1.0740436651400634e-06,4.35720713721345e-06,1.0369744267896618e-05,2.6502665130823897e-05,6.782899399939455e-06
25145,E01964N3926E02184N3685-PS-Str_PYes_Var-M861_E02067N3699_S002,0.98,0.0,0.0,0.0,2.902300625332579e-06,1.5596816158228543e-05,2.4541715014274014e-06
25148,E01548N3896E01854N3659-PS-Str_PNo_Var-M809_E01622N3816_S000,0.38,0.0,0.0,6.431229320510767e-08,8.995116860530163e-07,5.862300294556934e-06,1.3071547737248572e-06
25149,E01517N3917E01678N3772-PS-Mur_PYes_Var-M809_E01632N3846_S000,0.31,0.0,0.0,5.371365416576462e-07,2.613978522993302e-06,7.808117368975841e-06,1.6023187548885358e-06
25150,E02113N3823E02873N3483-PS-Str_PYes_Hom-M861_E02340N3543_S005,0.65,0.0,0.0,0.0,6.908084980513881e-06,2.5347146632691642e-05,5.3934284347823666e-06
25155,E01517N3917E01678N3772-PS-Str_PYes_Var-M792_E01620N3835_S000,0.27,1.0130572065240482e-11,7.844467515763909e-07,3.6551984841586046e-06,9.890920593809437e-06,2.7967270038975605e-05,6.433878544026097e-06
25157,E02113N3823E02873N3483-PS-Mur_PNo_Hom-M861_E02226N3659_S001,1.57,0.0,0.0,0.0,2.2075671940922767e-06,4.646557880800197e-06,1.6794383213631414e-06
25160,E02020N3739E02658N3366-PS-Mur_PNo_Hom-M861_E02218N3646_S001,0.7,0.0,0.0,0.0,1.6974804432482612e-07,1.4576087070826414e-05,4.304666467284091e-06
25168,E01517N3917E01678N3772-PS-Str_PNo_Var-M792_E01620N3835_S000,0.27,1.0130572065240482e-11,7.844467515763909e-07,3.6551984841586046e-06,9.890920593809437e-06,2.7967270038975605e-05,6.433878544026097e-06
25170,E01964N3926E02184N3685-PS-Mur_PYes_Hom-M850_E02067N3699_S000,0.39,0.0,0.0,0.0,3.552884104893069e-05,8.598910769238929e-05,1.902798013572017e-05
25174,E01517N3917E01678N3772-PS-Mur_PNo_Hom-M754_E01575N3795_S000,0.27,2.2123237931389327e-06,4.087690775656238e-06,1.2393757786256655e-05,3.0911374618060046e-05,6.105585724984868e-05,1.8447203115719863e-05
25175,E01548N3896E01854N3659-PS-Mur_PNo_Hom-M809_E01644N3837_S000,0.49,0.0,0.0,4.968153963779105e-08,5.581318851234717e-07,3.686086616713344e-06,1.0137118653376463e-06
25179,E01517N3917E01678N3772-PS-Mur_PNo_Hom-M774_E01574N3813_S000,0.33,5.742914044249344e-09,1.0740436651400634e-06,4.35720713721345e-06,1.0369744267896618e-05,2.6502665130823897e-05,6.782899399939455e-06
25181,E01517N3917E01678N3772-PS-Str_PNo_Var-M809_E01619N3854_S000,0.33,0.0,0.0,1.9607373193149076e-09,2.63829006200694e-06,8.537219155362855e-06,1.505208527319533e-06
25183,E01517N3917E01678N3772-PS-Str_PYes_Hom-M754_E01563N3803_S000,0.27,2.210605242737213e-06,4.108225972259988e-06,1.226547031582655e-05,3.033054385187451e-05,6.16779125855478e-05,1.844720311571998e-05
25184,E01517N3917E01678N3772-PS-Mur_PNo_Hom-M754_E01587N3805_S000,0.26,2.301742613334436e-06,4.275993387476399e-06,1.2835462950462018e-05,3.21753272683973e-05,6.33207140026985e-05,1.915671092786284e-05
25186,E02113N3823E02873N3483-PS-Mur_PYes_Hom-M850_E02340N3543_S000,0.39,0.0,0.0,7.155384578814622e-06,6.566850566384665e-05,0.00011896031741451499,2.9795242310891812e-05
25188,E01548N3896E01854N3659-PS-Str_PNo_Var-M809_E01633N3827_S000,0.3,6.45015615880822e-20,7.164026184507638e-09,8.897872951164541e-08,1.8087664511764068e-06,8.123689459459524e-06,1.6557293800514826e-06
25190,E01517N3917E01678N3772-PS-Str_PNo_Hom-M774_E01573N3832_S000,0.29,6.431152637428811e-09,1.230114296427902e-06,4.941279432916753e-06,1.1754180815114449e-05,3.0350750998537906e-05,7.718471730965574e-06
25192,E02020N3739E02658N3366-PS-Str_PNo_Hom-M850_E02207N3659_S000,0.45,0.0,1.2334177106488917e-17,1.5939944361195507e-06,2.7358204760000735e-05,0.00012636393703892993,2.0396167994664755e-05
25195,E01517N3917E01678N3772-PS-Mur_PYes_Hom-M754_E01562N3822_S000,0.24,2.5138112113003605e-06,4.695589635282767e-06,1.3974225299656771e-05,3.4071912868224344e-05,7.027632834230716e-05,2.075310350518463e-05
25197,E01517N3917E01678N3772-PS-Mur_PNo_Var-M792_E01609N3825_S000,0.27,1.0577275370732833e-11,8.155573994195908e-07,3.5516393736744525e-06,9.877533641250757e-06,2.7814879513895912e-05,6.433878544026104e-06
25199,E02113N3823E02873N3483-PS-Mur_PNo_Hom-M871_E02367N3571_S004,1.32,0.0,0.0,0.0,3.4989328017436497e-07,5.637273393540871e-06,9.998855863408793e-07
25204,E01517N3917E01678N3772-PS-Mur_PNo_Var-M792_E01598N3815_S000,0.28,1.0158285699190836e-11,7.830752790595779e-07,3.4435088279148024e-06,9.531833454654344e-06,2.6942072112613336e-05,6.204097167453727e-06
25210,E01517N3917E01678N3772-PS-Str_PYes_Var-M792_E01609N3825_S000,0.3,9.519547833659552e-12,7.340016594776318e-07,3.196475436307008e-06,8.88978027712568e-06,2.5033391562506322e-05,5.790490689623494e-06
25211,E01517N3917E01678N3772-PS-Str_PNo_Var-M809_E01609N3825_S000,0.4,0.0,0.0,0.0,5.34339134543573e-08,6.416346391596881e-06,1.2417970350386135e-06
25213,E02020N3739E02658N3366-PS-Mur_PNo_Hom-M861_E02218N3646_S002,0.73,0.0,0.0,0.0,1.408715866083053e-07,1.2096495841088243e-05,3.5723839852048606e-06
25219,E01517N3917E01678N3772-PS-Str_PNo_Var-M809_E01632N3846_S000,0.26,0.0,0.0,6.404320304379628e-07,3.116666700492014e-06,9.309678401471194e-06,1.9104569769824874e-06
25220,E02020N3739E02658N3366-PS-Str_PYes_Var-M861_E02218N3646_S001,0.67,0.0,0.0,0.0,1.705155629213793e-07,1.4641993090164283e-05,4.324130088080045e-06
25234,E02113N3823E02873N3483-PS-Mur_PNo_Hom-M871_E02321N3597_S004,1.14,0.0,0.0,0.0,3.7884339471335717e-07,6.0890748239981255e-06,1.0776713655798293e-06
25243,E02020N3739E02658N3366-PS-Str_PNo_Hom-M861_E02191N3680_S002,0.83,0.0,0.0,0.0,1.360867255359158e-06,1.259604948539963e-05,3.17648680492074e-06
25249,E01548N3896E01854N3659-PS-Str_PNo_Hom-M792_E01611N3806_S000,0.44,8.730612110588356e-13,1.1887102208346078e-07,1.000098833463049e-06,6.341710448504326e-06,1.9771979283965216e-05,3.948061833834197e-06
25250,E01964N3926E02184N3685-PS-Str_PYes_Hom-M850_E02088N3719_S000,0.43,0.0,0.0,0.0,3.2841898864403854e-05,0.00011345233872493997,1.7257950230244375e-05
25255,E02113N3823E02873N3483-PS-Str_PYes_Hom-M850_E02226N3659_S000,0.43,0.0,0.0,0.0,5.644756018273408e-05,9.408207279487332e-05,2.2253466923281827e-05
25260,E02113N3823E02873N3483-PS-Mur_PNo_Hom-M871_E02320N3583_S003,1.2,0.0,0.0,0.0,3.781188329922133e-07,6.091877140130499e-06,1.0780832706855052e-06
25262,E01517N3917E01678N3772-PS-Mur_PNo_Hom-M754_E01562N3822_S000,0.24,2.5138112113003605e-06,4.695589635282767e-06,1.3974225299656771e-05,3.4071912868224344e-05,7.027632834230716e-05,2.075310350518463e-05
25265,E01517N3917E01678N3772-PS-Str_PNo_Hom-M774_E01585N3824_S000,0.27,6.926597230236352e-09,1.3269660296212386e-06,5.330325783048841e-06,1.2643318979367504e-05,3.2738002081061456e-05,8.290210377703754e-06
25267,E02113N3823E02873N3483-PS-Mur_PYes_Hom-M850_E02236N3646_S000,0.41,1.7508983774681837e-13,2.017084118838025e-07,8.38380620743093e-06,4.930252847211647e-05,9.234750790470134e-05,2.381324170035846e-05
25268,E01517N3917E01678N3772-PS-Mur_PYes_Var-M792_E01620N3835_S000,0.25,1.0941017830459719e-11,8.472024917025023e-07,3.947614362891293e-06,1.0682194241314194e-05,3.0204651642093653e-05,6.948588827548178e-06
25277,E01964N3926E02184N3685-PS-Mur_PYes_Hom-M850_E02071N3714_S000,0.39,0.0,0.0,0.0,3.5598122262035294e-05,8.480529179358258e-05,1.9027969955298096e-05
25278,E02020N3739E02658N3366-PS-Str_PNo_Hom-M861_E02191N3680_S001,0.84,0.0,0.0,0.0,1.3301051165490788e-06,1.2311318244198426e-05,3.1046829404097747e-06
25280,E01548N3896E01854N3659-PS-Mur_PYes_Hom-M809_E01633N3827_S000,0.33,5.863778326189292e-20,6.512751076825126e-09,8.088975410149583e-08,1.6443331374330972e-06,7.385172235872295e-06,1.505208527319529e-06
25284,E01517N3917E01678N3772-PS-Mur_PNo_Var-M792_E01620N3835_S000,0.24,1.139689357339554e-11,8.825025955234398e-07,4.11209829467843e-06,1.1127285668035617e-05,3.146317879384755e-05,7.238113362029352e-06
25285,E01517N3917E01678N3772-PS-Str_PYes_Hom-M754_E01587N3805_S000,0.26,2.301742613334436e-06,4.275993387476399e-06,1.2835462950462018e-05,3.21753272683973e-05,6.33207140026985e-05,1.915671092786284e-05
25294,E02020N3739E02658N3366-PS-Str_PNo_Hom-M850_E02204N3672_S000,0.53,0.0,1.0403553014944462e-17,1.3224364699158682e-06,2.2517427589638055e-05,0.00010363256166175993,1.676444494172364e-05
25303,E01517N3917E01678N3772-PS-Str_PYes_Var-M809_E01632N3846_S000,0.27,0.0,0.0,6.167123256069271e-07,3.001234600473792e-06,8.964875497713002e-06,1.8396993111683235e-06
25306,E02020N3739E02658N3366-PS-Mur_PYes_Hom-M850_E02182N3695_S000,0.54,0.0,1.0107749656335555e-17,1.274069073729083e-06,2.1267641504129685e-05,9.863512516959789e-05,1.5913545185892154e-05
25307,E02020N3739E02658N3366-PS-Str_PYes_Hom-M902_E02401N3455_S004,2.53,0.0,0.0,0.0,3.958565152584808e-07,1.7285481285014091e-06,2.548765798828149e-07
25308,E02113N3823E02873N3483-PS-Mur_PNo_Hom-M850_E02218N3671_S000,0.42,0.0,0.0,6.384943738328043e-06,5.013480829738053e-05,7.869022943002498e-05,2.092570456555375e-05
25310,E02020N3739E02658N3366-PS-Mur_PNo_Hom-M861_E02218N3646_S004,0.67,0.0,0.0,0.0,1.7051320368819726e-07,1.4641790505277854e-05,4.3240702599273135e-06
25311,E02113N3823E02873N3483-PS-Str_PNo_Hom-M871_E02373N3559_S003,0.59,0.0,0.0,0.0,9.80778949713448e-07,1.6015082883288393e-05,2.8354632035826793e-06
25319,E01517N3917E01678N3772-PS-Str_PYes_Var-M774_E01575N3795_S000,0.32,0.0,0.0,3.932481738336114e-06,1.0584255625965e-05,2.9646884588667883e-05,6.994865006187554e-06
25323,E01548N3896E01854N3659-PS-Str_PYes_Hom-M809_E01644N3837_S000,0.32,0.0,0.0,7.607485757036754e-08,8.546394490953161e-07,5.644320131842307e-06,1.552246293798273e-06
25324,E01517N3917E01678N3772-PS-Str_PYes_Hom-M774_E01573N3832_S000,0.29,6.431152637428811e-09,1.230114296427902e-06,4.941279432916753e-06,1.1754180815114449e-05,3.0350750998537906e-05,7.718471730965574e-06
25325,E02020N3739E02658N3366-PS-Str_PNo_Hom-M850_E02191N3680_S000,0.52,0.0,1.067175980755815e-17,1.3509108122971365e-06,2.2617051869291736e-05,0.00010475821602259494,1.690195236799514e-05
25327,E01548N3896E01854N3659-PS-Str_PYes_Hom-M809_E01633N3827_S000,0.34,5.691314257771959e-20,6.3211995745655634e-09,7.851064368674595e-08,1.5959703980968294e-06,7.167961287758403e-06,1.4609376882807181e-06
25330,E02020N3739E02658N3366-PS-Mur_PYes_Hom-M902_E02344N3478_S005,2.44,0.0,0.0,0.0,3.317146241288882e-07,1.436519975870762e-06,2.1325279123822915e-07
25340,E02020N3739E02658N3366-PS-Str_PYes_Hom-M850_E02204N3672_S000,0.47,0.0,1.2247418223463504e-17,1.5568174159111362e-06,2.650828544927881e-05,0.00012199979395660992,1.973567762768829e-05
25346,E02113N3823E02873N3483-PS-Str_PNo_Var-M850_E02236N3646_S000,0.29,2.4262818195511413e-13,2.7951448176671606e-07,1.161773683812743e-05,6.832025777690937e-05,0.0001279692084894,3.299885141575168e-05
25360,E02113N3823E02873N3483-PS-Str_PYes_Var-M850_E02173N3709_S000,0.5,0.0,0.0,3.6511190362257804e-09,4.3860512802968895e-05,7.300138710368284e-05,1.737865092626206e-05
25381,E01548N3896E01854N3659-PS-Mur_PYes_Hom-M792_E01611N3806_S000,0.45,8.536598508130837e-13,1.1622944381493938e-07,9.77874414941648e-07,6.200783549648674e-06,1.9332601966543765e-05,3.860327126415657e-06
25384,E02113N3823E02873N3483-PS-Str_PYes_Var-M850_E02236N3646_S000,0.31,2.3391170734634196e-13,2.694728581454567e-07,1.1200366904655862e-05,6.586583641753339e-05,0.0001233718845202,3.181335990290915e-05
25386,E02020N3739E02658N3366-PS-Mur_PYes_Hom-M902_E02337N3493_S005,2.02,0.0,0.0,0.0,3.9900252372247173e-07,1.7329488099798143e-06,2.5761870650255785e-07
25387,E01517N3917E01678N3772-PS-Mur_PNo_Hom-M774_E01598N3815_S000,0.28,7.251067324637245e-09,1.262653986340032e-06,5.07587156488998e-06,1.2176984159176708e-05,3.1918591721980064e-05,7.994131435642907e-06
25390,E02020N3739E02658N3366-PS-Mur_PYes_Hom-M902_E02393N3468_S003,1.72,0.0,0.0,0.0,4.947817282019642e-07,2.1608696127402253e-06,3.1896897370354566e-07
25391,E01517N3917E01678N3772-PS-Str_PYes_Hom-M774_E01609N3825_S000,0.27,7.57179459695171e-09,1.3010016312014664e-06,5.268386453439951e-06,1.269289068495802e-05,3.310300486936125e-05,8.290210377703761e-06
25393,E02020N3739E02658N3366-PS-Str_PYes_Var-M902_E02253N3527_S005,2.01,0.0,0.0,0.0,5.089707964694404e-07,2.222837799325676e-06,3.2925458616008385e-07
25397,E02020N3739E02658N3366-PS-Str_PYes_Hom-M902_E02337N3493_S003,2.08,0.0,0.0,0.0,4.548646970429292e-07,1.975569548002782e-06,2.9368650050791027e-07
25399,E02020N3739E02658N3366-PS-Str_PYes_Hom-M902_E02393N3468_S001,2.04,0.0,0.0,0.0,4.903317226237279e-07,2.1414350190953078e-06,3.1610020626255034e-07
25406,E02113N3823E02873N3483-PS-Mur_PNo_Hom-M861_E02280N3610_S004,0.97,0.0,0.0,0.0,3.866721470510292e-06,8.195030770195294e-06,2.9569664793050812e-06
25407,E02020N3739E02658N3366-PS-Mur_PYes_Var-M902_E02344N3478_S001,1.65,0.0,0.0,0.0,4.906387042969637e-07,2.1247549803052407e-06,3.154219487778185e-07
25413,E02020N3739E02658N3366-PS-Str_PYes_Hom-M902_E02296N3512_S001,1.75,0.0,0.0,0.0,4.870572876453012e-07,2.1271345171962403e-06,3.167578272522135e-07
25417,E01517N3917E01678N3772-PS-Str_PYes_Hom-M809_E01643N3856_S000,0.28,0.0,0.0,5.926243785144283e-07,2.8459782123464425e-06,8.358431338834103e-06,1.7739957643408801e-06
25427,E02113N3823E02873N3483-PS-Mur_PNo_Var-M861_E02226N3659_S001,1.08,0.0,0.0,0.0,3.173527070652118e-06,6.679741055915953e-06,2.4143061151657463e-06
25432,E02020N3739E02658N3366-PS-Mur_PYes_Hom-M902_E02351N3465_S005,1.92,0.0,0.0,0.0,4.261666367306827e-07,1.8473564069883768e-06,2.7399425074097245e-07
25443,E02020N3739E02658N3366-PS-Str_PYes_Var-M861_E02218N3646_S004,0.63,0.0,0.0,0.0,1.795256797724233e-07,1.5415682402824773e-05,4.552619011350255e-06
25446,E02020N3739E02658N3366-PS-Str_PYes_Var-M902_E02188N3566_S002,2.05,0.0,0.0,0.0,3.457406587353596e-07,1.5099597272215132e-06,2.2350469807499477e-07
25451,E01517N3917E01678N3772-PS-Str_PNo_Var-M774_E01587N3805_S000,0.26,7.757975782357144e-09,1.3709683276329395e-06,5.473405986925005e-06,1.3030852212140975e-05,3.4295289836826885e-05,8.609064623000068e-06
25454,E02020N3739E02658N3366-PS-Str_PYes_Var-M902_E02344N3478_S002,2.21,0.0,0.0,0.0,4.299547140048134e-07,1.861957509439592e-06,2.7640940796126915e-07
25455,E01548N3896E01854N3659-PS-Mur_PNo_Var-M809_E01644N3837_S000,0.33,0.0,0.0,7.376955885611398e-08,8.287412839712155e-07,5.473280127847086e-06,1.5052085273195344e-06
25456,E02020N3739E02658N3366-PS-Str_PNo_Hom-M861_E02193N3666_S002,0.8,0.0,0.0,0.0,1.4428281925485002e-06,1.3354671618926007e-05,3.3684707046657917e-06
25459,E02113N3823E02873N3483-PS-Mur_PNo_Hom-M871_E02367N3571_S002,1.03,0.0,0.0,0.0,4.573241396448453e-07,7.368135802319814e-06,1.3068893900698774e-06
25460,E02020N3739E02658N3366-PS-Str_PYes_Var-M902_E02296N3512_S001,1.77,0.0,0.0,0.0,4.815118733267419e-07,2.102915924212673e-06,3.1315136568123e-07
25461,E02113N3823E02873N3483-PS-Str_PNo_Hom-M871_E02321N3597_S003,0.83,0.0,0.0,0.0,6.144664559630381e-07,9.87619760409662e-06,1.74793308776498e-06
25480,E02113N3823E02873N3483-PS-Mur_PNo_Hom-M861_E02308N3607_S005,0.92,0.0,0.0,0.0,4.279203239587681e-06,9.090079597906624e-06,3.275437817886168e-06
25485,E02113N3823E02873N3483-PS-Mur_PNo_Hom-M861_E02350N3576_S004,0.62,0.0,0.0,0.0,7.210150625564029e-06,1.5292419386547522e-05,5.514092405233982e-06
25491,E02113N3823E02873N3483-PS-Str_PNo_Hom-M837_E02209N3683_S000,0.35,6.44653671193423e-11,1.3670579973767069e-06,1.305031698505503e-05,3.3357397316696415e-05,4.693277263116062e-05,1.762281627856666e-05
25492,E01517N3917E01678N3772-PS-Str_PNo_Hom-M774_E01598N3815_S000,0.31,6.549351131930418e-09,1.1404616650813193e-06,4.584658187642564e-06,1.09985663373209e-05,2.8829695748885233e-05,7.2205058128387575e-06
25499,E01517N3917E01678N3772-PS-Mur_PYes_Hom-M774_E01598N3815_S000,0.3,6.767662836328098e-09,1.1784770539173633e-06,4.737480127230649e-06,1.1365185215231597e-05,2.9790685607181404e-05,7.461189339933376e-06
25501,E02113N3823E02873N3483-PS-Str_PYes_Var-M850_E02259N3628_S000,0.34,0.0,0.0,9.568085380748584e-06,7.553793786367369e-05,0.00011352181608464494,3.1018748840184774e-05
25502,E01548N3896E01854N3659-PS-Mur_PNo_Hom-M792_E01611N3806_S000,0.41,9.369437386972872e-13,1.2756890174810422e-07,1.0732767968871745e-06,6.805738042297326e-06,2.121870947547487e-05,4.2369444070415765e-06
25504,E02020N3739E02658N3366-PS-Mur_PYes_Hom-M902_E02188N3566_S001,1.87,0.0,0.0,0.0,4.024171116308343e-07,1.7574838734036916e-06,2.601432974769261e-07
25520,E02020N3739E02658N3366-PS-Mur_PYes_Var-M902_E02393N3468_S003,1.76,0.0,0.0,0.0,4.78604279725581e-07,2.090217535608513e-06,3.085399221773186e-07
25527,E02020N3739E02658N3366-PS-Mur_PYes_Var-M902_E02344N3478_S005,1.77,0.0,0.0,0.0,4.424117678593552e-07,1.9159039001045814e-06,2.8441780226122546e-07
25529,E02113N3823E02873N3483-PS-Mur_PNo_Hom-M871_E02348N3591_S003,0.94,0.0,0.0,0.0,5.183364880067163e-07,8.314798755705043e-06,1.4736681099662113e-06
25533,E02113N3823E02873N3483-PS-Str_PYes_Hom-M837_E02209N3683_S000,0.28,8.142417541283698e-11,1.726687912470206e-06,1.648344447363612e-05,4.213267823949836e-05,5.927930735670655e-05,2.225882435878768e-05
25545,E02020N3739E02658N3366-PS-Mur_PYes_Var-M902_E02368N3461_S005,1.97,0.0,0.0,0.0,4.108305010621491e-07,1.784899647265429e-06,2.6415963519200093e-07
25556,E02020N3739E02658N3366-PS-Mur_PYes_Hom-M902_E02321N3496_S005,1.85,0.0,0.0,0.0,4.201468027705365e-07,1.8269790894936465e-06,2.721216398331937e-07
25563,E02113N3823E02873N3483-PS-Mur_PNo_Var-M871_E02350N3576_S001,0.98,0.0,0.0,0.0,4.6812889048509084e-07,7.52659161740925e-06,1.3336116711326237e-06
25572,E02113N3823E02873N3483-PS-Str_PNo_Hom-M861_E02255N3645_S003,0.79,0.0,0.0,0.0,4.866918979807954e-06,1.025691316890176e-05,3.7044608389139074e-06
25580,E02113N3823E02873N3483-PS-Str_PYes_Hom-M850_E02317N3557_S000,0.42,0.0,0.0,0.0,7.566336087318592e-05,0.0001322842467539,2.7432459649059548e-05
25606,E02020N3739E02658N3366-PS-Str_PYes_Var-M902_E02253N3527_S002,1.5,0.0,0.0,0.0,5.187918969439177e-07,2.2657296774394608e-06,3.356078826454447e-07
25614,E02020N3739E02658N3366-PS-Str_PYes_Var-M902_E02321N3496_S002,1.71,0.0,0.0,0.0,5.924153261509957e-07,2.576076757067561e-06,3.836969101073219e-07
25630,E02020N3739E02658N3366-PS-Str_PYes_Var-M902_E02321N3496_S004,1.42,0.0,0.0,0.0,6.519755489205728e-07,2.835070234699784e-06,4.222730110844358e-07
25639,E02020N3739E02658N3366-PS-Mur_PYes_Var-M902_E02188N3566_S004,1.46,0.0,0.0,0.0,5.334153673429928e-07,2.3295950366817966e-06,3.4482736587198264e-07
25646,E02020N3739E02658N3366-PS-Mur_PYes_Var-M902_E02253N3527_S002,1.82,0.0,0.0,0.0,3.987929340702042e-07,1.7416559341012528e-06,2.579802286922262e-07
25655,E01577N3897E01966N3571-PS-Str_PYes_Var-M824_E01762N3719_S000,1.26,0.0,0.0,0.0,9.060595018277426e-07,1.7231938074841657e-05,6.407192514894176e-06
25660,E02020N3739E02658N3366-PS-Mur_PYes_Var-M902_E02321N3496_S001,1.45,0.0,0.0,0.0,5.541493932182135e-07,2.409680014673829e-06,3.5891274335715253e-07
25665,E01517N3917E01678N3772-PS-Mur_PNo_Var-M774_E01587N3805_S000,0.24,8.404473764220239e-09,1.485215688269018e-06,5.92952315250209e-06,1.4116756563152724e-05,3.7153230656562455e-05,9.326486674916736e-06
25670,E02020N3739E02658N3366-PS-Str_PYes_Hom-M902_E02296N3512_S004,1.6,0.0,0.0,0.0,5.489929728082679e-07,2.397627408070074e-06,3.5703771538702714e-07
25678,E02020N3739E02658N3366-PS-Str_PYes_Var-M850_E02191N3680_S000,0.41,0.0,1.398440986643798e-17,1.7702507208591783e-06,2.9637672606410886e-05,0.0001372764994859749,2.2148533486448928e-05
25684,E01548N3896E01854N3659-PS-Str_PYes_Var-M792_E01611N3806_S000,0.38,1.0109129812260203e-12,1.3764013083348087e-07,1.1580091755887937e-06,7.343033150899748e-06,2.2893870749854462e-05,4.571440018123808e-06
25686,E02020N3739E02658N3366-PS-Str_PNo_Var-M861_E02204N3672_S002,0.64,0.0,0.0,0.0,0.0,1.7959150245461026e-05,4.3464299752361735e-06
25693,E02020N3739E02658N3366-PS-Str_PYes_Var-M902_E02188N3566_S004,1.79,0.0,0.0,0.0,4.154766314617226e-07,1.8145189617083792e-06,2.685856485949104e-07
25700,E02020N3739E02658N3366-PS-Str_PYes_Hom-M902_E02409N3467_S003,1.13,0.0,0.0,0.0,9.336262858650888e-07,4.0774437611364205e-06,6.006011096418128e-07
25702,E01517N3917E01678N3772-PS-Str_PYes_Var-M792_E01585N3824_S000,0.3,0.0,0.0,3.955671462090814e-07,1.0155099437631633e-05,2.3010157477480774e-05,5.790490689623491e-06
25703,E02113N3823E02873N3483-PS-Str_PNo_Hom-M861_E02287N3633_S003,0.9,0.0,0.0,0.0,4.397969404433519e-06,9.299637798042184e-06,3.3482402606094007e-06
25710,E02020N3739E02658N3366-PS-Str_PYes_Hom-M902_E02253N3527_S002,1.58,0.0,0.0,0.0,4.9804129990967e-07,2.1751052019955727e-06,3.221842652464137e-07
25714,E02020N3739E02658N3366-PS-Mur_PYes_Var-M902_E02287N3526_S003,1.7,0.0,0.0,0.0,0.0,2.064765036627936e-06,2.8946252545287495e-07
25715,E02020N3739E02658N3366-PS-Str_PYes_Var-M902_E02188N3566_S005,1.43,0.0,0.0,0.0,5.262377613633986e-07,2.298248142143289e-06,3.4018738900828825e-07
25723,E01577N3897E01966N3571-PS-Str_PYes_Var-M754_E01786N3720_S000,0.37,0.0,0.0,6.862168610720371e-07,8.363512904474329e-06,5.7794950327433e-05,1.346147254390247e-05
25724,E02113N3823E02873N3483-PS-Str_PNo_Hom-M861_E02350N3576_S005,0.65,0.0,0.0,0.0,6.819937640756975e-06,1.4464794427841593e-05,5.215670004969101e-06
25725,E02113N3823E02873N3483-PS-Str_PYes_Hom-M850_E02422N3500_S000,0.31,0.0,0.0,1.019662925567956e-05,9.254398070022112e-05,0.0001710616244352,4.252180694071636e-05
25728,E02020N3739E02658N3366-PS-Str_PYes_Var-M902_E02253N3527_S004,1.75,0.0,0.0,0.0,4.5965770003753494e-07,2.007471779288781e-06,2.973538105741623e-07
25738,E02020N3739E02658N3366-PS-Str_PYes_Var-M902_E02393N3468_S004,1.67,0.0,0.0,0.0,6.09444923002513e-07,2.6616403551130743e-06,3.928884405763639e-07
25752,E02020N3739E02658N3366-PS-Mur_PYes_Hom-M902_E02344N3478_S001,1.74,0.0,0.0,0.0,4.702523639763333e-07,2.036470102355132e-06,3.023159725552637e-07
25762,E01964N3926E02184N3685-PS-Mur_PNo_Hom-M754_E02088N3719_S000,0.12,5.72036580028364e-06,1.1391961130928863e-05,3.8843099357011795e-05,0.0001168788905282,0.00018874693637012,6.226681483777165e-05
25764,E02020N3739E02658N3366-PS-Mur_PYes_Var-M902_E02344N3478_S003,1.56,0.0,0.0,0.0,5.132011755607513e-07,2.2224637887744374e-06,3.2992691667566275e-07
25772,E02113N3823E02873N3483-PS-Str_PNo_Hom-M861_E02218N3671_S004,0.89,0.0,0.0,0.0,5.7655977121817204e-11,1.2379093591676841e-05,3.0272290436842023e-06
25779,E01577N3897E01966N3571-PS-Mur_PYes_Var-M824_E01739N3699_S000,0.81,0.0,0.0,0.0,1.4100871390234165e-06,2.752510644186322e-05,9.966743912057707e-06
25790,E02113N3823E02873N3483-PS-Str_PYes_Hom-M837_E02165N3722_S000,0.46,0.0,0.0,5.881925223440576e-06,2.788294091525904e-05,4.284280414921059e-05,1.2572579354027527e-05
25798,E02113N3823E02873N3483-PS-Mur_PNo_Var-M861_E02333N3573_S005,0.81,0.0,0.0,0.0,4.992245573750836e-06,1.0613059657945455e-05,3.82751853134219e-06
25799,E02020N3739E02658N3366-PS-Str_PYes_Var-M902_E02279N3514_S002,1.32,0.0,0.0,0.0,6.212155677542494e-07,2.713046514873303e-06,4.028275356125472e-07
25800,E02113N3823E02873N3483-PS-Str_PNo_Hom-M861_E02293N3602_S004,0.76,0.0,0.0,0.0,5.3797213707656e-06,1.143108347687964e-05,4.117676663750995e-06
25802,E01964N3926E02184N3685-PS-Str_PNo_Hom-M809_E02103N3738_S000,0.33,0.0,2.6955958770632635e-14,8.015213520397778e-07,4.738277888749473e-06,9.09308063613454e-06,2.2581921118904545e-06
25803,E02020N3739E02658N3366-PS-Mur_PYes_Hom-M902_E02253N3527_S004,1.37,0.0,0.0,0.0,5.361242631681473e-07,2.3414256487254803e-06,3.468202372793837e-07
25807,E02020N3739E02658N3366-PS-Mur_PYes_Var-M902_E02296N3512_S005,1.41,0.0,0.0,0.0,7.216163137853618e-07,3.151528594604665e-06,4.6930334780426066e-07
25812,E02113N3823E02873N3483-PS-Str_PNo_Var-M861_E02259N3628_S003,0.71,0.0,0.0,0.0,5.369103569162539e-06,1.1288530703798132e-05,4.081042761373472e-06
25815,E01577N3897E01966N3571-PS-Str_PYes_Hom-M850_E01817N3788_S000,1.11,0.0,0.0,0.0,4.568972424690948e-07,9.487307177574744e-06,5.277400824947692e-06
25818,E01577N3897E01966N3571-PS-Str_PYes_Var-M824_E01752N3690_S000,1.23,0.0,0.0,0.0,9.094322567560896e-07,1.776032841720427e-05,6.563465503062563e-06
25831,E01517N3917E01678N3772-PS-Mur_PYes_Hom-M809_E01643N3856_S000,0.28,0.0,0.0,5.926243785144283e-07,2.8459782123464425e-06,8.358431338834103e-06,1.7739957643408801e-06
25834,E02113N3823E02873N3483-PS-Str_PYes_Var-M850_E02218N3671_S000,0.33,0.0,0.0,8.847517459917848e-06,6.947102589142956e-05,0.0001090398298465,2.8996424102132063e-05
25845,E01548N3896E01854N3659-PS-Str_PYes_Hom-M792_E01628N3741_S000,0.34,0.0,0.0,1.5992760489158156e-06,1.0943787043300354e-05,1.9620316622274255e-05,5.109256490844251e-06
25848,E01517N3917E01678N3772-PS-Mur_PYes_Hom-M792_E01619N3854_S000,0.25,1.0444204548281741e-11,8.784904958698891e-07,3.894697968729851e-06,1.0627013173096886e-05,3.0606066222055154e-05,6.948588827548189e-06
25853,E02113N3823E02873N3483-PS-Mur_PNo_Var-M871_E02335N3600_S001,0.83,0.0,0.0,0.0,5.313378521049026e-07,8.540399348680919e-06,1.5114586126863665e-06
25855,E02113N3823E02873N3483-PS-Str_PNo_Hom-M861_E02293N3602_S002,0.73,0.0,0.0,0.0,5.6007551722609965e-06,1.1900746431886242e-05,4.286857493684857e-06
25863,E02020N3739E02658N3366-PS-Mur_PYes_Hom-M902_E02188N3566_S002,1.48,0.0,0.0,0.0,6.917655618796304e-07,3.021160840433652e-06,4.471931464818874e-07
25872,E02020N3739E02658N3366-PS-Str_PYes_Hom-M902_E02279N3514_S002,1.54,0.0,0.0,0.0,5.38049233879593e-07,2.349832609772512e-06,3.488982861544731e-07
25882,E02020N3739E02658N3366-PS-Str_PYes_Hom-M902_E02311N3485_S003,1.17,0.0,0.0,0.0,8.758189549420143e-07,3.8038591875679623e-06,5.656687728237571e-07
25885,E02113N3823E02873N3483-PS-Str_PNo_Hom-M850_E02209N3683_S000,0.52,0.0,0.0,0.0,4.6863992115236775e-05,9.001064724609391e-05,1.7086847251025585e-05
25896,E01548N3896E01854N3659-PS-Str_PYes_Var-M809_E01680N3686_S000,1.05,0.0,0.0,5.231761406779273e-08,6.533199251872992e-07,2.1881873079354377e-06,4.730655371575662e-07
25897,E02113N3823E02873N3483-PS-Str_PNo_Hom-M861_E02280N3610_S004,0.8,0.0,0.0,0.0,5.06763918409369e-06,1.0740225113864877e-05,3.875334520693992e-06
25911,E02020N3739E02658N3366-PS-Mur_PYes_Var-M902_E02253N3527_S004,1.55,0.0,0.0,0.0,4.682615587194545e-07,2.0450475742673747e-06,3.0291967004850935e-07
25912,E02020N3739E02658N3366-PS-Mur_PYes_Var-M850_E02182N3695_S000,0.45,0.0,1.226479045579376e-17,1.5459613412269205e-06,2.5806255141429638e-05,0.00011968431974641993,1.9309569760805055e-05
25931,E01517N3917E01678N3772-PS-Str_PNo_Var-M809_E01643N3856_S000,0.23,0.0,0.0,7.214557651479995e-07,3.46466912807393e-06,1.0175481629884997e-05,2.1596470174584636e-06
25934,E02113N3823E02873N3483-PS-Str_PNo_Hom-M871_E02243N3633_S005,1.19,0.0,0.0,0.0,0.0,1.0418004726101357e-05,1.0213199281816658e-06
25947,E02020N3739E02658N3366-PS-Mur_PYes_Var-M902_E02253N3527_S005,1.5,0.0,0.0,0.0,4.954695356366046e-07,2.1638734871766104e-06,3.205205839756938e-07
25957,E02020N3739E02658N3366-PS-Mur_PYes_Var-M902_E02337N3493_S002,1.36,0.0,0.0,0.0,7.213912719923822e-07,3.133148469002067e-06,4.6577120525226854e-07
25965,E02020N3739E02658N3366-PS-Str_PYes_Hom-M902_E02279N3514_S003,1.54,0.0,0.0,0.0,5.38049233879593e-07,2.349832609772512e-06,3.488982861544731e-07
25967,E02020N3739E02658N3366-PS-Mur_PYes_Hom-M902_E02409N3467_S002,1.47,0.0,0.0,0.0,5.982020227102733e-07,2.612539023726301e-06,3.848229254780044e-07
25972,E02020N3739E02658N3366-PS-Mur_PYes_Var-M902_E02188N3566_S002,1.43,0.0,0.0,0.0,7.097712746085191e-07,3.099797530662649e-06,4.5883297328679834e-07
25982,E02113N3823E02873N3483-PS-Str_PNo_Hom-M871_E02276N3623_S002,0.94,0.0,0.0,0.0,0.0,1.7311647838670073e-05,1.6962184082282743e-06
25985,E02020N3739E02658N3366-PS-Str_PYes_Hom-M902_E02344N3478_S001,1.72,0.0,0.0,0.0,5.576164159872251e-07,2.4148079770154158e-06,3.5848059898417183e-07
26014,E02020N3739E02658N3366-PS-Mur_PYes_Var-M902_E02368N3461_S003,1.45,0.0,0.0,0.0,5.580976564114635e-07,2.424718484857067e-06,3.5885084709633196e-07
26015,E01517N3917E01678N3772-PS-Str_PNo_Var-M774_E01575N3795_S000,0.26,0.0,0.0,4.839977524105985e-06,1.3026776155033841e-05,3.648847333989893e-05,8.609064623000066e-06
26028,E01548N3896E01854N3659-PS-Str_PYes_Var-M809_E01689N3734_S000,0.83,0.0,0.0,9.091179403766255e-08,8.472599455731512e-07,3.5564290686132005e-06,5.984564024282465e-07
26041,E02020N3739E02658N3366-PS-Mur_PYes_Var-M902_E02409N3467_S003,1.48,0.0,0.0,0.0,5.584301162957236e-07,2.4388424235623025e-06,3.5923768705145837e-07
26045,E02020N3739E02658N3366-PS-Mur_PYes_Hom-M902_E02188N3566_S003,1.44,0.0,0.0,0.0,5.589568090159405e-07,2.4411426586548566e-06,3.613386788034527e-07
26064,E02020N3739E02658N3366-PS-Str_PYes_Hom-M837_E02146N3723_S000,0.49,0.0,5.458578248428677e-14,1.5501971439451434e-06,1.437239935155131e-05,7.88017456146044e-05,1.1541247973651956e-05
26066,E02020N3739E02658N3366-PS-Str_PYes_Hom-M902_E02351N3465_S001,1.49,0.0,0.0,0.0,6.554288255530278e-07,2.84116713006661e-06,4.2139321686255346e-07
26067,E01517N3917E01678N3772-PS-Mur_PNo_Hom-M792_E01619N3854_S000,0.25,1.0444204548281741e-11,8.784904958698891e-07,3.894697968729851e-06,1.0627013173096886e-05,3.0606066222055154e-05,6.948588827548189e-06
26074,E02020N3739E02658N3366-PS-Mur_PYes_Var-M902_E02337N3493_S004,1.47,0.0,0.0,0.0,5.423360367101722e-07,2.3554753004012894e-06,3.5016296880412334e-07
26075,E02113N3823E02873N3483-PS-Mur_PYes_Hom-M824_E02138N3737_S000,0.36,5.1325572148722463e-08,6.985365045705957e-06,2.9929298745434753e-05,5.628271987237139e-05,7.985509295897223e-05,3.252208637970386e-05
26109,E02020N3739E02658N3366-PS-Mur_PYes_Hom-M902_E02337N3493_S002,1.3,0.0,0.0,0.0,6.805912296613118e-07,2.9559456178894428e-06,4.39428379065307e-07
26130,E01548N3896E01854N3659-PS-Str_PYes_Var-M809_E01693N3677_S000,0.97,0.0,0.0,5.690927952883858e-08,6.959906237563269e-07,2.574761978277896e-06,5.120812515623139e-07
26131,E02113N3823E02873N3483-PS-Str_PNo_Hom-M871_E02348N3591_S005,0.77,0.0,0.0,0.0,6.38779168181743e-07,1.0246857698929808e-05,1.8160953574388915e-06
26136,E02020N3739E02658N3366-PS-Str_PYes_Var-M850_E02182N3695_S000,0.44,0.0,1.2827962764051827e-17,1.6169484991530648e-06,2.6991221841666252e-05,0.00012517996150698991,2.0196222901178988e-05
26143,E01517N3917E01678N3772-PS-Str_PNo_Hom-M792_E01632N3846_S000,0.24,1.1457346760886807e-11,8.858228817384011e-07,4.104748671019653e-06,1.1090563532582297e-05,3.143181199004522e-05,7.238113362029354e-06
26149,E02020N3739E02658N3366-PS-Mur_PYes_Var-M902_E02296N3512_S004,1.41,0.0,0.0,0.0,5.736689224965172e-07,2.505395150505945e-06,3.730857253581392e-07
26164,E02113N3823E02873N3483-PS-Str_PNo_Hom-M880_E02320N3583_S005,1.75,0.0,0.0,0.0,0.0,1.968651260656979e-06,2.027825552346546e-07
26180,E01548N3896E01854N3659-PS-Str_PYes_Var-M809_E01633N3827_S000,0.26,7.442487875547949e-20,8.266184059047276e-09,1.0266776482112931e-07,2.087038212895854e-06,9.373487837837914e-06,1.9104569769824836e-06
26183,E02020N3739E02658N3366-PS-Mur_PYes_Var-M902_E02279N3514_S002,1.36,0.0,0.0,0.0,5.516347639068515e-07,2.409164952370438e-06,3.5770782967678796e-07
26216,E02020N3739E02658N3366-PS-Str_PYes_Hom-M902_E02337N3493_S004,1.41,0.0,0.0,0.0,6.896857553580089e-07,2.9954449858041783e-06,4.453003217397026e-07
26223,E02113N3823E02873N3483-PS-Str_PNo_Hom-M871_E02350N3576_S003,0.67,0.0,0.0,0.0,9.790634506871312e-07,1.5741414193038846e-05,2.7891686908337087e-06
26241,E02113N3823E02873N3483-PS-Mur_PNo_Hom-M837_E02200N3695_S000,0.33,6.563445408165015e-11,1.4071893955475795e-06,1.3422495377472195e-05,3.402624568983886e-05,4.8433134144679104e-05,1.811065494045862e-05
26246,E02113N3823E02873N3483-PS-Str_PNo_Var-M861_E02276N3623_S005,0.78,0.0,0.0,0.0,4.918699665497919e-06,1.0393753478087622e-05,3.751403223686573e-06
26247,E01577N3897E01966N3571-PS-Mur_PYes_Var-M809_E01741N3680_S000,0.81,0.0,0.0,1.3354016288418127e-08,2.118965370333248e-07,1.7000262199401303e-06,6.132331037227765e-07
26249,E01577N3897E01966N3571-PS-Str_PYes_Var-M809_E01739N3699_S000,0.79,0.0,0.0,1.3945168115283587e-08,2.269676132196137e-07,1.8206945072709286e-06,6.287579924246196e-07
26251,E02020N3739E02658N3366-PS-Mur_PYes_Var-M902_E02270N3527_S002,1.63,0.0,0.0,0.0,0.0,2.085079760138032e-06,2.915091285317009e-07
26252,E02113N3823E02873N3483-PS-Mur_PNo_Hom-M871_E02350N3576_S002,0.75,0.0,0.0,0.0,6.116844354329666e-07,9.834682365915851e-06,1.742574574490088e-06
26255,E01517N3917E01678N3772-PS-Str_PYes_Hom-M792_E01632N3846_S000,0.24,1.1457346760886807e-11,8.858228817384011e-07,4.104748671019653e-06,1.1090563532582297e-05,3.143181199004522e-05,7.238113362029354e-06
26277,E02113N3823E02873N3483-PS-Str_PNo_Var-M861_E02259N3628_S005,0.67,0.0,0.0,0.0,5.688594335073641e-06,1.1960259470827673e-05,4.323886927210628e-06
26279,E02020N3739E02658N3366-PS-Str_PYes_Var-M902_E02401N3455_S005,1.13,0.0,0.0,0.0,9.173203594161508e-07,4.005573558564936e-06,5.906268227319617e-07
26282,E02113N3823E02873N3483-PS-Str_PNo_Hom-M880_E02383N3566_S004,1.67,0.0,0.0,0.0,0.0,2.245218193316915e-06,2.3220228273572905e-07
26292,E02113N3823E02873N3483-PS-Mur_PNo_Hom-M861_E02306N3593_S001,0.59,0.0,0.0,0.0,7.0542922262430535e-06,1.4984619893310652e-05,5.402037251490728e-06
26302,E02113N3823E02873N3483-PS-Str_PNo_Hom-M880_E02335N3600_S005,1.57,0.0,0.0,0.0,0.0,2.218842323680393e-06,2.2832288413662758e-07
26314,E02020N3739E02658N3366-PS-Str_PYes_Hom-M902_E02409N3467_S004,1.4,0.0,0.0,0.0,7.285336624850394e-07,3.181738862595331e-06,4.6866517441129214e-07
26329,E01517N3917E01678N3772-PS-Mur_PNo_Hom-M732_E01551N3793_S000,0.18,4.541769095284795e-06,1.0548794715948922e-05,2.8247686984130182e-05,6.226416696040226e-05,0.00010677980650750499,3.7750973715957266e-05
26340,E01849N3766E02950N3220-PS-Str_PYes_Var-M871_E02067N3642_S001,1.21,0.0,0.0,0.0,2.2427261034679533e-07,2.145592483149028e-06,8.856613362439185e-07
26354,E02020N3739E02658N3366-PS-Mur_PYes_Hom-M902_E02311N3485_S004,1.24,0.0,0.0,0.0,6.63817932460978e-07,2.883095789393185e-06,4.287428047940186e-07
26355,E02113N3823E02873N3483-PS-Str_PNo_Hom-M861_E02209N3683_S002,0.81,0.0,0.0,0.0,6.202931671438023e-11,1.3331562301361162e-05,3.25503733115442e-06
26365,E01517N3917E01678N3772-PS-Str_PNo_Hom-M732_E01551N3793_S000,0.19,4.3027286165855945e-06,9.993594994056871e-06,2.6760966616544383e-05,5.8987105541433716e-05,0.00010115981669131,3.576408036248617e-05
26378,E02020N3739E02658N3366-PS-Mur_PYes_Hom-M837_E02146N3723_S000,0.44,0.0,5.939402342349177e-14,1.6867477443418922e-06,1.5638405916110964e-05,8.574307286321588e-05,1.2557869857059003e-05
26424,E01517N3917E01678N3772-PS-Str_PYes_Var-M809_E01643N3856_S000,0.21,0.0,0.0,7.901658380192376e-07,3.794637616461924e-06,1.1144575118445476e-05,2.3653276857878427e-06
26438,E02113N3823E02873N3483-PS-Str_PNo_Var-M861_E02335N3600_S002,0.66,0.0,0.0,0.0,6.388094559422049e-06,1.3524112248482884e-05,4.87323043244386e-06
26440,E01517N3917E01678N3772-PS-Str_PNo_Hom-M792_E01619N3854_S000,0.24,1.087937973779348e-11,9.150942665311344e-07,4.056977050760261e-06,1.1069805388642586e-05,3.1881318981307454e-05,7.238113362029372e-06
26442,E02020N3739E02658N3366-PS-Str_PNo_Var-M861_E02191N3680_S005,0.52,0.0,0.0,0.0,2.219732372584496e-06,2.0545618023588e-05,5.181218494459172e-06
26456,E01517N3917E01678N3772-PS-Str_PYes_Hom-M732_E01564N3784_S000,0.19,0.0,3.2864617295224755e-06,2.686547515099704e-05,6.348369506903219e-05,0.00011284024950827499,3.576408036248523e-05
26458,E02020N3739E02658N3366-PS-Str_PYes_Var-M902_E02194N3581_S003,2.66,0.0,0.0,0.0,1.8773631937330817e-08,1.2609045439661325e-06,1.7435746426374422e-07
26463,E01964N3926E02184N3685-PS-Mur_PYes_Var-M824_E02093N3745_S000,0.22,0.0,0.0,7.388505666606015e-06,6.964172654953507e-05,0.00021994847960773493,4.9544254714649064e-05
26474,E01964N3926E02184N3685-PS-Str_PYes_Var-M837_E02053N3710_S000,0.37,0.0,0.0,0.0,2.5484850235694257e-05,7.085840215744078e-05,1.38949238449035e-05
26488,E02113N3823E02873N3483-PS-Mur_PNo_Hom-M861_E02333N3573_S003,0.72,0.0,0.0,0.0,5.878064573553174e-06,1.24962302175981e-05,4.506669544061829e-06
26489,E02020N3739E02658N3366-PS-Str_PYes_Var-M902_E02321N3496_S003,1.28,0.0,0.0,0.0,7.095164314338745e-07,3.0852827519665816e-06,4.595412211570002e-07
26494,E02113N3823E02873N3483-PS-Str_PNo_Hom-M880_E02373N3559_S002,1.59,0.0,0.0,0.0,0.0,2.3366055374118662e-06,2.4156351770291897e-07
26496,E02020N3739E02658N3366-PS-Str_PYes_Var-M902_E02351N3465_S001,1.47,0.0,0.0,0.0,6.583049851450058e-07,2.8536347692288915e-06,4.23242378961354e-07
26500,E02113N3823E02873N3483-PS-Str_PNo_Hom-M880_E02321N3597_S003,1.44,0.0,0.0,0.0,0.0,2.444259445175009e-06,2.5153133716876317e-07
26513,E02113N3823E02873N3483-PS-Str_PNo_Hom-M880_E02293N3602_S003,1.43,0.0,0.0,0.0,0.0,2.3125254588341548e-06,2.379033948611784e-07
26538,E01849N3766E02950N3220-PS-Str_PYes_Var-M871_E02067N3642_S005,1.12,0.0,0.0,0.0,2.452763601453154e-07,2.3465331491356703e-06,9.686059681538324e-07
26540,E02113N3823E02873N3483-PS-Str_PNo_Hom-M880_E02335N3587_S005,1.44,0.0,0.0,0.0,0.0,2.4413132005485943e-06,2.514967117321425e-07
26544,E02020N3739E02658N3366-PS-Mur_PYes_Var-M902_E02386N3481_S001,1.56,0.0,0.0,0.0,0.0,2.456888037514562e-06,3.4449686586623614e-07
26584,E02113N3823E02873N3483-PS-Str_PNo_Var-M871_E02389N3541_S003,1.08,0.0,0.0,0.0,0.0,1.3803544935491693e-05,1.3673956414292524e-06
26589,E01517N3917E01678N3772-PS-Str_PYes_Hom-M809_E01630N3865_S000,0.32,0.0,0.0,0.0,2.342411099328666e-06,8.843773114521253e-06,1.552246293798268e-06
26599,E01548N3896E01854N3659-PS-Mur_PYes_Var-M809_E01727N3708_S000,0.89,0.0,0.0,6.0491930272926e-08,7.675264171324755e-07,2.5620989868306208e-06,5.581110269836458e-07
26606,E01577N3897E01966N3571-PS-Str_PYes_Var-M837_E01773N3729_S000,1.07,0.0,0.0,0.0,3.531124620768443e-07,8.651001019175982e-06,3.6027361390581227e-06
26613,E02020N3739E02658N3366-PS-Mur_PYes_Hom-M902_E02409N3467_S004,1.26,0.0,0.0,0.0,6.769524563589594e-07,2.95646728413308e-06,4.3548302208223576e-07
26615,E02020N3739E02658N3366-PS-Str_PYes_Hom-M902_E02304N3498_S003,2.35,0.0,0.0,0.0,2.5210967782153032e-08,1.693259138158013e-06,2.3590548285790678e-07
26630,E02113N3823E02873N3483-PS-Str_PNo_Var-M861_E02293N3602_S001,0.74,0.0,0.0,0.0,5.4736457945669305e-06,1.1630658483649562e-05,4.189567079887463e-06
26657,E02113N3823E02873N3483-PS-Str_PNo_Hom-M861_E02255N3645_S005,0.76,0.0,0.0,0.0,5.109201021387944e-06,1.0767516668401204e-05,3.8888740865414586e-06
26670,E02020N3739E02658N3366-PS-Str_PNo_Hom-M837_E02204N3672_S000,0.35,0.0,8.100261856010195e-14,2.3422901633581785e-06,2.1970834516537215e-05,0.000120655215710175,1.7622793883269373e-05
26674,E02020N3739E02658N3366-PS-Mur_PYes_Hom-M902_E02311N3485_S003,1.42,0.0,0.0,0.0,5.85841822498733e-07,2.5444297436116867e-06,3.7838005552601055e-07
26677,E01548N3896E01854N3659-PS-Str_PYes_Hom-M792_E01600N3777_S000,0.48,0.0,0.0,1.0549610077624141e-06,7.151839159478867e-06,1.4913271909522558e-05,3.619056681014682e-06
26685,E02020N3739E02658N3366-PS-Str_PYes_Var-M902_E02226N3538_S004,1.84,0.0,0.0,0.0,2.773886425539708e-08,1.8630417439121627e-06,2.582545739418942e-07
26686,E02113N3823E02873N3483-PS-Str_PNo_Var-M861_E02235N3671_S003,0.71,0.0,0.0,0.0,7.226024674993258e-11,1.550888409410034e-05,3.794811781938239e-06
26688,E02020N3739E02658N3366-PS-Mur_PYes_Var-M902_E02287N3526_S001,1.6,0.0,0.0,0.0,0.0,2.950529568351567e-06,4.136391914468116e-07
26716,E01964N3926E02184N3685-PS-Mur_PYes_Hom-M754_E02033N3761_S000,0.1,6.522606133990694e-06,1.2841185062302737e-05,4.445233624246027e-05,0.00013344587647560398,0.000214199442513375,6.973618358149046e-05
26717,E02113N3823E02873N3483-PS-Str_PNo_Hom-M861_E02464N3518_S001,0.42,0.0,0.0,0.0,1.7233972367778042e-10,3.675929698511187e-05,9.105653037516187e-06
26732,E02113N3823E02873N3483-PS-Str_PNo_Hom-M880_E02293N3602_S005,0.84,0.0,0.0,0.0,0.0,5.164752457471612e-06,5.31329131342648e-07
26764,E02020N3739E02658N3366-PS-Mur_PYes_Hom-M902_E02328N3482_S002,1.4,0.0,0.0,0.0,6.210141011088394e-07,2.693428305160528e-06,3.9999098263347957e-07
26779,E02113N3823E02873N3483-PS-Str_PYes_Var-M850_E02340N3543_S000,0.39,0.0,0.0,7.214599655452737e-06,6.621195172922074e-05,0.00011994478501866998,3.0041815718296972e-05
26780,E01517N3917E01678N3772-PS-Str_PNo_Var-M754_E01587N3805_S000,0.18,3.3247393303719638e-06,6.176434893021465e-06,1.854011315066736e-05,4.647547272101833e-05,9.146325355945338e-05,2.767080467357837e-05
26782,E02020N3739E02658N3366-PS-Str_PNo_Var-M850_E02182N3695_S000,0.4,0.0,1.379952313750428e-17,1.7394124567265066e-06,2.903547485789066e-05,0.00013466080366317492,2.1725838337792306e-05
26786,E01577N3897E01966N3571-PS-Mur_PYes_Var-M824_E01786N3720_S000,1.14,0.0,0.0,0.0,1.0117404985287069e-06,1.850974633426327e-05,7.08163383225162e-06
26832,E01577N3897E01966N3571-PS-Mur_PYes_Var-M837_E01717N3678_S000,0.74,0.0,0.0,0.0,2.056518665333015e-07,3.4252362455121207e-06,5.20936171458429e-06
26856,E02020N3739E02658N3366-PS-Str_PYes_Var-M902_E02441N3439_S005,2.48,0.0,0.0,0.0,2.7446798651770574e-08,1.8985891314332584e-06,2.622614298487362e-07
26868,E01849N3766E02950N3220-PS-Str_PYes_Var-M871_E02067N3642_S002,1.0,0.0,0.0,0.0,2.7470152552478764e-07,2.6280406125570262e-06,1.0848071005564177e-06
26882,E02113N3823E02873N3483-PS-Str_PNo_Var-M871_E02389N3541_S004,1.13,0.0,0.0,0.0,0.0,1.3192766704221826e-05,1.306891220628558e-06
26889,E02020N3739E02658N3366-PS-Str_PYes_Hom-M902_E02184N3552_S002,1.81,0.0,0.0,0.0,2.8517383599591035e-08,1.9153298990191034e-06,2.6567120096204465e-07
26891,E02113N3823E02873N3483-PS-Str_PNo_Var-M871_E02236N3646_S003,1.13,0.0,0.0,0.0,0.0,1.0742164098675239e-05,1.052480169437276e-06
26908,E02113N3823E02873N3483-PS-Str_PYes_Hom-M837_E02218N3671_S000,0.29,8.428801147233984e-11,1.7226801246570027e-06,1.6670214776094206e-05,4.3359936337629925e-05,6.017206849612131e-05,2.2598010479600592e-05
26918,E01517N3917E01678N3772-PS-Mur_PYes_Hom-M754_E01574N3813_S000,0.19,3.2384428926944988e-06,5.962828681226183e-06,1.7671400394130927e-05,4.286728291372894e-05,8.90518387314447e-05,2.6214446532863887e-05
26921,E02113N3823E02873N3483-PS-Str_PNo_Var-M880_E02383N3566_S004,1.21,0.0,0.0,0.0,0.0,3.069312613952599e-06,3.1743079470439797e-07
26927,E02113N3823E02873N3483-PS-Str_PNo_Hom-M850_E02192N3708_S000,0.54,0.0,0.0,0.0,9.878281052083684e-08,0.00011581258267148496,1.6275948226013848e-05
26949,E02113N3823E02873N3483-PS-Str_PNo_Var-M871_E02293N3602_S005,0.95,0.0,0.0,0.0,0.0,1.375547217979655e-05,1.348214851869656e-06
26954,E01849N3766E02950N3220-PS-Str_PYes_Hom-M861_E02054N3653_S004,0.72,0.0,0.0,1.741021767757022e-07,3.993784124588792e-06,1.8870589149372863e-05,3.4202970901450255e-06
26955,E01964N3926E02184N3685-PS-Str_PYes_Var-M809_E02009N3708_S000,0.31,0.0,0.0,8.118448362008889e-10,4.274799639110711e-06,1.2370249621893836e-05,2.1369046517355514e-06
26968,E01517N3917E01678N3772-PS-Mur_PYes_Hom-M792_E01632N3846_S000,0.23,1.195549227222971e-11,9.24336920074853e-07,4.283216004542246e-06,1.1572761947042392e-05,3.279841251135152e-05,7.552813942987155e-06
26973,E02020N3739E02658N3366-PS-Str_PYes_Hom-M902_E02217N3548_S001,1.54,0.0,0.0,0.0,3.3188524819431976e-08,2.229060519139184e-06,3.085250232925367e-07
26975,E02020N3739E02658N3366-PS-Str_PYes_Var-M902_E02232N3550_S002,1.94,0.0,0.0,0.0,2.6626993136022313e-08,1.7883644863945831e-06,2.4782993890903804e-07
26985,E02020N3739E02658N3366-PS-Mur_PYes_Hom-M902_E02368N3461_S001,0.94,0.0,0.0,0.0,1.3476086320823418e-06,5.854838347778238e-06,8.664979929973848e-07
26986,E02113N3823E02873N3483-PS-Mur_PNo_Var-M871_E02335N3587_S003,0.7,0.0,0.0,0.0,6.399196393149646e-07,1.0337551781525959e-05,1.829797178781113e-06
26994,E02020N3739E02658N3366-PS-Str_PYes_Var-M902_E02194N3581_S005,2.1,0.0,0.0,0.0,2.7553772946271215e-08,1.8506103468599309e-06,2.559017880955566e-07
27007,E02020N3739E02658N3366-PS-Str_PYes_Var-M902_E02229N3514_S003,1.61,0.0,0.0,0.0,3.264630069478077e-08,2.1926427996002523e-06,3.0568374062130823e-07
27012,E02020N3739E02658N3366-PS-Str_PYes_Var-M902_E02361N3475_S002,2.12,0.0,0.0,0.0,3.0123945359243585e-08,2.04972923284339e-06,2.8550963706646956e-07
27018,E01548N3896E01854N3659-PS-Mur_PYes_Hom-M809_E01661N3771_S000,0.36,0.0,0.0,2.6438637157095237e-07,1.9004999887651873e-06,7.998854270208817e-06,1.3797744833762378e-06
27029,E02113N3823E02873N3483-PS-Str_PNo_Hom-M837_E02244N3659_S000,0.3,8.257009607582452e-11,1.7173042561575607e-06,1.6320364916209375e-05,4.272563120877135e-05,6.0059709737363195e-05,2.2276268707049258e-05
27035,E02113N3823E02873N3483-PS-Str_PNo_Var-M871_E02358N3562_S001,0.48,0.0,0.0,0.0,1.0964616635654182e-06,1.7835115357177967e-05,3.1584150107975994e-06
27036,E02113N3823E02873N3483-PS-Str_PNo_Hom-M880_E02321N3597_S005,1.14,0.0,0.0,0.0,0.0,2.99330832099969e-06,3.080322942090662e-07
27038,E02113N3823E02873N3483-PS-Str_PNo_Var-M871_E02321N3597_S001,0.71,0.0,0.0,0.0,6.730152345395733e-07,1.0817240522044193e-05,1.914483021173074e-06
27081,E02020N3739E02658N3366-PS-Mur_PYes_Hom-M902_E02321N3496_S004,0.96,0.0,0.0,0.0,1.1098787620120302e-06,4.826230443020933e-06,7.188488089000135e-07
27084,E02020N3739E02658N3366-PS-Mur_PYes_Var-M902_E02313N3510_S003,1.36,0.0,0.0,0.0,0.0,2.725909876487445e-06,3.8267626814520167e-07
27094,E02113N3823E02873N3483-PS-Str_PNo_Var-M850_E02173N3709_S000,0.37,0.0,0.0,4.824001743601152e-09,5.795023063818798e-05,9.645229727637168e-05,2.296135555645432e-05
27095,E02020N3739E02658N3366-PS-Str_PYes_Hom-M902_E02304N3498_S001,1.73,0.0,0.0,0.0,3.389400507523078e-08,2.2764431067591213e-06,3.1715488680767397e-07
27097,E02020N3739E02658N3366-PS-Mur_PYes_Hom-M902_E02321N3496_S002,1.45,0.0,0.0,0.0,5.481354097526544e-07,2.383528626721609e-06,3.550175928245617e-07
27098,E01548N3896E01854N3659-PS-Mur_PYes_Hom-M809_E01644N3837_S000,0.33,0.0,0.0,7.376955885611398e-08,8.287412839712155e-07,5.473280127847086e-06,1.5052085273195344e-06
27104,E02020N3739E02658N3366-PS-Str_PYes_Hom-M902_E02318N3471_S002,1.82,0.0,0.0,0.0,3.5437283626437744e-08,2.408220876482827e-06,3.356599486542344e-07
27123,E02020N3739E02658N3366-PS-Mur_PYes_Hom-M902_E02321N3496_S001,1.44,0.0,0.0,0.0,6.732299106054534e-07,2.927493345152488e-06,4.3603908455484654e-07
27148,E01548N3896E01854N3659-PS-Str_PYes_Var-M809_E01652N3742_S000,0.49,0.0,0.0,1.9745731567145225e-07,1.369323789346034e-06,6.0319789961849865e-06,1.0137118653376452e-06
27169,E01517N3917E01678N3772-PS-Mur_PNo_Hom-M792_E01632N3846_S000,0.23,1.195549227222971e-11,9.24336920074853e-07,4.283216004542246e-06,1.1572761947042392e-05,3.279841251135152e-05,7.552813942987155e-06
27172,E02113N3823E02873N3483-PS-Str_PNo_Var-M861_E02306N3593_S004,0.69,0.0,0.0,0.0,5.9765144701242534e-06,1.2695220831442382e-05,4.576696395079718e-06
27180,E02113N3823E02873N3483-PS-Mur_PNo_Hom-M861_E02294N3618_S004,0.59,0.0,0.0,0.0,6.82439895824047e-06,1.4458889355018952e-05,5.2050984261616e-06
27196,E02113N3823E02873N3483-PS-Mur_PNo_Hom-M861_E02367N3571_S003,0.57,0.0,0.0,0.0,7.387345351073781e-06,1.5563494915781517e-05,5.642680008272393e-06
27198,E01517N3917E01678N3772-PS-Mur_PNo_Var-M754_E01575N3795_S000,0.18,3.318485689708399e-06,6.131536163484357e-06,1.8590636679384984e-05,4.636706192709007e-05,9.158378587477303e-05,2.7670804673578107e-05
27203,E01548N3896E01854N3659-PS-Str_PNo_Hom-M774_E01611N3806_S000,0.27,1.0848102322236233e-09,4.102635233704461e-07,2.9577859157773473e-06,1.4788352480840607e-05,3.933940574853993e-05,8.290210377703693e-06
27213,E02020N3739E02658N3366-PS-Str_PYes_Hom-M902_E02229N3514_S003,1.96,0.0,0.0,0.0,2.7124817863437316e-08,1.82180018296047e-06,2.5398331852934257e-07
27221,E02020N3739E02658N3366-PS-Str_PYes_Var-M888_E02226N3538_S002,1.37,0.0,0.0,0.0,1.5380414850670534e-06,3.440975221636213e-06,5.999853670491368e-07
27237,E02020N3739E02658N3366-PS-Str_PYes_Var-M902_E02229N3514_S005,1.77,0.0,0.0,0.0,3.037353806754992e-08,2.03999589922434e-06,2.8440272051640856e-07
27239,E02020N3739E02658N3366-PS-Str_PYes_Var-M902_E02183N3593_S004,1.85,0.0,0.0,0.0,2.768747777002093e-08,1.859590443006431e-06,2.568325301960669e-07
27247,E01964N3926E02184N3685-PS-Str_PYes_Hom-M837_E02088N3719_S000,0.45,0.0,0.0,0.0,2.1270727726668874e-05,5.758230146686395e-05,1.1281047718153414e-05
27253,E01849N3766E02950N3220-PS-Str_PYes_Hom-M871_E02072N3658_S005,0.94,0.0,0.0,0.0,2.902144554208735e-07,2.7744511177934013e-06,1.1401429057052326e-06
27260,E02113N3823E02873N3483-PS-Mur_PNo_Var-M871_E02383N3566_S005,0.42,0.0,0.0,0.0,1.2932983353270409e-06,2.107030263283096e-05,3.733678654525406e-06
27274,E02020N3739E02658N3366-PS-Mur_PNo_Hom-M850_E02182N3695_S000,0.41,0.0,1.2707313396732014e-17,1.601740798834646e-06,2.673736439771487e-05,0.00012400262076830992,2.0006273681641773e-05
27288,E02113N3823E02873N3483-PS-Str_PNo_Hom-M837_E02218N3695_S000,0.36,0.0,0.0,1.1393188641800433e-07,4.367647299695089e-05,6.887559249499542e-05,1.7669056091760888e-05
27294,E01849N3766E02950N3220-PS-Str_PYes_Var-M871_E02072N3658_S001,0.81,0.0,0.0,0.0,3.532183524727707e-07,3.376768574198105e-06,1.387661404228436e-06
27322,E02113N3823E02873N3483-PS-Str_PNo_Hom-M871_E02348N3591_S004,0.67,0.0,0.0,0.0,7.408825477702553e-07,1.1884730148968173e-05,2.106382647453897e-06
27327,E01548N3896E01854N3659-PS-Mur_PYes_Var-M824_E01701N3725_S000,0.71,0.0,0.0,0.0,2.077131844110543e-05,4.9371233013424127e-05,1.1370510660235497e-05
27333,E02113N3823E02873N3483-PS-Str_PNo_Var-M880_E02348N3591_S002,1.04,0.0,0.0,0.0,0.0,3.4822921563358795e-06,3.5875075937326763e-07
27341,E02020N3739E02658N3366-PS-Str_PYes_Var-M902_E02209N3537_S004,1.65,0.0,0.0,0.0,3.163160161216659e-08,2.124491965052235e-06,2.947839097885738e-07
27344,E01849N3766E02950N3220-PS-Str_PYes_Var-M871_E02072N3658_S003,1.06,0.0,0.0,0.0,2.573601937799522e-07,2.4603642719064865e-06,1.0110709293360439e-06
27350,E02020N3739E02658N3366-PS-Str_PYes_Hom-M902_E02229N3514_S002,1.56,0.0,0.0,0.0,3.3689804859752546e-08,2.262728286929113e-06,3.154545951963719e-07
27361,E01964N3926E02184N3685-PS-Mur_PNo_Hom-M809_E02103N3738_S000,0.29,0.0,3.0330736078042825e-14,9.018685922653976e-07,5.331491167906744e-06,1.0231497653551491e-05,2.540908655561804e-06
27373,E02020N3739E02658N3366-PS-Str_PYes_Var-M902_E02245N3515_S004,1.77,0.0,0.0,0.0,3.0767571895750114e-08,2.0664606262474604e-06,2.8762920952273434e-07
27374,E01548N3896E01854N3659-PS-Mur_PYes_Hom-M792_E01634N3808_S000,0.34,1.1618205234908202e-12,1.5305443481623793e-07,1.3131647178823286e-06,8.144363754001538e-06,2.6276378058703792e-05,5.109256490844252e-06
27375,E01517N3917E01678N3772-PS-Mur_PNo_Var-M774_E01574N3813_S000,0.22,8.614371066374019e-09,1.6110654977100957e-06,6.535810705820176e-06,1.5554616401844935e-05,3.975399769623585e-05,1.0174349099909187e-05
27381,E01964N3926E02184N3685-PS-Str_PYes_Var-M837_E02057N3724_S000,0.37,0.0,0.0,0.0,2.41310975859147e-05,8.451833028499246e-05,1.3895069359740248e-05
27398,E01964N3926E02184N3685-PS-Mur_PYes_Var-M774_E02074N3729_S000,0.14,1.1429727580331594e-07,1.4776394531847992e-06,1.115006782303282e-05,4.675621899379194e-05,8.25832935853095e-05,2.318532966153133e-05
27431,E02020N3739E02658N3366-PS-Str_PYes_Var-M888_E02311N3485_S001,1.86,0.0,0.0,0.0,1.3700850971081052e-06,3.167628010797972e-06,5.405379283621342e-07
27461,E01548N3896E01854N3659-PS-Str_PYes_Var-M809_E01634N3808_S000,0.45,0.0,0.0,1.9409608121327252e-07,1.6541908454221245e-06,6.267275394994622e-06,1.1038195867009926e-06
27472,E02113N3823E02873N3483-PS-Str_PNo_Hom-M809_E02119N3739_S000,0.33,6.517527209859737e-08,6.627394044138251e-07,2.1471472236534563e-06,3.606328265058047e-06,5.0018355359862114e-06,2.2581141253642084e-06
27492,E01548N3896E01854N3659-PS-Str_PYes_Var-M809_E01639N3751_S000,0.47,0.0,0.0,2.064066338699789e-07,1.4252333175064084e-06,6.333270122757642e-06,1.0568485404583946e-06
27512,E02113N3823E02873N3483-PS-Mur_PNo_Hom-M850_E02244N3659_S000,0.43,0.0,0.0,0.0,5.722373085717277e-05,0.0001104063231489,2.0891687735807726e-05
27525,E02113N3823E02873N3483-PS-Str_PNo_Var-M880_E02373N3559_S005,1.17,0.0,0.0,0.0,0.0,3.2058314295102038e-06,3.3142603870263757e-07
27530,E01548N3896E01854N3659-PS-Str_PYes_Hom-M809_E01634N3808_S000,0.56,0.0,0.0,1.559700652606654e-07,1.3292605007856358e-06,5.036203442406392e-06,8.8699788217044e-07
27536,E01517N3917E01678N3772-PS-Mur_PNo_Var-M792_E01632N3846_S000,0.15,1.833175481741889e-11,1.4173166107814418e-06,6.567597873631445e-06,1.7744901652131672e-05,5.0290899184072356e-05,1.1580981379246882e-05
27539,E01548N3896E01854N3659-PS-Mur_PYes_Hom-M809_E01634N3808_S000,0.48,0.0,0.0,1.81965076137443e-07,1.5508039175832416e-06,5.875570682807457e-06,1.0348308625321791e-06
27545,E01517N3917E01678N3772-PS-Mur_PNo_Var-M754_E01587N3805_S000,0.17,3.52031223215855e-06,6.539754592610963e-06,1.9630708041883086e-05,4.920932405754881e-05,9.684344494530358e-05,2.9298499066141924e-05
27587,E01548N3896E01854N3659-PS-Mur_PNo_Var-M792_E01634N3808_S000,0.24,1.6459124082786616e-12,2.168271159896704e-07,1.8603166836666321e-06,1.1537848651502179e-05,3.722486891649704e-05,7.238113362029355e-06
27590,E01849N3766E02950N3220-PS-Str_PYes_Var-M871_E02079N3631_S005,0.82,0.0,0.0,0.0,3.30836773665432e-07,3.1706114216732324e-06,1.3228728502123326e-06
27624,E01517N3917E01678N3772-PS-Mur_PYes_Hom-M774_E01609N3825_S000,0.25,8.177538164707848e-09,1.4050817616975838e-06,5.689857369715148e-06,1.3708321939754664e-05,3.5751245258910156e-05,8.953427207920063e-06
27643,E01548N3896E01854N3659-PS-Mur_PNo_Var-M774_E01599N3796_S000,0.23,1.1916970125834456e-09,4.842250355629456e-07,3.4562266242959754e-06,1.7442989374277797e-05,4.6134543208591554e-05,9.731986095565084e-06
27647,E02113N3823E02873N3483-PS-Mur_PNo_Hom-M837_E02227N3683_S000,0.31,0.0,0.0,9.383782451159618e-06,4.449721891142193e-05,6.835639387612064e-05,2.0105397363699387e-05
27687,E01548N3896E01854N3659-PS-Str_PNo_Var-M792_E01634N3808_S000,0.24,1.6459124082786616e-12,2.168271159896704e-07,1.8603166836666321e-06,1.1537848651502179e-05,3.722486891649704e-05,7.238113362029355e-06
27719,E02020N3739E02658N3366-PS-Mur_PYes_Var-M888_E02144N3587_S002,1.53,0.0,0.0,0.0,1.211504667716325e-06,2.7748526946094745e-06,4.7435876882523323e-07
27759,E02020N3739E02658N3366-PS-Str_PYes_Var-M902_E02318N3471_S002,1.54,0.0,0.0,0.0,4.0330103069042226e-08,2.740723504244921e-06,3.820044580187672e-07
27776,E01964N3926E02184N3685-PS-Str_PNo_Hom-M809_E02093N3745_S000,0.3,0.0,2.845657298237292e-14,8.29395581151034e-07,4.935016993834055e-06,9.591772846927958e-06,2.3732264794587548e-06
27777,E01964N3926E02184N3685-PS-Mur_PYes_Hom-M837_E02031N3692_S000,0.34,0.0,0.0,0.0,2.5576862226401067e-05,7.442969703347456e-05,1.4363249858656507e-05
27804,E01577N3897E01966N3571-PS-Str_PYes_Var-M809_E01840N3808_S000,0.78,0.0,0.0,1.606818513683114e-08,2.443612319362775e-07,2.114364420785987e-06,6.581359491101004e-07
27807,E01964N3926E02184N3685-PS-Mur_PYes_Hom-M732_E02050N3785_S000,0.05,1.398058245305724e-05,3.2377201224398525e-05,0.0001604053065655,0.00037301149387772796,0.000501934314747115,0.00019479579826928628
27852,E02020N3739E02658N3366-PS-Str_PYes_Var-M902_E02294N3487_S003,1.54,0.0,0.0,0.0,3.7305334793182096e-08,2.524745824669008e-06,3.5263994707520105e-07
27856,E01577N3897E01966N3571-PS-Mur_PYes_Var-M792_E01741N3680_S000,0.32,0.0,0.0,1.5487479539988773e-07,1.799472627899279e-06,1.9520050367862942e-05,5.4285850215215205e-06
27862,E02020N3739E02658N3366-PS-Str_PYes_Var-M902_E02243N3539_S004,1.9,0.0,0.0,0.0,2.7786317052665382e-08,1.866228844197248e-06,2.589721229489003e-07
27878,E02020N3739E02658N3366-PS-Str_PYes_Var-M888_E02206N3569_S003,1.57,0.0,0.0,0.0,1.4064550176337206e-06,3.2136473175339794e-06,5.513794229049838e-07
27908,E02113N3823E02873N3483-PS-Str_PYes_Hom-M824_E02209N3683_S000,0.22,9.760144818130624e-08,1.325534431059019e-05,5.624189222716675e-05,0.000105134673535608,0.0001504056479119,6.116570676226838e-05
27920,E02020N3739E02658N3366-PS-Mur_PYes_Var-M895_E02253N3527_S005,1.49,0.0,0.0,0.0,4.0237639869936307e-07,9.39032621069853e-07,1.7732956849809662e-07
27930,E01964N3926E02184N3685-PS-Str_PYes_Var-M824_E02024N3715_S000,0.33,0.0,0.0,3.2983649646260714e-11,6.327776624808923e-05,0.0001926015312810399,3.262524670952796e-05
27937,E01548N3896E01854N3659-PS-Str_PYes_Hom-M792_E01646N3818_S000,0.28,1.4526410780500803e-12,1.788830249211573e-07,1.5409660206966437e-06,9.827527153225149e-06,3.19480526028876e-05,6.204097167453647e-06
27938,E01548N3896E01854N3659-PS-Mur_PYes_Hom-M792_E01646N3818_S000,0.25,1.62695800741609e-12,2.0034898791169628e-07,1.725881943180241e-06,1.1006830411612169e-05,3.578181891523412e-05,6.94858882754812e-06
27957,E02113N3823E02873N3483-PS-Str_PYes_Hom-M824_E02192N3708_S000,0.21,9.738143209915841e-08,1.3284141710926295e-05,5.811137882112597e-05,0.0001100904658803,0.0001592313161242,6.344586811680117e-05
27962,E02020N3739E02658N3366-PS-Str_PYes_Var-M902_E02467N3448_S002,1.7,0.0,0.0,0.0,4.073579698217898e-08,2.76990767513708e-06,3.859577677671933e-07
27991,E02020N3739E02658N3366-PS-Str_PYes_Hom-M888_E02467N3448_S002,1.33,0.0,0.0,0.0,2.1860790066027986e-06,5.062131591917327e-06,8.677107354427877e-07
28007,E02113N3823E02873N3483-PS-Str_PNo_Hom-M861_E02294N3618_S001,0.63,0.0,0.0,0.0,6.4518989539188596e-06,1.3669671670034884e-05,4.9209856129889015e-06
28024,E02020N3739E02658N3366-PS-Mur_PYes_Hom-M888_E02236N3526_S001,1.44,0.0,0.0,0.0,1.4396145687250232e-06,3.2598481657031926e-06,5.647260392940559e-07
28033,E01548N3896E01854N3659-PS-Str_PNo_Var-M792_E01622N3816_S000,0.22,1.7888139161848634e-12,2.419510509254211e-07,2.0666432605222785e-06,1.2717132526660195e-05,4.0168732895930236e-05,7.89612366766814e-06
28055,E01964N3926E02184N3685-PS-Mur_PYes_Var-M792_E02026N3730_S000,0.2,0.0,0.0,2.1945296329863096e-06,2.360232122770275e-05,5.9117688540429455e-05,1.1583808779342334e-05
28057,E02113N3823E02873N3483-PS-Mur_PYes_Hom-M824_E02184N3722_S000,0.22,8.702967189752804e-08,1.199175748937335e-05,5.2507828962411346e-05,9.974258517929832e-05,0.0001451694974293,5.7492952366136865e-05
28104,E01964N3926E02184N3685-PS-Mur_PYes_Hom-M809_E02103N3738_S000,0.25,0.0,3.3996166393502723e-14,1.0108582478459566e-06,5.97579499565325e-06,1.146796094199221e-05,2.8479741877317595e-06
28116,E01964N3926E02184N3685-PS-Str_PYes_Var-M824_E02088N3719_S000,0.32,0.0,0.0,3.375535691997207e-11,6.778525589720855e-05,0.00021019115576491497,3.4485175364515646e-05
28130,E02113N3823E02873N3483-PS-Mur_PNo_Hom-M824_E02184N3722_S000,0.23,8.324652258792488e-08,1.1470479997712025e-05,5.022533205581839e-05,9.540680998870132e-05,0.0001388590302978,5.499375389383751e-05
28159,E02020N3739E02658N3366-PS-Str_PYes_Var-M902_E02375N3448_S005,1.29,0.0,0.0,0.0,5.1439856424704136e-08,3.5512487276156018e-06,4.910403316667306e-07
28178,E01517N3917E01678N3772-PS-Str_PYes_Var-M792_E01632N3846_S000,0.16,1.7186020141330213e-11,1.3287343226076012e-06,6.157123006529479e-06,1.663584529887344e-05,4.7147717985067824e-05,1.085717004304379e-05
28192,E02020N3739E02658N3366-PS-Str_PYes_Var-M895_E02337N3493_S002,2.5,0.0,0.0,0.0,2.9235381652938126e-07,6.728802861300047e-07,1.2730009967971135e-07
28196,E02113N3823E02873N3483-PS-Str_PYes_Hom-M824_E02210N3708_S000,0.21,9.676631401958558e-08,1.3333362582702992e-05,5.8533391469108e-05,0.0001109015133361,0.0001615452481803,6.407528828429018e-05
28201,E01964N3926E02184N3685-PS-Str_PYes_Var-M809_E02024N3715_S000,0.29,0.0,0.0,8.886877595849209e-10,4.536012187209376e-06,1.3578735998498517e-05,2.284303402223784e-06
28222,E01548N3896E01854N3659-PS-Mur_PYes_Var-M809_E01637N3770_S000,0.41,0.0,0.0,2.1973536230527622e-07,1.758980391420499e-06,6.681665987239665e-06,1.2115093024766954e-06
28271,E02113N3823E02873N3483-PS-Str_PNo_Hom-M880_E02373N3559_S003,0.75,0.0,0.0,0.0,0.0,5.237506605677662e-06,5.414651721921174e-07
28287,E02113N3823E02873N3483-PS-Str_PNo_Var-M861_E02473N3506_S004,0.41,0.0,0.0,0.0,1.7780796853183923e-10,3.80289699647761e-05,9.399078098582144e-06
28290,E01517N3917E01678N3772-PS-Mur_PYes_Var-M774_E01573N3832_S000,0.19,9.815969815022919e-09,1.8775428734952187e-06,7.541952818662412e-06,1.7940591770437843e-05,4.6324830471452585e-05,1.178082527357903e-05
28294,E02020N3739E02658N3366-PS-Mur_PYes_Hom-M888_E02209N3537_S005,1.47,0.0,0.0,0.0,1.7781014061096969e-06,4.014405632241017e-06,6.959455487539929e-07
28314,E01849N3766E02950N3220-PS-Mur_PYes_Var-M861_E02054N3653_S002,0.58,0.0,0.0,2.0594812083922703e-07,4.724308166211217e-06,2.232230777590617e-05,4.0459216046146026e-06
28325,E01517N3917E01678N3772-PS-Str_PNo_Var-M774_E01598N3815_S000,0.22,9.228631140447407e-09,1.6070141644327684e-06,6.46020017349634e-06,1.5497979838952177e-05,4.062366219161101e-05,1.0174349099909167e-05
28366,E02020N3739E02658N3366-PS-Str_PYes_Var-M888_E02301N3474_S001,1.64,0.0,0.0,0.0,1.5463604818145694e-06,3.5729916051649883e-06,6.130477261229778e-07
28367,E02113N3823E02873N3483-PS-Str_PNo_Hom-M837_E02340N3543_S000,0.23,0.0,0.0,2.4240950615538853e-05,6.69123574768005e-05,9.898560570713968e-05,3.3247373518821045e-05
28387,E02020N3739E02658N3366-PS-Mur_PYes_Hom-M824_E02146N3723_S000,0.33,0.0,1.562490157538799e-09,8.31242637983165e-06,4.384997348010595e-05,0.00021648556545347995,3.6290716118065014e-05
28407,E02020N3739E02658N3366-PS-Str_PYes_Hom-M888_E02335N3468_S004,1.36,0.0,0.0,0.0,1.8965625975554195e-06,4.399528593945908e-06,7.522420118253777e-07
28409,E02020N3739E02658N3366-PS-Str_PYes_Hom-M888_E02144N3587_S002,1.38,0.0,0.0,0.0,1.3269418700426805e-06,3.039252197532784e-06,5.195576447613684e-07
28427,E02020N3739E02658N3366-PS-Mur_PYes_Hom-M871_E02120N3675_S004,1.43,0.0,0.0,0.0,1.9230351731813867e-06,4.588532765336503e-06,7.49513202891902e-07
28428,E02020N3739E02658N3366-PS-Str_PYes_Var-M888_E02144N3587_S003,1.13,0.0,0.0,0.0,1.6795782087495298e-06,3.846936988811724e-06,6.576306905609639e-07
28430,E01577N3897E01966N3571-PS-Str_PYes_Var-M809_E01817N3788_S000,0.64,0.0,0.0,1.8617696614366067e-08,2.959303709609254e-07,2.441768061035221e-06,7.761231468990786e-07
28485,E02020N3739E02658N3366-PS-Str_PYes_Var-M871_E02092N3663_S004,1.42,0.0,0.0,0.0,1.887365884056474e-06,4.423735759532229e-06,7.362801088210959e-07
28488,E02020N3739E02658N3366-PS-Str_PYes_Var-M895_E02164N3590_S005,1.94,0.0,0.0,0.0,2.7554198723886276e-07,6.376629111908407e-07,1.201085813963498e-07
28511,E01517N3917E01678N3772-PS-Str_PYes_Hom-M792_E01619N3854_S000,0.24,1.087937973779348e-11,9.150942665311344e-07,4.056977050760261e-06,1.1069805388642586e-05,3.1881318981307454e-05,7.238113362029372e-06
28517,E02113N3823E02873N3483-PS-Str_PYes_Hom-M837_E02236N3646_S000,0.29,8.907286862019104e-11,1.7813447997842161e-06,1.7150562005981358e-05,4.5179470800389365e-05,6.248604050383329e-05,2.348530235664114e-05
28539,E01964N3926E02184N3685-PS-Str_PYes_Var-M774_E02061N3739_S000,0.14,1.1011010760948198e-07,1.4476542497710336e-06,1.0870876409998575e-05,4.54827787954702e-05,8.008040079832757e-05,2.2654133306479865e-05
28543,E01964N3926E02184N3685-PS-Str_PYes_Hom-M809_E02093N3745_S000,0.26,0.0,3.2458501512889864e-14,9.460358329954508e-07,5.629042424037618e-06,1.0940691054265722e-05,2.706980047163739e-06
28545,E02020N3739E02658N3366-PS-Mur_PNo_Hom-M837_E02182N3695_S000,0.35,0.0,8.028793028818523e-14,2.258764110164292e-06,2.0597243220525737e-05,0.00011229605371857497,1.6524617263937378e-05
28561,E01548N3896E01854N3659-PS-Str_PYes_Var-M809_E01750N3871_S000,0.53,0.0,0.0,1.890974769085389e-07,1.3194990136313362e-06,5.757863192437852e-06,9.685800378874695e-07
28563,E01548N3896E01854N3659-PS-Str_PYes_Var-M809_E01710N3774_S000,0.45,0.0,0.0,2.1405381801214335e-07,1.485196857931902e-06,6.536905757530832e-06,1.1038195867009918e-06
28566,E02020N3739E02658N3366-PS-Str_PYes_Var-M902_E02451N3450_S002,1.39,0.0,0.0,0.0,5.0023831094826484e-08,3.4333325062368437e-06,4.761420060384738e-07
28573,E02020N3739E02658N3366-PS-Str_PYes_Hom-M902_E02243N3539_S003,1.66,0.0,0.0,0.0,3.3270908132762354e-08,2.234593678331396e-06,3.100892318779898e-07
28587,E01517N3917E01678N3772-PS-Mur_PYes_Var-M809_E01643N3856_S000,0.2,0.0,0.0,8.296741299201994e-07,3.984369497285019e-06,1.1701803874367748e-05,2.4835940700772326e-06
28598,E01964N3926E02184N3685-PS-Mur_PNo_Hom-M809_E02083N3755_S000,0.25,0.0,3.34844458818834e-14,9.766704237041428e-07,5.787780267669315e-06,1.1211045610861347e-05,2.7818843366379356e-06
28610,E01964N3926E02184N3685-PS-Str_PYes_Hom-M809_E02091N3733_S000,0.31,0.0,2.6738892400310356e-14,8.193026884263288e-07,4.841004462155609e-06,9.188504112051154e-06,2.2434377250333857e-06
28621,E02020N3739E02658N3366-PS-Str_PYes_Var-M895_E02217N3548_S003,1.55,0.0,0.0,0.0,4.826228061086717e-07,1.1293110486682772e-06,2.1263132207417978e-07
28636,E02113N3823E02873N3483-PS-Mur_PNo_Var-M861_E02358N3562_S003,0.35,0.0,0.0,0.0,1.422726510629721e-05,3.009461438878417e-05,1.0926861091562155e-05
28643,E02113N3823E02873N3483-PS-Str_PNo_Hom-M880_E02350N3576_S004,0.89,0.0,0.0,0.0,0.0,4.02870725794515e-06,4.151677349829219e-07
28645,E02020N3739E02658N3366-PS-Str_PYes_Var-M888_E02328N3482_S003,1.49,0.0,0.0,0.0,1.7208391824073718e-06,3.982977800937178e-06,6.806923259752769e-07
28664,E02113N3823E02873N3483-PS-Str_PNo_Hom-M871_E02287N3633_S002,0.8,0.0,0.0,0.0,0.0,1.6860738106680052e-05,1.6499799005682899e-06
28682,E01964N3926E02184N3685-PS-Str_PYes_Hom-M809_E02078N3742_S000,0.26,0.0,3.151296395059604e-14,9.617576850709928e-07,5.5653367178364815e-06,1.0786141152600706e-05,2.6113843886764945e-06
28715,E01577N3897E01966N3571-PS-Str_PYes_Hom-M861_E01750N3709_S004,1.95,0.0,0.0,0.0,8.6453274012305e-08,1.088725576720101e-06,8.913854865711607e-07
28730,E02020N3739E02658N3366-PS-Mur_PNo_Hom-M824_E02191N3680_S000,0.24,0.0,2.358928790286657e-09,1.2549469070198803e-05,6.605484366674949e-05,0.0003265207237275,5.4385230260089135e-05
28731,E02113N3823E02873N3483-PS-Str_PYes_Hom-M809_E02138N3737_S000,0.29,7.375391243255574e-08,7.611236847927718e-07,2.479072286991548e-06,4.175260577447752e-06,5.78541024149824e-06,2.5983849315844515e-06
28764,E02020N3739E02658N3366-PS-Str_PYes_Hom-M888_E02279N3514_S003,1.5,0.0,0.0,0.0,1.7414607739109514e-06,3.956879204131626e-06,6.820259267385794e-07
28799,E02020N3739E02658N3366-PS-Str_PYes_Var-M902_E02458N3438_S002,1.12,0.0,0.0,0.0,6.476962065059481e-08,4.44038459945217e-06,6.161536963792203e-07
28817,E01548N3896E01854N3659-PS-Str_PYes_Hom-M809_E01731N3813_S000,0.35,0.0,0.0,2.761510222246347e-07,1.9217229296207043e-06,8.415929372086012e-06,1.4191966114727018e-06
28827,E01849N3766E02950N3220-PS-Str_PYes_Var-M850_E02054N3653_S000,0.51,0.0,0.0,1.4514029122873476e-06,1.3995042459931596e-05,0.00010440840154080993,1.5318084926400095e-05
28891,E02113N3823E02873N3483-PS-Mur_PNo_Hom-M809_E02138N3737_S000,0.27,7.921797256885571e-08,8.175115488084328e-07,2.662734408926347e-06,4.484584844153727e-06,6.214022479548927e-06,2.790886333275062e-06
28896,E02020N3739E02658N3366-PS-Str_PYes_Hom-M888_E02253N3527_S002,1.29,0.0,0.0,0.0,1.7348317185287865e-06,3.910347389337468e-06,6.778132624710892e-07
28899,E01517N3917E01678N3772-PS-Str_PNo_Var-M792_E01632N3846_S000,0.16,1.7186020141330213e-11,1.3287343226076012e-06,6.157123006529479e-06,1.663584529887344e-05,4.7147717985067824e-05,1.085717004304379e-05
28904,E02020N3739E02658N3366-PS-Mur_PYes_Hom-M895_E02217N3548_S001,1.54,0.0,0.0,0.0,3.5177808273316453e-07,8.231415309877706e-07,1.5498446791474363e-07
28907,E02113N3823E02873N3483-PS-Mur_PYes_Var-M850_E02422N3500_S000,0.24,0.0,0.0,1.287785285642022e-05,0.0001168786013810119,0.0002160426130655,5.3702999220712704e-05
28920,E02020N3739E02658N3366-PS-Str_PYes_Hom-M888_E02304N3498_S002,1.29,0.0,0.0,0.0,1.9350025234818864e-06,4.427288595101067e-06,7.590441018652393e-07
28955,E02020N3739E02658N3366-PS-Str_PYes_Hom-M902_E02434N3452_S001,1.46,0.0,0.0,0.0,4.739901458448312e-08,3.2845979259463296e-06,4.533106313775016e-07
28973,E01964N3926E02184N3685-PS-Str_PYes_Var-M809_E02091N3733_S000,0.26,0.0,3.188095622641999e-14,9.768599519703677e-07,5.771961270471154e-06,1.0955513526775061e-05,2.67486546704001e-06
29022,E02113N3823E02873N3483-PS-Str_PNo_Var-M880_E02363N3584_S003,0.84,0.0,0.0,0.0,0.0,4.346057467727403e-06,4.485800998148558e-07
29048,E02020N3739E02658N3366-PS-Mur_PYes_Var-M888_E02377N3471_S001,1.13,0.0,0.0,0.0,2.2347672901667087e-06,5.246410868009729e-06,8.897436233780172e-07
29094,E01964N3926E02184N3685-PS-Str_PNo_Var-M809_E02103N3738_S000,0.26,0.0,3.4213023023893037e-14,1.0173063664630028e-06,6.013913727973269e-06,1.1541113406847881e-05,2.866141003326244e-06
29096,E01517N3917E01678N3772-PS-Mur_PYes_Var-M774_E01598N3815_S000,0.21,9.668089766182997e-09,1.683538648453376e-06,6.7678287531866406e-06,1.623597887890228e-05,4.255812229597343e-05,1.0658841914190553e-05
29099,E01964N3926E02184N3685-PS-Str_PYes_Var-M809_E02026N3730_S000,0.29,0.0,0.0,8.758397183543511e-10,4.488252719517828e-06,1.3389038280656197e-05,2.2555161299673178e-06
29139,E01517N3917E01678N3772-PS-Str_PYes_Var-M774_E01598N3815_S000,0.22,9.228631140447407e-09,1.6070141644327684e-06,6.46020017349634e-06,1.5497979838952177e-05,4.062366219161101e-05,1.0174349099909167e-05
29143,E02113N3823E02873N3483-PS-Str_PNo_Var-M871_E02244N3659_S005,0.9,0.0,0.0,0.0,0.0,1.3332762910987468e-05,1.3067582570183836e-06
29179,E02020N3739E02658N3366-PS-Mur_PYes_Var-M888_E02337N3493_S003,1.44,0.0,0.0,0.0,1.6872346877794328e-06,3.919960281023309e-06,6.678698564686115e-07
29189,E01548N3896E01854N3659-PS-Str_PYes_Var-M732_E01813N3845_S000,0.27,0.0,0.0,4.541872304722313e-06,3.917266731502674e-05,0.0001475736059265,2.7692147771931405e-05
29207,E02020N3739E02658N3366-PS-Str_PYes_Hom-M888_E02384N3458_S001,1.28,0.0,0.0,0.0,2.0883364322598473e-06,4.910529400397903e-06,8.333758952719561e-07
29217,E01517N3917E01678N3772-PS-Mur_PNo_Hom-M754_E01573N3832_S000,0.17,3.6170953808431093e-06,6.6994388365335025e-06,1.9718728253025893e-05,4.8135579897801517e-05,9.999839891606136e-05,2.9298499066141674e-05
29242,E02020N3739E02658N3366-PS-Str_PYes_Hom-M888_E02175N3577_S002,1.38,0.0,0.0,0.0,1.441706445306874e-06,3.27671304289797e-06,5.639250665170012e-07
29261,E02020N3739E02658N3366-PS-Str_PYes_Var-M895_E02260N3540_S001,1.77,0.0,0.0,0.0,3.7144688186761354e-07,8.592933806053678e-07,1.6211716688915033e-07
29268,E02113N3823E02873N3483-PS-Mur_PYes_Hom-M809_E02138N3737_S000,0.27,7.921797982149242e-08,8.175116236540023e-07,2.662734652707457e-06,4.4845852547305645e-06,6.21402304846083e-06,2.7908865887888535e-06
29324,E01517N3917E01678N3772-PS-Str_PYes_Var-M754_E01562N3822_S000,0.13,4.64088223624682e-06,8.668780865137417e-06,2.579856978398173e-05,6.29019929874911e-05,0.0001297409138627,3.831342185572237e-05
29332,E01548N3896E01854N3659-PS-Str_PYes_Var-M809_E01739N3861_S000,0.48,0.0,0.0,2.087805749750479e-07,1.441105499857767e-06,6.408745745602942e-06,1.069473510130124e-06
29356,E01517N3917E01678N3772-PS-Mur_PNo_Hom-M754_E01598N3815_S000,0.16,3.815720598403321e-06,6.916955911262855e-06,2.08759664476393e-05,5.2249775995825114e-05,0.00010222135226976,3.11296552577752e-05
29358,E01964N3926E02184N3685-PS-Mur_PNo_Hom-M792_E02103N3738_S000,0.22,1.4815376848697816e-10,1.9894046265488125e-08,4.8065751896947055e-06,2.338932210110587e-05,4.456803378768139e-05,1.184578126422845e-05
29383,E02020N3739E02658N3366-PS-Str_PYes_Hom-M888_E02253N3527_S005,1.37,0.0,0.0,0.0,1.600951088860621e-06,3.608577618175031e-06,6.255049806891412e-07
29423,E01964N3926E02184N3685-PS-Str_PYes_Var-M809_E02031N3692_S000,0.29,0.0,0.0,8.327804214992099e-10,4.738190387989989e-06,1.2629357945330793e-05,2.3411043404887808e-06
29437,E01548N3896E01854N3659-PS-Mur_PYes_Var-M754_E01792N3806_S000,0.26,0.0,0.0,4.067752846937313e-06,3.3404683516635734e-05,8.971635341927953e-05,1.979801566969403e-05
29469,E02020N3739E02658N3366-PS-Mur_PYes_Var-M895_E02164N3590_S002,1.64,0.0,0.0,0.0,4.6504990772567635e-07,1.0762246472161672e-06,2.0271496643817608e-07
29474,E01517N3917E01678N3772-PS-Mur_PNo_Var-M754_E01563N3803_S000,0.17,3.5109612678767512e-06,6.524829485354101e-06,1.9480452854548054e-05,4.8172040235330115e-05,9.795903763587008e-05,2.9298499066141535e-05
29527,E01964N3926E02184N3685-PS-Mur_PYes_Hom-M792_E02078N3742_S000,0.22,1.2597588534678943e-10,1.7984082691953623e-08,4.590876564388442e-06,2.24521940912394e-05,4.1214476359507635e-05,1.1055462062791166e-05
29538,E01548N3896E01854N3659-PS-Mur_PYes_Var-M809_E01633N3827_S000,0.23,8.413247163662896e-20,9.344381979792573e-09,1.1605921240649399e-07,2.359260588490965e-06,1.0596116686251554e-05,2.1596470174584513e-06
29542,E02113N3823E02873N3483-PS-Str_PNo_Var-M861_E02377N3548_S001,0.3,0.0,0.0,0.0,1.7881563658937996e-05,3.756070359067367e-05,1.3712773985452107e-05
29590,E01964N3926E02184N3685-PS-Str_PNo_Hom-M792_E02078N3742_S000,0.2,1.4023749641550562e-10,2.002004371794065e-08,5.110605366814045e-06,2.499398579119148e-05,4.58803283249217e-05,1.2307040487427271e-05
29593,E02113N3823E02873N3483-PS-Mur_PNo_Var-M850_E02236N3646_S000,0.28,2.358953286582842e-13,2.717580456226951e-07,1.129534841176252e-05,6.642439279903706e-05,0.0001244181044901,3.2083143999754914e-05
29637,E02113N3823E02873N3483-PS-Mur_PYes_Var-M824_E02138N3737_S000,0.29,6.371369888598708e-08,8.671378155146134e-06,3.715314312736492e-05,6.9867321810691e-05,9.912920858549267e-05,4.037173541361218e-05
29640,E01517N3917E01678N3772-PS-Str_PYes_Hom-M707_E01564N3784_S000,0.11,6.616562990811572e-06,1.6279428129131652e-05,4.5596881221334376e-05,9.011936565072973e-05,0.00014145657433516497,5.5658921392222964e-05
29698,E01548N3896E01854N3659-PS-Mur_PYes_Var-M809_E01769N3786_S000,0.59,0.0,0.0,1.456018833143678e-07,1.1259252343431177e-06,5.094238091496659e-06,8.418962949414341e-07
29725,E02020N3739E02658N3366-PS-Str_PYes_Hom-M888_E02377N3471_S004,1.19,0.0,0.0,0.0,2.232890327647074e-06,5.2420044510171474e-06,8.889963350851769e-07
29734,E02113N3823E02873N3483-PS-Mur_PNo_Hom-M809_E02132N3749_S000,0.27,7.848699414562184e-08,8.098450708332716e-07,2.634797890469675e-06,4.432608755111574e-06,6.145041641342238e-06,2.7599457081294845e-06
29758,E02020N3739E02658N3366-PS-Str_PYes_Var-M895_E02321N3496_S002,1.7,0.0,0.0,0.0,4.428632704994152e-07,1.0186830393475106e-06,1.9387230502247432e-07
29770,E01964N3926E02184N3685-PS-Str_PYes_Hom-M792_E02093N3745_S000,0.2,1.579278631440365e-10,2.0760533422399402e-08,5.093798882523913e-06,2.4931536108324884e-05,4.7833308952542126e-05,1.259558840739962e-05
29777,E01964N3926E02184N3685-PS-Str_PYes_Var-M754_E02048N3750_S000,0.09,7.324072293446822e-06,1.381578768227569e-05,4.88020470079126e-05,0.00014658231023628797,0.00023588913674083998,7.657646740331461e-05
29786,E01548N3896E01854N3659-PS-Mur_PYes_Var-M809_E01778N3834_S000,0.58,0.0,0.0,1.4442695286514776e-07,1.2062247482668022e-06,5.708320511454477e-06,8.850806549396514e-07
29794,E02020N3739E02658N3366-PS-Str_PYes_Hom-M888_E02146N3630_S002,1.29,0.0,0.0,0.0,3.897780734909409e-07,4.821963844898092e-06,5.693648784538273e-07
29823,E02020N3739E02658N3366-PS-Str_PYes_Hom-M888_E02253N3503_S003,1.2,0.0,0.0,0.0,1.812393074415642e-06,4.127981558152301e-06,7.140101630382778e-07
29859,E01964N3926E02184N3685-PS-Str_PYes_Var-M809_E02088N3719_S000,0.25,0.0,0.0,7.0530993843916e-07,5.10921370746803e-06,1.0441775118357068e-05,2.7818883766176104e-06
29871,E01517N3917E01678N3772-PS-Str_PNo_Hom-M792_E01608N3844_S000,0.25,0.0,0.0,4.753208836289725e-07,1.2183585303079394e-05,2.757499499883342e-05,6.948588827548047e-06
29873,E02113N3823E02873N3483-PS-Str_PNo_Var-M871_E02358N3562_S003,0.56,0.0,0.0,0.0,8.993647205923518e-07,1.4629123910982701e-05,2.590666986444251e-06
29951,E01577N3897E01966N3571-PS-Str_PYes_Var-M754_E01863N3828_S000,0.19,0.0,0.0,1.4354664553907298e-06,1.7199036911834824e-05,0.00012266508150490495,2.7532706677971068e-05
29972,E02020N3739E02658N3366-PS-Str_PYes_Hom-M888_E02219N3560_S002,1.28,0.0,0.0,0.0,1.6578485458359193e-06,3.7755584281259134e-06,6.488571904639718e-07
29991,E02020N3739E02658N3366-PS-Str_PYes_Var-M895_E02409N3467_S003,1.45,0.0,0.0,0.0,5.236913504192038e-07,1.238357154874354e-06,2.3120330452054532e-07
30015,E02020N3739E02658N3366-PS-Str_PYes_Hom-M888_E02409N3467_S001,0.74,0.0,0.0,0.0,3.784272117789578e-06,8.880303824124643e-06,1.5124567328396816e-06
30028,E01548N3896E01854N3659-PS-Str_PYes_Hom-M754_E01599N3796_S000,0.21,5.761429687005008e-07,1.8094583033195786e-06,8.736932876003678e-06,3.768719318192742e-05,0.00010315153050722994,2.3717832577352222e-05
30049,E02020N3739E02658N3366-PS-Mur_PYes_Hom-M888_E02253N3527_S003,1.13,0.0,0.0,0.0,1.8021593478793003e-06,4.062105290031333e-06,7.041187303831105e-07
30056,E02113N3823E02873N3483-PS-Str_PNo_Hom-M809_E02176N3736_S000,0.18,1.2367045954243174e-07,1.3130880774435503e-06,4.351703570882081e-06,7.390328906337875e-06,1.0151844874388796e-05,4.5541054296067986e-06
30058,E01964N3926E02184N3685-PS-Str_PYes_Var-M774_E02029N3745_S000,0.13,0.0,0.0,5.30533756748354e-06,4.812656964894292e-05,0.00012163657540195999,2.296330673604191e-05
30116,E01964N3926E02184N3685-PS-Mur_PYes_Hom-M809_E02078N3742_S000,0.25,0.0,3.2370544274680334e-14,9.879305474062144e-07,5.7167894111979455e-06,1.107967058511514e-05,2.682449486642552e-06
30156,E01964N3926E02184N3685-PS-Str_PYes_Var-M809_E02078N3742_S000,0.24,0.0,3.413905773894419e-14,1.041904569591935e-06,6.029117154601773e-06,1.1684990855392795e-05,2.829000869717244e-06
30168,E01964N3926E02184N3685-PS-Str_PYes_Hom-M809_E02083N3755_S000,0.23,0.0,3.5968957734771416e-14,1.0491383765147632e-06,6.2172276811836565e-06,1.2042893800964542e-05,2.98829732707896e-06
30193,E01964N3926E02184N3685-PS-Mur_PYes_Var-M809_E02026N3730_S000,0.25,0.0,0.0,1.0289492725544033e-09,5.272864742267541e-06,1.5729637410107082e-05,2.6498132392594105e-06
30194,E01964N3926E02184N3685-PS-Mur_PYes_Hom-M792_E02061N3739_S000,0.2,1.3832523778761627e-10,1.9795251366012916e-08,4.959248545585071e-06,2.4204146929406796e-05,4.334061186502517e-05,1.2018460768010383e-05
30197,E01517N3917E01678N3772-PS-Str_PYes_Hom-M732_E01563N3803_S000,0.13,6.47225201114341e-06,1.4544991150116958e-05,3.828056567482154e-05,8.582473002618215e-05,0.00014809825242931998,5.22705789913233e-05
30198,E02113N3823E02873N3483-PS-Str_PNo_Hom-M837_E02438N3506_S000,0.18,1.886196517833307e-10,3.7578805785817944e-06,3.6381751119524735e-05,9.511600607229317e-05,0.00013142227154774972,4.96150265767917e-05
30214,E01517N3917E01678N3772-PS-Mur_PYes_Hom-M774_E01620N3835_S000,0.2,9.625546623894107e-09,1.7784000429283902e-06,7.262745797766603e-06,1.686954631713837e-05,4.398571297342168e-05,1.1191784009900107e-05
30267,E01964N3926E02184N3685-PS-Str_PYes_Var-M792_E02048N3750_S000,0.18,0.0,0.0,2.4482329466319624e-06,2.5768831643742727e-05,6.983587439224341e-05,1.2870961481260737e-05
30271,E02113N3823E02873N3483-PS-Mur_PNo_Var-M871_E02373N3559_S003,0.41,0.0,0.0,0.0,1.179780076847712e-06,1.9264560806783994e-05,3.4107818048083084e-06
30314,E01548N3896E01854N3659-PS-Mur_PYes_Var-M809_E01732N3794_S000,0.49,0.0,0.0,1.914103848613396e-07,1.31671368138614e-06,5.622261231576127e-06,1.0137118653376429e-06
30322,E01964N3926E02184N3685-PS-Mur_PYes_Var-M792_E02078N3742_S000,0.19,1.458668568637437e-10,2.082368072771625e-08,5.315753351153814e-06,2.5997284899155315e-05,4.772203908150319e-05,1.2801065043809282e-05
30344,E01849N3766E02950N3220-PS-Str_PYes_Var-M850_E02061N3628_S000,0.56,0.0,0.0,1.3566403236453041e-06,1.3084703684796107e-05,9.490758089346798e-05,1.4473632614123714e-05
30357,E01964N3926E02184N3685-PS-Str_PNo_Hom-M792_E02083N3755_S000,0.19,1.6413051453414488e-10,2.1620299872228406e-08,5.297298954946228e-06,2.592065784351278e-05,4.970979516601484e-05,1.3108433127731913e-05
30363,E02020N3739E02658N3366-PS-Str_PYes_Hom-M888_E02116N3637_S003,1.11,0.0,0.0,0.0,4.3919237427282146e-07,5.495721992630979e-06,6.458287883944679e-07
30365,E02020N3739E02658N3366-PS-Str_PYes_Hom-M895_E02209N3537_S005,1.44,0.0,0.0,0.0,3.959198164794614e-07,9.31525270799722e-07,1.7560701376940626e-07
30366,E01548N3896E01854N3659-PS-Str_PYes_Hom-M837_E01649N3780_S000,0.79,0.0,0.0,0.0,4.22659997740759e-06,3.221671394295303e-05,4.879655276952342e-06
30368,E01964N3926E02184N3685-PS-Str_PNo_Hom-M792_E02103N3738_S000,0.22,1.4815346014919488e-10,1.989400486197751e-08,4.806565186245221e-06,2.3389273423223406e-05,4.4567941032641244e-05,1.1845756610775528e-05
30371,E01964N3926E02184N3685-PS-Str_PNo_Var-M809_E02093N3745_S000,0.22,0.0,3.8804425073022444e-14,1.130994189096745e-06,6.7295699060441565e-06,1.3079692729923025e-05,3.236218541161486e-06
30384,E01964N3926E02184N3685-PS-Mur_PNo_Hom-M809_E02099N3756_S000,0.24,0.0,0.0,1.0069863937246156e-12,5.753322045188168e-06,1.531642330299915e-05,2.9325664894808093e-06
30393,E01548N3896E01854N3659-PS-Str_PYes_Var-M809_E01713N3879_S000,0.41,0.0,0.0,2.3177244059504054e-07,1.741195368450248e-06,6.8706805683697264e-06,1.23170178378415e-06
30395,E02020N3739E02658N3366-PS-Str_PYes_Hom-M888_E02482N3444_S001,0.86,0.0,0.0,0.0,3.408942763035847e-06,7.900865033436817e-06,1.3521894787232703e-06
30426,E01548N3896E01854N3659-PS-Mur_PYes_Var-M809_E01803N3816_S000,0.63,0.0,0.0,1.1171149407531047e-07,1.161445934561514e-06,4.665547474453065e-06,8.148355715641865e-07
30431,E02020N3739E02658N3366-PS-Str_PYes_Var-M895_E02226N3538_S003,1.43,0.0,0.0,0.0,4.3149980023031465e-07,1.013334639359383e-06,1.9072932801664294e-07
30438,E01517N3917E01678N3772-PS-Mur_PYes_Var-M732_E01575N3795_S000,0.14,5.997908768587821e-06,1.3968482939128559e-05,3.659053385757267e-05,7.924789976156199e-05,0.00013400757099682998,4.8536966206229775e-05
30444,E02020N3739E02658N3366-PS-Str_PYes_Hom-M895_E02296N3512_S003,1.34,0.0,0.0,0.0,5.289415663089244e-07,1.2212335164799751e-06,2.310942819178654e-07
30451,E01964N3926E02184N3685-PS-Mur_PYes_Hom-M809_E02091N3733_S000,0.25,0.0,3.2767774409114397e-14,1.0040328247412103e-06,5.932517314277011e-06,1.1260258106181599e-05,2.7492709935112206e-06
30461,E01548N3896E01854N3659-PS-Mur_PYes_Hom-M809_E01658N3666_S000,0.51,0.0,0.0,1.297112308205666e-07,1.3476234399908829e-06,5.197212362238117e-06,9.739584588538147e-07
30467,E02113N3823E02873N3483-PS-Mur_PNo_Hom-M809_E02119N3739_S000,0.3,7.089005118066946e-08,7.208505432438932e-07,2.335416050844559e-06,3.9225428149729484e-06,5.440412686071236e-06,2.456112890126411e-06
30485,E01964N3926E02184N3685-PS-Str_PNo_Hom-M809_E02078N3742_S000,0.29,0.0,2.894028543218911e-14,8.832410041210843e-07,5.110989667393185e-06,9.90557423152961e-06,2.398194270140399e-06
30487,E02020N3739E02658N3366-PS-Mur_PYes_Hom-M895_E02236N3526_S004,1.72,0.0,0.0,0.0,4.3711601542649695e-07,1.021913980940068e-06,1.9325023255841267e-07
30497,E02113N3823E02873N3483-PS-Str_PYes_Hom-M809_E02157N3736_S000,0.22,9.701466317613406e-08,1.0300665011281534e-06,3.3725624955178795e-06,5.739318651417167e-06,7.91198362937024e-06,3.538108519434359e-06
30517,E02020N3739E02658N3366-PS-Mur_PYes_Hom-M871_E02250N3552_S003,1.16,0.0,0.0,0.0,3.0323164132129037e-06,7.470055670843208e-06,1.227902869291203e-06
30529,E02020N3739E02658N3366-PS-Str_PYes_Var-M895_E02401N3455_S001,1.42,0.0,0.0,0.0,5.399823824637557e-07,1.2797488369574752e-06,2.3810837093280236e-07
30572,E02020N3739E02658N3366-PS-Str_PYes_Hom-M888_E02351N3465_S002,1.36,0.0,0.0,0.0,1.9352935668698483e-06,4.525680073524146e-06,7.713870299335088e-07
30578,E01548N3896E01854N3659-PS-Mur_PYes_Var-M809_E01708N3793_S000,0.4,0.0,0.0,2.407810597136247e-07,1.688702399837216e-06,7.340882722298262e-06,1.2417970350386157e-06
30632,E02020N3739E02658N3366-PS-Mur_PYes_Var-M888_E02426N3465_S004,1.29,0.0,0.0,0.0,0.0,7.847893653848936e-06,7.997361815865904e-07
30637,E01548N3896E01854N3659-PS-Mur_PYes_Var-M809_E01791N3825_S000,0.68,0.0,0.0,1.0638057011797714e-07,1.0880306186701336e-06,4.287008557379459e-06,7.549212886979584e-07
30668,E01548N3896E01854N3659-PS-Str_PYes_Hom-M809_E01791N3825_S000,0.55,0.0,0.0,1.2726487675995933e-07,1.3016294464539375e-06,5.128620904350559e-06,9.031251163917189e-07
30692,E01517N3917E01678N3772-PS-Mur_PYes_Hom-M707_E01575N3795_S000,0.1,6.882098585407798e-06,1.738651476631035e-05,5.0112748455253365e-05,0.00010001296541039173,0.000148277536371355,6.122481353144492e-05
30699,E01964N3926E02184N3685-PS-Mur_PYes_Hom-M809_E02093N3745_S000,0.24,0.0,3.474620828636748e-14,1.0127133591356135e-06,6.025782811961865e-06,1.1711801606656133e-05,2.897770635173667e-06
30700,E01964N3926E02184N3685-PS-Mur_PYes_Hom-M809_E02099N3756_S000,0.2,0.0,0.0,1.1800469756673133e-12,6.7420874023458216e-06,1.794870229566111e-05,3.436557076064637e-06
30728,E02113N3823E02873N3483-PS-Str_PYes_Var-M824_E02226N3659_S000,0.16,1.4401077909960856e-07,1.8939185994529555e-05,8.108673571655848e-05,0.000151204140144,0.0002131691022120349,8.746972987626512e-05
30732,E01964N3926E02184N3685-PS-Str_PNo_Hom-M809_E02083N3755_S000,0.28,0.0,2.989646178311949e-14,8.720165207443973e-07,5.167597880874239e-06,1.0009739980056477e-05,2.4837949849530817e-06
30737,E02113N3823E02873N3483-PS-Mur_PNo_Hom-M809_E02157N3736_S000,0.21,1.0160948769982917e-07,1.0788526811288773e-06,3.532294358256667e-06,6.011145210676096e-06,8.286712306676496e-06,3.7056810003394007e-06
30740,E01964N3926E02184N3685-PS-Str_PNo_Var-M824_E02091N3733_S000,0.25,0.0,0.0,6.866479674671812e-06,6.110582743788037e-05,0.00020321782708680996,4.5216096986331654e-05
30743,E02020N3739E02658N3366-PS-Mur_PYes_Hom-M888_E02188N3566_S005,1.13,0.0,0.0,0.0,1.8384522758682463e-06,4.166591652088729e-06,7.195855287328666e-07
30750,E02020N3739E02658N3366-PS-Str_PYes_Var-M871_E02146N3630_S004,1.28,0.0,0.0,0.0,2.2824423198787974e-06,5.4606484886978615e-06,8.983977496951912e-07
30762,E01964N3926E02184N3685-PS-Str_PYes_Var-M754_E02029N3745_S000,0.09,0.0,0.0,3.1379290549602416e-05,0.0001648279803648,0.00034540645982928997,7.564615066137247e-05
30772,E02020N3739E02658N3366-PS-Str_PYes_Hom-M871_E02170N3650_S003,0.93,0.0,0.0,0.0,3.2407739628872176e-06,8.034008557227914e-06,1.2786900901592288e-06
30784,E02020N3739E02658N3366-PS-Str_PYes_Hom-M895_E02311N3485_S005,1.3,0.0,0.0,0.0,5.779617387744216e-07,1.338062270140529e-06,2.5352500216771495e-07
30792,E02020N3739E02658N3366-PS-Mur_PYes_Var-M888_E02245N3515_S003,1.09,0.0,0.0,0.0,1.8816110479014356e-06,4.25611488322808e-06,7.378987111957876e-07
30797,E02113N3823E02873N3483-PS-Mur_PNo_Var-M871_E02321N3597_S001,0.5,0.0,0.0,0.0,8.912139194901158e-07,1.432430475413176e-05,2.5351787441545766e-06
30823,E02020N3739E02658N3366-PS-Mur_PYes_Var-M888_E02434N3452_S004,1.03,0.0,0.0,0.0,2.4861519876412705e-06,5.815929100514443e-06,9.930596341342526e-07
30838,E01964N3926E02184N3685-PS-Str_PYes_Hom-M809_E02103N3738_S000,0.29,0.0,2.999426098114516e-14,8.918636810363838e-07,5.2723460814599585e-06,1.0117994171290827e-05,2.512720995233075e-06
30860,E01964N3926E02184N3685-PS-Mur_PNo_Var-M809_E02103N3738_S000,0.22,0.0,3.998100438782641e-14,1.1888142790807074e-06,7.0278008166128185e-06,1.3486832351451256e-05,3.3493443695428403e-06
30955,E02020N3739E02658N3366-PS-Mur_PYes_Hom-M895_E02209N3537_S003,1.22,0.0,0.0,0.0,4.3587232015910656e-07,1.0255260387841126e-06,1.9332762176063987e-07
30962,E02020N3739E02658N3366-PS-Str_PYes_Var-M871_E02195N3484_S002,0.78,0.0,0.0,0.0,4.879270419464463e-06,1.1812999267994481e-05,1.960497720950862e-06
30981,E02020N3739E02658N3366-PS-Str_PYes_Var-M895_E02311N3485_S001,1.5,0.0,0.0,0.0,5.052562019702217e-07,1.1697387824399293e-06,2.2163245610579698e-07
30986,E02113N3823E02873N3483-PS-Str_PYes_Var-M850_E02438N3506_S000,0.21,0.0,0.0,1.953206419861468e-05,0.00015084891399076402,0.000238505677233,6.416620477992229e-05
31008,E01548N3896E01854N3659-PS-Str_PYes_Var-M809_E01692N3840_S000,0.32,0.0,0.0,2.912574175824607e-07,2.196046656171312e-06,8.543394742933518e-06,1.5522462937982687e-06
31009,E02020N3739E02658N3366-PS-Str_PYes_Var-M871_E02097N3634_S005,1.3,0.0,0.0,0.0,2.114483446096542e-06,4.928724069796589e-06,8.243648059268386e-07
31013,E01964N3926E02184N3685-PS-Str_PYes_Var-M809_E02023N3703_S000,0.27,0.0,0.0,9.150985109475915e-10,4.985448198672788e-06,1.3893730083509733e-05,2.4534411939561523e-06
31025,E01964N3926E02184N3685-PS-Str_PYes_Var-M809_E02074N3729_S000,0.25,0.0,0.0,1.1268582514974019e-09,5.48936218606239e-06,1.7529631748071344e-05,2.7492540167659805e-06
31044,E02113N3823E02873N3483-PS-Mur_PNo_Hom-M824_E02244N3659_S000,0.21,1.0844673134493336e-07,1.4729120938825746e-05,6.232798837593648e-05,0.0001172512500415,0.0001660626287251,6.792052151676651e-05
31076,E01964N3926E02184N3685-PS-Str_PYes_Var-M754_E02074N3729_S000,0.1,6.88923306864822e-06,1.3480417817454266e-05,4.6092798133616494e-05,0.00013805404038388797,0.00022164512741865497,7.306544874361252e-05
31084,E02020N3739E02658N3366-PS-Mur_PYes_Var-M888_E02279N3514_S001,1.03,0.0,0.0,0.0,2.124261942015269e-06,4.826665078198474e-06,8.319462266065042e-07
31107,E01964N3926E02184N3685-PS-Str_PYes_Hom-M792_E02048N3750_S000,0.18,0.0,0.0,2.417370240734009e-06,2.5443986790458323e-05,6.89555153334948e-05,1.2708708661582547e-05
31112,E01548N3896E01854N3659-PS-Str_PYes_Hom-M824_E01718N3822_S000,0.37,0.0,0.0,0.0,4.514362973244158e-05,8.481955247813863e-05,2.1819088023694283e-05
31116,E02020N3739E02658N3366-PS-Str_PYes_Var-M888_E02393N3468_S003,1.0,0.0,0.0,0.0,2.709186054122772e-06,6.4152416132395274e-06,1.0841536664386273e-06
31133,E01548N3896E01854N3659-PS-Str_PYes_Var-M792_E01789N3844_S000,0.48,0.0,0.0,9.886333777422706e-07,8.222142344739278e-06,1.627866533927224e-05,3.8010479430624116e-06
31134,E02020N3739E02658N3366-PS-Str_PYes_Hom-M880_E02223N3573_S002,1.43,0.0,0.0,0.0,6.746091583510716e-07,1.4504020195215368e-06,2.5323940134886244e-07
31146,E02113N3823E02873N3483-PS-Mur_PYes_Hom-M824_E02356N3540_S000,0.18,1.6671092530696141e-07,1.9987188999260588e-05,8.789758130608156e-05,0.00016237071226195198,0.0002241109397158,9.568291928928753e-05
31153,E01964N3926E02184N3685-PS-Mur_PYes_Var-M809_E02093N3745_S000,0.2,0.0,4.169544183687566e-14,1.2152557946828676e-06,7.230937968456745e-06,1.4054159195463964e-05,3.477324086118898e-06
31177,E01517N3917E01678N3772-PS-Mur_PYes_Hom-M707_E01564N3784_S000,0.11,6.616562990811572e-06,1.6279428129131652e-05,4.5596881221334376e-05,9.011936565072973e-05,0.00014145657433516497,5.5658921392222964e-05
31204,E01548N3896E01854N3659-PS-Mur_PYes_Hom-M774_E01588N3786_S000,0.34,0.0,0.0,2.018317419179722e-06,1.341858357540275e-05,2.676992547355925e-05,6.583402358764758e-06
31237,E01517N3917E01678N3772-PS-Mur_PYes_Hom-M732_E01550N3812_S000,0.15,5.603486530451993e-06,1.258251974463892e-05,3.311495351724454e-05,7.431056985888093e-05,0.00012820013648655497,4.530116845914743e-05
31253,E01517N3917E01678N3772-PS-Str_PYes_Hom-M774_E01620N3835_S000,0.19,1.013215434094117e-08,1.8720000451877797e-06,7.644995576596424e-06,1.7757417175935127e-05,4.6300750498338606e-05,1.178082527357908e-05
31307,E01964N3926E02184N3685-PS-Mur_PYes_Var-M792_E02009N3723_S000,0.21,0.0,0.0,2.1581167750961316e-06,2.2905494043247544e-05,5.729439606335963e-05,1.1032205547085023e-05
31317,E01964N3926E02184N3685-PS-Mur_PNo_Hom-M809_E02093N3745_S000,0.24,0.0,3.516372338241248e-14,1.0248822586000036e-06,6.0981894259079875e-06,1.1852532184575953e-05,2.932590635534264e-06
31332,E01517N3917E01678N3772-PS-Str_PYes_Hom-M754_E01573N3832_S000,0.17,3.6170953808431093e-06,6.6994388365335025e-06,1.9718728253025893e-05,4.8135579897801517e-05,9.999839891606136e-05,2.9298499066141674e-05
31340,E01548N3896E01854N3659-PS-Mur_PYes_Hom-M809_E01694N3821_S000,0.3,0.0,0.0,3.024863389311609e-07,2.3975690201537657e-06,9.110229808008934e-06,1.6557293800514843e-06
31345,E02020N3739E02658N3366-PS-Str_PYes_Var-M895_E02328N3482_S002,1.36,0.0,0.0,0.0,5.327228714624112e-07,1.2427843277596223e-06,2.3396090622012273e-07
31353,E02020N3739E02658N3366-PS-Str_PYes_Hom-M895_E02328N3482_S005,1.38,0.0,0.0,0.0,5.390748674335289e-07,1.257602841222779e-06,2.3675057194186946e-07
31375,E02113N3823E02873N3483-PS-Str_PNo_Hom-M824_E02243N3633_S000,0.21,1.1917933176824097e-07,1.4817183361230603e-05,6.403773122025483e-05,0.00012023666818609199,0.00016667449835,6.98427209179847e-05
31404,E02020N3739E02658N3366-PS-Str_PYes_Hom-M888_E02156N3574_S002,1.36,0.0,0.0,0.0,4.083897275098928e-07,4.885194346875194e-06,5.850991486646161e-07
31411,E01517N3917E01678N3772-PS-Str_PYes_Var-M732_E01564N3784_S000,0.14,0.0,4.460198061494786e-06,3.646028770492453e-05,8.615644330797223e-05,0.000153140338618355,4.853696620622825e-05
31418,E01964N3926E02184N3685-PS-Str_PYes_Var-M809_E02103N3738_S000,0.24,0.0,3.6242820630729624e-14,1.077661337920046e-06,6.370708498322467e-06,1.2225827071498022e-05,3.0361840347574306e-06
31437,E02020N3739E02658N3366-PS-Str_PYes_Var-M895_E02393N3468_S004,1.32,0.0,0.0,0.0,5.819743241893992e-07,1.3701334600558555e-06,2.5614796931165547e-07
31438,E01548N3896E01854N3659-PS-Mur_PYes_Var-M792_E01674N3762_S000,0.25,0.0,0.0,2.199996633696635e-06,1.479648229849074e-05,2.7321107940433943e-05,6.948588827548167e-06
31441,E01964N3926E02184N3685-PS-Mur_PYes_Hom-M792_E02040N3720_S000,0.23,0.0,0.0,1.973373888348061e-06,2.1142074280311616e-05,5.237292908736686e-05,1.0072901788033483e-05
31451,E02020N3739E02658N3366-PS-Mur_PYes_Hom-M837_E02154N3709_S000,0.45,0.0,5.719173519313794e-14,1.6582660312850367e-06,1.5412375458630753e-05,8.463872795403432e-05,1.2422722144708704e-05
31462,E02113N3823E02873N3483-PS-Str_PYes_Hom-M824_E02305N3578_S000,0.24,1.1511772980243565e-07,1.4378595901099644e-05,6.128747517284428e-05,0.00011507281216716398,0.0001595162568211,6.727851890461662e-05
31472,E01964N3926E02184N3685-PS-Str_PNo_Hom-M792_E02065N3777_S000,0.19,0.0,0.0,7.793582638580067e-09,2.3426519305604424e-05,6.837049933889038e-05,1.265097288385666e-05
31482,E02020N3739E02658N3366-PS-Mur_PYes_Var-M888_E02260N3491_S004,1.16,0.0,0.0,0.0,1.8458406987481717e-06,4.219415069529991e-06,7.310549332347986e-07
31486,E02020N3739E02658N3366-PS-Mur_PYes_Hom-M888_E02260N3491_S001,1.02,0.0,0.0,0.0,2.1212331911086865e-06,4.848935933973728e-06,8.401255806923589e-07
31492,E02113N3823E02873N3483-PS-Str_PNo_Hom-M809_E02138N3737_S000,0.29,7.375391243255574e-08,7.611236847927718e-07,2.479072286991548e-06,4.175260577447752e-06,5.78541024149824e-06,2.5983849315844515e-06
31500,E01964N3926E02184N3685-PS-Str_PYes_Hom-M792_E02091N3733_S000,0.22,1.2958318794190906e-10,1.8718808711681075e-08,4.614356154332092e-06,2.2577405178764476e-05,4.2280655839871304e-05,1.1188210070799945e-05
31541,E01964N3926E02184N3685-PS-Str_PYes_Hom-M792_E02078N3742_S000,0.21,1.3197449404840556e-10,1.884043289445122e-08,4.809480879264869e-06,2.3521302885159184e-05,4.317699097761979e-05,1.1581891313498055e-05
31561,E01964N3926E02184N3685-PS-Str_PYes_Hom-M792_E02103N3738_S000,0.21,1.5520837302849486e-10,2.084133657451588e-08,5.035448795196965e-06,2.450304617037894e-05,4.669021978926582e-05,1.2409839155957222e-05
31638,E02113N3823E02873N3483-PS-Str_PYes_Hom-M809_E02132N3749_S000,0.26,8.150515724992296e-08,8.409871032119628e-07,2.7361172219955035e-06,4.603061660667598e-06,6.381344969787742e-06,2.866077512472711e-06
31673,E02020N3739E02658N3366-PS-Str_PYes_Var-M850_E02299N3449_S000,0.58,0.0,0.0,4.69073298608762e-06,5.347340506653654e-05,8.443128400236219e-05,2.054004242867919e-05
31723,E01964N3926E02184N3685-PS-Mur_PNo_Hom-M809_E02091N3733_S000,0.25,0.0,3.31573635273983e-14,1.0159701708067467e-06,6.003051374992171e-06,1.139413579871162e-05,2.781958171130079e-06
31727,E01964N3926E02184N3685-PS-Str_PYes_Hom-M792_E02083N3755_S000,0.19,1.6220602883978941e-10,2.1366794557084073e-08,5.235186336299696e-06,2.561672937932859e-05,4.9126931035369376e-05,1.2954732323823858e-05
31762,E02113N3823E02873N3483-PS-Str_PYes_Hom-M809_E02219N3719_S000,0.17,1.3977285243335477e-07,1.4840574439488016e-06,4.941268889665822e-06,8.36592445907931e-06,1.1527208697343068e-05,5.162259228141783e-06
31765,E02020N3739E02658N3366-PS-Mur_PYes_Hom-M888_E02229N3514_S003,1.12,0.0,0.0,0.0,1.804642130925955e-06,4.11595585418116e-06,7.104372007998195e-07
31787,E01964N3926E02184N3685-PS-Mur_PYes_Var-M754_E02053N3767_S000,0.07,9.594021711768114e-06,1.9029277191470152e-05,6.375200471189866e-05,0.000193230119931708,0.000311181573089315,0.00010081937572383316
31816,E01964N3926E02184N3685-PS-Mur_PYes_Hom-M792_E02083N3755_S000,0.17,1.7913821305044963e-10,2.3597207964154263e-08,5.781671199146012e-06,2.8290780299802296e-05,5.425513898143079e-05,1.4307036647379147e-05
31859,E01964N3926E02184N3685-PS-Mur_PNo_Hom-M707_E02015N3756_S000,0.04,1.1551606579908688e-05,2.898241604158377e-05,0.0001843582114173,0.000400763551163328,0.0005045652733532749,0.00021179311223527405
31881,E01517N3917E01678N3772-PS-Str_PYes_Var-M809_E01630N3865_S000,0.19,0.0,0.0,0.0,3.945113430448279e-06,1.4894775771825266e-05,2.6143095474497136e-06
31917,E01548N3896E01854N3659-PS-Mur_PYes_Var-M809_E01734N3775_S000,0.59,0.0,0.0,1.5359552856192526e-07,1.0688936925525541e-06,4.749993910123075e-06,8.418962949414325e-07
31923,E01548N3896E01854N3659-PS-Str_PYes_Hom-M809_E01769N3786_S000,0.54,0.0,0.0,1.5908353917680925e-07,1.2301775708563694e-06,5.565926803672274e-06,9.198496555841584e-07
31964,E01964N3926E02184N3685-PS-Str_PYes_Hom-M774_E02024N3715_S000,0.16,0.0,0.0,4.190216070211723e-06,3.89752783260729e-05,8.89776427095863e-05,1.8422484698085312e-05
31973,E01964N3926E02184N3685-PS-Str_PYes_Var-M732_E01981N3745_S000,0.08,0.0,0.0,4.6643464457361426e-05,0.00024540782734865584,0.0004272786236258049,0.0001132818497190216
31976,E01517N3917E01678N3772-PS-Mur_PYes_Hom-M792_E01630N3865_S000,0.11,2.4349632902185757e-11,1.9626233566247555e-06,8.958376698755015e-06,2.4026033976974168e-05,6.912515426076921e-05,1.579224733533602e-05
31985,E02020N3739E02658N3366-PS-Str_PYes_Hom-M888_E02242N3492_S002,1.28,0.0,0.0,0.0,5.448359669159092e-07,6.537693204374036e-06,7.650966922943804e-07
31986,E02020N3739E02658N3366-PS-Str_PYes_Var-M861_E02287N3501_S003,0.66,0.0,0.0,4.2976713837137716e-07,7.557202434553995e-06,2.8370572150428084e-05,5.267433259891482e-06
32037,E01964N3926E02184N3685-PS-Mur_PYes_Hom-M809_E02074N3729_S000,0.29,0.0,0.0,9.596377862862464e-10,4.6747666526436115e-06,1.492831683379751e-05,2.341277649679579e-06
32076,E02113N3823E02873N3483-PS-Str_PNo_Hom-M792_E02119N3739_S000,0.21,2.487476403019604e-06,3.803985204764812e-06,1.1014626416591724e-05,1.685661269325154e-05,2.850874414053884e-05,1.254878395617413e-05
32089,E01964N3926E02184N3685-PS-Mur_PNo_Hom-M809_E02078N3742_S000,0.26,0.0,3.228009949805462e-14,9.851702244124562e-07,5.70081644092829e-06,1.1048713480327099e-05,2.674954600471638e-06
32105,E02020N3739E02658N3366-PS-Str_PYes_Var-M880_E02301N3474_S003,1.77,0.0,0.0,0.0,6.421292663305468e-07,1.3839408784140168e-06,2.4183403768861134e-07
32115,E01964N3926E02184N3685-PS-Str_PNo_Hom-M792_E02066N3753_S000,0.21,1.401104910772639e-10,1.9543765341585098e-08,4.750968555559719e-06,2.2850105479274535e-05,4.2852499606519515e-05,1.158187895126005e-05
32127,E01964N3926E02184N3685-PS-Mur_PYes_Var-M809_E02091N3733_S000,0.22,0.0,3.723603432647536e-14,1.1409441562980457e-06,6.741483739444435e-06,1.2795722777257807e-05,3.124165462354131e-06
32135,E01517N3917E01678N3772-PS-Mur_PNo_Hom-M792_E01643N3856_S000,0.16,1.7881722679848216e-11,1.378937120060052e-06,5.994565866494028e-06,1.653793174947477e-05,4.674839772416432e-05,1.0857170043043844e-05
32142,E01517N3917E01678N3772-PS-Str_PYes_Var-M774_E01609N3825_S000,0.19,1.0759918637773485e-08,1.8487917917073472e-06,7.48665443383572e-06,1.8037265710203504e-05,4.704111218277653e-05,1.1780825273579025e-05
32145,E02020N3739E02658N3366-PS-Mur_PYes_Hom-M888_E02359N3451_S003,1.07,0.0,0.0,0.0,2.3730621373406753e-06,5.559583335298939e-06,9.478871469813503e-07
32171,E01548N3896E01854N3659-PS-Mur_PYes_Var-M809_E01713N3879_S000,0.39,0.0,0.0,2.4768710638560227e-07,1.8607546322428583e-06,7.342456180338885e-06,1.3162766460595686e-06
32190,E01577N3897E01966N3571-PS-Mur_PYes_Var-M809_E01786N3720_S000,0.74,0.0,0.0,1.4873661236724028e-08,2.556218422075168e-07,1.9387943221244727e-06,6.712416405614174e-07
32194,E02020N3739E02658N3366-PS-Str_PYes_Hom-M895_E02202N3553_S004,1.91,0.0,0.0,0.0,3.498517261188986e-08,8.080666186062206e-07,1.3386686937148365e-07
32216,E01964N3926E02184N3685-PS-Str_PYes_Hom-M824_E02083N3755_S000,0.28,0.0,0.0,3.621439733304702e-11,7.622750681168618e-05,0.0002343427254361199,3.796835649523993e-05
32227,E02020N3739E02658N3366-PS-Mur_PYes_Var-M837_E02204N3672_S000,0.25,0.0,1.1341953753139906e-13,3.2796651739760165e-06,3.0763473259763894e-05,0.00016894094301966,2.467536442378751e-05
32238,E01964N3926E02184N3685-PS-Str_PYes_Var-M792_E02026N3730_S000,0.22,0.0,0.0,1.9950218613120753e-06,2.145660104981175e-05,5.374321643034788e-05,1.053070845099448e-05
32248,E01517N3917E01678N3772-PS-Str_PNo_Var-M774_E01609N3825_S000,0.19,1.0759918637773485e-08,1.8487917917073472e-06,7.48665443383572e-06,1.8037265710203504e-05,4.704111218277653e-05,1.1780825273579025e-05
32249,E01964N3926E02184N3685-PS-Mur_PYes_Var-M754_E02048N3750_S000,0.09,7.3240715877018145e-06,1.3815786350991293e-05,4.880204230536467e-05,0.000146582296111708,0.00023588911401066997,7.657646002443297e-05
32257,E02020N3739E02658N3366-PS-Mur_PYes_Hom-M880_E02194N3581_S002,1.1,0.0,0.0,0.0,7.889942253974827e-07,1.71912806553963e-06,2.993472097343334e-07
32266,E02020N3739E02658N3366-PS-Str_PYes_Hom-M895_E02408N3442_S004,1.0,0.0,0.0,0.0,8.026551622769167e-07,1.907996767112262e-06,3.5517293199549973e-07
32295,E02113N3823E02873N3483-PS-Str_PYes_Var-M837_E02200N3695_S000,0.2,1.141101773094101e-10,2.446499078579962e-06,2.333596506421314e-05,5.9157053763422496e-05,8.420445636714627e-05,3.148666466966103e-05
32297,E02020N3739E02658N3366-PS-Str_PYes_Var-M861_E02253N3503_S003,0.9,0.0,0.0,3.025709685573243e-07,5.41774536251929e-06,2.076259120188043e-05,3.7344179698072424e-06
32311,E02020N3739E02658N3366-PS-Str_PYes_Var-M871_E02194N3513_S001,0.79,0.0,0.0,0.0,4.754007299305809e-06,1.1473306089935482e-05,1.918980834133503e-06
32314,E02020N3739E02658N3366-PS-Str_PYes_Hom-M880_E02159N3618_S001,1.34,0.0,0.0,0.0,6.644902460524311e-07,1.425716102645322e-06,2.4840412488494075e-07
32342,E01849N3766E02950N3220-PS-Str_PYes_Hom-M861_E02067N3642_S004,1.29,0.0,0.0,0.0,1.2849887531656067e-06,1.7151982314989695e-05,1.7969388728817726e-06
32349,E02113N3823E02873N3483-PS-Str_PYes_Var-M837_E02259N3628_S000,0.22,1.2279418436229292e-10,2.37463126215603e-06,2.351340177045068e-05,6.073020244235377e-05,8.467331917466495e-05,3.1834298941474426e-05
32377,E02113N3823E02873N3483-PS-Str_PNo_Hom-M824_E02291N3588_S000,0.2,1.3336752627375137e-07,1.6693550557791178e-05,7.122277285434671e-05,0.000133727237736312,0.0001853753983845,7.805206022143764e-05
32401,E02113N3823E02873N3483-PS-Mur_PNo_Hom-M837_E02407N3507_S000,0.23,1.4377280257323638e-10,2.642371543119285e-06,2.693480595570335e-05,6.88656465239959e-05,9.889506877370262e-05,3.6038348786390364e-05
32441,E02020N3739E02658N3366-PS-Mur_PYes_Hom-M861_E02256N3567_S002,0.96,0.0,0.0,2.7038142160312376e-07,4.7861192932241345e-06,1.724549606120393e-05,3.3198461155524955e-06
32442,E02020N3739E02658N3366-PS-Mur_PYes_Var-M895_E02226N3538_S002,1.43,0.0,0.0,0.0,3.776248717346176e-07,8.868146937914818e-07,1.669158085122439e-07
32473,E02113N3823E02873N3483-PS-Mur_PYes_Hom-M837_E02236N3646_S000,0.26,9.653967519510326e-11,1.9306714945371385e-06,1.8588260500859208e-05,4.896677859511028e-05,6.77241246174563e-05,2.545402990260286e-05
32568,E02113N3823E02873N3483-PS-Str_PYes_Hom-M824_E02362N3528_S000,0.2,1.5176382538500129e-07,1.842403176841468e-05,8.032720285364011e-05,0.000148603448672736,0.0002053886057663,8.747174460994398e-05
32593,E01964N3926E02184N3685-PS-Mur_PYes_Var-M809_E02074N3729_S000,0.23,0.0,0.0,1.2099757965341532e-09,5.894259881151178e-06,1.882262485910537e-05,2.952040165114596e-06
32615,E01964N3926E02184N3685-PS-Str_PYes_Hom-M792_E02090N3766_S000,0.19,1.6314305820083709e-10,2.1404721737749093e-08,5.342463860724116e-06,2.59348590238076e-05,5.086804743012711e-05,1.3258483078053839e-05
32690,E01517N3917E01678N3772-PS-Str_PNo_Hom-M792_E01643N3856_S000,0.14,2.0436254491255104e-11,1.5759281372114882e-06,6.850932418850318e-06,1.890049342797117e-05,5.342674025618779e-05,1.2408194334907269e-05
32737,E02113N3823E02873N3483-PS-Str_PYes_Hom-M809_E02176N3736_S000,0.17,1.309451924566924e-07,1.3903285525872885e-06,4.607686133875145e-06,7.825054136122455e-06,1.0749012219941078e-05,4.821993984289549e-06
32748,E01964N3926E02184N3685-PS-Mur_PYes_Hom-M837_E02071N3714_S000,0.31,0.0,0.0,0.0,1.65992054052811e-05,0.00011313236218698486,1.5753371659744464e-05
32750,E01964N3926E02184N3685-PS-Mur_PNo_Var-M809_E02083N3755_S000,0.18,0.0,4.65061026842764e-14,1.356484595077486e-06,8.038571233692999e-06,1.5570872524395428e-05,3.863722250976874e-06
32785,E02020N3739E02658N3366-PS-Str_PYes_Var-M888_E02375N3448_S001,0.78,0.0,0.0,0.0,3.896093670755895e-06,9.169470912020732e-06,1.5581783038653089e-06
32797,E02020N3739E02658N3366-PS-Str_PYes_Hom-M871_E02175N3577_S004,0.96,0.0,0.0,0.0,3.2925549319124096e-06,7.993836238063832e-06,1.3206218241960046e-06
32801,E02113N3823E02873N3483-PS-Str_PNo_Hom-M792_E02165N3722_S000,0.12,4.773773558523451e-06,7.107351000930461e-06,2.0772370191715312e-05,3.2608451272963995e-05,5.49957220956159e-05,2.389003871066562e-05
32845,E01964N3926E02184N3685-PS-Mur_PNo_Hom-M792_E02105N3765_S000,0.16,1.97589122176554e-10,2.5281657153890667e-08,6.366320418054797e-06,3.13422550243667e-05,6.146362734596289e-05,1.5927014020261194e-05
32861,E01577N3897E01966N3571-PS-Str_PYes_Var-M680_E01789N3892_S000,0.09,0.0,0.0,1.3505868584485643e-06,1.4974071567158085e-05,7.909847792086118e-05,1.4308893579710813e-05
32866,E01964N3926E02184N3685-PS-Str_PYes_Hom-M809_E02057N3724_S000,0.28,0.0,0.0,9.312325777953949e-10,4.540424816209468e-06,1.4387526215703042e-05,2.3361003565498955e-06
32874,E02113N3823E02873N3483-PS-Str_PYes_Hom-M809_E02192N3708_S000,0.17,1.3926136733001722e-07,1.4621239704162551e-06,4.724585781473335e-06,8.094461510082004e-06,1.1032532901367892e-05,4.968207046796194e-06
32888,E02113N3823E02873N3483-PS-Str_PNo_Hom-M809_E02132N3749_S000,0.26,8.150515724992296e-08,8.409871032119628e-07,2.7361172219955035e-06,4.603061660667598e-06,6.381344969787742e-06,2.866077512472711e-06
32890,E01964N3926E02184N3685-PS-Mur_PYes_Var-M809_E02009N3708_S000,0.26,0.0,0.0,9.679610648593153e-10,5.096835535836214e-06,1.4749025260315858e-05,2.5478273802617884e-06
32908,E02020N3739E02658N3366-PS-Mur_PYes_Hom-M895_E02311N3485_S004,1.07,0.0,0.0,0.0,7.081761023084466e-07,1.6395267360145327e-06,3.1064400258327064e-07
32918,E01849N3766E02950N3220-PS-Mur_PYes_Var-M861_E02079N3631_S005,0.75,0.0,0.0,1.6227242802887266e-07,3.698293729570044e-06,1.796196058053221e-05,3.2064125449285744e-06
32982,E01964N3926E02184N3685-PS-Str_PYes_Hom-M792_E02040N3720_S000,0.23,0.0,0.0,1.9733684711280546e-06,2.11420162420106e-05,5.237278531548415e-05,1.0072874136342418e-05
33019,E01964N3926E02184N3685-PS-Str_PYes_Var-M754_E02033N3761_S000,0.09,7.247345756476509e-06,1.4267994442348776e-05,4.939152293029149e-05,0.00014827331080977598,0.000237999564721415,7.748470837728866e-05
33028,E01548N3896E01854N3659-PS-Str_PYes_Var-M774_E01623N3797_S000,0.21,1.4370311765758973e-09,5.195251686031835e-07,3.7708541471617464e-06,1.864791343515355e-05,5.082401749910815e-05,1.0658841914190047e-05
33058,E02113N3823E02873N3483-PS-Str_PYes_Hom-M809_E02200N3695_S000,0.15,1.6402356209825128e-07,1.6329272903565051e-06,5.333199220842964e-06,9.117905201176612e-06,1.2500178585142724e-05,5.630707854671287e-06
33093,E01964N3926E02184N3685-PS-Str_PYes_Hom-M754_E02074N3729_S000,0.11,6.262936259654865e-06,1.2254919626459639e-05,4.190252439762818e-05,0.00012550361508994397,0.0002014954772837,6.642310453202838e-05
33111,E02020N3739E02658N3366-PS-Str_PYes_Var-M861_E02178N3622_S001,0.65,0.0,0.0,3.341962524826261e-07,6.013402710039496e-06,2.1004099466952403e-05,4.145197136820897e-06
33118,E01964N3926E02184N3685-PS-Str_PYes_Var-M792_E02009N3723_S000,0.23,0.0,0.0,1.9456179800626386e-06,2.0650106410842832e-05,5.165290795385114e-05,9.945920313417561e-06
33127,E02020N3739E02658N3366-PS-Str_PYes_Var-M850_E02041N3679_S000,0.48,0.0,0.0,3.4281878269480846e-06,3.989344352826922e-05,6.272338090577903e-05,1.627557785000543e-05
33201,E01548N3896E01854N3659-PS-Mur_PYes_Hom-M809_E01700N3744_S000,0.42,0.0,0.0,2.178291745308685e-07,1.5159050064149548e-06,6.650173380893e-06,1.1826638428939188e-06
33231,E02113N3823E02873N3483-PS-Mur_PNo_Hom-M809_E02165N3722_S000,0.18,1.2163008363255496e-07,1.286854080304997e-06,4.143153482750231e-06,7.071449203811792e-06,9.717701503632444e-06,4.369777676973941e-06
33254,E02113N3823E02873N3483-PS-Str_PYes_Var-M837_E02407N3507_S000,0.18,1.950981831997298e-10,3.5856704340074144e-06,3.655024881439712e-05,9.344995911074661e-05,0.00013419956973658497,4.890366083085076e-05
33255,E02020N3739E02658N3366-PS-Str_PYes_Var-M880_E02133N3599_S005,1.33,0.0,0.0,0.0,6.435286838018454e-07,1.4120732787933984e-06,2.448032073077555e-07
33296,E01964N3926E02184N3685-PS-Mur_PYes_Hom-M809_E02088N3719_S000,0.27,0.0,0.0,6.454101010216573e-07,4.675303657815425e-06,9.55498677488945e-06,2.5456310202534087e-06
33303,E02020N3739E02658N3366-PS-Str_PYes_Hom-M895_E02159N3618_S004,1.34,0.0,0.0,0.0,4.6861048830919794e-08,1.0827505750266201e-06,1.8024173844912967e-07
33343,E02020N3739E02658N3366-PS-Str_PYes_Hom-M895_E02188N3566_S003,1.38,0.0,0.0,0.0,4.742019771385738e-08,1.0926472916136894e-06,1.811673356707238e-07
33356,E02020N3739E02658N3366-PS-Str_PYes_Hom-M871_E02199N3626_S001,1.13,0.0,0.0,0.0,9.853135272478528e-07,8.756586127026253e-06,1.1101692844549602e-06
33365,E02113N3823E02873N3483-PS-Str_PNo_Hom-M809_E02192N3708_S000,0.17,1.3926136733001722e-07,1.4621239704162551e-06,4.724585781473335e-06,8.094461510082004e-06,1.1032532901367892e-05,4.968207046796194e-06
33389,E01964N3926E02184N3685-PS-Str_PYes_Var-M809_E02009N3723_S000,0.29,0.0,0.0,9.020152953800252e-10,4.47837727700988e-06,1.3774853843804702e-05,2.2843094446844537e-06
33398,E02020N3739E02658N3366-PS-Str_PYes_Var-M861_E02260N3491_S002,0.75,0.0,0.0,3.684517106537138e-07,6.597386247016178e-06,2.531860317084067e-05,4.558350650214073e-06
33404,E01964N3926E02184N3685-PS-Str_PNo_Hom-M809_E02091N3733_S000,0.27,0.0,3.0701087110570775e-14,9.40707746256894e-07,5.5583491443937324e-06,1.0550065460327218e-05,2.5758724778963296e-06
33434,E01964N3926E02184N3685-PS-Mur_PYes_Var-M824_E02043N3735_S000,0.26,0.0,0.0,4.075195530129807e-11,8.281593549425368e-05,0.00025252195953248,4.1410883122329034e-05
33467,E02020N3739E02658N3366-PS-Mur_PYes_Hom-M871_E02219N3560_S005,0.79,0.0,0.0,0.0,4.016728989509701e-06,9.844804878946879e-06,1.621098590566262e-06
33502,E02020N3739E02658N3366-PS-Str_PYes_Hom-M792_E02127N3724_S000,0.22,9.87608631256255e-09,1.2944986113656095e-06,5.584400345265891e-06,2.043026053419492e-05,4.607470575934341e-05,1.2108201433005518e-05
33514,E02113N3823E02873N3483-PS-Mur_PYes_Hom-M809_E02202N3721_S000,0.16,1.4097044344875913e-07,1.4967730309192004e-06,5.008340614802194e-06,8.456948973727885e-06,1.1730622521317924e-05,5.226471877139959e-06
33526,E01517N3917E01678N3772-PS-Str_PNo_Hom-M754_E01585N3824_S000,0.14,4.386583958243055e-06,8.130623737736377e-06,2.396442014011333e-05,5.852052083770796e-05,0.00012153344925984499,3.55767488660283e-05
33590,E01548N3896E01854N3659-PS-Mur_PYes_Hom-M809_E01789N3844_S000,0.47,0.0,0.0,1.6702180666265686e-07,1.627716203189887e-06,6.7173334931078725e-06,1.145104453127212e-06
33621,E02113N3823E02873N3483-PS-Mur_PYes_Var-M837_E02226N3659_S000,0.22,0.0,0.0,2.0693521473391012e-05,5.937335695593474e-05,8.412535348091485e-05,2.8917511726878314e-05
33658,E01964N3926E02184N3685-PS-Str_PYes_Hom-M754_E02057N3724_S000,0.1,6.9187247630561274e-06,1.2280666742015039e-05,4.4735752680225206e-05,0.000139022424421464,0.00022369433124040983,7.057334689769888e-05
33663,E01964N3926E02184N3685-PS-Str_PYes_Var-M774_E02065N3777_S000,0.1,1.4864697449109118e-07,2.134404724587811e-06,1.5072985440946913e-05,6.551282876514792e-05,0.00011886624640815499,3.171585950001906e-05
33689,E02113N3823E02873N3483-PS-Mur_PNo_Hom-M809_E02184N3722_S000,0.15,1.5027895269409843e-07,1.5956074053854357e-06,5.2180458386581695e-06,8.879902995292561e-06,1.222959558515115e-05,5.46498220322631e-06
33714,E01964N3926E02184N3685-PS-Mur_PYes_Var-M809_E02024N3715_S000,0.25,0.0,0.0,1.030885981781236e-09,5.261815892644971e-06,1.5751458754983256e-05,2.6498129743427115e-06
33717,E01964N3926E02184N3685-PS-Str_PYes_Var-M774_E01995N3752_S000,0.16,0.0,0.0,0.0,3.4663669111983414e-05,0.00011267708936163497,1.865768858833111e-05
33749,E02020N3739E02658N3366-PS-Str_PYes_Var-M895_E02159N3618_S005,1.59,0.0,0.0,0.0,4.135295843723771e-08,9.554830855050715e-07,1.5905596022051373e-07
33768,E01964N3926E02184N3685-PS-Str_PYes_Var-M792_E02024N3715_S000,0.22,0.0,0.0,1.9700190518227447e-06,2.0909090822761288e-05,5.3652530213295924e-05,1.0397983999754646e-05
33780,E01964N3926E02184N3685-PS-Str_PYes_Hom-M792_E02117N3755_S000,0.18,1.853795933978196e-10,2.3423445167249385e-08,5.932820673579087e-06,2.899918899370489e-05,5.729390697028375e-05,1.4798648430154355e-05
33803,E02113N3823E02873N3483-PS-Mur_PNo_Hom-M792_E02195N3735_S000,0.12,4.890418444013324e-06,7.589751368572902e-06,2.160680277315465e-05,3.424453154610043e-05,5.8225158510202e-05,2.509507545077889e-05
33834,E01964N3926E02184N3685-PS-Str_PNo_Hom-M774_E02083N3755_S000,0.14,1.1009609253582711e-07,1.578527436114627e-06,1.1134004135274441e-05,4.7961823220620494e-05,8.819882171966506e-05,2.3454077704490018e-05
33841,E01964N3926E02184N3685-PS-Str_PYes_Hom-M792_E02105N3765_S000,0.18,1.7759948779995206e-10,2.272397038766622e-08,5.722254509570732e-06,2.8171431592520666e-05,5.52454943608501e-05,1.4315714858298832e-05
33859,E01964N3926E02184N3685-PS-Str_PYes_Hom-M809_E02088N3719_S000,0.29,0.0,0.0,6.080278114346227e-07,4.404509080898952e-06,9.001559919539972e-06,2.3981875330346387e-06
33880,E01964N3926E02184N3685-PS-Str_PYes_Var-M809_E02093N3745_S000,0.21,0.0,3.970992538350902e-14,1.157385910851633e-06,6.8866042552941976e-06,1.3384907040036542e-05,3.311735621708601e-06
33889,E01964N3926E02184N3685-PS-Str_PYes_Hom-M774_E02099N3777_S000,0.14,1.1121924490799957e-07,1.5585433402633132e-06,1.1043523154619849e-05,4.861477322709813e-05,9.214863673484019e-05,2.398523728653658e-05
33920,E02020N3739E02658N3366-PS-Str_PYes_Hom-M871_E02250N3552_S002,0.99,0.0,0.0,0.0,3.748779231567948e-06,9.2350486365775e-06,1.5180265340134088e-06
34013,E02020N3739E02658N3366-PS-Str_PYes_Hom-M850_E02450N3491_S000,0.24,0.0,0.0,0.0,2.702525010536089e-05,0.00038518800030857485,5.654580641213511e-05
34066,E02113N3823E02873N3483-PS-Mur_PYes_Hom-M809_E02165N3722_S000,0.18,1.2163006272306965e-07,1.2868538590813022e-06,4.143152770498751e-06,7.071447988155606e-06,9.717699833057767e-06,4.369776925763391e-06
34099,E01964N3926E02184N3685-PS-Str_PNo_Hom-M809_E02099N3756_S000,0.25,0.0,0.0,9.66703234850437e-13,5.5231680059231564e-06,1.4703710045755661e-05,2.8152530455842124e-06
34117,E02020N3739E02658N3366-PS-Mur_PYes_Var-M895_E02270N3502_S002,1.56,0.0,0.0,0.0,0.0,1.3664133776549647e-06,1.6936728538253642e-07
34133,E01517N3917E01678N3772-PS-Mur_PYes_Var-M774_E01609N3825_S000,0.18,1.1357691895427567e-08,1.9515024468021995e-06,7.902579680159927e-06,1.903933602743703e-05,4.965450730404189e-05,1.2435315566555614e-05
34144,E01964N3926E02184N3685-PS-Mur_PYes_Var-M809_E02023N3703_S000,0.25,0.0,0.0,9.88302875829097e-10,5.384264899462273e-06,1.5005175107658231e-05,2.6497070628533707e-06
34196,E01517N3917E01678N3772-PS-Mur_PNo_Hom-M732_E01550N3812_S000,0.15,5.603486530451993e-06,1.258251974463892e-05,3.311495351724454e-05,7.431056985888093e-05,0.00012820013648655497,4.530116845914743e-05
34239,E02113N3823E02873N3483-PS-Str_PNo_Hom-M809_E02195N3735_S000,0.18,1.2358326478545546e-07,1.312162275144241e-06,4.412360771282018e-06,7.41387583615848e-06,1.0322248862727304e-05,4.5993568201801605e-06
34243,E02113N3823E02873N3483-PS-Mur_PYes_Hom-M809_E02209N3683_S000,0.14,1.7681325547450122e-07,1.7496040805190655e-06,5.6625146713945056e-06,9.52663506593217e-06,1.3259064432772295e-05,5.9733826111488686e-06
34311,E02020N3739E02658N3366-PS-Mur_PYes_Var-M871_E02184N3552_S001,0.85,0.0,0.0,0.0,4.2303870488788e-06,1.0352158275721161e-05,1.7067027870378882e-06
34376,E02020N3739E02658N3366-PS-Str_PYes_Hom-M895_E02189N3538_S004,1.64,0.0,0.0,0.0,3.9456750166394044e-08,9.102443079341194e-07,1.5071233627768052e-07
34405,E02020N3739E02658N3366-PS-Mur_PYes_Hom-M871_E02156N3574_S005,0.99,0.0,0.0,0.0,3.1144199582558107e-06,7.622133410276493e-06,1.2540610097249646e-06
34406,E02113N3823E02873N3483-PS-Str_PNo_Hom-M809_E02148N3750_S000,0.22,0.0,0.0,1.2995720981101986e-06,8.454136394616193e-06,1.2583963964746236e-05,3.5380895412635125e-06
34431,E02020N3739E02658N3366-PS-Str_PYes_Hom-M871_E02311N3485_S001,1.02,0.0,0.0,0.0,3.898773466540701e-06,9.498354677967534e-06,1.5632131557998578e-06
34454,E01548N3896E01854N3659-PS-Str_PYes_Hom-M774_E01634N3808_S000,0.2,1.5193780292617315e-09,5.502356021912451e-07,4.027022810129915e-06,1.9729735873291627e-05,5.3738225690392325e-05,1.1191784009899545e-05
34464,E02020N3739E02658N3366-PS-Str_PYes_Var-M895_E02441N3439_S005,1.56,0.0,0.0,0.0,5.673368640711987e-08,1.3396788164221831e-06,2.1857477349985797e-07
34477,E02113N3823E02873N3483-PS-Str_PYes_Var-M837_E02165N3722_S000,0.36,0.0,0.0,7.515643162383079e-06,3.562749036689027e-05,5.47424892071284e-05,1.606464150190954e-05
34480,E01964N3926E02184N3685-PS-Mur_PYes_Hom-M707_E02015N3756_S000,0.04,1.1551606579908688e-05,2.898241604158377e-05,0.0001843582114173,0.000400763551163328,0.0005045652733532749,0.00021179311223527405
34491,E02113N3823E02873N3483-PS-Str_PNo_Var-M861_E02218N3671_S002,0.5,0.0,0.0,0.0,1.0264867152396981e-10,2.2039302346255434e-05,5.389571996610284e-06
34492,E01517N3917E01678N3772-PS-Str_PYes_Hom-M732_E01562N3822_S000,0.12,6.948283769809032e-06,1.5379739185953206e-05,4.137570090423427e-05,9.316937298219286e-05,0.0001598230631266249,5.662646057393389e-05
34497,E02113N3823E02873N3483-PS-Mur_PNo_Hom-M809_E02176N3736_S000,0.17,1.2827855692519597e-07,1.3620151838470848e-06,4.513852833606113e-06,7.665700692106796e-06,1.0530113783301915e-05,4.723796408266123e-06
34498,E01517N3917E01678N3772-PS-Mur_PNo_Hom-M732_E01574N3813_S000,0.1,8.340266169568087e-06,1.857151191874378e-05,4.952016170222896e-05,0.00011214897660235999,0.0001929870162405249,6.795175268871953e-05
34511,E02020N3739E02658N3366-PS-Str_PYes_Hom-M895_E02219N3560_S001,1.72,0.0,0.0,0.0,3.873017591462284e-08,8.936903546403508e-07,1.4868930195149495e-07
34522,E02020N3739E02658N3366-PS-Str_PYes_Var-M861_E02109N3687_S003,0.9,0.0,0.0,2.0899729974185028e-07,3.944258739889667e-06,1.309703960076495e-05,2.671744305384108e-06
34565,E02020N3739E02658N3366-PS-Mur_PYes_Hom-M895_E02277N3489_S005,1.35,0.0,0.0,0.0,0.0,1.98005661681835e-06,2.4621995819898715e-07
34594,E02113N3823E02873N3483-PS-Mur_PNo_Hom-M809_E02219N3719_S000,0.17,1.384749893362955e-07,1.470277204389509e-06,4.895386656936815e-06,8.288242531300083e-06,1.1420172613297234e-05,5.1143249860266825e-06
34631,E01548N3896E01854N3659-PS-Str_PYes_Hom-M809_E01737N3880_S000,0.47,0.0,0.0,2.1679986780730988e-07,1.5080857416140407e-06,6.601879620947084e-06,1.1099952165619697e-06
34645,E02020N3739E02658N3366-PS-Mur_PYes_Hom-M895_E02277N3489_S004,1.26,0.0,0.0,0.0,0.0,1.7046890935397623e-06,2.119780180973156e-07
34745,E02113N3823E02873N3483-PS-Str_PNo_Hom-M809_E02226N3707_S000,0.15,1.5878274168779463e-07,1.6858975521353714e-06,5.467712805600796e-06,9.304778229456766e-06,1.2872631746615612e-05,5.740591714752875e-06
34771,E01964N3926E02184N3685-PS-Str_PYes_Hom-M809_E02061N3739_S000,0.25,0.0,0.0,1.0884181565791198e-09,5.282146401234557e-06,1.6833783842402857e-05,2.64983210353615e-06
34791,E02113N3823E02873N3483-PS-Str_PYes_Hom-M809_E02210N3708_S000,0.17,1.398877766037751e-07,1.4852776671010995e-06,4.879871336293821e-06,8.287871219912448e-06,1.1447316518897296e-05,5.114329336374472e-06
34824,E01964N3926E02184N3685-PS-Str_PNo_Hom-M792_E02074N3729_S000,0.2,1.4170239963168992e-10,2.0224086151068575e-08,5.134847519076422e-06,2.4796516400082202e-05,4.4620724670411037e-05,1.2307159482011001e-05
34835,E02020N3739E02658N3366-PS-Str_PYes_Var-M880_E02159N3618_S002,1.25,0.0,0.0,0.0,7.045606649874181e-07,1.5116903390690229e-06,2.633835130828124e-07
34844,E01964N3926E02184N3685-PS-Mur_PYes_Hom-M774_E02073N3766_S000,0.13,1.1503462096700885e-07,1.6517688255933327e-06,1.1610569385412207e-05,5.009805053756077e-05,9.079436040931593e-05,2.4396768224098422e-05
34874,E02113N3823E02873N3483-PS-Str_PYes_Hom-M809_E02195N3735_S000,0.17,1.3085276217187638e-07,1.3893471613525868e-06,4.6719076051552405e-06,7.849979794957169e-06,1.0929431083231437e-05,4.869903260602823e-06
34879,E02020N3739E02658N3366-PS-Mur_PYes_Var-M871_E02361N3475_S002,0.83,0.0,0.0,0.0,4.803876938912681e-06,1.1710026462846505e-05,1.9210603324613587e-06
34902,E01964N3926E02184N3685-PS-Str_PYes_Var-M809_E02043N3735_S000,0.24,0.0,0.0,1.1406785738878745e-09,5.491863486946572e-06,1.759311382216635e-05,2.76022998894311e-06
34909,E02113N3823E02873N3483-PS-Mur_PYes_Hom-M809_E02226N3659_S000,0.16,1.66171308441626e-07,1.595553443279475e-06,5.18917954687533e-06,8.620539926509422e-06,1.2146686855970189e-05,5.4339955647735905e-06
34912,E02020N3739E02658N3366-PS-Mur_PYes_Var-M871_E02175N3577_S002,0.83,0.0,0.0,0.0,3.572429817980337e-06,8.673331053682385e-06,1.432877774431888e-06
34973,E01517N3917E01678N3772-PS-Mur_PNo_Hom-M792_E01630N3865_S000,0.13,2.0603535532618718e-11,1.6606813017594087e-06,7.58016489894655e-06,2.032972105743968e-05,5.84905151437278e-05,1.3362670822207875e-05
34986,E02113N3823E02873N3483-PS-Str_PNo_Hom-M809_E02227N3683_S000,0.17,1.4901357275170325e-07,1.5378447026409446e-06,5.015838036069383e-06,8.416487979186564e-06,1.1693775487309677e-05,5.260488506513059e-06
35001,E02020N3739E02658N3366-PS-Mur_PYes_Hom-M871_E02237N3564_S004,0.84,0.0,0.0,0.0,3.84523636005731e-06,9.347084963954557e-06,1.5402884758269402e-06
35017,E01964N3926E02184N3685-PS-Str_PNo_Hom-M754_E02033N3761_S000,0.09,7.247338739789833e-06,1.4267980628457476e-05,4.939147511073762e-05,0.00014827316725550798,0.00023799933429663,7.748463335866223e-05
35022,E01548N3896E01854N3659-PS-Str_PNo_Hom-M732_E01600N3777_S000,0.13,1.9123293223385334e-06,5.0909412236268204e-06,2.3384463186744244e-05,8.514608508608862e-05,0.0002420984862095,5.227057899132242e-05
35024,E02020N3739E02658N3366-PS-Mur_PYes_Hom-M895_E02375N3448_S001,1.1,0.0,0.0,0.0,6.3868696753654e-07,1.5111580218298504e-06,2.815701082637638e-07
35056,E01964N3926E02184N3685-PS-Str_PYes_Hom-M792_E02088N3719_S000,0.21,1.3382019704131014e-10,1.918660604765428e-08,4.845687145276426e-06,2.3701832313416473e-05,4.273839634125482e-05,1.1720975223360789e-05
35066,E01964N3926E02184N3685-PS-Str_PYes_Var-M792_E02078N3742_S000,0.19,1.4586661666588383e-10,2.0823646437517268e-08,5.315744597742613e-06,2.5997242089621125e-05,4.772196049797911e-05,1.2801043964391418e-05
35120,E01964N3926E02184N3685-PS-Mur_PYes_Var-M824_E02091N3733_S000,0.23,0.0,0.0,7.108966385137418e-06,6.326375286513342e-05,0.00021039437529394496,4.681288356952977e-05
35125,E02113N3823E02873N3483-PS-Str_PNo_Hom-M809_E02157N3736_S000,0.22,9.701478080333457e-08,1.0300677500510985e-06,3.3725665846428824e-06,5.739325610158904e-06,7.911993222399318e-06,3.5381128092786707e-06
35130,E02020N3739E02658N3366-PS-Str_PYes_Var-M895_E02206N3569_S005,1.43,0.0,0.0,0.0,4.4652907325410844e-08,1.031366180000463e-06,1.708593802951896e-07
35216,E01964N3926E02184N3685-PS-Str_PYes_Var-M774_E02057N3724_S000,0.14,0.0,0.0,7.786366646711325e-06,4.818295442502507e-05,9.238163633942805e-05,2.2122934730836257e-05
35231,E01964N3926E02184N3685-PS-Str_PYes_Var-M809_E02053N3710_S000,0.23,0.0,0.0,1.19529508507848e-09,5.756074724380832e-06,1.8423515263417247e-05,2.9520052988133043e-06
35244,E02113N3823E02873N3483-PS-Str_PNo_Hom-M809_E02209N3683_S000,0.15,1.6667004453069396e-07,1.649234890385523e-06,5.3376743157875635e-06,8.980122482364266e-06,1.2498434314299436e-05,5.630708756123949e-06
35259,E02020N3739E02658N3366-PS-Str_PYes_Var-M895_E02188N3566_S001,1.51,0.0,0.0,0.0,4.4818388065801314e-08,1.0326968822459936e-06,1.7122720584028726e-07
35269,E02113N3823E02873N3483-PS-Str_PYes_Var-M850_E02407N3507_S000,0.28,0.0,0.0,0.0,0.0001262689190959359,0.0002182115554368,4.6031088259169796e-05
35332,E01964N3926E02184N3685-PS-Str_PYes_Var-M707_E01991N3732_S000,0.04,0.0,0.0,6.687795859117522e-05,0.000484812930432588,0.0007925087718636248,0.0002092199685273519
35337,E02113N3823E02873N3483-PS-Mur_PYes_Hom-M809_E02132N3749_S000,0.24,8.730758994798561e-08,9.008578062567164e-07,2.930904111197586e-06,4.930758169603312e-06,6.83563922501843e-06,3.0701164031966454e-06
35399,E02113N3823E02873N3483-PS-Mur_PNo_Hom-M837_E02405N3521_S000,0.23,0.0,0.0,1.6459919567637188e-05,8.057400077317347e-05,0.0001272258494114,3.6038344223792444e-05
35425,E01517N3917E01678N3772-PS-Str_PNo_Var-M754_E01598N3815_S000,0.1,6.105152957445313e-06,1.106712945802057e-05,3.3401546316222886e-05,8.35996415933202e-05,0.000163554163631615,4.980744841243827e-05
35459,E01964N3926E02184N3685-PS-Mur_PNo_Var-M792_E02093N3745_S000,0.15,2.1057099644784606e-10,2.768077856886096e-08,6.791748365642898e-06,3.324212901251849e-05,6.377790042247406e-05,1.679415873166082e-05
35516,E02020N3739E02658N3366-PS-Str_PYes_Var-M871_E02321N3496_S004,0.88,0.0,0.0,0.0,4.561947683947072e-06,1.1156249638449487e-05,1.8265290726791277e-06
35548,E02113N3823E02873N3483-PS-Str_PNo_Hom-M824_E02373N3537_S000,0.2,0.0,0.0,4.9518219606185405e-05,0.0001836346668795,0.000270957178331,8.813417975902304e-05
35570,E01964N3926E02184N3685-PS-Mur_PYes_Var-M774_E02057N3724_S000,0.12,0.0,0.0,9.084097959013175e-06,5.621346872182841e-05,0.00010777861770427499,2.5810100571187993e-05
35602,E01849N3766E02950N3220-PS-Str_PYes_Var-M792_E01996N3697_S000,0.29,0.0,0.0,1.1402904304696327e-06,6.999844906024331e-06,6.478769999843635e-05,7.988793007655002e-06
35641,E02020N3739E02658N3366-PS-Str_PNo_Hom-M809_E02106N3725_S000,0.31,0.0,0.0,7.579930250111908e-07,4.333870638999539e-06,1.1087184234245322e-05,2.4302358229340247e-06
35659,E02113N3823E02873N3483-PS-Str_PYes_Hom-M809_E02218N3671_S000,0.17,1.556612659983821e-07,1.5060673045631378e-06,4.9055192398865435e-06,8.28073842945237e-06,1.1672896073434382e-05,5.162277846981005e-06
35748,E01964N3926E02184N3685-PS-Mur_PYes_Var-M792_E02061N3739_S000,0.18,1.5369473889001614e-10,2.199472806714357e-08,5.510277245824678e-06,2.6893501879118446e-05,4.8156244879594444e-05,1.3353847924956339e-05
35813,E01964N3926E02184N3685-PS-Mur_PNo_Hom-M774_E02081N3777_S000,0.13,1.1686491076123734e-07,1.6324078015145129e-06,1.1585685421725567e-05,5.051344035121815e-05,9.519140077619297e-05,2.496878154837561e-05
35907,E02113N3823E02873N3483-PS-Str_PNo_Hom-M809_E02243N3708_S000,0.16,1.5196817739088663e-07,1.6135429804425876e-06,5.404072397918401e-06,9.116713336383217e-06,1.26385026322232e-05,5.640204637773797e-06
35908,E01964N3926E02184N3685-PS-Mur_PYes_Hom-M809_E02083N3755_S000,0.2,0.0,4.035933473559349e-14,1.1771963823345278e-06,6.976103532455706e-06,1.3512851433792611e-05,3.353049398939607e-06
35914,E02020N3739E02658N3366-PS-Str_PYes_Var-M871_E02305N3524_S003,0.97,0.0,0.0,0.0,4.046542120619971e-06,9.874539977497456e-06,1.6166155323958142e-06
35926,E02020N3739E02658N3366-PS-Str_PYes_Hom-M880_E02515N3431_S002,0.78,0.0,0.0,0.0,1.7878153910713787e-06,3.874053392575715e-06,6.753695733686193e-07
35960,E02113N3823E02873N3483-PS-Str_PYes_Hom-M824_E02235N3695_S000,0.21,0.0,0.0,7.88227813372485e-06,0.0001595684597861,0.0002395809427227049,6.728953201425237e-05
35997,E02113N3823E02873N3483-PS-Mur_PNo_Hom-M809_E02235N3695_S000,0.16,1.532432272894042e-07,1.6270809977353477e-06,5.254044904337626e-06,8.937864389798417e-06,1.2383835598591137e-05,5.537084949625138e-06
36004,E02113N3823E02873N3483-PS-Str_PYes_Hom-M809_E02226N3659_S000,0.18,1.4909196984549213e-07,1.4315600453724565e-06,4.655827818779921e-06,7.734507784937481e-06,1.0898231995862968e-05,4.875481275808584e-06
36046,E02020N3739E02658N3366-PS-Mur_PYes_Var-M837_E02146N3723_S000,0.35,0.0,7.468649914371896e-14,2.121043106731738e-06,1.966490435805006e-05,0.0001078197698835,1.5791207301089108e-05
36092,E02020N3739E02658N3366-PS-Mur_PYes_Hom-M871_E02112N3663_S001,0.83,0.0,0.0,0.0,3.4128905728506147e-06,7.977804325670124e-06,1.3227090354305648e-06
36111,E01964N3926E02184N3685-PS-Str_PYes_Var-M809_E02048N3695_S000,0.26,0.0,0.0,9.461005297307415e-10,5.188460969400512e-06,1.4715454325305157e-05,2.611291880104209e-06
36133,E02113N3823E02873N3483-PS-Str_PNo_Var-M850_E02306N3593_S000,0.23,0.0,0.0,0.0,0.0001252301007129,0.0002487733485917,4.62716704850279e-05
36141,E01964N3926E02184N3685-PS-Str_PYes_Hom-M754_E02061N3739_S000,0.1,6.79669833153437e-06,1.327401420991372e-05,4.5473689313282625e-05,0.00013659619618793596,0.00021752442100323493,7.222808260040659e-05
36155,E01517N3917E01678N3772-PS-Str_PYes_Var-M774_E01597N3834_S000,0.17,0.0,0.0,1.847509240036343e-06,2.376719189043589e-05,5.841623695096573e-05,1.316680471752885e-05
36198,E01964N3926E02184N3685-PS-Str_PYes_Var-M732_E02029N3787_S000,0.04,1.669758412427219e-05,3.996728404266539e-05,0.0001996944470596,0.000454087231533308,0.0006140498609080746,0.00023785120377191785
36236,E02020N3739E02658N3366-PS-Str_PYes_Var-M895_E02482N3444_S004,1.3,0.0,0.0,0.0,6.950386361630818e-08,1.6228009538820661e-06,2.666468821249989e-07
36241,E01548N3896E01854N3659-PS-Str_PYes_Hom-M792_E01720N3803_S000,0.38,0.0,0.0,1.4372930125134178e-06,9.837599303457908e-06,1.7652103571274705e-05,4.5714400181238016e-06
36243,E01964N3926E02184N3685-PS-Str_PYes_Var-M809_E02083N3755_S000,0.2,0.0,4.136439057888341e-14,1.2065117342974934e-06,7.149827248781155e-06,1.3849357731084583e-05,3.4365493355297894e-06
36330,E01548N3896E01854N3659-PS-Str_PYes_Var-M792_E01782N3777_S000,0.43,0.0,0.0,1.0252569124717052e-06,8.690881058727479e-06,1.8157301319610992e-05,4.039877225318698e-06
36348,E01964N3926E02184N3685-PS-Mur_PYes_Hom-M792_E02103N3738_S000,0.19,1.6962343780576826e-10,2.2776987408968274e-08,5.503118928895753e-06,2.6778780339190102e-05,5.102660016356326e-05,1.3562409934312192e-05
36394,E01964N3926E02184N3685-PS-Str_PNo_Hom-M774_E02081N3777_S000,0.13,1.1686486733302277e-07,1.6324071948948205e-06,1.1585681116364539e-05,5.0513421579899105e-05,9.519136540207984e-05,2.4968772269717233e-05
36420,E01964N3926E02184N3685-PS-Mur_PNo_Hom-M792_E02078N3742_S000,0.19,1.4586725275612e-10,2.0823737244574312e-08,5.315767778462877e-06,2.59973554575201e-05,4.772216860229948e-05,1.2801099786753408e-05
36436,E01964N3926E02184N3685-PS-Str_PNo_Hom-M754_E02086N3789_S000,0.09,8.202581493675909e-06,1.4954152378036112e-05,5.131033312250249e-05,0.000162796983389496,0.00026893381234618496,8.302239733960002e-05
36463,E01517N3917E01678N3772-PS-Mur_PNo_Hom-M732_E01562N3822_S000,0.12,6.948283769809032e-06,1.5379739185953206e-05,4.137570090423427e-05,9.316937298219286e-05,0.0001598230631266249,5.662646057393389e-05
36472,E02113N3823E02873N3483-PS-Mur_PYes_Hom-M809_E02243N3708_S000,0.16,1.5059565710335367e-07,1.5989700579170544e-06,5.355264817747445e-06,9.034374558458527e-06,1.2524356357887442e-05,5.589264398678425e-06
36497,E01964N3926E02184N3685-PS-Mur_PNo_Hom-M774_E02093N3745_S000,0.14,1.114159938287185e-07,1.5974518171330924e-06,1.1249795476814094e-05,4.8536819762461645e-05,8.916470683639221e-05,2.371650230065905e-05
36530,E01548N3896E01854N3659-PS-Str_PYes_Var-M774_E01639N3751_S000,0.23,0.0,0.0,3.3100325444730145e-06,2.2336673776681852e-05,4.0605287912021205e-05,9.731986095565223e-06
36533,E01964N3926E02184N3685-PS-Mur_PNo_Hom-M792_E02083N3755_S000,0.19,1.6220621518433474e-10,2.1366819103555294e-08,5.235192350554682e-06,2.5616758808184134e-05,4.912698747307206e-05,1.2954747206400774e-05
36558,E02113N3823E02873N3483-PS-Str_PYes_Hom-M809_E02235N3695_S000,0.17,1.4691514797010595e-07,1.5598917470603582e-06,5.037082540062869e-06,8.568781097804306e-06,1.1872453168638539e-05,5.308434630921346e-06
36568,E01964N3926E02184N3685-PS-Mur_PYes_Var-M824_E02066N3753_S000,0.24,0.0,0.0,4.3203410106727277e-11,8.874681453982523e-05,0.00027593886781115994,4.486203653922523e-05
36605,E02113N3823E02873N3483-PS-Mur_PYes_Hom-M809_E02173N3709_S000,0.16,1.3978445062443303e-07,1.4611788006172988e-06,4.734342334836039e-06,8.063775079173746e-06,1.105516189221122e-05,4.968178507784266e-06
36608,E02113N3823E02873N3483-PS-Str_PNo_Hom-M809_E02173N3709_S000,0.17,1.3291178265077917e-07,1.38933821533099e-06,4.501572790043379e-06,7.667310032555045e-06,1.0511621772113785e-05,4.7239121307636726e-06
36638,E01964N3926E02184N3685-PS-Str_PNo_Var-M754_E02074N3729_S000,0.1,7.045255650032306e-06,1.3785712988202198e-05,4.7136675917451374e-05,0.00014118059272097197,0.00022666479282795,7.472018444632099e-05
36654,E02113N3823E02873N3483-PS-Mur_PNo_Hom-M809_E02243N3708_S000,0.17,1.4173711046948108e-07,1.5049132232335481e-06,5.040250002332185e-06,8.502942046569747e-06,1.1787631295627242e-05,5.260484935332025e-06
36662,E02020N3739E02658N3366-PS-Str_PNo_Hom-M792_E02106N3725_S000,0.2,1.0886837726816831e-08,1.4007090637512553e-06,6.112127702572894e-06,2.252159167385664e-05,5.026176505319422e-05,1.3319029827755416e-05
36675,E01548N3896E01854N3659-PS-Mur_PYes_Hom-M792_E01633N3827_S000,0.22,1.7705162159642129e-12,2.4292411254896777e-07,2.0829336250545746e-06,1.278870971958453e-05,3.984324068580642e-05,7.896123667668127e-06
36685,E01964N3926E02184N3685-PS-Mur_PYes_Var-M792_E02093N3745_S000,0.15,2.1057070038819632e-10,2.7680739650103178e-08,6.79173881654698e-06,3.324208227458573e-05,6.377781075170658e-05,1.67941351193266e-05
36689,E01964N3926E02184N3685-PS-Mur_PYes_Var-M809_E02083N3755_S000,0.18,0.0,4.5402150720586526e-14,1.3242846525749473e-06,7.847753341276985e-06,1.520125446767784e-05,3.772006034826166e-06
36696,E01964N3926E02184N3685-PS-Mur_PYes_Var-M809_E02078N3742_S000,0.22,0.0,3.7242741494895416e-14,1.1366272275112528e-06,6.577242211788636e-06,1.2747308292026387e-05,3.0861937926167363e-06
36779,E01964N3926E02184N3685-PS-Mur_PYes_Var-M809_E02043N3735_S000,0.21,0.0,0.0,1.303635702361354e-09,6.276430081154498e-06,2.0106462783912622e-05,3.1545559307300787e-06
36820,E01964N3926E02184N3685-PS-Mur_PYes_Hom-M792_E02057N3724_S000,0.2,0.0,0.0,2.2110434217765407e-06,2.442269238896335e-05,6.39604999755604e-05,1.1726418672939446e-05
36839,E02113N3823E02873N3483-PS-Str_PNo_Hom-M809_E02200N3695_S000,0.15,1.6402356209825128e-07,1.6329272903565051e-06,5.333199220842964e-06,9.117905201176612e-06,1.2500178585142724e-05,5.630707854671287e-06
36852,E02020N3739E02658N3366-PS-Mur_PYes_Hom-M880_E02226N3538_S002,1.08,0.0,0.0,0.0,8.525666378511638e-07,1.8167754059362661e-06,3.184308451644079e-07
36869,E01548N3896E01854N3659-PS-Mur_PYes_Hom-M809_E01754N3833_S000,0.5,0.0,0.0,1.9204795582667805e-07,1.3451099934501332e-06,5.990632564140924e-06,1.0433946260316801e-06
36969,E01964N3926E02184N3685-PS-Str_PYes_Var-M774_E02078N3742_S000,0.14,1.1198085143411692e-07,1.4689221964722834e-06,1.0988630944894276e-05,4.601169797193747e-05,8.138502953890123e-05,2.2916534009078834e-05
37062,E01964N3926E02184N3685-PS-Mur_PYes_Hom-M809_E02053N3710_S000,0.25,0.0,0.0,1.0729503542194824e-09,5.166910239602236e-06,1.653777169723215e-05,2.6498520495560863e-06
37063,E02020N3739E02658N3366-PS-Mur_PYes_Hom-M871_E02210N3611_S004,0.76,0.0,0.0,0.0,4.10954434730656e-06,9.892117896326856e-06,1.6166304660162451e-06
37088,E02020N3739E02658N3366-PS-Str_PYes_Var-M888_E02217N3548_S003,1.18,0.0,0.0,0.0,1.7437450248643427e-06,3.932929190055667e-06,6.816945121364477e-07
37123,E01964N3926E02184N3685-PS-Mur_PYes_Hom-M824_E02009N3708_S000,0.28,0.0,0.0,3.735840762903853e-11,6.943301940736349e-05,0.00021037849144043487,3.65249391999096e-05
37124,E01964N3926E02184N3685-PS-Mur_PYes_Hom-M792_E02088N3719_S000,0.2,1.4051208121046165e-10,2.0146061706133162e-08,5.0880031619396375e-06,2.4887078785509713e-05,4.487559539053344e-05,1.2307100563768251e-05
37134,E02020N3739E02658N3366-PS-Str_PYes_Hom-M895_E02184N3552_S004,1.39,0.0,0.0,0.0,4.983133411357086e-08,1.1455150293007082e-06,1.9009590709654377e-07
37215,E01964N3926E02184N3685-PS-Mur_PYes_Hom-M792_E02090N3766_S000,0.17,1.8027308017149417e-10,2.365221763299008e-08,5.903422594248555e-06,2.8658019357953146e-05,5.6209192678304345e-05,1.4650623871105828e-05
37244,E01964N3926E02184N3685-PS-Mur_PYes_Hom-M792_E02093N3745_S000,0.19,1.6623984001934028e-10,2.185319098320342e-08,5.361893047011983e-06,2.624371970577655e-05,5.035084670659996e-05,1.3258512843207817e-05
37252,E02020N3739E02658N3366-PS-Mur_PYes_Hom-M861_E02094N3692_S003,0.74,0.0,0.0,2.5243170681337465e-07,4.8466513455107775e-06,1.5823275592284766e-05,3.2493534367321544e-06
37254,E01964N3926E02184N3685-PS-Str_PYes_Var-M809_E02061N3739_S000,0.24,0.0,0.0,1.1477201170379082e-09,5.569941707781129e-06,1.7750964778571294e-05,2.7942069815887303e-06
37367,E02113N3823E02873N3483-PS-Mur_PNo_Var-M809_E02119N3739_S000,0.22,9.66678182522816e-08,9.829736068854824e-07,3.1846439745280366e-06,5.348898041534987e-06,7.418711314147691e-06,3.3492298357173225e-06
37374,E01964N3926E02184N3685-PS-Str_PYes_Var-M792_E02074N3729_S000,0.2,1.4170093454397147e-10,2.0223877050444204e-08,5.134794428923709e-06,2.4796260024242885e-05,4.462026332835985e-05,1.230703223597804e-05
37380,E01517N3917E01678N3772-PS-Str_PYes_Var-M792_E01619N3854_S000,0.13,2.008500874669566e-11,1.6894047997497866e-06,7.4898037860189446e-06,2.0436563794417082e-05,5.8857819657798376e-05,1.3362670822207924e-05
37461,E02113N3823E02873N3483-PS-Str_PYes_Hom-M809_E02202N3721_S000,0.17,1.3400250967336865e-07,1.4227900377393108e-06,4.7607866958757405e-06,8.038936098481365e-06,1.1150797425553371e-05,4.968136093922462e-06
37503,E02020N3739E02658N3366-PS-Str_PYes_Var-M871_E02335N3468_S005,0.74,0.0,0.0,0.0,5.543944766255158e-06,1.359340296571988e-05,2.2251002843052485e-06
37529,E01577N3897E01966N3571-PS-Mur_PYes_Var-M680_E01791N3758_S000,0.07,0.0,0.0,1.4049370350745167e-06,1.358511052776937e-05,8.065723449690018e-05,1.4913263142507717e-05
37531,E01964N3926E02184N3685-PS-Mur_PNo_Var-M792_E02103N3738_S000,0.17,1.9172778217887214e-10,2.5745152539816505e-08,6.220253527180151e-06,3.0268435956163055e-05,5.767609127631634e-05,1.5329784676831485e-05
37552,E01964N3926E02184N3685-PS-Mur_PYes_Var-M754_E02024N3715_S000,0.09,0.0,0.0,2.7228477697008026e-05,0.00015970999577478393,0.0003032555161774548,7.471569894739091e-05
37556,E02113N3823E02873N3483-PS-Mur_PNo_Var-M850_E02263N3611_S000,0.23,0.0,0.0,0.0,0.0001118279677401,0.0002248501599629,4.1606511660498266e-05
37648,E01517N3917E01678N3772-PS-Str_PNo_Hom-M792_E01654N3866_S000,0.14,2.0909296632555602e-11,1.5712122822085986e-06,6.5799514564373856e-06,1.8529845894276152e-05,5.4906061119469795e-05,1.2408194334907318e-05
37654,E01964N3926E02184N3685-PS-Str_PYes_Var-M809_E02040N3720_S000,0.27,0.0,0.0,9.498377285630948e-10,4.83556105323799e-06,1.4589761971069398e-05,2.4535250331419817e-06
37683,E02020N3739E02658N3366-PS-Str_PYes_Var-M880_E02112N3663_S004,1.8,0.0,0.0,0.0,1.328650677256966e-07,1.3666057827330297e-06,1.6665382267628375e-07
37693,E01964N3926E02184N3685-PS-Str_PYes_Var-M774_E02088N3719_S000,0.14,1.1576125510853147e-07,1.490419637410696e-06,1.116503174614726e-05,4.7222083295876926e-05,8.358234366423494e-05,2.345411891867846e-05
37722,E01964N3926E02184N3685-PS-Str_PNo_Hom-M792_E02117N3755_S000,0.18,1.853795933978196e-10,2.3423445167249385e-08,5.932820673579087e-06,2.899918899370489e-05,5.729390697028375e-05,1.4798648430154355e-05
37794,E02113N3823E02873N3483-PS-Mur_PYes_Hom-M809_E02119N3739_S000,0.24,8.763223603876544e-08,8.910946444830113e-07,2.8869739435614715e-06,4.848934259587688e-06,6.725281202563044e-06,3.0361758940879837e-06
37885,E01964N3926E02184N3685-PS-Mur_PNo_Hom-M792_E02088N3719_S000,0.18,1.5612694099381612e-10,2.2384858014735944e-08,5.6534239803243e-06,2.7652735961072896e-05,4.986254116545344e-05,1.3674766945102537e-05
37920,E02020N3739E02658N3366-PS-Mur_PYes_Hom-M895_E02393N3468_S002,1.06,0.0,0.0,0.0,6.760217552083559e-07,1.5915479223705736e-06,2.9754164850538575e-07
37965,E02113N3823E02873N3483-PS-Str_PNo_Hom-M809_E02167N3749_S000,0.21,0.0,0.0,1.3726165598795584e-06,8.88831733747648e-06,1.3271683610915865e-05,3.7453809624539753e-06
37976,E02113N3823E02873N3483-PS-Str_PYes_Hom-M809_E02226N3707_S000,0.15,1.5878274168779463e-07,1.6858975521353714e-06,5.467712805600796e-06,9.304778229456766e-06,1.2872631746615612e-05,5.740591714752875e-06
38011,E01964N3926E02184N3685-PS-Mur_PYes_Hom-M792_E02074N3729_S000,0.2,1.4001979000076524e-10,1.9983940308634807e-08,5.073875059108318e-06,2.4502076380600497e-05,4.409088705817289e-05,1.2161021201166151e-05
38051,E02020N3739E02658N3366-PS-Mur_PYes_Hom-M895_E02313N3510_S005,1.13,0.0,0.0,0.0,0.0,2.270998073151251e-06,2.8158834647932303e-07
38089,E01964N3926E02184N3685-PS-Str_PYes_Var-M792_E02061N3739_S000,0.18,1.536943772788741e-10,2.199467631821063e-08,5.510264281310327e-06,2.6893438604409117e-05,4.8156131578157886e-05,1.3353816506182726e-05
38221,E02113N3823E02873N3483-PS-Mur_PYes_Hom-M809_E02200N3695_S000,0.14,1.757388860076164e-07,1.7495585345646344e-06,5.714121056377317e-06,9.769148299669271e-06,1.3392999343188056e-05,6.032879137337171e-06
38228,E02020N3739E02658N3366-PS-Mur_PYes_Hom-M895_E02409N3467_S005,0.72,0.0,0.0,0.0,1.1976249668655481e-06,2.8319876686657754e-06,5.287367257335351e-07
38230,E02020N3739E02658N3366-PS-Str_PYes_Var-M850_E02264N3453_S000,0.55,0.0,0.0,0.0,4.272710796710689e-05,0.00011899143323049987,2.1127513800280204e-05
38233,E01548N3896E01854N3659-PS-Mur_PYes_Hom-M809_E01713N3735_S000,0.35,0.0,0.0,1.9230377217255717e-07,1.99619177316549e-06,8.307547380587394e-06,1.4191966114727016e-06
38238,E01548N3896E01854N3659-PS-Str_PYes_Hom-M792_E01687N3753_S000,0.24,0.0,0.0,2.2599628503335667e-06,1.5450549545421047e-05,2.798376187700476e-05,7.238113362029347e-06
38271,E01964N3926E02184N3685-PS-Str_PYes_Var-M792_E02091N3733_S000,0.19,1.5178148718314867e-10,2.1925441638536486e-08,5.404820259640551e-06,2.6445036498913814e-05,4.95235603042226e-05,1.3104810820249072e-05
38341,E02113N3823E02873N3483-PS-Mur_PNo_Hom-M809_E02173N3709_S000,0.14,1.5807538756976322e-07,1.6523755266376445e-06,5.35383582454295e-06,9.118928215703735e-06,1.2501741023062764e-05,5.6182696975631724e-06
38357,E01964N3926E02184N3685-PS-Mur_PYes_Hom-M774_E02099N3777_S000,0.13,1.1843240006706073e-07,1.6596231034350567e-06,1.1759753929993758e-05,5.176769790843095e-05,9.812496228006565e-05,2.5540806542718422e-05
38397,E01964N3926E02184N3685-PS-Str_PYes_Hom-M792_E02073N3766_S000,0.18,1.6336573666372227e-10,2.2422564281104568e-08,5.469770302115676e-06,2.616724618654284e-05,4.942770116377608e-05,1.3353804710738792e-05
38401,E02113N3823E02873N3483-PS-Str_PYes_Hom-M809_E02165N3722_S000,0.18,1.2291923661494105e-07,1.3004934014825817e-06,4.187066620925046e-06,7.146399245434928e-06,9.820699080393067e-06,4.41609279701984e-06
38433,E01964N3926E02184N3685-PS-Str_PYes_Var-M792_E02083N3755_S000,0.14,2.2013725921776592e-10,2.899785923932169e-08,7.1049120665274075e-06,3.476564117883955e-05,6.667241673605143e-05,1.7581462835040327e-05
38481,E01964N3926E02184N3685-PS-Str_PNo_Hom-M792_E02105N3765_S000,0.18,1.7759948779995206e-10,2.272397038766622e-08,5.722254509570732e-06,2.8171431592520666e-05,5.52454943608501e-05,1.4315714858298832e-05
38544,E02113N3823E02873N3483-PS-Mur_PNo_Hom-M792_E02202N3721_S000,0.12,5.038164730685638e-06,7.727768200392178e-06,2.2098892677105396e-05,3.5160095076257857e-05,5.989085819879776e-05,2.5576031838142413e-05
38586,E01517N3917E01678N3772-PS-Str_PYes_Hom-M809_E01665N3876_S000,0.16,0.0,0.0,0.0,4.543030850305815e-06,1.7756482891533022e-05,3.1044925875965365e-06
38603,E02113N3823E02873N3483-PS-Str_PYes_Hom-M792_E02176N3736_S000,0.12,4.852542738586098e-06,7.393104535803387e-06,2.138638864916516e-05,3.389363150321273e-05,5.7286241261421655e-05,2.461419956732046e-05
38641,E01577N3897E01966N3571-PS-Str_PYes_Var-M680_E01714N3669_S000,0.11,0.0,0.0,9.092413258400768e-07,9.332159349394289e-06,5.1212904781996284e-05,9.490258363414493e-06
38649,E01964N3926E02184N3685-PS-Str_PYes_Var-M774_E02024N3715_S000,0.16,0.0,0.0,4.243701383451038e-06,3.947277175718233e-05,9.01133829702019e-05,1.8657635427358207e-05
38681,E02020N3739E02658N3366-PS-Str_PYes_Hom-M895_E02451N3450_S004,1.26,0.0,0.0,0.0,7.204896863304872e-08,1.6974618109218567e-06,2.773322609979412e-07
38713,E01964N3926E02184N3685-PS-Str_PYes_Var-M792_E02073N3766_S000,0.15,1.9603942237150376e-10,2.69071510313324e-08,6.563742388275719e-06,3.140078165853208e-05,5.931340428650435e-05,1.6024609660615528e-05
38730,E01964N3926E02184N3685-PS-Str_PYes_Var-M809_E02048N3750_S000,0.24,0.0,0.0,1.142121110263094e-09,5.477773304628497e-06,1.758436027159126e-05,2.7602243663620934e-06
38742,E01964N3926E02184N3685-PS-Str_PYes_Hom-M792_E02009N3708_S000,0.18,0.0,0.0,2.0944581627518685e-06,2.5127222146418534e-05,5.8910347156805774e-05,1.2225830045772366e-05
38771,E01964N3926E02184N3685-PS-Mur_PYes_Var-M792_E02073N3766_S000,0.14,2.0749043587447763e-10,2.8478845877496825e-08,6.947142327986583e-06,3.323495751166423e-05,6.277800638120446e-05,1.6960635789358783e-05
38783,E02020N3739E02658N3366-PS-Mur_PYes_Var-M871_E02178N3622_S003,0.79,0.0,0.0,0.0,3.7566498326544745e-06,8.967484409279735e-06,1.472538478414519e-06
38809,E02113N3823E02873N3483-PS-Mur_PNo_Hom-M792_E02148N3750_S000,0.12,4.555392027091164e-06,6.996920803987249e-06,2.0020453553938887e-05,3.1790944787221214e-05,5.4154406497435535e-05,2.3165614788801816e-05
38867,E02020N3739E02658N3366-PS-Mur_PYes_Var-M895_E02401N3455_S002,0.97,0.0,0.0,0.0,7.306658895824772e-07,1.7316654260668163e-06,3.2219137200523064e-07
38904,E02020N3739E02658N3366-PS-Str_PYes_Var-M888_E02482N3417_S001,1.05,0.0,0.0,0.0,8.043810427324284e-07,9.548374028401523e-06,1.1407026825207742e-06
38916,E02020N3739E02658N3366-PS-Str_PYes_Hom-M880_E02128N3626_S005,1.24,0.0,0.0,0.0,6.615806205871564e-07,1.4502444685049064e-06,2.5076735229497175e-07
38925,E02020N3739E02658N3366-PS-Str_PYes_Var-M880_E02210N3510_S005,1.22,0.0,0.0,0.0,8.832137211724566e-07,1.9081635036247864e-06,3.3283008953355754e-07
38926,E01964N3926E02184N3685-PS-Mur_PYes_Hom-M774_E02117N3770_S000,0.11,1.434304556604124e-07,1.9686344725985827e-06,1.4072703947222635e-05,6.225232849455026e-05,0.00011935757979471995,3.086876930812343e-05
38973,E01964N3926E02184N3685-PS-Mur_PNo_Hom-M754_E02078N3742_S000,0.12,5.744779042794905e-06,1.1406191607909986e-05,3.90089504640951e-05,0.00011690353916867196,0.000186900042056985,6.156902655150697e-05
38995,E02020N3739E02658N3366-PS-Str_PYes_Hom-M792_E02100N3712_S000,0.22,9.345141071155778e-09,1.249244542061102e-06,5.551996389052913e-06,1.9257469324519096e-05,4.414756596209245e-05,1.1713149987247699e-05
38999,E01964N3926E02184N3685-PS-Str_PYes_Hom-M792_E02066N3753_S000,0.18,1.615462292286586e-10,2.2533798658387193e-08,5.477827173636563e-06,2.6345981298561854e-05,4.940857512688544e-05,1.335380996507292e-05
39005,E02113N3823E02873N3483-PS-Str_PYes_Var-M792_E02119N3739_S000,0.15,3.482468214072743e-06,5.3255811980026445e-06,1.5420482517584043e-05,2.359926624024381e-05,3.991225612111933e-05,1.7568303843845e-05
39036,E01964N3926E02184N3685-PS-Str_PYes_Hom-M809_E02026N3730_S000,0.2,0.0,0.0,1.2217209324977906e-09,6.260725773064986e-06,1.8676554614612542e-05,3.146250634471235e-06
39082,E02020N3739E02658N3366-PS-Mur_PYes_Hom-M871_E02287N3501_S004,0.78,0.0,0.0,0.0,4.5738521707579245e-06,1.141055977785698e-05,1.8599229583974533e-06
39086,E01548N3896E01854N3659-PS-Mur_PYes_Hom-M792_E01787N3864_S000,0.34,0.0,0.0,1.6528127253880266e-06,1.1999437007644505e-05,2.325285098473705e-05,5.535929450158579e-06
39134,E02113N3823E02873N3483-PS-Str_PYes_Hom-M792_E02226N3659_S000,0.12,5.0579966127663e-06,7.617938949773621e-06,2.226915794595542e-05,3.4662940683151485e-05,5.955248266131477e-05,2.5819407126908915e-05
39147,E02020N3739E02658N3366-PS-Mur_PYes_Hom-M850_E02243N3584_S000,0.41,0.0,0.0,5.305930552816806e-06,6.105948085552094e-05,9.820313515656202e-05,2.500794241289575e-05
39169,E01964N3926E02184N3685-PS-Mur_PYes_Var-M809_E02009N3723_S000,0.25,0.0,0.0,1.0463409332098472e-09,5.1949334820515285e-06,1.5978879182623488e-05,2.649807035793338e-06
39194,E02020N3739E02658N3366-PS-Mur_PYes_Hom-M824_E02164N3695_S000,0.29,0.0,1.7678076076570674e-09,9.493215818464713e-06,5.185054075989777e-05,0.0002560192409749,4.268772972639439e-05
39215,E01517N3917E01678N3772-PS-Mur_PNo_Hom-M707_E01563N3803_S000,0.07,9.909048571177262e-06,2.5958394301300328e-05,7.145674788992245e-05,0.00014533135749155598,0.00020597122252896498,8.746401933063021e-05
39225,E01964N3926E02184N3685-PS-Str_PYes_Hom-M732_E02018N3773_S000,0.05,1.3442367804426873e-05,3.145514032369225e-05,0.0001557673918131,0.00034637486972152,0.0004759610278837,0.0001857659239105181
39263,E02113N3823E02873N3483-PS-Str_PNo_Hom-M792_E02209N3683_S000,0.13,4.474624808989838e-06,6.972947973620308e-06,2.0177405741969665e-05,3.079331262990291e-05,5.428095074158025e-05,2.3165002172208542e-05
39264,E01964N3926E02184N3685-PS-Str_PYes_Hom-M774_E02083N3755_S000,0.14,1.1009609253582711e-07,1.578527436114627e-06,1.1134004135274441e-05,4.7961823220620494e-05,8.819882171966506e-05,2.3454077704490018e-05
39287,E02020N3739E02658N3366-PS-Str_PYes_Hom-M871_E02232N3550_S005,0.87,0.0,0.0,0.0,4.053802423693106e-06,9.923025673861992e-06,1.63752749537679e-06
39299,E02020N3739E02658N3366-PS-Str_PYes_Hom-M880_E02128N3626_S004,1.21,0.0,0.0,0.0,6.860364135919476e-07,1.5038537754048314e-06,2.60037143865714e-07
39304,E02020N3739E02658N3366-PS-Str_PYes_Hom-M895_E02534N3432_S001,1.1,0.0,0.0,0.0,8.368827361546343e-08,1.9408558782091694e-06,3.202761937740384e-07
39338,E01964N3926E02184N3685-PS-Mur_PNo_Hom-M732_E02074N3729_S000,0.07,1.0688934295114758e-05,2.4514461710769765e-05,0.0001166899782763,0.0002700053853350799,0.00037349567226739995,0.0001456285283234011
39344,E01964N3926E02184N3685-PS-Str_PNo_Hom-M754_E02093N3745_S000,0.09,8.121619109559072e-06,1.5779787724043555e-05,5.278159722366317e-05,0.00016244780204449999,0.0002668796154232799,8.395281154426477e-05
39355,E02020N3739E02658N3366-PS-Str_PYes_Var-M824_E02340N3431_S000,0.37,0.0,0.0,1.2667801828693095e-05,0.00011558280578038799,0.0002462584830039,5.1640041234889466e-05
39365,E02113N3823E02873N3483-PS-Str_PYes_Hom-M809_E02218N3695_S000,0.17,1.4471338695339985e-07,1.5213048037818865e-06,4.9036607508806935e-06,8.398329478451102e-06,1.1478426795584343e-05,5.162274292032623e-06
39423,E01964N3926E02184N3685-PS-Str_PYes_Var-M792_E02040N3720_S000,0.17,0.0,0.0,2.702697030999311e-06,2.8955800886976536e-05,7.172901231993895e-05,1.379566331388657e-05
39438,E01548N3896E01854N3659-PS-Mur_PYes_Hom-M809_E01750N3871_S000,0.43,0.0,0.0,2.255237967381074e-07,1.5736774081351541e-06,6.867014777173622e-06,1.1551600325940581e-06
39448,E01964N3926E02184N3685-PS-Str_PYes_Hom-M754_E02015N3756_S000,0.09,0.0,0.0,3.1282052043695284e-05,0.00016322514016760793,0.0003391183081916599,7.471578903123478e-05
39464,E02020N3739E02658N3366-PS-Str_PYes_Hom-M880_E02377N3471_S004,0.71,0.0,0.0,0.0,1.7396095731887282e-06,3.771626361247432e-06,6.543600765159683e-07
39467,E02113N3823E02873N3483-PS-Str_PYes_Hom-M809_E02148N3750_S000,0.22,0.0,0.0,1.2995701860785374e-06,8.454123956232454e-06,1.258394545023861e-05,3.538084335750692e-06
39524,E01964N3926E02184N3685-PS-Str_PYes_Hom-M809_E02023N3703_S000,0.22,0.0,0.0,1.0668043640158627e-09,5.811940278879712e-06,1.619704513582749e-05,2.8601748787225495e-06
39538,E01964N3926E02184N3685-PS-Mur_PYes_Hom-M809_E02040N3720_S000,0.26,0.0,0.0,9.6150318755125e-10,4.894949133385748e-06,1.4768946546289347e-05,2.4836580703859643e-06
39578,E02020N3739E02658N3366-PS-Mur_PYes_Var-M871_E02194N3581_S003,0.66,0.0,0.0,0.0,4.659197312205134e-06,1.1280941804693929e-05,1.8611976018735988e-06
39651,E02113N3823E02873N3483-PS-Mur_PNo_Hom-M792_E02187N3749_S000,0.11,5.0979511105943936e-06,7.99898419287985e-06,2.2617787139095485e-05,3.582880594390967e-05,6.125345858266307e-05,2.632080632986625e-05
39653,E01964N3926E02184N3685-PS-Str_PYes_Hom-M774_E01991N3732_S000,0.13,0.0,0.0,4.992476227578674e-06,4.627117921073193e-05,0.00010368580618761496,2.1812395418508352e-05
39690,E02113N3823E02873N3483-PS-Mur_PNo_Hom-M809_E02210N3708_S000,0.16,1.4577639386409861e-07,1.5478008690506008e-06,5.0852909610581064e-06,8.636751606046183e-06,1.1929194687770454e-05,5.32961853987977e-06
39709,E02020N3739E02658N3366-PS-Str_PNo_Hom-M809_E02142N3694_S000,0.23,9.324458386039907e-18,1.1183677395609654e-08,1.2506566193719485e-06,4.792033624233903e-06,1.7080881144197062e-05,3.3118697289323587e-06
39716,E01964N3926E02184N3685-PS-Mur_PYes_Var-M809_E02031N3692_S000,0.25,0.0,0.0,9.541673119028749e-10,5.428833662603986e-06,1.4470225536836698e-05,2.6823460035562955e-06
39771,E01964N3926E02184N3685-PS-Mur_PYes_Var-M809_E02040N3720_S000,0.23,0.0,0.0,1.1150179435287712e-09,5.676482602502861e-06,1.7126974324515313e-05,2.880201906686641e-06
39773,E02113N3823E02873N3483-PS-Str_PNo_Hom-M809_E02218N3671_S000,0.17,1.5566117055122942e-07,1.506066381084615e-06,4.9055162319587795e-06,8.280733351934208e-06,1.1672888915939637e-05,5.162274681616014e-06
39776,E01964N3926E02184N3685-PS-Mur_PYes_Var-M792_E02091N3733_S000,0.17,1.6963843781936651e-10,2.4504949431500646e-08,6.040692330504981e-06,2.955627041879408e-05,5.534996106029877e-05,1.4646579610745768e-05
39809,E01517N3917E01678N3772-PS-Str_PNo_Hom-M792_E01630N3865_S000,0.13,2.0603535532618718e-11,1.6606813017594087e-06,7.58016489894655e-06,2.032972105743968e-05,5.84905151437278e-05,1.3362670822207875e-05
39860,E02020N3739E02658N3366-PS-Str_PYes_Var-M895_E02458N3438_S003,1.18,0.0,0.0,0.0,8.53254716070579e-07,2.017228105985991e-06,3.7801021124495357e-07
39890,E01964N3926E02184N3685-PS-Str_PYes_Hom-M809_E02009N3708_S000,0.21,0.0,0.0,1.1236348353174212e-09,5.916541652201342e-06,1.7121059070569295e-05,2.957585488475982e-06
39898,E02113N3823E02873N3483-PS-Mur_PYes_Hom-M792_E02119N3739_S000,0.18,2.9020638488705867e-06,4.437995042278814e-06,1.2850433111085032e-05,1.966610266216577e-05,3.3260293704304506e-05,1.4640288535920558e-05
39924,E01964N3926E02184N3685-PS-Str_PNo_Hom-M774_E02099N3777_S000,0.14,1.1121924490799957e-07,1.5585433402633132e-06,1.1043523154619849e-05,4.861477322709813e-05,9.214863673484019e-05,2.398523728653658e-05
39933,E01964N3926E02184N3685-PS-Mur_PYes_Var-M809_E02057N3724_S000,0.23,0.0,0.0,1.1481574168349472e-09,5.598088546959908e-06,1.7739010992908133e-05,2.880280409855726e-06
39956,E01964N3926E02184N3685-PS-Str_PYes_Hom-M774_E02091N3733_S000,0.16,1.0341880300877406e-07,1.3417209945332976e-06,9.711032327702551e-06,4.157497282112988e-05,7.519632708072869e-05,2.0522338898303058e-05
39963,E01517N3917E01678N3772-PS-Mur_PYes_Hom-M732_E01574N3813_S000,0.1,8.340266169568087e-06,1.857151191874378e-05,4.952016170222896e-05,0.00011214897660235999,0.0001929870162405249,6.795175268871953e-05
39978,E02113N3823E02873N3483-PS-Mur_PYes_Hom-M809_E02226N3707_S000,0.15,1.5878282870188672e-07,1.6858984760194364e-06,5.467715801947001e-06,9.304783328542602e-06,1.2872638800911007e-05,5.740594860638703e-06
39979,E02113N3823E02873N3483-PS-Mur_PNo_Hom-M792_E02157N3736_S000,0.12,4.597818545637704e-06,6.985262287756395e-06,1.9991950863483724e-05,3.2078263571914775e-05,5.431612087230784e-05,2.3165705104371736e-05
39993,E01517N3917E01678N3772-PS-Str_PYes_Var-M754_E01574N3813_S000,0.11,5.593674087381408e-06,1.029943135848159e-05,3.052332795349888e-05,7.404348866916817e-05,0.00015381681235427993,4.527949855676204e-05
40002,E02020N3739E02658N3366-PS-Str_PYes_Hom-M809_E02127N3724_S000,0.29,7.002492770275246e-18,8.901906011999789e-09,9.72985478668796e-07,3.781565651818433e-06,1.3052106697601498e-05,2.5697231141334326e-06
40039,E01964N3926E02184N3685-PS-Str_PYes_Var-M774_E02009N3708_S000,0.16,0.0,0.0,3.5246048323865467e-06,3.773044489394921e-05,7.520367299182923e-05,1.865762213711483e-05
40045,E02113N3823E02873N3483-PS-Str_PYes_Hom-M792_E02202N3721_S000,0.12,5.086096999257981e-06,7.801288912922671e-06,2.2309137898445402e-05,3.5494602423736935e-05,6.046064994910089e-05,2.5819357988161438e-05
40047,E01964N3926E02184N3685-PS-Str_PNo_Var-M754_E02088N3719_S000,0.1,6.864441451577195e-06,1.36703583183486e-05,4.6611736144702885e-05,0.0001402547195349,0.000226496405844075,7.472020492271624e-05
40059,E01548N3896E01854N3659-PS-Mur_PYes_Var-M809_E01701N3869_S000,0.3,0.0,0.0,3.018245759197251e-07,2.421377050133972e-06,9.227662702071889e-06,1.6557293800514839e-06
40097,E01964N3926E02184N3685-PS-Mur_PYes_Var-M792_E02048N3750_S000,0.16,0.0,0.0,2.7542629025070987e-06,2.898994441478734e-05,7.856538258228762e-05,1.4479836069603914e-05
40137,E02113N3823E02873N3483-PS-Str_PNo_Hom-M824_E02438N3506_S000,0.14,2.254708602508087e-07,3.060348221131417e-05,0.0001280059018166,0.0002395805894046,0.0003384512283747898,0.00013936247533716015
40138,E01517N3917E01678N3772-PS-Str_PYes_Hom-M792_E01630N3865_S000,0.13,2.0603535532618718e-11,1.6606813017594087e-06,7.58016489894655e-06,2.032972105743968e-05,5.84905151437278e-05,1.3362670822207875e-05
40169,E01548N3896E01854N3659-PS-Str_PYes_Hom-M774_E01624N3779_S000,0.25,0.0,0.0,2.8482649751526057e-06,1.7948829311788402e-05,3.801536074684249e-05,8.953427207920033e-06
40182,E02020N3739E02658N3366-PS-Str_PYes_Var-M850_E02322N3521_S000,0.46,0.0,0.0,5.44847555459828e-06,6.268823527153669e-05,0.0001008065634992,2.5684288511867883e-05
40192,E02020N3739E02658N3366-PS-Mur_PYes_Var-M888_E02351N3465_S005,0.94,0.0,0.0,0.0,3.6635528771028036e-06,8.567210958605566e-06,1.4602524501972616e-06
40225,E01517N3917E01678N3772-PS-Mur_PYes_Var-M754_E01574N3813_S000,0.11,5.593674087381408e-06,1.029943135848159e-05,3.052332795349888e-05,7.404348866916817e-05,0.00015381681235427993,4.527949855676204e-05
40246,E01964N3926E02184N3685-PS-Mur_PYes_Hom-M809_E02031N3692_S000,0.18,0.0,0.0,1.2435322581705026e-09,7.075205469182071e-06,1.8858529330850356e-05,3.4958059675560464e-06
40265,E02020N3739E02658N3366-PS-Mur_PYes_Var-M861_E02226N3500_S004,0.73,0.0,0.0,3.184597217497394e-07,5.7350802492690255e-06,2.4163726287931437e-05,4.405839093194609e-06
40276,E01964N3926E02184N3685-PS-Mur_PYes_Hom-M774_E02057N3724_S000,0.14,0.0,0.0,7.78637046071158e-06,4.8182978026508115e-05,9.238168159077576e-05,2.2122945567325495e-05
40277,E01964N3926E02184N3685-PS-Mur_PYes_Hom-M792_E02066N3753_S000,0.17,1.710490660315072e-10,2.385933260753191e-08,5.800056283618432e-06,2.7895764056640114e-05,5.2314997816749014e-05,1.4139337905899872e-05
40311,E01517N3917E01678N3772-PS-Mur_PNo_Hom-M707_E01587N3805_S000,0.08,8.605695247942984e-06,2.191123413797651e-05,6.30244000376305e-05,0.000126039779310668,0.00018298046661620486,7.653101691430397e-05
40327,E01964N3926E02184N3685-PS-Mur_PYes_Var-M792_E02066N3753_S000,0.15,1.9385600745299493e-10,2.704063265061743e-08,6.573410660645263e-06,3.161526438194586e-05,5.9290452979141294e-05,1.602461596581642e-05
40329,E02020N3739E02658N3366-PS-Mur_PNo_Hom-M792_E02127N3724_S000,0.19,1.1313239521497842e-08,1.4828721000541312e-06,6.397033874599213e-06,2.3403241283538315e-05,5.27794275628134e-05,1.3870168673180935e-05
40356,E02020N3739E02658N3366-PS-Str_PYes_Var-M880_E02229N3514_S004,1.07,0.0,0.0,0.0,9.955126941378168e-07,2.1679983562868932e-06,3.760516247870177e-07
40385,E02020N3739E02658N3366-PS-Mur_PYes_Hom-M880_E02253N3503_S005,1.2,0.0,0.0,0.0,9.420829074553104e-07,2.0596274552264304e-06,3.5670126126796616e-07
40386,E02020N3739E02658N3366-PS-Str_PYes_Hom-M861_E02146N3630_S002,0.67,0.0,0.0,3.2112389625975256e-07,5.800440227832368e-06,2.0855608641908587e-05,3.978171436842062e-06
40389,E01964N3926E02184N3685-PS-Mur_PYes_Var-M809_E02029N3745_S000,0.21,0.0,0.0,1.3068288762991727e-09,6.247881961667915e-06,2.0082820995537113e-05,3.1545491895461783e-06
40441,E01964N3926E02184N3685-PS-Mur_PYes_Var-M792_E02053N3710_S000,0.16,0.0,0.0,2.8300232353067302e-06,3.1408923866351844e-05,8.16338035878869e-05,1.5023080363197972e-05
40446,E01964N3926E02184N3685-PS-Mur_PYes_Var-M809_E02061N3739_S000,0.22,0.0,0.0,1.2520648527918762e-09,6.076331799786663e-06,1.93647900498215e-05,3.0482417282203815e-06
40501,E01964N3926E02184N3685-PS-Mur_PNo_Var-M809_E02078N3742_S000,0.18,0.0,4.6626530288132966e-14,1.4230151090551137e-06,8.234463170290054e-06,1.595915693402435e-05,3.863800100919396e-06
40534,E02113N3823E02873N3483-PS-Mur_PNo_Hom-M792_E02209N3683_S000,0.11,5.28819544730444e-06,8.240760578251507e-06,2.3846036201454576e-05,3.639211388845734e-05,6.415024473343126e-05,2.7376833645975835e-05
40542,E02020N3739E02658N3366-PS-Str_PYes_Var-M792_E02127N3724_S000,0.16,1.357955142580926e-08,1.779926775378375e-06,7.678512446208924e-06,2.809146910896077e-05,6.335240666053778e-05,1.664869451620796e-05
40591,E02113N3823E02873N3483-PS-Str_PYes_Hom-M809_E02344N3564_S000,0.17,1.8895860876141126e-07,1.8187410029718436e-06,6.01368299027432e-06,1.0025167684856138e-05,1.4169833375732614e-05,6.28260154935066e-06
40648,E02020N3739E02658N3366-PS-Mur_PYes_Var-M861_E02226N3538_S003,0.64,0.0,0.0,4.0621426469436706e-07,7.1843639559518075e-06,2.731881936231447e-05,4.979694032317685e-06
40686,E02020N3739E02658N3366-PS-Mur_PYes_Var-M880_E02168N3560_S004,0.92,0.0,0.0,0.0,9.133260908951084e-07,1.964923871073137e-06,3.419951812057652e-07
40691,E02020N3739E02658N3366-PS-Str_PYes_Hom-M880_E02168N3560_S002,1.3,0.0,0.0,0.0,6.764497291045485e-07,1.455309591556532e-06,2.5329676879697214e-07
40707,E01849N3766E02950N3220-PS-Str_PYes_Hom-M861_E02067N3642_S001,0.69,0.0,0.0,0.0,2.4622705775222238e-06,3.286629653087536e-05,3.44325948799375e-06
40768,E02113N3823E02873N3483-PS-Str_PYes_Hom-M792_E02187N3749_S000,0.12,4.7673879779372515e-06,7.4803112563390685e-06,2.1151196658277775e-05,3.350558195151585e-05,5.728164035296474e-05,2.461410338083593e-05
40770,E02113N3823E02873N3483-PS-Mur_PNo_Hom-M809_E02200N3695_S000,0.14,1.7573894227793698e-07,1.7495590947606263e-06,5.714122885997561e-06,9.769151427679919e-06,1.3393003631529604e-05,6.032881069021449e-06
40777,E02113N3823E02873N3483-PS-Mur_PYes_Var-M837_E02200N3695_S000,0.22,1.0055302477530455e-10,2.1558364754282442e-06,2.056347583173864e-05,5.212874813592029e-05,7.420032977705731e-05,2.7745810647855632e-05
40782,E02113N3823E02873N3483-PS-Str_PNo_Var-M809_E02138N3737_S000,0.21,1.0185026761255365e-07,1.0510717116639135e-06,3.4234682274224826e-06,5.765814899027491e-06,7.989346760198518e-06,3.5882327040522597e-06
40819,E02113N3823E02873N3483-PS-Mur_PNo_Hom-M792_E02138N3737_S000,0.16,3.3711175638945376e-06,5.066146608509231e-06,1.464530417142845e-05,2.2868297440832237e-05,3.860660557073585e-05,1.683107428399007e-05
40833,E02113N3823E02873N3483-PS-Str_PYes_Hom-M792_E02165N3722_S000,0.12,4.773773558523451e-06,7.107351000930461e-06,2.0772370191715312e-05,3.2608451272963995e-05,5.49957220956159e-05,2.389003871066562e-05
40854,E02113N3823E02873N3483-PS-Str_PYes_Hom-M809_E02276N3623_S000,0.2,1.460081248908996e-07,1.3846834690699994e-06,4.592021098653235e-06,7.654564878027182e-06,1.0832423238289651e-05,4.8024085034885415e-06
40897,E02113N3823E02873N3483-PS-Mur_PNo_Hom-M792_E02200N3695_S000,0.12,4.955403787756115e-06,7.638126505411495e-06,2.2198323664826426e-05,3.389173091018107e-05,5.8474831345124844e-05,2.5338749191086343e-05
40918,E01964N3926E02184N3685-PS-Str_PYes_Var-M774_E02033N3761_S000,0.13,0.0,0.0,5.420059686836376e-06,5.002792458810337e-05,0.000128167148387965,2.3535338713292898e-05
40920,E01964N3926E02184N3685-PS-Mur_PYes_Hom-M774_E02009N3708_S000,0.15,0.0,0.0,3.664806842156179e-06,3.923128951489136e-05,7.819513064365723e-05,1.939978650604202e-05
40956,E02020N3739E02658N3366-PS-Mur_PYes_Hom-M809_E02146N3723_S000,0.25,7.904124963199087e-18,1.0865705362164499e-08,1.1503503964639008e-06,4.5331727770053514e-06,1.506109936263663e-05,3.0134881045036103e-06
40997,E01548N3896E01854N3659-PS-Mur_PYes_Var-M809_E01705N3831_S000,0.28,0.0,0.0,3.414105833981514e-07,2.4691405564431384e-06,1.0200505160905998e-05,1.7739957643408735e-06
41000,E01517N3917E01678N3772-PS-Mur_PNo_Hom-M754_E01585N3824_S000,0.15,4.094145027693519e-06,7.588582155220623e-06,2.2366792130772447e-05,5.461915278186078e-05,0.00011343121930923499,3.320496560829304e-05
41038,E02113N3823E02873N3483-PS-Str_PNo_Hom-M792_E02173N3709_S000,0.12,4.882331694691165e-06,7.362211174360478e-06,2.128031482678747e-05,3.277074393175763e-05,5.5394195919514904e-05,2.4371126670845272e-05
41094,E02020N3739E02658N3366-PS-Mur_PYes_Hom-M809_E02127N3724_S000,0.26,7.637375946198494e-18,9.709000077795807e-09,1.0612015084584511e-06,4.124422472917925e-06,1.4235479994013567e-05,2.802707856205551e-06
41123,E01548N3896E01854N3659-PS-Str_PYes_Hom-M792_E01780N3796_S000,0.29,0.0,0.0,1.7842007572848408e-06,1.3078737571716541e-05,2.442245466403277e-05,5.990162782369118e-06
41167,E01964N3926E02184N3685-PS-Str_PYes_Hom-M774_E02029N3745_S000,0.13,0.0,0.0,5.305335401684636e-06,4.812655000222479e-05,0.00012163652574621498,2.2963297361727012e-05
41206,E01964N3926E02184N3685-PS-Mur_PNo_Hom-M792_E02091N3733_S000,0.2,1.4419339534317836e-10,2.082931148542784e-08,5.134614233399706e-06,2.5122955859244062e-05,4.704770286729226e-05,1.244965510992529e-05
41213,E01964N3926E02184N3685-PS-Mur_PYes_Var-M732_E02057N3724_S000,0.06,1.2053444153401628e-05,2.592755870880062e-05,0.0001303079916407,0.000299918068337472,0.00044000473765363996,0.0001623296941000129
41230,E02113N3823E02873N3483-PS-Mur_PNo_Hom-M809_E02227N3683_S000,0.16,1.568489792835217e-07,1.6187073932367416e-06,5.279579985105445e-06,8.859042329567619e-06,1.230865561630006e-05,5.537094625293718e-06
41241,E01517N3917E01678N3772-PS-Mur_PNo_Hom-M707_E01551N3793_S000,0.1,6.971724870271473e-06,1.777585973969299e-05,5.0908748175237246e-05,0.00010134870185149198,0.00014583568207695002,6.12248135314454e-05
41253,E02113N3823E02873N3483-PS-Mur_PYes_Hom-M809_E02210N3708_S000,0.16,1.4577639386409861e-07,1.5478008690506008e-06,5.0852909610581064e-06,8.636751606046183e-06,1.1929194687770454e-05,5.32961853987977e-06
41272,E01548N3896E01854N3659-PS-Mur_PYes_Hom-M792_E01656N3847_S000,0.18,2.175818581891029e-12,2.950014591077662e-07,2.5210256936775463e-06,1.5575317596397558e-05,4.8773923100349525e-05,9.650817816038759e-06
41308,E02020N3739E02658N3366-PS-Mur_PYes_Hom-M861_E02092N3663_S005,0.69,0.0,0.0,2.8050546712813696e-07,5.000420651297366e-06,1.7987965969936078e-05,3.4856078893777024e-06
41314,E01964N3926E02184N3685-PS-Mur_PYes_Hom-M792_E02053N3710_S000,0.2,0.0,0.0,2.264021251623045e-06,2.5127168652494678e-05,6.530711969711651e-05,1.2018478429006857e-05
41386,E02020N3739E02658N3366-PS-Str_PYes_Var-M792_E02262N3428_S000,0.18,0.0,0.0,1.4066731090590977e-06,2.9862982796977873e-05,0.00014840551556059497,2.316547345793257e-05
41389,E02020N3739E02658N3366-PS-Mur_PYes_Var-M824_E02173N3683_S000,0.22,0.0,0.0,1.0617628203456851e-05,7.033651481542163e-05,0.0003336323178759,5.750352400079986e-05
41395,E02113N3823E02873N3483-PS-Mur_PYes_Hom-M809_E02243N3683_S000,0.15,1.712060431609985e-07,1.7662377239611e-06,5.745528195273324e-06,9.666568468391573e-06,1.3395807439732732e-05,6.016219181744723e-06
41434,E02020N3739E02658N3366-PS-Str_PYes_Hom-M792_E02116N3712_S000,0.19,1.1193437855030659e-08,1.5277092244088817e-06,6.651499643317786e-06,2.3154836120367548e-05,5.2730076296684694e-05,1.4020557164033097e-05
41457,E01964N3926E02184N3685-PS-Mur_PYes_Var-M809_E02088N3719_S000,0.21,0.0,0.0,8.298090023768083e-07,6.011075838384311e-06,1.2284924005440305e-05,3.2729384526088424e-06
41459,E01548N3896E01854N3659-PS-Mur_PYes_Var-M792_E01726N3870_S000,0.29,0.0,0.0,1.960423512776552e-06,1.3214070804323451e-05,2.436181780678815e-05,6.190702982816647e-06
41462,E02113N3823E02873N3483-PS-Str_PNo_Hom-M792_E02210N3708_S000,0.12,5.118956670434629e-06,7.753476838649787e-06,2.238581541996506e-05,3.568551298706166e-05,6.016187692969095e-05,2.5819373751163636e-05
41491,E01964N3926E02184N3685-PS-Str_PYes_Hom-M792_E02067N3699_S000,0.2,0.0,0.0,2.3308140346069136e-06,2.487873375780547e-05,6.405347054345509e-05,1.2018477270908656e-05
41492,E01964N3926E02184N3685-PS-Str_PYes_Hom-M809_E02043N3735_S000,0.25,0.0,0.0,1.0812476123751776e-09,5.205729658366575e-06,1.6676487794125914e-05,2.6164181159104217e-06
41497,E01964N3926E02184N3685-PS-Mur_PYes_Var-M809_E02067N3699_S000,0.21,0.0,0.0,1.2474666087921453e-09,6.306305432652989e-06,1.925251416316385e-05,3.1933133229025863e-06
41504,E02020N3739E02658N3366-PS-Str_PYes_Var-M871_E02201N3643_S002,0.9,0.0,0.0,0.0,1.2515934550152554e-06,1.1385320408114705e-05,1.4086252338057965e-06
41525,E02020N3739E02658N3366-PS-Str_PYes_Hom-M861_E02140N3655_S002,0.61,0.0,0.0,3.3743340108388313e-07,6.2856848124773625e-06,2.112638672696961e-05,4.274450835854148e-06
41564,E02113N3823E02873N3483-PS-Str_PNo_Hom-M809_E02287N3633_S000,0.18,1.5617516561971852e-07,1.5688887439711263e-06,5.1127212203715905e-06,8.60207029569794e-06,1.185677239111431e-05,5.381293401571762e-06
41569,E01548N3896E01854N3659-PS-Str_PYes_Var-M792_E01726N3870_S000,0.29,0.0,0.0,1.9285347192374925e-06,1.2999127057248729e-05,2.3965541709703104e-05,6.090003288085343e-06
41581,E02113N3823E02873N3483-PS-Mur_PNo_Var-M809_E02132N3749_S000,0.21,1.0091137539828475e-07,1.041224483711043e-06,3.387581368328213e-06,5.699041617658114e-06,7.900730696312048e-06,3.548484949177738e-06
41586,E02020N3739E02658N3366-PS-Str_PYes_Hom-M895_E02384N3458_S001,1.23,0.0,0.0,0.0,7.091886012423515e-08,1.6639061623696308e-06,2.7255980451346934e-07
41590,E02113N3823E02873N3483-PS-Mur_PYes_Hom-M809_E02227N3683_S000,0.16,1.568489792835217e-07,1.6187073932367416e-06,5.279579985105445e-06,8.859042329567619e-06,1.230865561630006e-05,5.537094625293718e-06
41626,E02113N3823E02873N3483-PS-Str_PNo_Var-M809_E02132N3749_S000,0.19,1.11533010438448e-07,1.1508207152281601e-06,3.744148235256982e-06,6.298906002644935e-06,8.732338408283318e-06,3.9219880545205856e-06
41638,E02113N3823E02873N3483-PS-Str_PYes_Hom-M809_E02405N3521_S000,0.12,2.948439588945026e-07,2.8790629411984677e-06,9.38698915179527e-06,1.5684863446600515e-05,2.211007901022249e-05,9.866301564750395e-06
41647,E02020N3739E02658N3366-PS-Str_PNo_Hom-M809_E02164N3695_S000,0.18,1.2219761245203127e-17,1.4798075375550868e-08,1.644085902356569e-06,6.351284226577685e-06,2.2629002760108266e-05,4.3699191651818125e-06
41669,E02020N3739E02658N3366-PS-Str_PYes_Var-M871_E02118N3568_S001,0.99,0.0,0.0,0.0,1.0639577894601218e-06,1.0442868401388245e-05,1.2938299292985133e-06
41715,E02020N3739E02658N3366-PS-Str_PYes_Hom-M888_E02450N3427_S005,0.77,0.0,0.0,0.0,1.073339079436317e-06,1.274102999113975e-05,1.5214234433244958e-06
41716,E01964N3926E02184N3685-PS-Str_PNo_Hom-M754_E02065N3777_S000,0.09,7.830189944979177e-06,1.4949958549456804e-05,5.0439513296329834e-05,0.00015494877126171993,0.00025596143698968497,8.025353026061953e-05
41791,E01548N3896E01854N3659-PS-Str_PYes_Hom-M792_E01640N3732_S000,0.26,0.0,0.0,2.079856785619531e-06,1.4703182061763109e-05,2.496135417836156e-05,6.681335411104003e-06
41829,E01964N3926E02184N3685-PS-Mur_PNo_Hom-M792_E02090N3766_S000,0.17,1.8027308017149417e-10,2.365221763299008e-08,5.903422594248555e-06,2.8658019357953146e-05,5.6209192678304345e-05,1.4650623871105828e-05
41834,E02020N3739E02658N3366-PS-Str_PYes_Var-M880_E02090N3619_S005,1.19,0.0,0.0,0.0,1.9423446470166434e-07,1.9736773813073877e-06,2.489998048452649e-07
41863,E02020N3739E02658N3366-PS-Str_PYes_Hom-M895_E02318N3471_S005,1.36,0.0,0.0,0.0,6.32139059761616e-08,1.4730311131066648e-06,2.4234118063284916e-07
41916,E01964N3926E02184N3685-PS-Mur_PNo_Hom-M774_E02088N3719_S000,0.16,1.0242454103980504e-07,1.3187101951804307e-06,9.878721954265558e-06,4.1781684243048416e-05,7.395292302950846e-05,2.075199826994296e-05
41945,E01964N3926E02184N3685-PS-Str_PNo_Var-M809_E02078N3742_S000,0.2,0.0,4.147144853087209e-14,1.265684954234144e-06,7.3240516383214685e-06,1.419469455041029e-05,3.436614005559818e-06
41970,E02113N3823E02873N3483-PS-Mur_PYes_Hom-M792_E02157N3736_S000,0.12,4.597818944689421e-06,6.985262894018012e-06,1.999195259861577e-05,3.2078266356036436e-05,5.431612558648719e-05,2.3165707114958675e-05
42029,E01964N3926E02184N3685-PS-Mur_PYes_Var-M792_E02031N3692_S000,0.21,0.0,0.0,1.814826522723367e-06,2.2920043879677226e-05,5.5162957292571925e-05,1.144566170193828e-05
42041,E02113N3823E02873N3483-PS-Mur_PYes_Hom-M792_E02167N3749_S000,0.1,5.420403954392481e-06,8.414014609688767e-06,2.394837998714753e-05,3.7953880721481334e-05,6.456874011373014e-05,2.7798669418771955e-05
42044,E01849N3766E02950N3220-PS-Str_PYes_Var-M792_E01983N3684_S000,0.29,0.0,0.0,1.1462339514545693e-06,7.06434424091574e-06,6.169522611388426e-05,7.988757266350416e-06
42051,E02113N3823E02873N3483-PS-Str_PYes_Hom-M809_E02340N3543_S000,0.14,2.354763583383844e-07,2.2096268971430296e-06,7.268803484746618e-06,1.2071011243904618e-05,1.7370865921944755e-05,7.628879085267557e-06
42063,E01964N3926E02184N3685-PS-Mur_PNo_Hom-M792_E02074N3729_S000,0.17,1.6671044476887064e-10,2.3793290770317987e-08,6.041060108724664e-06,2.9172676599132337e-05,5.249551789559085e-05,1.4479162218990436e-05
42071,E02113N3823E02873N3483-PS-Str_PNo_Hom-M809_E02233N3717_S000,0.17,0.0,0.0,4.863045152650191e-06,9.439468486363781e-06,1.319113158539052e-05,5.2604857307314405e-06
42081,E01964N3926E02184N3685-PS-Mur_PYes_Var-M754_E02066N3753_S000,0.07,9.691261079102186e-06,1.9354640578306383e-05,6.46472047544008e-05,0.000194479704801076,0.00031444556458472,0.00010198704691841831
42104,E02113N3823E02873N3483-PS-Mur_PNo_Var-M809_E02138N3737_S000,0.19,1.1132475978124228e-07,1.1488463266386362e-06,3.7419320240406345e-06,6.302172528589683e-06,8.732545625422795e-06,3.9220235074628295e-06
42143,E01548N3896E01854N3659-PS-Mur_PYes_Hom-M809_E01738N3718_S000,0.26,0.0,0.0,2.541324796304032e-07,2.6638510897555694e-06,9.761666899330473e-06,1.9104569769824807e-06
42160,E02113N3823E02873N3483-PS-Mur_PNo_Var-M824_E02119N3739_S000,0.2,9.113342524836883e-08,1.2396440308095864e-05,5.271355622873621e-05,9.852488434278523e-05,0.000139170810489,5.719840604633349e-05
42179,E02113N3823E02873N3483-PS-Mur_PYes_Var-M824_E02291N3588_S000,0.2,1.3450028000688395e-07,1.6835336809976448e-05,7.182770168589162e-05,0.00013486304666965597,0.0001869498796726,7.871499343362682e-05
42188,E02020N3739E02658N3366-PS-Mur_PYes_Var-M880_E02287N3501_S003,1.12,0.0,0.0,0.0,9.747005292343491e-07,2.0958591767169467e-06,3.657865861562037e-07
42193,E01964N3926E02184N3685-PS-Str_PNo_Hom-M774_E02088N3719_S000,0.17,9.639954168174548e-08,1.2411386679002557e-06,9.297618120861339e-06,3.932392735990864e-05,6.960273205714905e-05,1.9531287149487327e-05
42222,E01548N3896E01854N3659-PS-Mur_PYes_Var-M707_E01727N3708_S000,0.13,0.0,0.0,6.819542548561776e-06,6.0999275677193174e-05,0.0002924264987154,4.70960104088037e-05
42237,E01964N3926E02184N3685-PS-Str_PYes_Hom-M774_E02009N3708_S000,0.15,0.0,0.0,3.6648087527990634e-06,3.923130996807959e-05,7.819517141059976e-05,1.9399796620098332e-05
42253,E02113N3823E02873N3483-PS-Mur_PNo_Hom-M792_E02218N3695_S000,0.11,5.690553777719486e-06,8.57543643681828e-06,2.4820628354292016e-05,3.831987874471441e-05,6.476550465370978e-05,2.843210056537661e-05
42255,E01964N3926E02184N3685-PS-Str_PYes_Var-M792_E02043N3735_S000,0.19,0.0,0.0,2.3800030622346946e-06,2.526051722224297e-05,6.787820465207235e-05,1.24972832545808e-05
42266,E01577N3897E01966N3571-PS-Mur_PYes_Var-M680_E01797N3886_S000,0.09,0.0,0.0,1.2865672462656332e-06,1.2902928955162595e-05,7.783319139430008e-05,1.4113899607824236e-05
42278,E01964N3926E02184N3685-PS-Str_PYes_Hom-M754_E02053N3767_S000,0.11,6.10527955398969e-06,1.2109526166881487e-05,4.056941109649395e-05,0.00012296448099408398,0.00019802441070457,6.41577110981227e-05
42294,E01548N3896E01854N3659-PS-Str_PNo_Var-M774_E01647N3799_S000,0.15,0.0,0.0,4.682570591813156e-06,2.3323375637106225e-05,6.097732983437808e-05,1.4922378679865458e-05
42301,E01964N3926E02184N3685-PS-Str_PYes_Var-M792_E02023N3703_S000,0.19,0.0,0.0,2.1761071249111163e-06,2.552479472367094e-05,5.8385806279646615e-05,1.2193393630161178e-05
42306,E02113N3823E02873N3483-PS-Mur_PYes_Hom-M809_E02244N3659_S000,0.16,1.6548889673318375e-07,1.6628656671534886e-06,5.391587787846212e-06,9.082750159527848e-06,1.2547325814512116e-05,5.6923836728947344e-06
42316,E02113N3823E02873N3483-PS-Mur_PNo_Var-M850_E02235N3671_S000,0.31,0.0,0.0,0.0,7.850812726262992e-05,0.000151487365303,2.8660642168046474e-05
42372,E01849N3766E02950N3220-PS-Str_PYes_Var-M792_E02013N3694_S000,0.25,0.0,0.0,1.337357091702807e-06,7.988171005942373e-06,7.448384095868793e-05,9.266966921686054e-06
42380,E01548N3896E01854N3659-PS-Mur_PYes_Hom-M792_E01789N3844_S000,0.33,0.0,0.0,1.483499450177267e-06,1.233778256157537e-05,2.4427044063169053e-05,5.7036841569196e-06
42383,E01964N3926E02184N3685-PS-Mur_PNo_Hom-M754_E02073N3766_S000,0.09,7.664272731111934e-06,1.5011063674087208e-05,5.092887695550929e-05,0.0001543268134936,0.0002514007067230949,8.02535228817394e-05
42422,E02020N3739E02658N3366-PS-Mur_PYes_Var-M880_E02212N3584_S003,1.06,0.0,0.0,0.0,8.25068624289649e-07,1.7906309205350864e-06,3.1064380821018983e-07
42426,E01964N3926E02184N3685-PS-Str_PNo_Hom-M707_E02015N3756_S000,0.04,1.1551606579908688e-05,2.898241604158377e-05,0.0001843582114173,0.000400763551163328,0.0005045652733532749,0.00021179311223527405
42440,E01964N3926E02184N3685-PS-Mur_PYes_Hom-M809_E02043N3735_S000,0.21,0.0,0.0,1.2707699998867281e-09,6.11819624076767e-06,1.959956271783109e-05,3.0750270435792064e-06
42454,E01964N3926E02184N3685-PS-Mur_PNo_Hom-M774_E02091N3733_S000,0.17,9.842436109646663e-08,1.2769247739741467e-06,9.242053907355382e-06,3.956717751969638e-05,7.156484347525989e-05,1.9531246112946425e-05
42457,E01964N3926E02184N3685-PS-Mur_PYes_Var-M809_E02099N3756_S000,0.18,0.0,0.0,1.3111647223960097e-12,7.491216315577103e-06,1.994302408982564e-05,3.818400875175552e-06
42486,E01964N3926E02184N3685-PS-Str_PYes_Var-M792_E02093N3745_S000,0.15,2.1057073991659643e-10,2.768074484634059e-08,6.791740091494392e-06,3.3242088514800176e-05,6.377782272409787e-05,1.6794138271927103e-05
42490,E02020N3739E02658N3366-PS-Mur_PYes_Var-M880_E02296N3512_S002,1.06,0.0,0.0,0.0,1.0071810640704797e-06,2.166931707979284e-06,3.7961851725762817e-07
42503,E01849N3766E02950N3220-PS-Str_PYes_Var-M809_E02040N3662_S000,0.36,0.0,0.0,2.450749531768018e-07,1.580713968705448e-06,1.7086981177958565e-05,1.9781356341720456e-06
42516,E01964N3926E02184N3685-PS-Mur_PYes_Var-M732_E02053N3710_S000,0.06,0.0,0.0,6.445455975012263e-05,0.00038738858413887595,0.0005925926048024797,0.0001679960416403883
42539,E01964N3926E02184N3685-PS-Str_PNo_Hom-M754_E02073N3766_S000,0.09,7.664271997061105e-06,1.5011062236392583e-05,5.092887207776216e-05,0.0001543267987129,0.00025140068264501494,8.025351519540399e-05
42565,E01517N3917E01678N3772-PS-Str_PYes_Hom-M707_E01551N3793_S000,0.1,6.971724870271473e-06,1.777585973969299e-05,5.0908748175237246e-05,0.00010134870185149198,0.00014583568207695002,6.12248135314454e-05
42569,E02020N3739E02658N3366-PS-Str_PYes_Hom-M880_E02239N3505_S003,1.13,0.0,0.0,0.0,8.650498126011034e-07,1.8861080889592747e-06,3.270085879534556e-07
42573,E02113N3823E02873N3483-PS-Str_PNo_Hom-M809_E02255N3645_S000,0.17,1.6628742035416208e-07,1.6105063970300295e-06,5.246905343013841e-06,8.7617782116654e-06,1.2412245343859463e-05,5.503706646538735e-06
42666,E02020N3739E02658N3366-PS-Mur_PYes_Hom-M837_E02156N3661_S000,0.36,0.0,0.0,4.45088103542259e-06,3.92497029017858e-05,7.342728287390812e-05,1.6419943879242526e-05
42701,E02113N3823E02873N3483-PS-Str_PYes_Hom-M792_E02200N3695_S000,0.12,4.955380352860937e-06,7.638090383492539e-06,2.2198218685411935e-05,3.389157063077796e-05,5.847455480831739e-05,2.5338629360098457e-05
42713,E01964N3926E02184N3685-PS-Mur_PYes_Hom-M754_E02037N3774_S000,0.08,8.312087745279827e-06,1.6367775052431405e-05,5.521055540801637e-05,0.000167672187176124,0.0002714925163217299,8.717022082973855e-05
42715,E02113N3823E02873N3483-PS-Str_PYes_Hom-M809_E02266N3671_S000,0.17,1.5322670552764503e-07,1.6048563576719555e-06,5.18961640988263e-06,8.7955321690244e-06,1.2115195858455348e-05,5.454595781442147e-06
42724,E01548N3896E01854N3659-PS-Str_PYes_Var-M792_E01633N3827_S000,0.18,2.1639642639562596e-12,2.969072486709606e-07,2.545807763955591e-06,1.5630645212825534e-05,4.8697294171541176e-05,9.650817816038611e-06
42738,E02113N3823E02873N3483-PS-Mur_PNo_Hom-M809_E02243N3683_S000,0.15,1.712060431609985e-07,1.7662377239611e-06,5.745528195273324e-06,9.666568468391573e-06,1.3395807439732732e-05,6.016219181744723e-06
42774,E01964N3926E02184N3685-PS-Mur_PYes_Var-M732_E02048N3750_S000,0.05,1.3578074591217893e-05,3.258861269625306e-05,0.0001552168790647,0.0003547004691285,0.0004948273951648,0.0001902808709051576
42783,E02113N3823E02873N3483-PS-Str_PNo_Hom-M792_E02195N3735_S000,0.12,4.8904165319590435e-06,7.589748401134277e-06,2.1606794325333627e-05,3.424451815718415e-05,5.822513574534767e-05,2.5095065639113793e-05
42833,E02020N3739E02658N3366-PS-Str_PYes_Var-M880_E02305N3524_S004,1.27,0.0,0.0,0.0,2.6243803705088867e-07,2.6667152944129934e-06,3.341405550475993e-07
42883,E02020N3739E02658N3366-PS-Mur_PYes_Var-M871_E02451N3450_S001,0.46,0.0,0.0,0.0,9.84056681810795e-06,2.4497347945907668e-05,3.9772768811845705e-06
42953,E01964N3926E02184N3685-PS-Str_PYes_Hom-M774_E02090N3766_S000,0.13,1.219498766897108e-07,1.7012195488699942e-06,1.2025907814756173e-05,5.203662165401589e-05,9.821979978713884e-05,2.5830267209412174e-05
42959,E01964N3926E02184N3685-PS-Str_PYes_Hom-M754_E02073N3766_S000,0.09,7.664271997061105e-06,1.5011062236392583e-05,5.092887207776216e-05,0.0001543267987129,0.00025140068264501494,8.025351519540399e-05
42966,E02020N3739E02658N3366-PS-Str_PYes_Hom-M861_E02498N3423_S004,0.36,0.0,0.0,1.1327225557897718e-06,2.0419688911630276e-05,7.102258712052452e-05,1.4003533332350737e-05
42971,E02020N3739E02658N3366-PS-Str_PYes_Var-M792_E02061N3684_S000,0.21,0.0,0.0,4.562987056820286e-06,2.857709220278029e-05,4.05797183440925e-05,1.1859715839846476e-05
42976,E01517N3917E01678N3772-PS-Mur_PYes_Var-M754_E01598N3815_S000,0.11,5.5501390522230104e-06,1.0061026780018696e-05,3.036504210565717e-05,7.599967417574563e-05,0.000148685603301435,4.5279498556761865e-05
43006,E02113N3823E02873N3483-PS-Str_PNo_Hom-M824_E02243N3683_S000,0.22,0.0,0.0,7.72018149248606e-06,0.0001568738400282319,0.000231393047074,6.54497830165613e-05
43018,E02020N3739E02658N3366-PS-Str_PYes_Hom-M861_E02441N3439_S005,0.42,0.0,0.0,8.112687053189938e-07,1.4972114029766349e-05,5.067976674695703e-05,1.0141052448794545e-05
43044,E02020N3739E02658N3366-PS-Str_PYes_Hom-M880_E02225N3486_S004,1.09,0.0,0.0,0.0,2.953216694299958e-07,3.277176096111277e-06,3.9270262403834037e-07
43047,E01964N3926E02184N3685-PS-Str_PYes_Hom-M754_E02050N3785_S000,0.08,8.556247886011231e-06,1.6348410348196632e-05,5.6445351449659914e-05,0.00017015619824315597,0.0002760851128476448,8.821687800952557e-05
43062,E01548N3896E01854N3659-PS-Mur_PYes_Hom-M792_E01644N3837_S000,0.18,2.15582195181512e-12,3.038032745625055e-07,2.465908029355425e-06,1.6042489106015576e-05,4.7728373783725666e-05,9.650817816038759e-06
43135,E02113N3823E02873N3483-PS-Str_PYes_Hom-M809_E02259N3628_S000,0.21,1.3746979575204892e-07,1.31676912068009e-06,4.3334332183256764e-06,7.239326468166058e-06,1.020807198623364e-05,4.533961147032442e-06
43184,E01964N3926E02184N3685-PS-Str_PYes_Var-M809_E02029N3745_S000,0.24,0.0,0.0,1.1434734090732937e-09,5.466887834945884e-06,1.757243982288492e-05,2.7602260565858346e-06
43199,E02020N3739E02658N3366-PS-Str_PYes_Hom-M809_E02156N3678_S000,0.19,1.1949844477326398e-17,1.305203383283856e-08,1.5968507190250361e-06,5.6891417004344995e-06,2.1429700218357087e-05,4.096759004950178e-06
43212,E02113N3823E02873N3483-PS-Str_PYes_Hom-M809_E02255N3645_S000,0.19,1.4878352437409227e-07,1.440979824371612e-06,4.694600874366835e-06,7.839488034267776e-06,1.1105696412405168e-05,4.924370528144132e-06
43376,E01964N3926E02184N3685-PS-Mur_PNo_Hom-M754_E02105N3765_S000,0.08,9.47353581744076e-06,1.719692173397105e-05,5.900207053787054e-05,0.00018649079324758,0.000309063940683545,9.546862493667515e-05
43416,E01964N3926E02184N3685-PS-Str_PYes_Hom-M809_E02040N3720_S000,0.26,0.0,0.0,9.615070992070078e-10,4.89496904736649e-06,1.4769006630369712e-05,2.4836681745806457e-06
43427,E01964N3926E02184N3685-PS-Str_PYes_Hom-M792_E02026N3730_S000,0.22,0.0,0.0,1.944733707408267e-06,2.091574840214407e-05,5.2388520929739395e-05,1.0265262794699e-05
43447,E01548N3896E01854N3659-PS-Mur_PYes_Var-M650_E01701N3678_S000,0.06,0.0,0.0,2.0712899579607596e-07,3.4523552060612436e-06,2.4314613331645323e-05,3.4534189564395313e-06
43476,E01964N3926E02184N3685-PS-Str_PYes_Hom-M792_E02061N3739_S000,0.2,1.383248990085771e-10,1.9795202884504085e-08,4.959236399649274e-06,2.4204087649858306e-05,4.33405057174336e-05,1.2018431333015928e-05
43527,E01548N3896E01854N3659-PS-Mur_PYes_Var-M774_E01741N3842_S000,0.24,0.0,0.0,3.337426295827075e-06,2.18487115834522e-05,3.9675097857657296e-05,9.638715531549193e-06
43543,E01964N3926E02184N3685-PS-Mur_PYes_Var-M792_E02067N3699_S000,0.16,0.0,0.0,2.913483561296688e-06,3.109805447926584e-05,8.006590431562716e-05,1.5022921365974194e-05
43582,E02020N3739E02658N3366-PS-Mur_PYes_Hom-M871_E02184N3552_S002,0.83,0.0,0.0,0.0,3.7081240307319617e-06,9.07413114417422e-06,1.4960015584412606e-06
43595,E01964N3926E02184N3685-PS-Str_PNo_Var-M809_E02091N3733_S000,0.19,0.0,4.362763663073018e-14,1.3367883548096906e-06,7.89866612426388e-06,1.4992121310749769e-05,3.660431569345498e-06
43601,E01548N3896E01854N3659-PS-Mur_PNo_Hom-M732_E01588N3786_S000,0.12,2.0523247571578714e-06,5.869637114144009e-06,2.5458419231565274e-05,0.00010248814624735197,0.00025327085830024993,5.6626460573932945e-05
43605,E01964N3926E02184N3685-PS-Str_PYes_Hom-M774_E02061N3739_S000,0.16,9.634627011723548e-08,1.266696495107168e-06,9.512009548872818e-06,3.9797400862166485e-05,7.007029685027521e-05,1.9822351409908443e-05
43608,E02113N3823E02873N3483-PS-Str_PYes_Var-M824_E02348N3529_S000,0.17,0.0,0.0,5.386493618230806e-05,0.0002283698328682,0.00031908393448683487,0.00010210980443182051
43733,E02020N3739E02658N3366-PS-Str_PYes_Hom-M837_E02218N3646_S000,0.28,0.0,0.0,6.285648755050303e-06,5.5605371219831046e-05,0.000107406813523,2.363603428800414e-05
43738,E02020N3739E02658N3366-PS-Str_PYes_Hom-M871_E02184N3522_S005,0.92,0.0,0.0,0.0,4.0581853826279895e-06,9.931833254266987e-06,1.6478209628609882e-06
43791,E02113N3823E02873N3483-PS-Str_PYes_Hom-M809_E02317N3557_S000,0.17,1.913098497095834e-07,1.7838122447054153e-06,5.8984644074269975e-06,9.827462697962292e-06,1.4108269291012344e-05,6.185535437101509e-06
43792,E01964N3926E02184N3685-PS-Str_PNo_Var-M809_E02088N3719_S000,0.17,0.0,0.0,1.0372591840175871e-06,7.51382981063282e-06,1.5356124376937965e-05,4.09116490538054e-06
43824,E02020N3739E02658N3366-PS-Str_PYes_Hom-M880_E02263N3578_S005,1.2,0.0,0.0,0.0,2.6658988980223536e-07,2.708903573812523e-06,3.3533713284187786e-07
43854,E01964N3926E02184N3685-PS-Mur_PNo_Hom-M792_E02066N3753_S000,0.19,1.548590842587655e-10,2.1601020598072764e-08,5.251074592625968e-06,2.5255399381801632e-05,4.736332587404355e-05,1.2801034059604787e-05
43864,E02113N3823E02873N3483-PS-Mur_PNo_Hom-M809_E02293N3602_S000,0.13,0.0,0.0,4.954545361359069e-06,1.4652348516748026e-05,2.0997259984351365e-05,7.45102371322088e-06
43911,E01964N3926E02184N3685-PS-Str_PNo_Hom-M732_E02083N3755_S000,0.05,1.4722050574864562e-05,3.3966195683065854e-05,0.00017113086328205,0.0003952242660911559,0.0005284616951611748,0.00020616475844540885
43926,E01964N3926E02184N3685-PS-Mur_PYes_Var-M792_E02105N3765_S000,0.11,2.8410930346321606e-10,3.635197082342227e-08,9.154000178112151e-06,4.506637888690379e-05,8.837727584001732e-05,2.2901123349805257e-05
43935,E01548N3896E01854N3659-PS-Mur_PYes_Hom-M792_E01714N3716_S000,0.25,0.0,0.0,1.3304884992437216e-06,1.2985991515854232e-05,3.558046143097464e-05,6.948588827547909e-06
43953,E01964N3926E02184N3685-PS-Str_PYes_Hom-M754_E02086N3789_S000,0.09,8.202581493675909e-06,1.4954152378036112e-05,5.131033312250249e-05,0.000162796983389496,0.00026893381234618496,8.302239733960002e-05
43983,E02020N3739E02658N3366-PS-Str_PYes_Var-M888_E02471N3437_S005,1.06,0.0,0.0,0.0,8.411077193897736e-07,9.984336621892366e-06,1.1959030999530416e-06
44011,E02113N3823E02873N3483-PS-Str_PNo_Hom-M809_E02318N3569_S000,0.15,2.105764921282549e-07,1.9883656385581053e-06,6.517753185502606e-06,1.0851771286017093e-05,1.5434777631415697e-05,6.84458421479214e-06
44041,E01548N3896E01854N3659-PS-Mur_PYes_Hom-M774_E01647N3799_S000,0.2,0.0,0.0,3.511927943859867e-06,1.7492531727829666e-05,4.573299737578355e-05,1.1191784009898693e-05
44042,E01964N3926E02184N3685-PS-Mur_PNo_Var-M754_E02033N3761_S000,0.07,9.208799769689642e-06,1.8129548161438043e-05,6.275906521758387e-05,0.000188402661652508,0.000302412829529275,9.845551580336814e-05
44081,E01517N3917E01678N3772-PS-Str_PNo_Var-M792_E01608N3844_S000,0.15,0.0,0.0,7.922014727149542e-07,2.0305975505132323e-05,4.59583249980557e-05,1.1580981379245935e-05
44092,E01964N3926E02184N3685-PS-Str_PNo_Hom-M732_E02018N3773_S000,0.05,1.3442367804426873e-05,3.145514032369225e-05,0.0001557673918131,0.00034637486972152,0.0004759610278837,0.0001857659239105181
44096,E02113N3823E02873N3483-PS-Str_PNo_Hom-M809_E02235N3671_S000,0.16,1.657366593955285e-07,1.6529072960155059e-06,5.335292663057311e-06,9.061782538288727e-06,1.2428440616063756e-05,5.6402029647972435e-06
44179,E01964N3926E02184N3685-PS-Str_PNo_Hom-M774_E02105N3765_S000,0.12,1.3145443770799752e-07,1.842727351221575e-06,1.3057193627627084e-05,5.7325405147274525e-05,0.00010845372808322998,2.8296379430597444e-05
44189,E01964N3926E02184N3685-PS-Mur_PNo_Var-M732_E02057N3724_S000,0.07,1.0813337781796413e-05,2.326002813863757e-05,0.00011690138613875,0.000269061302190756,0.00039473529667426996,0.00014562856823157334
44224,E02113N3823E02873N3483-PS-Str_PNo_Var-M824_E02320N3583_S000,0.15,0.0,0.0,5.96237608461989e-05,0.000221713796352192,0.0003254122979798,0.00010676278494205324
44239,E01964N3926E02184N3685-PS-Str_PYes_Hom-M792_E02053N3767_S000,0.17,0.0,0.0,2.5507260397117365e-06,2.8672414173861456e-05,7.64231437859964e-05,1.3795761752228465e-05
44254,E02020N3739E02658N3366-PS-Str_PYes_Var-M861_E02144N3587_S003,0.68,0.0,0.0,3.2382125841540704e-07,5.714251873904991e-06,2.1586514407234436e-05,3.962971198087017e-06
44256,E01964N3926E02184N3685-PS-Str_PNo_Var-M792_E02073N3766_S000,0.13,2.2619939980345185e-10,3.1046721828093556e-08,7.573551129317452e-06,3.6231681763778054e-05,6.843856346649292e-05,1.8489939643091256e-05
44265,E02113N3823E02873N3483-PS-Mur_PYes_Hom-M792_E02176N3736_S000,0.11,5.241344140563709e-06,7.985463957108544e-06,2.3099935203616788e-05,3.660929876396134e-05,6.18761999936467e-05,2.6586368761057222e-05
44325,E01577N3897E01966N3571-PS-Str_PYes_Hom-M792_E01762N3719_S000,0.23,0.0,0.0,2.314032948540789e-07,2.507317411107767e-06,2.987505659064958e-05,7.552813942986505e-06
44331,E01964N3926E02184N3685-PS-Mur_PNo_Hom-M774_E02117N3770_S000,0.11,1.434304556604124e-07,1.9686344725985827e-06,1.4072703947222635e-05,6.225232849455026e-05,0.00011935757979471995,3.086876930812343e-05
44397,E01964N3926E02184N3685-PS-Mur_PYes_Var-M792_E02048N3695_S000,0.2,0.0,0.0,2.1110814381103623e-06,2.455082253103547e-05,6.0466383381263334e-05,1.2160537019635856e-05
44400,E01964N3926E02184N3685-PS-Str_PYes_Var-M754_E02057N3724_S000,0.1,6.91872411200009e-06,1.228066558639713e-05,4.473574847056477e-05,0.000139022411339332,0.00022369431019066482,7.057334025670555e-05
44424,E01964N3926E02184N3685-PS-Str_PYes_Hom-M754_E02099N3777_S000,0.09,8.387770836139408e-06,1.526428824236627e-05,5.243084911218322e-05,0.00016652568382458,0.00027510286230179995,8.486094736918283e-05
44426,E02113N3823E02873N3483-PS-Str_PNo_Hom-M809_E02356N3540_S000,0.16,2.0642551304215125e-07,1.9408089250983187e-06,6.380148563698609e-06,1.0781257341661871e-05,1.5165440766640056e-05,6.7274583415781245e-06
44454,E01964N3926E02184N3685-PS-Str_PNo_Var-M732_E02057N3724_S000,0.07,1.0813335819613962e-05,2.3260023917885384e-05,0.0001169013649259,0.00026906125336697596,0.00039473522504583,0.00014562854180589358
44459,E01964N3926E02184N3685-PS-Mur_PYes_Hom-M792_E02043N3735_S000,0.18,0.0,0.0,2.451165954228157e-06,2.6015815182699213e-05,6.990778579968236e-05,1.287095622692655e-05
44467,E01964N3926E02184N3685-PS-Mur_PNo_Hom-M754_E02091N3733_S000,0.11,6.360603805067773e-06,1.2616844612539377e-05,4.299200344035282e-05,0.00012889021373029995,0.00020724704580330993,6.792743436847947e-05
44478,E01964N3926E02184N3685-PS-Str_PNo_Hom-M732_E02073N3766_S000,0.05,1.418185507130007e-05,3.293771222878e-05,0.0001649295290985,0.00038203951988877995,0.00051491274566366,0.00019936510440101546
44498,E02113N3823E02873N3483-PS-Mur_PYes_Hom-M824_E02421N3514_S000,0.14,2.219688111820757e-07,3.0115738874660012e-05,0.00012489376774669998,0.00023296070750966402,0.00032869687407400974,0.00013553108057265062
44535,E02113N3823E02873N3483-PS-Str_PYes_Hom-M809_E02373N3537_S000,0.13,2.672963648585691e-07,2.50832900999942e-06,8.36393467221543e-06,1.386790870029898e-05,1.971909691050617e-05,8.725004773494343e-06
44537,E01964N3926E02184N3685-PS-Str_PNo_Hom-M732_E02061N3739_S000,0.07,1.0539282487165777e-05,2.4570839704423104e-05,0.00011973360301655001,0.00027356951585362797,0.00037418312393298995,0.00014562854180589195
44548,E01517N3917E01678N3772-PS-Mur_PYes_Hom-M792_E01643N3856_S000,0.13,2.2008274067505495e-11,1.6971533785354488e-06,7.377927220300344e-06,2.0354377537815103e-05,5.7536489506663786e-05,1.3362670822207794e-05
44569,E02113N3823E02873N3483-PS-Mur_PYes_Hom-M792_E02306N3593_S000,0.13,5.346154287997551e-06,8.29075804970784e-06,2.408638597172023e-05,3.660761195709089e-05,6.477245299782909e-05,2.761991633274463e-05
44583,E01964N3926E02184N3685-PS-Str_PNo_Var-M774_E02061N3739_S000,0.12,1.2994985132658275e-07,1.708493966759521e-06,1.282960124132438e-05,5.3677909055846123e-05,9.450936343485777e-05,2.673597655131283e-05
44590,E02020N3739E02658N3366-PS-Str_PYes_Var-M809_E02204N3672_S000,0.13,1.8541458003281423e-17,2.208610756443709e-08,2.480082142935022e-06,9.473208097637874e-06,3.376902432916294e-05,6.559572476992852e-06
44645,E02020N3739E02658N3366-PS-Mur_PYes_Var-M861_E02212N3482_S002,0.66,0.0,0.0,3.41152171735593e-07,6.228447838860292e-06,2.546419148816993e-05,4.87311720060153e-06
44663,E02020N3739E02658N3366-PS-Mur_PNo_Hom-M792_E02175N3668_S000,0.11,2.141443447414699e-08,2.8846533299157465e-06,1.2735374655276744e-05,4.37001403935592e-05,0.00010022677809317997,2.6587683904319578e-05
44680,E01964N3926E02184N3685-PS-Mur_PYes_Var-M707_E02015N3756_S000,0.03,1.54021435906871e-05,3.864322511241853e-05,0.0002458109722426,0.00053435145304088,0.00067275376263054,0.00028239084352473735
44705,E01517N3917E01678N3772-PS-Mur_PNo_Var-M792_E01630N3865_S000,0.08,3.348074524050543e-11,2.6986071153590394e-06,1.2317767960788146e-05,3.3035796718339486e-05,9.504708710855769e-05,2.1714340086085794e-05
44731,E02020N3739E02658N3366-PS-Mur_PYes_Var-M861_E02344N3478_S001,0.61,0.0,0.0,4.961093915085154e-07,8.836743184427293e-06,3.1740138790512074e-05,6.126915487117462e-06
44750,E01964N3926E02184N3685-PS-Mur_PYes_Var-M754_E02061N3739_S000,0.09,7.55189270561528e-06,1.4748915752371005e-05,5.052635939851526e-05,0.00015177366528397595,0.0002416939825982599,8.025348537242482e-05
44778,E01964N3926E02184N3685-PS-Mur_PYes_Var-M792_E02029N3745_S000,0.16,0.0,0.0,2.7540180685611925e-06,2.8987367419513497e-05,7.852328651381209e-05,1.447984047278943e-05
44779,E01964N3926E02184N3685-PS-Mur_PNo_Var-M809_E02091N3733_S000,0.18,0.0,4.6051595034725304e-14,1.4110605276168094e-06,8.337517265670313e-06,1.582508594627415e-05,3.863805727333114e-06
44793,E01964N3926E02184N3685-PS-Mur_PYes_Hom-M809_E02061N3739_S000,0.24,0.0,0.0,1.1337756006608702e-09,5.502268289662647e-06,1.7535294934165463e-05,2.7602580558557257e-06
44809,E02113N3823E02873N3483-PS-Mur_PNo_Hom-M809_E02252N3671_S000,0.16,1.613159129936609e-07,1.6649964076848127e-06,5.426492738191192e-06,9.112250772549775e-06,1.2657986914936031e-05,5.692384949186144e-06
44829,E02113N3823E02873N3483-PS-Mur_PYes_Var-M809_E02173N3709_S000,0.1,2.259469411093556e-07,2.361842672332317e-06,7.65256910866846e-06,1.303424883664917e-05,1.7869512680813402e-05,8.030540819844877e-06
44836,E02113N3823E02873N3483-PS-Mur_PYes_Var-M809_E02165N3722_S000,0.12,1.8050661389061135e-07,1.909771543929115e-06,6.148697622042635e-06,1.04944707177516e-05,1.4421673823061463e-05,6.485022030472628e-06
44851,E02113N3823E02873N3483-PS-Str_PYes_Hom-M809_E02349N3553_S000,0.16,2.0292610951302017e-07,1.9052538975368488e-06,6.323729260479564e-06,1.0543040812334097e-05,1.4860650890298031e-05,6.623075849327925e-06
44864,E02113N3823E02873N3483-PS-Mur_PYes_Hom-M792_E02252N3671_S000,0.12,5.42906544142625e-06,8.1735021229651e-06,2.3683445940856606e-05,3.714081407243357e-05,6.271365681252035e-05,2.7267844569608607e-05
44915,E02020N3739E02658N3366-PS-Str_PYes_Hom-M880_E02180N3508_S001,1.07,0.0,0.0,0.0,2.823375590366406e-07,3.1445006610119875e-06,3.7605393341428737e-07
44938,E02020N3739E02658N3366-PS-Str_PYes_Var-M880_E02113N3596_S002,1.31,0.0,0.0,0.0,1.8463503196654185e-07,1.8789153259505348e-06,2.3736025358967924e-07
44954,E02113N3823E02873N3483-PS-Mur_PNo_Hom-M809_E02266N3671_S000,0.16,1.613375025503974e-07,1.6898067200968823e-06,5.464319994884716e-06,9.26110881824091e-06,1.275649330174661e-05,5.743325602213866e-06
44956,E01964N3926E02184N3685-PS-Str_PYes_Var-M792_E02037N3706_S000,0.22,0.0,0.0,1.6811128211971813e-06,2.07323309820485e-05,5.276906357777147e-05,1.0530624927552929e-05
44966,E02020N3739E02658N3366-PS-Str_PYes_Var-M880_E02347N3503_S005,0.99,0.0,0.0,0.0,3.5704378709796926e-07,3.6280340248264594e-06,4.508319641251734e-07
44987,E01964N3926E02184N3685-PS-Mur_PNo_Hom-M774_E02065N3777_S000,0.13,1.1298698632900724e-07,1.6223670765127138e-06,1.1457018925438426e-05,4.979648669879917e-05,9.035057056412176e-05,2.4107314635969064e-05
44996,E01964N3926E02184N3685-PS-Str_PYes_Var-M809_E02066N3753_S000,0.2,0.0,0.0,1.3375017373978816e-09,6.685703878324283e-06,2.0949672524362367e-05,3.3530362496887733e-06
44997,E01964N3926E02184N3685-PS-Str_PYes_Hom-M732_E02024N3715_S000,0.06,0.0,0.0,6.005753212960096e-05,0.0003439508648328199,0.0005478564691953648,0.0001548049063913233
45008,E02113N3823E02873N3483-PS-Mur_PNo_Hom-M792_E02260N3683_S000,0.11,5.955884420591423e-06,8.911578507925763e-06,2.5844648316005825e-05,4.0920098456078686e-05,6.898756070360393e-05,2.9746737424849225e-05
45011,E02113N3823E02873N3483-PS-Str_PNo_Hom-M809_E02263N3611_S000,0.15,1.932423941507109e-07,1.7947961623309809e-06,5.972557499689811e-06,1.0140815774689903e-05,1.4193274583858014e-05,6.291876286292478e-06
45018,E02020N3739E02658N3366-PS-Str_PYes_Hom-M880_E02313N3510_S004,1.2,0.0,0.0,0.0,2.7945085320118907e-07,2.839587860977135e-06,3.5670803326977743e-07
45036,E02113N3823E02873N3483-PS-Mur_PYes_Var-M824_E02218N3695_S000,0.13,1.6122450576721298e-07,2.1993198659318343e-05,9.574773690184459e-05,0.0001820177787981,0.0002609322572128,0.00010455175482887438
45068,E02113N3823E02873N3483-PS-Str_PYes_Var-M809_E02226N3659_S000,0.13,2.0643476578183587e-07,1.982157476189739e-06,6.4465224135573976e-06,1.0709304496251722e-05,1.5089839994961364e-05,6.750657572559407e-06
45109,E02020N3739E02658N3366-PS-Str_PYes_Hom-M792_E02142N3694_S000,0.17,1.2596907540350051e-08,1.71947100291326e-06,7.485046335707879e-06,2.6111554874006417e-05,5.950711123388183e-05,1.584167080936635e-05
45115,E01964N3926E02184N3685-PS-Str_PNo_Var-M792_E02105N3765_S000,0.12,2.634525520154368e-10,3.370892599249657e-08,8.488439761303514e-06,4.17897350883006e-05,8.195162416861606e-05,2.123605005883806e-05
45137,E02113N3823E02873N3483-PS-Str_PNo_Hom-M809_E02259N3628_S000,0.17,1.683262509541571e-07,1.6123309723690928e-06,5.306115160865049e-06,8.86426488926699e-06,1.2499374699094614e-05,5.551653566346468e-06
45188,E01964N3926E02184N3685-PS-Str_PNo_Var-M792_E02078N3742_S000,0.14,2.003394534037437e-10,2.8600087124258015e-08,7.30087110736926e-06,3.570572478670261e-05,6.55433827153151e-05,1.7581501576179828e-05
45226,E02113N3823E02873N3483-PS-Str_PYes_Hom-M792_E02261N3660_S000,0.12,5.506442666087548e-06,8.354382467394036e-06,2.420756275083575e-05,3.775252415301809e-05,6.374663026276136e-05,2.7748736216069542e-05
45267,E02113N3823E02873N3483-PS-Str_PYes_Var-M809_E02195N3735_S000,0.1,2.2244942430974506e-07,2.3618872928590437e-06,7.942233239448323e-06,1.3344949370940072e-05,1.8580010174369886e-05,8.278825443075595e-06
45279,E01964N3926E02184N3685-PS-Str_PNo_Var-M754_E02029N3787_S000,0.06,1.0767208855196564e-05,2.1537988477477507e-05,7.208372720919729e-05,0.00021615156269691197,0.00034985359112344496,0.00011346928225602729
45284,E02020N3739E02658N3366-PS-Mur_PYes_Hom-M861_E02209N3537_S002,0.62,0.0,0.0,3.932391556533022e-07,7.162394037914451e-06,2.872555393666792e-05,5.047210338663153e-06
45287,E01964N3926E02184N3685-PS-Str_PYes_Var-M792_E02090N3766_S000,0.13,2.3844045718544764e-10,3.128390317897078e-08,7.808236154796155e-06,3.790488979962671e-05,7.434579576434782e-05,1.9377831956690464e-05
45289,E01517N3917E01678N3772-PS-Mur_PNo_Var-M732_E01550N3812_S000,0.09,9.339144217419983e-06,2.0970866241064858e-05,5.5191589195407545e-05,0.00012385094976475998,0.00021366689414431997,7.550194743191025e-05
45310,E02020N3739E02658N3366-PS-Mur_PYes_Hom-M880_E02226N3500_S001,0.91,0.0,0.0,0.0,1.0190274803919826e-06,2.213959885895113e-06,3.859039145139e-07
45318,E01577N3897E01966N3571-PS-Mur_PYes_Var-M680_E01747N3699_S000,0.08,0.0,0.0,1.17590362244418e-06,1.3037343646884138e-05,7.30815969924065e-05,1.30491052496943e-05
45325,E01964N3926E02184N3685-PS-Mur_PYes_Var-M774_E02081N3777_S000,0.08,1.8990590632224057e-07,2.652668632652859e-06,1.882678107607762e-05,8.208452484896206e-05,0.00015468637352929993,4.057436110479445e-05
45338,E01849N3766E02950N3220-PS-Str_PYes_Var-M774_E02010N3666_S000,0.37,0.0,0.0,1.3812067848769608e-06,9.000505721654715e-06,5.479027897423093e-05,8.77264941283197e-06
45369,E01964N3926E02184N3685-PS-Mur_PYes_Hom-M707_E01991N3732_S000,0.04,0.0,0.0,6.605545673839795e-05,0.00047885043483711197,0.0007827620638758999,0.0002066468664863079
45393,E01964N3926E02184N3685-PS-Mur_PYes_Hom-M809_E02057N3724_S000,0.27,0.0,0.0,9.657319216747889e-10,4.708633790882345e-06,1.4920540444720265e-05,2.4226457926300925e-06
45396,E02020N3739E02658N3366-PS-Mur_PYes_Hom-M809_E02142N3694_S000,0.25,8.48619208174861e-18,1.0178267801757057e-08,1.1382229252253849e-06,4.361231088588485e-06,1.5545314517375964e-05,3.014133529892346e-06
45413,E01964N3926E02184N3685-PS-Str_PYes_Var-M792_E02105N3765_S000,0.12,2.634525520154368e-10,3.370892599249657e-08,8.488439761303514e-06,4.17897350883006e-05,8.195162416861606e-05,2.123605005883806e-05
45418,E01517N3917E01678N3772-PS-Str_PNo_Var-M792_E01619N3854_S000,0.13,2.008500874669566e-11,1.6894047997497866e-06,7.4898037860189446e-06,2.0436563794417082e-05,5.8857819657798376e-05,1.3362670822207924e-05
45419,E02020N3739E02658N3366-PS-Mur_PYes_Var-M871_E02377N3471_S005,0.59,0.0,0.0,0.0,8.120135707552331e-06,1.993123452141069e-05,3.256249190559143e-06
45443,E02020N3739E02658N3366-PS-Mur_PYes_Var-M809_E02164N3695_S000,0.15,1.45109245157766e-17,1.7572663691582757e-08,1.9523463632248784e-06,7.542128208625186e-06,2.687186306918495e-05,5.189264002264453e-06
45455,E02020N3739E02658N3366-PS-Str_PNo_Hom-M809_E02116N3712_S000,0.25,8.416367435128214e-18,1.011761723724953e-08,1.131333473450515e-06,4.3323289898495554e-06,1.5340030973855078e-05,2.9809046748877027e-06
45462,E01964N3926E02184N3685-PS-Str_PYes_Var-M774_E02081N3777_S000,0.08,1.89905870673049e-07,2.6526681346931366e-06,1.8826777541908845e-05,8.208450944003135e-05,0.00015468634449148491,4.057435348816373e-05
45475,E02113N3823E02873N3483-PS-Mur_PNo_Hom-M809_E02364N3550_S000,0.13,2.56192900050157e-07,2.4239135574949698e-06,8.020252728282203e-06,1.3340481732987268e-05,1.8839246070035432e-05,8.406893796846909e-06
45480,E02020N3739E02658N3366-PS-Mur_PYes_Var-M824_E02120N3675_S000,0.28,0.0,0.0,1.269392909479007e-05,9.933986679035262e-05,0.00017637802098859,4.181070884038724e-05
45510,E01964N3926E02184N3685-PS-Mur_PYes_Hom-M792_E02073N3766_S000,0.16,1.8155368053059055e-10,2.4918928260630132e-08,6.078734441421852e-06,2.9080515605888903e-05,5.493061917213182e-05,1.484051946162904e-05
45513,E02113N3823E02873N3483-PS-Str_PYes_Var-M809_E02157N3736_S000,0.13,1.6417814913684885e-07,1.7431840312227437e-06,5.707395668191011e-06,9.71266283515859e-06,1.3389469032250437e-05,5.987549604861682e-06
45519,E01964N3926E02184N3685-PS-Mur_PYes_Var-M792_E02074N3729_S000,0.17,1.647291169915075e-10,2.3510511200126887e-08,5.969263046370645e-06,2.8825963862770633e-05,5.1871616808062707e-05,1.4307079621902989e-05
45551,E01517N3917E01678N3772-PS-Mur_PNo_Var-M774_E01620N3835_S000,0.12,1.6042577706490184e-08,2.9640000715473174e-06,1.2104576329611006e-05,2.811591052856395e-05,7.330952162236946e-05,1.8652973349832737e-05
45594,E02020N3739E02658N3366-PS-Str_PNo_Var-M809_E02182N3695_S000,0.11,1.9453705624552086e-17,2.67117623868e-08,2.857058979539794e-06,1.1147198252547317e-05,3.706851735606628e-05,7.4523519671180424e-06
45654,E01964N3926E02184N3685-PS-Mur_PYes_Hom-M809_E02023N3703_S000,0.18,0.0,0.0,1.2869779589128796e-09,7.0114439814242675e-06,1.95398901546086e-05,3.4504752246190673e-06
45668,E02113N3823E02873N3483-PS-Str_PYes_Var-M809_E02218N3671_S000,0.13,2.0355679052071576e-07,1.9694702137925825e-06,6.414901908348251e-06,1.0828644666544062e-05,1.526453768412024e-05,6.750662752020543e-06
45675,E01964N3926E02184N3685-PS-Str_PYes_Hom-M754_E02003N3766_S000,0.08,0.0,0.0,0.0,0.0001676413615208,0.00046639396467824983,8.303355036487857e-05
45684,E01577N3897E01966N3571-PS-Mur_PYes_Hom-M754_E01863N3828_S000,0.19,0.0,0.0,1.6630421507249285e-06,1.9925734404200783e-05,0.00014211213379359993,3.1897681451948794e-05
45715,E02113N3823E02873N3483-PS-Mur_PYes_Hom-M792_E02148N3750_S000,0.12,4.5553928020183175e-06,6.996921994247909e-06,2.002045695965962e-05,3.1790950195244534e-05,5.415441570975355e-05,2.3165618729552455e-05
45738,E02113N3823E02873N3483-PS-Str_PYes_Hom-M809_E02356N3540_S000,0.15,2.2185481393109015e-07,2.0858749318722267e-06,6.85703356911621e-06,1.158710377524499e-05,1.6298983540754854e-05,7.230303059947867e-06
45747,E01964N3926E02184N3685-PS-Str_PNo_Var-M792_E02117N3755_S000,0.11,3.0334847941275635e-10,3.832928071454465e-08,9.70825373479295e-06,4.745322677758654e-05,9.37536825952274e-05,2.4215974457433074e-05
45758,E01964N3926E02184N3685-PS-Str_PYes_Hom-M809_E02048N3750_S000,0.2,0.0,0.0,1.3018523787680988e-09,6.243866909473614e-06,2.0043619755362882e-05,3.146255353299966e-06
45765,E01964N3926E02184N3685-PS-Str_PNo_Var-M792_E02090N3766_S000,0.13,2.3844052386894747e-10,3.128391192799004e-08,7.808238338488137e-06,3.790490040030556e-05,7.434581655628019e-05,1.9377837375995785e-05
45777,E01517N3917E01678N3772-PS-Str_PNo_Var-M754_E01597N3834_S000,0.09,6.697992065794976e-06,1.2314073163054461e-05,3.683033823209817e-05,9.023515341119605e-05,0.000185153266400735,5.5341609347153184e-05
45794,E01548N3896E01854N3659-PS-Mur_PYes_Hom-M774_E01622N3816_S000,0.16,1.8776947601335103e-09,7.064485919034755e-07,5.092501443771817e-06,2.4970001903674057e-05,6.64094674890835e-05,1.398973001237442e-05
45798,E02113N3823E02873N3483-PS-Mur_PYes_Var-M809_E02132N3749_S000,0.19,1.0906288663450469e-07,1.1253334659233909e-06,3.6612265097064578e-06,6.159404005928711e-06,8.538943135604894e-06,3.835127706950221e-06
45866,E01964N3926E02184N3685-PS-Str_PYes_Var-M732_E02078N3742_S000,0.05,1.42741067020759e-05,3.340919879892034e-05,0.0001674528636451,0.00037291940560080797,0.0005123900647043899,0.00020159541607274662
45869,E01964N3926E02184N3685-PS-Mur_PNo_Hom-M754_E02090N3766_S000,0.08,9.248867467254404e-06,1.7336763887408923e-05,5.850323444779297e-05,0.00018387870116597197,0.00030292548558581993,9.444688773769071e-05
45910,E01964N3926E02184N3685-PS-Str_PYes_Hom-M792_E02048N3695_S000,0.13,0.0,0.0,3.0937248535361176e-06,3.597847457131034e-05,8.861162326238895e-05,1.7820892614955632e-05
45911,E01964N3926E02184N3685-PS-Str_PNo_Var-M809_E02099N3756_S000,0.17,0.0,0.0,1.421624717390921e-12,8.122319107308956e-06,2.1623138192590674e-05,4.1400847447580895e-06
45951,E02020N3739E02658N3366-PS-Mur_PNo_Var-M809_E02135N3710_S000,0.2,1.0171329430431814e-17,1.2986380578373004e-08,1.4157838589432192e-06,5.488120287301557e-06,1.8956944435655155e-05,3.7260483192977745e-06
45956,E02113N3823E02873N3483-PS-Mur_PNo_Hom-M809_E02358N3562_S000,0.14,0.0,0.0,5.043982940269318e-06,1.515572711539543e-05,2.1344332406551087e-05,7.628880051109701e-06
45980,E01964N3926E02184N3685-PS-Str_PNo_Var-M792_E02088N3719_S000,0.15,1.8952189901912196e-10,2.717289388507396e-08,6.862669837063818e-06,3.3567550859940805e-05,6.05279488052621e-05,1.6599747510471614e-05
45999,E02113N3823E02873N3483-PS-Str_PNo_Hom-M809_E02306N3593_S000,0.18,1.706923886010973e-07,1.6396230881106026e-06,5.358930510504815e-06,8.889495635589808e-06,1.252994212796583e-05,5.6121402662424625e-06
46020,E01517N3917E01678N3772-PS-Mur_PYes_Hom-M707_E01587N3805_S000,0.08,8.605695247942984e-06,2.191123413797651e-05,6.30244000376305e-05,0.000126039779310668,0.00018298046661620486,7.653101691430397e-05
46025,E01964N3926E02184N3685-PS-Str_PYes_Var-M732_E02057N3724_S000,0.06,1.205344639589586e-05,2.5927563532517397e-05,0.000130308015884,0.000299918124136064,0.00044000481951474494,0.00016232972430079226
46034,E01964N3926E02184N3685-PS-Str_PNo_Var-M774_E02073N3766_S000,0.1,1.4954527932109763e-07,2.147303379806661e-06,1.5093767660749837e-05,6.512758418381389e-05,0.00011803288326630996,3.171585639119015e-05
46040,E02113N3823E02873N3483-PS-Str_PYes_Hom-M809_E02333N3573_S000,0.16,0.0,0.0,4.3518662727533835e-06,1.2791403989526433e-05,1.8323751613223493e-05,6.519937189280103e-06
46048,E02113N3823E02873N3483-PS-Mur_PYes_Var-M809_E02119N3739_S000,0.19,1.1069282888157419e-07,1.1255879281159875e-06,3.6466867349915377e-06,6.124940712651751e-06,8.495051992128377e-06,3.83515146811923e-06
46061,E01964N3926E02184N3685-PS-Str_PNo_Hom-M754_E02037N3774_S000,0.09,7.388522440248738e-06,1.454913337993903e-05,4.907604925157012e-05,0.000149041944156544,0.0002413266811748599,7.748464073754403e-05
46081,E01964N3926E02184N3685-PS-Mur_PYes_Var-M792_E02083N3755_S000,0.13,2.3425820791925903e-10,3.0857959088963746e-08,7.560664532859361e-06,3.6995721799473036e-05,7.094919287054042e-05,1.870924527256529e-05
46086,E02113N3823E02873N3483-PS-Mur_PNo_Hom-M809_E02390N3528_S000,0.13,2.7016348459504373e-07,2.535833942530653e-06,8.396132980326785e-06,1.3974407449125065e-05,1.9849927630784723e-05,8.789244313891388e-06
46107,E02020N3739E02658N3366-PS-Str_PYes_Var-M880_E02195N3484_S005,1.43,0.0,0.0,0.0,1.8174867832459202e-07,2.0890452636456096e-06,2.4558248275990387e-07
46163,E01964N3926E02184N3685-PS-Mur_PYes_Hom-M809_E02067N3699_S000,0.24,0.0,0.0,1.064684849277514e-09,5.382290637472965e-06,1.64315902289908e-05,2.7254214982013194e-06
46166,E01577N3897E01966N3571-PS-Mur_PYes_Hom-M809_E01729N3669_S000,0.33,0.0,0.0,3.2838514122195624e-08,5.334062936775224e-07,4.129858813648399e-06,1.5052085273194542e-06
46168,E02113N3823E02873N3483-PS-Str_PNo_Var-M809_E02218N3695_S000,0.12,2.0696115643978478e-07,2.175686770357233e-06,7.012946909448372e-06,1.2010830632982703e-05,1.6415817041781546e-05,7.382801825255339e-06
46221,E02113N3823E02873N3483-PS-Str_PYes_Hom-M809_E02318N3569_S000,0.18,1.7687376294125367e-07,1.6701280804918086e-06,5.474587976040774e-06,9.114947269454249e-06,1.2964444284536906e-05,5.74910975865834e-06
46259,E01964N3926E02184N3685-PS-Mur_PYes_Var-M792_E02088N3719_S000,0.18,1.561243406304603e-10,2.2384485185010746e-08,5.653329820043827e-06,2.765227539250719e-05,4.9861710682744624e-05,1.3674539185802302e-05
46270,E01964N3926E02184N3685-PS-Str_PYes_Hom-M732_E02003N3766_S000,0.06,0.0,0.0,5.788233962669922e-05,0.00036551294103088,0.000564167584351815,0.00015480495232167573
46275,E01548N3896E01854N3659-PS-Str_PNo_Hom-M792_E01644N3837_S000,0.15,2.586986342178144e-12,3.645639294750067e-07,2.95908963522651e-06,1.9250986927218694e-05,5.7274048540470804e-05,1.1580981379245722e-05
46285,E02113N3823E02873N3483-PS-Str_PYes_Hom-M774_E02119N3739_S000,0.12,5.7486694736082885e-06,1.134486500167956e-05,2.7694802969159577e-05,3.895935194675265e-05,6.394003454237596e-05,2.8916123744754914e-05
46287,E01964N3926E02184N3685-PS-Mur_PYes_Hom-M732_E02029N3787_S000,0.05,1.3518448850435728e-05,3.23577160025333e-05,0.0001616736378269,0.000367631327228692,0.0004971378838113797,0.0001925655417139779
46316,E01517N3917E01678N3772-PS-Str_PNo_Hom-M707_E01587N3805_S000,0.08,8.605695247942984e-06,2.191123413797651e-05,6.30244000376305e-05,0.000126039779310668,0.00018298046661620486,7.653101691430397e-05
46319,E01964N3926E02184N3685-PS-Str_PYes_Var-M792_E02103N3738_S000,0.16,2.03710418530344e-10,2.7354177570993173e-08,6.609008016399782e-06,3.2160157942766644e-05,6.128074168265978e-05,1.628786823176128e-05
46338,E01964N3926E02184N3685-PS-Str_PYes_Hom-M809_E02090N3766_S000,0.25,0.0,0.0,0.0,4.468451365153412e-06,1.8102964996768773e-05,2.781843373893071e-06
46355,E01964N3926E02184N3685-PS-Str_PYes_Var-M754_E02088N3719_S000,0.09,7.541681985523739e-06,1.5019065395547403e-05,5.121041431793736e-05,0.0001540921426984,0.000248842367698755,8.209204308834238e-05
46409,E02113N3823E02873N3483-PS-Mur_PYes_Hom-M809_E02344N3564_S000,0.16,1.9919891883751553e-07,1.91730476749486e-06,6.3395849373910016e-06,1.0568465639528806e-05,1.4937744869394424e-05,6.623077108372157e-06
46418,E02020N3739E02658N3366-PS-Str_PNo_Hom-M809_E02193N3666_S000,0.18,1.3169231394433732e-17,1.5604826826657047e-08,1.759796678618664e-06,6.776248377865292e-06,2.4305735317867486e-05,4.691260563013995e-06
46430,E02020N3739E02658N3366-PS-Str_PYes_Hom-M792_E02175N3668_S000,0.11,2.1628139245687513e-08,2.9134406500566294e-06,1.2862466983326525e-05,4.413624476654037e-05,0.00010122698852325496,2.6853014979087386e-05
46477,E02113N3823E02873N3483-PS-Mur_PNo_Hom-M809_E02276N3623_S000,0.14,2.0676963613829215e-07,1.960921676654975e-06,6.502997914789805e-06,1.0840024113790117e-05,1.534035323822403e-05,6.8009383696677755e-06
46479,E02113N3823E02873N3483-PS-Str_PYes_Var-M809_E02165N3722_S000,0.11,2.0113934143715014e-07,2.1280671237570165e-06,6.851521746141143e-06,1.169403648654784e-05,1.6070136781524584e-05,7.226289565240806e-06
46482,E01964N3926E02184N3685-PS-Mur_PYes_Hom-M774_E02093N3745_S000,0.14,1.1141594250350259e-07,1.5974510812462901e-06,1.1249790294450575e-05,4.853679740334903e-05,8.916466576151891e-05,2.371649137534645e-05
46485,E02113N3823E02873N3483-PS-Mur_PNo_Hom-M792_E02251N3695_S000,0.09,7.097147234592356e-06,1.0699003251108906e-05,3.101266643089447e-05,4.920402306705162e-05,8.294393528698574e-05,3.570819866898252e-05
46490,E01964N3926E02184N3685-PS-Mur_PNo_Hom-M732_E02029N3787_S000,0.05,1.3518448850435728e-05,3.23577160025333e-05,0.0001616736378269,0.000367631327228692,0.0004971378838113797,0.0001925655417139779
46496,E01964N3926E02184N3685-PS-Mur_PYes_Hom-M809_E02029N3745_S000,0.17,0.0,0.0,1.5130583059928324e-09,7.233854308251646e-06,2.3252071993631302e-05,3.6523656153226173e-06
46516,E02113N3823E02873N3483-PS-Mur_PNo_Var-M824_E02244N3659_S000,0.15,1.518252138232335e-07,2.0620740784272268e-05,8.725906299794327e-05,0.0001641515229442,0.0002324873585544,9.508859856244753e-05
46518,E01964N3926E02184N3685-PS-Str_PYes_Hom-M774_E02074N3729_S000,0.16,9.8850570129376e-08,1.2779438649467727e-06,9.643191874359865e-06,4.043734964063077e-05,7.142257413131323e-05,2.005194821636695e-05
46547,E02020N3739E02658N3366-PS-Mur_PYes_Hom-M809_E02164N3695_S000,0.19,1.1453221673655305e-17,1.3869799435416607e-08,1.5409532078716476e-06,5.952871312272142e-06,2.12094966231044e-05,4.095796299983273e-06
46576,E01548N3896E01854N3659-PS-Str_PYes_Hom-M707_E01563N3772_S000,0.11,0.0,0.0,1.7324173522187486e-05,0.0001183291638277,0.00024655633746041,5.565892139222022e-05
46577,E02020N3739E02658N3366-PS-Mur_PYes_Var-M824_E02106N3725_S000,0.29,0.0,0.0,1.100312325550948e-05,9.704058011828874e-05,0.0001776670814944,3.990249159026866e-05
46578,E02113N3823E02873N3483-PS-Str_PNo_Hom-M792_E02344N3564_S000,0.11,6.715242181637881e-06,1.0508723596021988e-05,3.031607624753831e-05,4.662908267799867e-05,8.063726635523344e-05,3.474663469820748e-05
46605,E02113N3823E02873N3483-PS-Mur_PYes_Hom-M792_E02210N3708_S000,0.12,5.0707147400756274e-06,7.680406735937136e-06,2.217484763530755e-05,3.534920655917371e-05,5.959490102738026e-05,2.5576047520721262e-05
46611,E01964N3926E02184N3685-PS-Mur_PYes_Hom-M809_E02048N3695_S000,0.16,0.0,0.0,1.4622689715145397e-09,8.019153617457378e-06,2.2743832801528106e-05,4.035946468533276e-06
46612,E02113N3823E02873N3483-PS-Str_PYes_Hom-M792_E02320N3583_S000,0.13,5.408912456027765e-06,8.514849768810538e-06,2.448682061270858e-05,3.7781908547951726e-05,6.515687111814861e-05,2.8063841628930243e-05
46623,E02113N3823E02873N3483-PS-Str_PNo_Var-M809_E02173N3709_S000,0.11,2.054070681730153e-07,2.147137626328384e-06,6.9569066829818075e-06,1.18493608553782e-05,1.6245071481936596e-05,7.3005185976370664e-06
46637,E02113N3823E02873N3483-PS-Str_PYes_Hom-M809_E02332N3558_S000,0.16,2.0099682114200848e-07,1.8895455434256129e-06,6.231897541760546e-06,1.057513311987782e-05,1.4769140845736933e-05,6.57213307489692e-06
46638,E02113N3823E02873N3483-PS-Mur_PNo_Var-M809_E02219N3719_S000,0.11,2.1400660268185142e-07,2.272244475483029e-06,7.565590524949162e-06,1.2809090181759247e-05,1.764934126173982e-05,7.903949446151733e-06
46642,E01964N3926E02184N3685-PS-Mur_PYes_Hom-M774_E02103N3738_S000,0.13,1.233604364416508e-07,1.7779394424639706e-06,1.2442647097561984e-05,5.388852793336228e-05,9.7034324049977e-05,2.611988427411291e-05
46646,E01964N3926E02184N3685-PS-Mur_PYes_Hom-M809_E02009N3708_S000,0.19,0.0,0.0,1.2582040800047663e-09,6.62512109124395e-06,1.9171518806203134e-05,3.3117931302940878e-06
46647,E02020N3739E02658N3366-PS-Mur_PYes_Var-M809_E02146N3723_S000,0.19,1.0400045378156089e-17,1.4296817087067908e-08,1.51360161684011e-06,5.96463274649394e-06,1.9817009162383268e-05,3.9650705396599e-06
46687,E02113N3823E02873N3483-PS-Mur_PNo_Hom-M792_E02165N3722_S000,0.11,5.1016529552846026e-06,7.5955086251215075e-06,2.2199088934081794e-05,3.4848113293296994e-05,5.877301985892493e-05,2.553088978686876e-05
46725,E02113N3823E02873N3483-PS-Str_PYes_Hom-M809_E02260N3683_S000,0.17,0.0,0.0,2.004286916161558e-06,1.3128161789644457e-05,1.915578121599012e-05,5.4546013167727096e-06
46736,E01964N3926E02184N3685-PS-Mur_PNo_Var-M732_E02061N3739_S000,0.06,1.2158048494764708e-05,2.834476265791806e-05,0.0001381239143842,0.000315588034051472,0.00043165524524463994,0.00016799614923065513
46746,E02113N3823E02873N3483-PS-Mur_PYes_Hom-M809_E02272N3638_S000,0.18,1.5613652298429647e-07,1.5461328674609462e-06,4.995258322676539e-06,8.460251390112449e-06,1.170853516045562e-05,5.289621338204528e-06
46765,E01964N3926E02184N3685-PS-Str_PYes_Var-M792_E02066N3753_S000,0.16,1.7953194191513201e-10,2.504259400656542e-08,6.087699816047371e-06,2.9279205133879157e-05,5.4909467600348076e-05,1.4840553360126582e-05
46768,E01964N3926E02184N3685-PS-Str_PYes_Var-M792_E02033N3761_S000,0.16,0.0,0.0,2.693066787115485e-06,3.0772961006464886e-05,8.109447740303549e-05,1.4658027744359869e-05
46770,E01964N3926E02184N3685-PS-Str_PYes_Var-M792_E02053N3767_S000,0.16,0.0,0.0,2.7101526736026327e-06,3.0464510387291317e-05,8.11997777229512e-05,1.4658030699922667e-05
46772,E01964N3926E02184N3685-PS-Str_PNo_Hom-M774_E02074N3729_S000,0.16,1.0116960658773731e-07,1.3079244549491567e-06,9.86942135894802e-06,4.13860107153559e-05,7.309814922555648e-05,2.0522367344087248e-05
46773,E01964N3926E02184N3685-PS-Str_PYes_Hom-M792_E02065N3777_S000,0.17,0.0,0.0,8.60465005845634e-09,2.586448493078705e-05,7.548572311542936e-05,1.3967542221947648e-05
46774,E01964N3926E02184N3685-PS-Mur_PYes_Var-M792_E02053N3767_S000,0.14,0.0,0.0,3.097317035370029e-06,3.481657986128628e-05,9.279973680421229e-05,1.675203343119914e-05
46793,E01964N3926E02184N3685-PS-Mur_PYes_Hom-M792_E02023N3703_S000,0.18,0.0,0.0,2.2391006392508215e-06,2.6263681382345548e-05,6.007594693633068e-05,1.2546365553141835e-05
46824,E02020N3739E02658N3366-PS-Str_PYes_Var-M792_E02214N3447_S000,0.19,0.0,0.0,1.1240188371225263e-06,2.490995446056916e-05,0.00012379120530073498,1.920155726084791e-05
46836,E02020N3739E02658N3366-PS-Str_PYes_Var-M792_E02100N3712_S000,0.19,1.0820638235154705e-08,1.4464868057056385e-06,6.4285968452905095e-06,2.229801640216852e-05,5.111799132844454e-05,1.356253026477203e-05
46841,E01964N3926E02184N3685-PS-Mur_PYes_Hom-M774_E02074N3729_S000,0.15,1.0544076793363653e-07,1.3631421884538384e-06,1.0286086921230046e-05,4.3133238318490866e-05,7.618419453065718e-05,2.1388777178847078e-05
46849,E01964N3926E02184N3685-PS-Mur_PNo_Var-M809_E02099N3756_S000,0.17,0.0,0.0,1.4047615461036037e-12,8.025972964278906e-06,2.136664667366141e-05,4.090975470460299e-06
46869,E02113N3823E02873N3483-PS-Mur_PNo_Hom-M792_E02350N3576_S000,0.12,6.040422078952048e-06,9.437005993392495e-06,2.7136014957686337e-05,4.187875944396065e-05,7.080498133774308e-05,3.088342792129117e-05
46881,E02020N3739E02658N3366-PS-Mur_PYes_Var-M837_E02182N3695_S000,0.28,0.0,1.0257353838623717e-13,2.885731719920623e-06,2.6314442414293493e-05,0.00014346619143600496,2.1111373243230148e-05
46910,E01964N3926E02184N3685-PS-Str_PNo_Hom-M774_E02053N3767_S000,0.14,1.0705729803944185e-07,1.4994317142110525e-06,1.0686996445463297e-05,4.622550917009266e-05,8.27063597634728e-05,2.2385367942903013e-05
46946,E01964N3926E02184N3685-PS-Str_PNo_Var-M792_E02083N3755_S000,0.14,2.2013730151098182e-10,2.8997864810449113e-08,7.104913431537499e-06,3.476564785808492e-05,6.667242954529113e-05,1.758146621282684e-05
46979,E01964N3926E02184N3685-PS-Mur_PYes_Hom-M792_E02048N3750_S000,0.16,0.0,0.0,2.684824900536869e-06,2.8259075979694055e-05,7.658466273685278e-05,1.4114783450765648e-05
47019,E02113N3823E02873N3483-PS-Str_PNo_Var-M809_E02157N3736_S000,0.14,1.5245125738890567e-07,1.618672148622258e-06,5.299728682569391e-06,9.018908238392874e-06,1.2433088084303707e-05,5.559871826662794e-06
47024,E02020N3739E02658N3366-PS-Mur_PYes_Var-M792_E02164N3503_S000,0.21,0.0,0.0,1.2874476827622334e-06,2.030726152411458e-05,0.00010041491185969499,1.613121923029601e-05
47063,E02020N3739E02658N3366-PS-Str_PYes_Var-M792_E02314N3423_S000,0.18,0.0,0.0,1.959683155591599e-06,2.9022142808952646e-05,0.00014350807018860998,2.316550224953978e-05
47087,E01964N3926E02184N3685-PS-Str_PYes_Hom-M754_E02069N3788_S000,0.08,8.767888469534756e-06,1.6603665876126414e-05,5.607076170992091e-05,0.00017282930695767997,0.00028505432500549,8.923858165766112e-05
47102,E02020N3739E02658N3366-PS-Mur_PYes_Var-M792_E02290N3438_S000,0.18,0.0,0.0,2.0825007464322353e-06,2.8507936844205325e-05,0.000140965435547015,2.3003254684195723e-05
47138,E01548N3896E01854N3659-PS-Mur_PYes_Var-M754_E01778N3834_S000,0.17,0.0,0.0,9.96684574112206e-06,6.22149810872059e-05,0.0001158477326227,3.027934982310149e-05
47150,E01964N3926E02184N3685-PS-Str_PNo_Hom-M754_E02091N3733_S000,0.11,6.360602650875091e-06,1.2616842323091682e-05,4.299199563904066e-05,0.00012889019034193196,0.00020724700819636996,6.792742204239404e-05
47156,E02020N3739E02658N3366-PS-Mur_PYes_Var-M809_E02116N3712_S000,0.23,9.14764078028199e-18,1.0996707160437546e-08,1.22963170246575e-06,4.708752279010018e-06,1.6672881024839416e-05,3.2399066908989506e-06
47165,E01964N3926E02184N3685-PS-Mur_PYes_Hom-M792_E02037N3706_S000,0.17,0.0,0.0,2.120726627531936e-06,2.6153870109160587e-05,6.656826170632099e-05,1.3284400908029685e-05
47217,E02020N3739E02658N3366-PS-Str_PYes_Var-M809_E02135N3710_S000,0.22,9.347859240575164e-18,1.19350040249376e-08,1.3011620869227596e-06,5.043802414613358e-06,1.742219140850164e-05,3.4243876821221593e-06
47221,E02020N3739E02658N3366-PS-Mur_PYes_Var-M809_E02102N3607_S000,0.2,0.0,0.0,1.170998522640156e-06,9.90371847986813e-06,1.6697417571244505e-05,3.849793807771709e-06
47255,E01964N3926E02184N3685-PS-Str_PYes_Hom-M774_E02023N3703_S000,0.13,0.0,0.0,4.997732211149487e-06,4.905463277526919e-05,0.00010985079100840498,2.2963196922640148e-05
47268,E02113N3823E02873N3483-PS-Mur_PYes_Hom-M792_E02219N3719_S000,0.11,5.5783557220537975e-06,8.484535983508147e-06,2.4297528138228857e-05,3.892995327485188e-05,6.594010639039409e-05,2.816658735335629e-05
47270,E01577N3897E01966N3571-PS-Mur_PYes_Hom-M792_E01796N3749_S000,0.23,0.0,0.0,2.2409398946594383e-07,2.4340559145133258e-06,3.0166661214889437e-05,7.552813942986408e-06
47271,E02113N3823E02873N3483-PS-Mur_PNo_Var-M792_E02119N3739_S000,0.13,3.973710656691668e-06,6.0768160565148645e-06,1.7595720030934158e-05,2.6928215847026783e-05,4.554234173342731e-05,2.0046516411025376e-05
47306,E01577N3897E01966N3571-PS-Str_PYes_Hom-M754_E01750N3709_S000,0.19,0.0,0.0,1.3759703589114766e-06,1.607962783561085e-05,0.00011484307795389998,2.621444653286257e-05
47326,E02020N3739E02658N3366-PS-Str_PNo_Hom-M774_E02100N3712_S000,0.16,7.921694334315456e-07,3.5317001664135545e-06,1.2112597045924651e-05,4.1038614713180385e-05,7.276979484783197e-05,2.1222529315504535e-05
47368,E01964N3926E02184N3685-PS-Mur_PYes_Hom-M809_E02024N3715_S000,0.18,0.0,0.0,1.341980677768709e-09,6.849695681868656e-06,2.0504841145801915e-05,3.4494579168924754e-06
47380,E01964N3926E02184N3685-PS-Mur_PNo_Var-M792_E02066N3753_S000,0.13,2.2368016127228636e-10,3.120075127752413e-08,7.584709785373137e-06,3.647917610876375e-05,6.841210782439616e-05,1.8489954119317853e-05
47391,E01964N3926E02184N3685-PS-Mur_PYes_Var-M792_E02117N3755_S000,0.12,2.750933345929395e-10,3.475913136180875e-08,8.80398641901432e-06,4.303323496696685e-05,8.502107287769246e-05,2.196039741754718e-05
47398,E01964N3926E02184N3685-PS-Mur_PYes_Hom-M754_E02073N3766_S000,0.09,7.664272731111934e-06,1.5011063674087208e-05,5.092887695550929e-05,0.0001543268134936,0.0002514007067230949,8.02535228817394e-05
47402,E02020N3739E02658N3366-PS-Mur_PYes_Hom-M809_E02212N3584_S000,0.15,0.0,0.0,2.3274468964630126e-06,1.4811324984162464e-05,2.527225728910579e-05,6.016180548059189e-06
47441,E02113N3823E02873N3483-PS-Mur_PNo_Var-M824_E02226N3659_S000,0.15,1.4918452741946302e-07,1.9619597435473387e-05,8.399986739530494e-05,0.0001566363180054,0.0002208274406454949,9.061217775978478e-05
47456,E02113N3823E02873N3483-PS-Str_PYes_Hom-M809_E02280N3610_S000,0.19,1.5802143767942578e-07,1.478757179260567e-06,4.866011850539886e-06,8.077314454183277e-06,1.16001653475685e-05,5.0980724002561125e-06
47458,E01964N3926E02184N3685-PS-Mur_PNo_Var-M792_E02091N3733_S000,0.14,2.0599038912651259e-10,2.9756133891631834e-08,7.335156935830995e-06,3.588990633820117e-05,6.721094678488381e-05,1.7785206420035433e-05
47465,E01548N3896E01854N3659-PS-Mur_PNo_Hom-M707_E01576N3776_S000,0.09,2.801836469781447e-06,7.43770687894579e-06,3.287938474175032e-05,0.00012291484333099597,0.0002682505280815749,6.802757059049376e-05
47478,E02020N3739E02658N3366-PS-Str_PYes_Hom-M792_E02126N3687_S000,0.18,1.1668665754371847e-08,1.579493533863568e-06,7.228337340460268e-06,2.4222297385204582e-05,5.713783977807503e-05,1.479882123340871e-05
47479,E01964N3926E02184N3685-PS-Str_PNo_Hom-M774_E02090N3766_S000,0.13,1.219498766897108e-07,1.7012195488699942e-06,1.2025907814756173e-05,5.203662165401589e-05,9.821979978713884e-05,2.5830267209412174e-05
47483,E01964N3926E02184N3685-PS-Mur_PYes_Hom-M774_E02040N3720_S000,0.14,0.0,0.0,5.26750610482916e-06,4.650370729966529e-05,0.000107216809879415,2.158536492126065e-05
47509,E02113N3823E02873N3483-PS-Mur_PNo_Hom-M809_E02340N3543_S000,0.15,2.1638221803853066e-07,2.030454235046097e-06,6.6793958918604935e-06,1.1092205626735126e-05,1.5962309439315074e-05,7.01027393690955e-06
47515,E01964N3926E02184N3685-PS-Mur_PNo_Var-M792_E02083N3755_S000,0.13,2.3425843472243906e-10,3.085798896489984e-08,7.560671852913477e-06,3.699575761784382e-05,7.09492615618478e-05,1.8709263386407987e-05
47548,E02020N3739E02658N3366-PS-Mur_PNo_Var-M809_E02116N3712_S000,0.19,1.107392138799755e-17,1.3312358185731161e-08,1.488563569160567e-06,5.700306103592299e-06,2.0183802383068228e-05,3.92215576247805e-06
47559,E01964N3926E02184N3685-PS-Mur_PYes_Var-M809_E02066N3753_S000,0.18,0.0,0.0,1.4680509478154977e-09,7.338273768887038e-06,2.299450217212344e-05,3.6803152525184252e-06
47570,E02020N3739E02658N3366-PS-Str_PYes_Hom-M837_E02268N3554_S000,0.32,0.0,0.0,6.238832415129616e-06,5.4599665413391986e-05,9.990641806959958e-05,2.3293924802536436e-05
47614,E01964N3926E02184N3685-PS-Str_PYes_Hom-M774_E02037N3706_S000,0.13,0.0,0.0,4.711862849590076e-06,4.885135897786012e-05,0.000103192641897085,2.324574958022434e-05
47621,E02113N3823E02873N3483-PS-Str_PNo_Var-M792_E02276N3623_S000,0.11,5.974206030152721e-06,9.471839322516078e-06,2.7362985166211704e-05,4.183484370091453e-05,7.370195766697088e-05,3.1327011728687906e-05
47634,E01849N3766E02950N3220-PS-Mur_PYes_Var-M792_E02010N3666_S000,0.29,0.0,0.0,1.1932380589450256e-06,8.007536269851035e-06,5.621765705366793e-05,8.288089095010628e-06
47638,E02113N3823E02873N3483-PS-Mur_PYes_Var-M809_E02157N3736_S000,0.13,1.6417945642322532e-07,1.7431979115152654e-06,5.707441113950032e-06,9.712740173293233e-06,1.3389575647354491e-05,5.987597281376907e-06
47666,E01964N3926E02184N3685-PS-Mur_PYes_Var-M774_E02078N3742_S000,0.13,1.2059477430100094e-07,1.581916358740379e-06,1.18339113491754e-05,4.955106396379028e-05,8.764542457956253e-05,2.4679346613219814e-05
47668,E01964N3926E02184N3685-PS-Mur_PYes_Hom-M754_E02053N3767_S000,0.09,7.462009045943171e-06,1.4800533374480068e-05,4.958484045055676e-05,0.00015028993535735598,0.00024202985808073998,7.841498760991853e-05
47675,E02113N3823E02873N3483-PS-Mur_PYes_Var-M809_E02200N3695_S000,0.1,2.4603277239758947e-07,2.449365342580728e-06,7.999715243756722e-06,1.367671489636426e-05,1.875007196176744e-05,8.445973531630986e-06
47680,E02020N3739E02658N3366-PS-Str_PYes_Hom-M824_E02122N3652_S000,0.37,0.0,0.0,1.0413730103730638e-05,8.47385859315406e-05,0.00013420339782881997,3.3099312036937714e-05
47697,E01548N3896E01854N3659-PS-Mur_PNo_Hom-M774_E01633N3827_S000,0.15,1.9287498956305172e-09,7.62558416011665e-07,5.392053727738743e-06,2.6726094639107214e-05,7.002865436860555e-05,1.4922378679865882e-05
47721,E02020N3739E02658N3366-PS-Str_PYes_Var-M809_E02142N3536_S000,0.3,0.0,0.0,4.987109002435695e-07,4.544760144640433e-06,1.812492371741577e-05,3.0637295053003026e-06
47769,E02020N3739E02658N3366-PS-Mur_PYes_Var-M809_E02195N3500_S000,0.23,0.0,0.0,5.658095214189633e-07,5.8137713726320755e-06,2.6253180894714742e-05,4.21145111325505e-06
47770,E01964N3926E02184N3685-PS-Str_PNo_Hom-M754_E02090N3766_S000,0.09,8.22121332857308e-06,1.5410452668947316e-05,5.200286116215807e-05,0.00016344769067333997,0.0002692670263121599,8.395276665607219e-05
47785,E02020N3739E02658N3366-PS-Mur_PYes_Var-M809_E02191N3680_S000,0.11,2.0419134086236316e-17,2.676876386286487e-08,2.913819039567413e-06,1.1233802904311612e-05,3.846712790915698e-05,7.6023816201339024e-06
47795,E02113N3823E02873N3483-PS-Mur_PYes_Hom-M809_E02317N3557_S000,0.13,2.4620120768674637e-07,2.2956305156246185e-06,7.590874504424793e-06,1.264719609788896e-05,1.8156268185302315e-05,7.960313058189972e-06
47797,E02020N3739E02658N3366-PS-Mur_PYes_Hom-M792_E02121N3611_S000,0.13,0.0,0.0,8.571021002407871e-06,4.981455394875197e-05,7.741857705975635e-05,2.1607314372433703e-05
47804,E01964N3926E02184N3685-PS-Str_PNo_Var-M774_E02065N3777_S000,0.09,1.6516330499010128e-07,2.3715608050975675e-06,1.6747761601052125e-05,7.279203196127545e-05,0.00013207360712015498,3.523984388890998e-05
47809,E02113N3823E02873N3483-PS-Str_PNo_Var-M809_E02227N3683_S000,0.12,2.111027040577554e-07,2.1786148010110538e-06,7.105775353056791e-06,1.1923366028116177e-05,1.6566193135498473e-05,7.452363753737045e-06
47815,E01964N3926E02184N3685-PS-Mur_PYes_Hom-M754_E02066N3753_S000,0.09,7.626045328940495e-06,1.5230150665715982e-05,5.087083196112084e-05,0.00015303591888257998,0.000247436954740465,8.025352288173856e-05
47818,E01548N3896E01854N3659-PS-Mur_PYes_Var-M774_E01657N3828_S000,0.12,2.6101980840593405e-09,9.396502436067168e-07,6.766703704989939e-06,3.247318123947649e-05,9.084527849185671e-05,1.8652973349831755e-05
47830,E02113N3823E02873N3483-PS-Str_PNo_Var-M809_E02344N3564_S000,0.12,2.6769210524006803e-07,2.576556903986857e-06,8.519407877021126e-06,1.420236029749966e-05,2.0073986319619185e-05,8.900376892876701e-06
47831,E01577N3897E01966N3571-PS-Mur_PYes_Hom-M754_E01849N3856_S000,0.18,0.0,0.0,1.7086322252104669e-06,2.0671439539591616e-05,0.00014671557439536475,3.321568450939004e-05
47842,E02113N3823E02873N3483-PS-Str_PYes_Var-M809_E02272N3638_S000,0.16,1.7719464208440336e-07,1.7546596710894414e-06,5.66896837260062e-06,9.60128474979442e-06,1.32876642660875e-05,6.003032102101068e-06
47862,E01964N3926E02184N3685-PS-Mur_PNo_Hom-M754_E02029N3787_S000,0.07,9.342533602590578e-06,1.868816550223488e-05,6.254588841999426e-05,0.000187551227519224,0.00030356232288372497,9.845546757710757e-05
47874,E02113N3823E02873N3483-PS-Str_PNo_Var-M809_E02235N3671_S000,0.12,2.209825585071114e-07,2.2038798451758375e-06,7.1137346883102044e-06,1.2082395634433404e-05,1.6571280099456183e-05,7.5202823938052605e-06
47880,E02113N3823E02873N3483-PS-Mur_PYes_Var-M809_E02235N3695_S000,0.11,2.2500023492596953e-07,2.3889708746648615e-06,7.714281137886855e-06,1.312306992623713e-05,1.8182636637542607e-05,8.129856284727645e-06
47917,E02020N3739E02658N3366-PS-Mur_PYes_Var-M809_E02173N3683_S000,0.14,1.5882832722708848e-17,1.918468396140977e-08,2.133423053251854e-06,8.239299069989246e-06,2.9360770867791353e-05,5.677817235985235e-06
47926,E02020N3739E02658N3366-PS-Mur_PNo_Var-M809_E02146N3723_S000,0.19,1.0400044463874314e-17,1.4296815830215768e-08,1.5136014837773854e-06,5.964632222135169e-06,1.981700742024373e-05,3.965070191085286e-06
47928,E02113N3823E02873N3483-PS-Str_PYes_Hom-M809_E02291N3588_S000,0.17,1.8285716010198547e-07,1.7069340739355131e-06,5.6207788131753584e-06,9.302956847010259e-06,1.3394568293453292e-05,5.893153708361315e-06
47931,E02113N3823E02873N3483-PS-Mur_PNo_Var-M809_E02165N3722_S000,0.11,1.969162550883409e-07,2.0833865995220484e-06,6.707668396776669e-06,1.144851054668963e-05,1.573273100709651e-05,7.074567656451291e-06
47935,E02113N3823E02873N3483-PS-Mur_PNo_Hom-M792_E02306N3593_S000,0.13,5.346154287997551e-06,8.29075804970784e-06,2.408638597172023e-05,3.660761195709089e-05,6.477245299782909e-05,2.761991633274463e-05
47946,E02020N3739E02658N3366-PS-Mur_PYes_Var-M809_E02142N3536_S000,0.28,0.0,0.0,5.005829211344287e-07,4.561819899962716e-06,1.819295959918146e-05,3.0752298868541535e-06
47948,E02113N3823E02873N3483-PS-Str_PNo_Hom-M792_E02332N3558_S000,0.11,6.607377704222629e-06,1.009570873693426e-05,2.899185433145138e-05,4.565913977726092e-05,7.855483327805023e-05,3.3956510399422486e-05
47990,E02020N3739E02658N3366-PS-Mur_PYes_Var-M809_E02154N3709_S000,0.17,1.2466278062830093e-17,1.5831653969679815e-08,1.7242242129319748e-06,6.617680832514266e-06,2.321338555812091e-05,4.529669329515041e-06
48005,E01964N3926E02184N3685-PS-Mur_PNo_Var-M792_E02074N3729_S000,0.12,2.333703187594092e-10,3.330713836858078e-08,8.456603455004845e-06,4.0837494294034274e-05,7.348607198378657e-05,2.0268716258896808e-05
48006,E02113N3823E02873N3483-PS-Mur_PYes_Hom-M809_E02305N3578_S000,0.16,1.9519724948436838e-07,1.8325525816414143e-06,6.027957985028904e-06,1.0021562616189212e-05,1.4267931533772044e-05,6.3136674751913465e-06
48026,E01964N3926E02184N3685-PS-Mur_PNo_Var-M792_E02088N3719_S000,0.13,2.1617503977544376e-10,3.099431488826051e-08,7.827791578024062e-06,3.828827528569555e-05,6.90402101721415e-05,1.8934229220530932e-05
48027,E02113N3823E02873N3483-PS-Str_PNo_Hom-M792_E02219N3719_S000,0.09,6.882247349077209e-06,1.0467721706917345e-05,2.9976861812048092e-05,4.802948773351193e-05,8.13530267725695e-05,3.4750279617130486e-05
48029,E02113N3823E02873N3483-PS-Str_PYes_Var-M809_E02227N3683_S000,0.12,2.111027040577554e-07,2.1786148010110538e-06,7.105775353056791e-06,1.1923366028116177e-05,1.6566193135498473e-05,7.452363753737045e-06
48046,E02020N3739E02658N3366-PS-Str_PYes_Var-M809_E02152N3603_S000,0.21,0.0,0.0,1.471236733789542e-06,1.0346201633460592e-05,1.5526329278111732e-05,3.863426306871126e-06
48056,E02113N3823E02873N3483-PS-Mur_PYes_Hom-M809_E02235N3671_S000,0.15,1.7518931678823383e-07,1.7471795374624044e-06,5.639586799415751e-06,9.578614034796823e-06,1.3137286754858346e-05,5.9618874155759555e-06
48068,E01548N3896E01854N3659-PS-Str_PYes_Hom-M792_E01710N3774_S000,0.31,0.0,0.0,1.7646013458096582e-06,1.2072466583321134e-05,2.1728783703807666e-05,5.6037006673775635e-06
48085,E02113N3823E02873N3483-PS-Str_PNo_Var-M809_E02165N3722_S000,0.11,2.0113997267860742e-07,2.1280738023320916e-06,6.85154324847152e-06,1.1694073186283357e-05,1.6070187214903194e-05,7.226312243715944e-06
48089,E02113N3823E02873N3483-PS-Str_PNo_Var-M809_E02340N3543_S000,0.12,2.7472299017005325e-07,2.5779034151317536e-06,8.480288392342542e-06,1.4082875778707199e-05,2.0266052446173925e-05,8.900377467782704e-06
48151,E02113N3823E02873N3483-PS-Mur_PNo_Hom-M792_E02227N3683_S000,0.11,5.68744910282998e-06,8.665462322440884e-06,2.5081198071736478e-05,3.894773110460911e-05,6.579306995608651e-05,2.8691202826856344e-05
48161,E02020N3739E02658N3366-PS-Str_PNo_Var-M809_E02154N3709_S000,0.17,1.2466704525404144e-17,1.5832195559388425e-08,1.7242831974253728e-06,6.617907218704907e-06,2.3214179671657267e-05,4.529824286305841e-06
48174,E01964N3926E02184N3685-PS-Mur_PNo_Var-M754_E02078N3742_S000,0.09,7.659711013112377e-06,1.5208266641056474e-05,5.201197213225035e-05,0.00015587149997794796,0.00024920023900493497,8.209209566287267e-05
48211,E02020N3739E02658N3366-PS-Str_PYes_Var-M809_E02207N3659_S000,0.15,0.0,0.0,1.8319330972311984e-06,1.0080663184102317e-05,2.7030703664910564e-05,5.906210461270887e-06
48216,E02020N3739E02658N3366-PS-Str_PNo_Hom-M809_E02156N3678_S000,0.19,1.1947535928374964e-17,1.3049512355753564e-08,1.5965422289806682e-06,5.688042634908416e-06,2.142556028899964e-05,4.095967566306508e-06
48242,E02113N3823E02873N3483-PS-Mur_PYes_Var-M809_E02340N3543_S000,0.11,2.9735476525350227e-07,2.790271991354672e-06,9.178897487342124e-06,1.5243027963111442e-05,2.193557686605331e-05,9.633593646319396e-06
48244,E02020N3739E02658N3366-PS-Mur_PYes_Hom-M824_E02213N3635_S000,0.2,0.0,0.0,2.050953496259084e-05,0.0001713154043238,0.00030272910851960986,7.065370183859203e-05
48248,E02113N3823E02873N3483-PS-Mur_PYes_Var-M809_E02227N3683_S000,0.11,2.2814393504593964e-07,2.3544831217131384e-06,7.679387897159768e-06,1.2885877785361158e-05,1.790349634569168e-05,8.053954589355403e-06
48265,E02113N3823E02873N3483-PS-Str_PYes_Hom-M809_E02243N3633_S000,0.19,1.5179983682471144e-07,1.4182081520725424e-06,4.632191876500852e-06,7.784863348871678e-06,1.1137818542943414e-05,4.880422474161554e-06
48271,E02113N3823E02873N3483-PS-Str_PYes_Hom-M809_E02293N3602_S000,0.17,0.0,0.0,3.854094214685467e-06,1.1397924033631852e-05,1.6333570959119604e-05,5.796081232916903e-06
48289,E01964N3926E02184N3685-PS-Str_PYes_Hom-M809_E02009N3723_S000,0.2,0.0,0.0,1.2258852771926432e-09,6.08634553950388e-06,1.8720736343485528e-05,3.104494270921407e-06
48298,E02113N3823E02873N3483-PS-Mur_PNo_Hom-M809_E02305N3578_S000,0.14,2.2123836417524088e-07,2.0770320099204493e-06,6.832143216401588e-06,1.1358531565082325e-05,1.617140528892979e-05,7.15596898956108e-06
48301,E01849N3766E02950N3220-PS-Str_PYes_Var-M809_E02054N3614_S000,0.28,0.0,0.0,3.218958829843239e-07,2.230706626867403e-06,1.9955917372790553e-05,2.6318339262230568e-06
48316,E01964N3926E02184N3685-PS-Mur_PYes_Hom-M774_E02083N3755_S000,0.13,1.1720632764024824e-07,1.680472027707664e-06,1.1853061326424404e-05,5.1059297720220215e-05,9.389488543923504e-05,2.4968790922690625e-05
48320,E02020N3739E02658N3366-PS-Mur_PNo_Var-M792_E02116N3712_S000,0.14,1.5028308781009055e-08,2.051102284156081e-06,8.930302896319379e-06,3.108768114830367e-05,7.079539627555949e-05,1.8823998942217593e-05
48334,E02020N3739E02658N3366-PS-Str_PYes_Var-M792_E02106N3725_S000,0.15,1.4515713007573527e-08,1.8676029979244612e-06,8.149463951101712e-06,3.002864279001674e-05,6.701536066521102e-05,1.775862003001815e-05
48347,E02020N3739E02658N3366-PS-Str_PYes_Var-M809_E02274N3465_S000,0.21,0.0,0.0,8.594380466080116e-07,7.940285420175621e-06,3.129818804458321e-05,5.282841067260003e-06
48362,E02020N3739E02658N3366-PS-Mur_PYes_Hom-M809_E02156N3678_S000,0.21,1.0695703964031531e-17,1.1682218146808776e-08,1.4292606567264676e-06,5.092064214955249e-06,1.918064540575265e-05,3.6668026610779016e-06
48369,E02020N3739E02658N3366-PS-Mur_PYes_Var-M809_E02129N3525_S000,0.26,0.0,0.0,4.2227193816240366e-07,4.794104163923393e-06,2.288014850872281e-05,3.566410496091965e-06
48385,E02020N3739E02658N3366-PS-Mur_PNo_Hom-M809_E02142N3694_S000,0.21,1.0100437291922427e-17,1.2114380004801513e-08,1.3547359251027704e-06,5.190825366846262e-06,1.8502347454951065e-05,3.587482632361691e-06
48396,E02020N3739E02658N3366-PS-Mur_PYes_Var-M809_E02144N3587_S000,0.19,0.0,0.0,1.4658563641299574e-06,1.0991973529947624e-05,1.8285562479768324e-05,4.227173793152881e-06
48397,E01548N3896E01854N3659-PS-Str_PYes_Var-M754_E01752N3852_S000,0.12,0.0,0.0,1.496196434713827e-05,9.083042606433724e-05,0.0001650657419955,4.427468370040905e-05
48399,E02020N3739E02658N3366-PS-Str_PYes_Hom-M809_E02170N3650_S000,0.18,0.0,0.0,1.5415222283633226e-06,1.119120838023419e-05,1.989228102549524e-05,4.554136873134196e-06
48414,E01964N3926E02184N3685-PS-Str_PNo_Var-M774_E02083N3755_S000,0.1,1.541348430119718e-07,2.209942904889585e-06,1.5587637489738432e-05,6.714668906412469e-05,0.000123478601524175,3.283577556392782e-05
48422,E01964N3926E02184N3685-PS-Mur_PYes_Var-M754_E02091N3733_S000,0.07,9.88323367821148e-06,1.9604306039005302e-05,6.680183663647502e-05,0.00020027219744711994,0.00032202461363204494,0.00010554700899467386
48465,E01964N3926E02184N3685-PS-Mur_PYes_Hom-M732_E01991N3732_S000,0.07,0.0,0.0,5.168536523512142e-05,0.00029158725755511997,0.00047148393719680993,0.00012946499753313455
48488,E02113N3823E02873N3483-PS-Mur_PNo_Var-M809_E02176N3736_S000,0.11,1.9824766449894324e-07,2.1049217864778443e-06,6.9759186851172305e-06,1.1846931360822083e-05,1.6273728941814307e-05,7.300375276698463e-06
48519,E02113N3823E02873N3483-PS-Mur_PNo_Var-M809_E02349N3553_S000,0.11,2.9289558207438315e-07,2.749968698743211e-06,9.12742262232219e-06,1.5217411317711382e-05,2.1449280247689212e-05,9.559487739980675e-06
48521,E01964N3926E02184N3685-PS-Mur_PNo_Hom-M754_E02066N3753_S000,0.09,7.626045328940495e-06,1.5230150665715982e-05,5.087083196112084e-05,0.00015303591888257998,0.000247436954740465,8.025352288173856e-05
48558,E02020N3739E02658N3366-PS-Mur_PYes_Hom-M861_E02226N3500_S002,0.56,0.0,0.0,4.0391362601794963e-07,7.274003275072177e-06,3.0647700906846695e-05,5.5880801314718795e-06
48576,E01964N3926E02184N3685-PS-Mur_PYes_Hom-M732_E02053N3767_S000,0.06,1.152755892336812e-05,2.7398273289713018e-05,0.0001376597752953,0.00031363096207311195,0.00042622550933595494,0.00016423369403097466
48585,E02113N3823E02873N3483-PS-Str_PYes_Hom-M792_E02219N3719_S000,0.09,6.882247349077209e-06,1.0467721706917345e-05,2.9976861812048092e-05,4.802948773351193e-05,8.13530267725695e-05,3.4750279617130486e-05
48588,E01964N3926E02184N3685-PS-Mur_PNo_Var-M809_E02093N3745_S000,0.17,0.0,4.905383177418566e-14,1.4297235066653183e-06,8.507050148597919e-06,1.6534429916801982e-05,4.09100043626212e-06
48597,E02113N3823E02873N3483-PS-Str_PYes_Var-M809_E02276N3623_S000,0.16,1.825107832575586e-07,1.7308602839232168e-06,5.740046097274915e-06,9.568238975936701e-06,1.3540575576016096e-05,6.003031256989189e-06
48630,E02113N3823E02873N3483-PS-Mur_PYes_Var-M809_E02209N3683_S000,0.1,2.475359258325149e-07,2.4494196702016504e-06,7.927436254494949e-06,1.3337147290148182e-05,1.856249284722084e-05,8.362646742940688e-06
48666,E01964N3926E02184N3685-PS-Mur_PYes_Hom-M754_E02093N3745_S000,0.09,8.121619823394164e-06,1.5779789110979593e-05,5.2781601862806645e-05,0.00016244781632254398,0.00026687963888022995,8.39528189231473e-05
48686,E02113N3823E02873N3483-PS-Str_PNo_Var-M809_E02210N3708_S000,0.11,2.1618994906485594e-07,2.2954264553597125e-06,7.541610577059821e-06,1.2808513369713563e-05,1.769128679598232e-05,7.903954338079433e-06
48709,E02113N3823E02873N3483-PS-Mur_PYes_Hom-M809_E02263N3611_S000,0.16,1.8276783673273927e-07,1.6975105975432197e-06,5.648819550066567e-06,9.591140546519112e-06,1.3423938899361627e-05,5.950829904016006e-06
48771,E02113N3823E02873N3483-PS-Str_PYes_Hom-M792_E02293N3602_S000,0.13,5.22855113362945e-06,8.102981595505475e-06,2.350224909503433e-05,3.614101337766922e-05,6.38798637571765e-05,2.7175989254869322e-05
48776,E02020N3739E02658N3366-PS-Mur_PYes_Var-M792_E02171N3544_S000,0.19,0.0,0.0,3.6211749743782182e-06,2.6639169395044135e-05,8.302093618384118e-05,1.6764254548421296e-05
48785,E02020N3739E02658N3366-PS-Str_PYes_Var-M809_E02105N3701_S000,0.26,0.0,0.0,9.407895354623088e-07,6.83051330499966e-06,1.2596640005111024e-05,2.833932354423696e-06
48803,E02020N3739E02658N3366-PS-Str_PYes_Var-M809_E02191N3680_S000,0.11,2.041932982606825e-17,2.6769020470873688e-08,2.9138469717239237e-06,1.12339105926535e-05,3.8467496658836585e-05,7.602454497313436e-06
48814,E01964N3926E02184N3685-PS-Mur_PYes_Var-M774_E02066N3753_S000,0.1,1.5115263771899644e-07,2.1732229704851893e-06,1.5021090449776406e-05,6.550547392162557e-05,0.00011753577599800997,3.171585340671365e-05
48817,E02113N3823E02873N3483-PS-Str_PNo_Var-M809_E02176N3736_S000,0.11,2.0236916095354165e-07,2.1486823407426422e-06,7.120945483798287e-06,1.209322473191882e-05,1.661205381593731e-05,7.452147409279168e-06
48833,E02020N3739E02658N3366-PS-Str_PYes_Var-M824_E02313N3510_S000,0.22,0.0,0.0,2.551922244378004e-05,0.0002055643403975,0.00032391837595992,7.890298095420488e-05
48854,E02020N3739E02658N3366-PS-Mur_PYes_Var-M809_E02142N3694_S000,0.21,1.0102475025215843e-17,1.2116824045069411e-08,1.3550092390612239e-06,5.191872600482253e-06,1.850608024872282e-05,3.5882063963521177e-06
48859,E01964N3926E02184N3685-PS-Mur_PNo_Hom-M774_E02053N3767_S000,0.13,1.1394113103479106e-07,1.5958458559611677e-06,1.137417518152066e-05,4.9197830451119814e-05,8.802441634337324e-05,2.3824757291227893e-05
48861,E01964N3926E02184N3685-PS-Str_PYes_Hom-M792_E02015N3756_S000,0.15,0.0,0.0,0.0,2.6903500920533084e-05,8.64756039231763e-05,1.4865732379997317e-05
48865,E02020N3739E02658N3366-PS-Mur_PYes_Var-M809_E02223N3573_S000,0.15,0.0,0.0,2.3667047142248628e-06,1.503749624837961e-05,2.582409568817051e-05,6.126201852076324e-06
48868,E02113N3823E02873N3483-PS-Mur_PYes_Var-M809_E02349N3553_S000,0.11,2.9289558207438315e-07,2.749968698743211e-06,9.12742262232219e-06,1.5217411317711382e-05,2.1449280247689212e-05,9.559487739980675e-06
48879,E01964N3926E02184N3685-PS-Mur_PNo_Var-M792_E02073N3766_S000,0.13,2.2619944430476233e-10,3.1046727936066475e-08,7.573552619299081e-06,3.6231688891813426e-05,6.84385769307451e-05,1.8489943280706995e-05
48895,E02113N3823E02873N3483-PS-Mur_PYes_Hom-M792_E02235N3671_S000,0.11,5.606339707674593e-06,8.862078863418606e-06,2.5275531181426523e-05,3.9322626030217175e-05,6.645748562221211e-05,2.8956649535968104e-05
48921,E02113N3823E02873N3483-PS-Str_PYes_Hom-M792_E02291N3588_S000,0.13,5.3618309013148585e-06,8.18705114394087e-06,2.366996075208623e-05,3.670505215105306e-05,6.383404671925107e-05,2.7395283971495703e-05
48959,E01964N3926E02184N3685-PS-Str_PNo_Hom-M732_E02053N3767_S000,0.06,1.152755892336812e-05,2.7398273289713018e-05,0.0001376597752953,0.00031363096207311195,0.00042622550933595494,0.00016423369403097466
48960,E02113N3823E02873N3483-PS-Str_PNo_Var-M809_E02167N3749_S000,0.12,0.0,0.0,2.4020758952437364e-06,1.5554535366747035e-05,2.3225416494960294e-05,6.5544082676701105e-06
48969,E02113N3823E02873N3483-PS-Str_PNo_Var-M809_E02200N3695_S000,0.11,2.2366679908367568e-07,2.226702160947115e-06,7.272489289599547e-06,1.2433412886582547e-05,1.7045568919168053e-05,7.678179807333084e-06
48990,E02020N3739E02658N3366-PS-Mur_PYes_Var-M837_E02237N3564_S000,0.23,0.0,0.0,8.02722662012095e-06,7.645856378188318e-05,0.00012814948884287998,3.0450051215265784e-05
49029,E01964N3926E02184N3685-PS-Str_PYes_Hom-M774_E02015N3756_S000,0.12,0.0,0.0,5.7634908769037565e-06,5.172325051308375e-05,0.00012921680866431,2.4249765982509572e-05
49033,E01964N3926E02184N3685-PS-Str_PYes_Var-M792_E02117N3755_S000,0.11,3.0334847941275635e-10,3.832928071454465e-08,9.70825373479295e-06,4.745322677758654e-05,9.37536825952274e-05,2.4215974457433074e-05
49072,E01964N3926E02184N3685-PS-Mur_PNo_Var-M754_E02091N3733_S000,0.08,8.745835770326444e-06,1.734817232808633e-05,5.911404216484269e-05,0.00017722415610759996,0.0002849648684355249,9.34002814030036e-05
49077,E01964N3926E02184N3685-PS-Mur_PYes_Hom-M774_E02029N3745_S000,0.12,0.0,0.0,5.747446086616994e-06,5.2137090406165815e-05,0.00013177288916887,2.4876902884513655e-05
49085,E02020N3739E02658N3366-PS-Str_PYes_Var-M792_E02094N3692_S000,0.19,0.0,0.0,4.956590659737516e-06,3.0579825471088395e-05,5.158853632179503e-05,1.3716075995275674e-05
49098,E02020N3739E02658N3366-PS-Mur_PYes_Var-M809_E02097N3634_S000,0.2,0.0,0.0,1.396346532864438e-06,9.692216388482333e-06,1.4958871526241042e-05,3.6840143727173796e-06
49103,E02113N3823E02873N3483-PS-Str_PYes_Hom-M792_E02218N3695_S000,0.11,5.690552056869181e-06,8.575433843565851e-06,2.4820620848416927e-05,3.8319867156602326e-05,6.476548506831568e-05,2.8432091967375242e-05
49105,E02020N3739E02658N3366-PS-Str_PYes_Var-M792_E02142N3694_S000,0.13,1.647268599923343e-08,2.248512646857931e-06,9.788022781216854e-06,3.414547919904065e-05,7.78160794573834e-05,2.071578822897798e-05
49108,E01964N3926E02184N3685-PS-Mur_PNo_Hom-M774_E02048N3750_S000,0.14,1.0678469795259149e-07,1.4268186323175006e-06,1.0759692345358609e-05,4.454703761481344e-05,7.876907845149085e-05,2.2122973724433206e-05
49123,E01964N3926E02184N3685-PS-Mur_PYes_Var-M754_E02050N3785_S000,0.06,1.1408342502413126e-05,2.179790336920323e-05,7.526054768230873e-05,0.00022687516938821198,0.0003681138706059198,0.00011762262760896367
49126,E02113N3823E02873N3483-PS-Str_PNo_Var-M837_E02255N3645_S000,0.2,0.0,0.0,0.0,9.535351728807709e-05,0.00017570826927131497,3.3738018134726916e-05
49133,E01548N3896E01854N3659-PS-Str_PYes_Hom-M774_E01778N3834_S000,0.18,0.0,0.0,4.5840264059683954e-06,3.0204417765379206e-05,5.2875716651751015e-05,1.3264737159657282e-05
49134,E02113N3823E02873N3483-PS-Str_PYes_Var-M792_E02287N3633_S000,0.1,6.7899781279463935e-06,1.0488584970419025e-05,3.0180277488384446e-05,4.654506640124312e-05,7.870308969069566e-05,3.445971521775244e-05
49135,E01964N3926E02184N3685-PS-Str_PNo_Hom-M754_E02029N3787_S000,0.08,8.174716902266758e-06,1.6352144814455524e-05,5.472765236749499e-05,0.00016410732407934,0.00026561703252324994,8.614853412996997e-05
49205,E02020N3739E02658N3366-PS-Mur_PYes_Var-M809_E02307N3436_S000,0.28,0.0,0.0,5.717636484317413e-07,5.771492339607221e-06,2.564348317284856e-05,4.139650200437447e-06
49225,E02113N3823E02873N3483-PS-Mur_PYes_Var-M792_E02317N3557_S000,0.09,8.09325749766416e-06,1.2161647605267312e-05,3.5250546613473034e-05,5.533915190809548e-05,9.527984756813488e-05,4.1177998151375154e-05
49234,E02113N3823E02873N3483-PS-Mur_PYes_Var-M809_E02176N3736_S000,0.11,1.9824769788033148e-07,2.1049221409093155e-06,6.9759198597381305e-06,1.1846933355635069e-05,1.627373168202144e-05,7.300376505952093e-06
49268,E02113N3823E02873N3483-PS-Mur_PNo_Hom-M792_E02340N3543_S000,0.1,7.287866909096854e-06,1.1173820576983744e-05,3.244044258014556e-05,5.047322975956907e-05,8.811637456330742e-05,3.76442047407877e-05
49278,E02020N3739E02658N3366-PS-Mur_PNo_Var-M809_E02204N3672_S000,0.12,1.9698517681133598e-17,2.3464367272977462e-08,2.6348489927072187e-06,1.0064373426046228e-05,3.587634385089466e-05,6.968915518717724e-06
49290,E02020N3739E02658N3366-PS-Str_PYes_Hom-M809_E02220N3597_S000,0.18,0.0,0.0,1.8739338293638927e-06,1.2985560091704256e-05,2.181265201991876e-05,5.106268610875744e-06
49311,E02113N3823E02873N3483-PS-Str_PNo_Var-M792_E02305N3578_S000,0.09,7.897236599370886e-06,1.2080145089200844e-05,3.506105596851314e-05,5.387449620578528e-05,9.501598812057898e-05,4.053675696054869e-05
49338,E02113N3823E02873N3483-PS-Mur_PYes_Var-M809_E02192N3708_S000,0.09,2.604478872379563e-07,2.734477667969906e-06,8.835963687927886e-06,1.5138336202271402e-05,2.0633144282112473e-05,9.291586414144656e-06
49389,E02020N3739E02658N3366-PS-Str_PYes_Var-M809_E02213N3635_S000,0.16,0.0,0.0,1.913598486972474e-06,1.3892423365537343e-05,2.466004990716548e-05,5.589229024710095e-06
49390,E02113N3823E02873N3483-PS-Str_PNo_Var-M792_E02218N3671_S000,0.09,6.727630731296911e-06,1.0286311240202208e-05,3.008687520726372e-05,4.5879125820207e-05,8.106615607846402e-05,3.475029795368396e-05
49402,E02020N3739E02658N3366-PS-Str_PNo_Hom-M792_E02105N3701_S000,0.17,1.2224542976430071e-08,1.6679529636768476e-06,7.644543334743352e-06,2.5275920890333174e-05,5.952037673499916e-05,1.54982831304905e-05
49439,E01517N3917E01678N3772-PS-Str_PYes_Var-M707_E01564N3784_S000,0.08,9.097774112365912e-06,2.2384213677556027e-05,6.269571167933478e-05,0.000123914127769748,0.00019450278971090994,7.65310169143044e-05
49441,E02113N3823E02873N3483-PS-Str_PNo_Var-M792_E02138N3737_S000,0.12,4.494812013975082e-06,6.754845005814456e-06,1.9527022683245508e-05,3.049098589058403e-05,5.147534348747784e-05,2.2441375438828464e-05
49444,E02113N3823E02873N3483-PS-Mur_PNo_Var-M809_E02218N3671_S000,0.11,2.405681130810804e-07,2.327565353577612e-06,7.581279129740007e-06,1.279754218953899e-05,1.803998293709656e-05,7.978089044074635e-06
49525,E02020N3739E02658N3366-PS-Mur_PYes_Var-M792_E02175N3668_S000,0.08,2.9444320779319636e-08,3.966327389393042e-06,1.7510826963350032e-05,6.008661836961795e-05,0.00013780935510654995,3.655741152553192e-05
49538,E02113N3823E02873N3483-PS-Mur_PNo_Var-M792_E02320N3583_S000,0.09,7.812892210197459e-06,1.2299256822987483e-05,3.536993648405822e-05,5.457399826313061e-05,9.411570531752937e-05,4.053675696054863e-05
49584,E02113N3823E02873N3483-PS-Mur_PYes_Var-M792_E02320N3583_S000,0.09,7.812892210197459e-06,1.2299256822987483e-05,3.536993648405822e-05,5.457399826313061e-05,9.411570531752937e-05,4.053675696054863e-05
49608,E01964N3926E02184N3685-PS-Str_PYes_Hom-M732_E02057N3799_S000,0.04,1.8443084472530227e-05,3.977853835156003e-05,0.00020546988758745,0.00048294613626770794,0.0006552376860377097,0.0002519942936852966
49646,E02113N3823E02873N3483-PS-Mur_PYes_Var-M792_E02350N3576_S000,0.08,9.132050527544603e-06,1.4267085053657833e-05,4.10248582749353e-05,6.331328213068907e-05,0.00010704461687055972,4.669028431369737e-05
49655,E02020N3739E02658N3366-PS-Str_PYes_Var-M837_E02194N3581_S000,0.28,0.0,0.0,6.201132615788804e-06,6.36394863767393e-05,9.8552337206553e-05,2.409700837431874e-05
49659,E02113N3823E02873N3483-PS-Str_PNo_Var-M809_E02243N3683_S000,0.11,2.356231697722509e-07,2.4307934662077673e-06,7.907311800396409e-06,1.3303663009144163e-05,1.8436046720852896e-05,8.279851618989102e-06
49680,E02113N3823E02873N3483-PS-Str_PNo_Var-M792_E02272N3638_S000,0.11,6.091800434407671e-06,9.417972154311018e-06,2.7168234651125582e-05,4.178922380342142e-05,7.113358551816551e-05,3.106153282093819e-05
49699,E01964N3926E02184N3685-PS-Str_PNo_Hom-M754_E02066N3753_S000,0.09,7.626044598550922e-06,1.5230149207038157e-05,5.087082708893301e-05,0.000153035904225476,0.000247436931041985,8.025351519540436e-05
49726,E02020N3739E02658N3366-PS-Mur_PNo_Var-M809_E02191N3680_S000,0.1,2.223704219107438e-17,2.915197720468822e-08,3.173235292268921e-06,1.2233944304120878e-05,4.1891842360835696e-05,8.27921889956729e-06
49732,E01964N3926E02184N3685-PS-Mur_PYes_Hom-M732_E02074N3729_S000,0.06,1.23306802570851e-05,2.827971252178157e-05,0.0001346127473146,0.00031147633452850785,0.0004308620097178049,0.00016799605736995122
49737,E02113N3823E02873N3483-PS-Mur_PYes_Var-M809_E02272N3638_S000,0.14,2.0074765456336072e-07,1.987892011770528e-06,6.422497267447656e-06,1.0877503809613471e-05,1.5053883146036923e-05,6.800965314692341e-06
49745,E02020N3739E02658N3366-PS-Str_PNo_Var-M792_E02116N3712_S000,0.14,1.5190961213662444e-08,2.073301507036069e-06,9.026956186558762e-06,3.142414528661803e-05,7.156161978032481e-05,1.902773239385415e-05
49751,E01964N3926E02184N3685-PS-Mur_PNo_Hom-M754_E02061N3739_S000,0.1,6.875494275254407e-06,1.3427903411052825e-05,4.600087797005252e-05,0.00013817979246693996,0.00022004623986274992,7.30654421026208e-05
49755,E01964N3926E02184N3685-PS-Mur_PNo_Var-M792_E02061N3739_S000,0.14,1.9760936130962682e-10,2.8279199385200943e-08,7.08470813672801e-06,3.457768150095777e-05,6.191574846642201e-05,1.716939290527514e-05
49775,E02113N3823E02873N3483-PS-Mur_PYes_Var-M809_E02236N3646_S000,0.13,2.0978464021392724e-07,2.033063963553612e-06,6.622933479004511e-06,1.1065259182121792e-05,1.5680643319034476e-05,6.94178928327623e-06
49779,E01964N3926E02184N3685-PS-Str_PNo_Var-M792_E02074N3729_S000,0.15,1.889362254164395e-10,2.6965404324919086e-08,6.84645221862781e-06,3.3061968070303865e-05,5.949420275511197e-05,1.6409519275417758e-05
49782,E02020N3739E02658N3366-PS-Str_PYes_Var-M792_E02173N3683_S000,0.09,2.5668160973868627e-08,3.4696227437522786e-06,1.5110081104718488e-05,5.355345709959597e-05,0.00012073477797661993,3.217143472594474e-05
49783,E02020N3739E02658N3366-PS-Mur_PYes_Hom-M792_E02210N3611_S000,0.11,0.0,0.0,1.0788075663682453e-05,6.278662379685582e-05,0.00010451940943066997,2.8431920621488303e-05
49795,E01964N3926E02184N3685-PS-Mur_PYes_Hom-M792_E02009N3708_S000,0.15,0.0,0.0,2.4799951586242874e-06,2.9752510878956858e-05,6.975425832798677e-05,1.4476297432382975e-05
49805,E02020N3739E02658N3366-PS-Str_PYes_Var-M824_E02097N3634_S000,0.3,0.0,0.0,1.3282199768517815e-05,0.0001025112215487,0.00016073354776448498,3.9475098476888574e-05
49829,E02113N3823E02873N3483-PS-Mur_PNo_Hom-M774_E02119N3739_S000,0.12,5.748672502056588e-06,1.1344870978251576e-05,2.76948175590189e-05,3.895937247087282e-05,6.394006822653362e-05,2.891613897801651e-05
49831,E02020N3739E02658N3366-PS-Str_PYes_Hom-M809_E02126N3687_S000,0.28,0.0,0.0,8.928210146736091e-07,6.482242403679145e-06,1.1624063763641862e-05,2.661344946950316e-06
49836,E01517N3917E01678N3772-PS-Str_PNo_Var-M754_E01609N3825_S000,0.09,6.6033378549496275e-06,1.2558755653382484e-05,3.6967821002001545e-05,9.318883389545006e-05,0.000181946993005615,5.534160934715351e-05
49839,E02113N3823E02873N3483-PS-Mur_PYes_Var-M809_E02219N3719_S000,0.1,2.3540726295003656e-07,2.499468923031332e-06,8.322149577444082e-06,1.4089999199935173e-05,1.9414275387913805e-05,8.694344390766898e-06
49873,E02020N3739E02658N3366-PS-Mur_PYes_Var-M792_E02349N3441_S000,0.17,0.0,0.0,4.8930000980540514e-06,3.770549078471073e-05,0.0001252035283761,2.469589558987025e-05
49875,E02113N3823E02873N3483-PS-Str_PNo_Hom-M792_E02340N3543_S000,0.11,6.6755065929577106e-06,1.0234944444042428e-05,2.9714646414840248e-05,4.623223533449888e-05,8.071242884672614e-05,3.448116438845892e-05
49891,E02113N3823E02873N3483-PS-Str_PNo_Var-M809_E02305N3578_S000,0.11,2.839239157246821e-07,2.6655370714773937e-06,8.767958767115355e-06,1.457685140126111e-05,2.075340201289382e-05,9.183537149602358e-06
49913,E01964N3926E02184N3685-PS-Mur_PNo_Var-M774_E02083N3755_S000,0.09,1.692983771045961e-07,2.4273534781656338e-06,1.7121123805228823e-05,7.375247065726917e-05,0.00013562622465285997,3.6066105530155825e-05
49917,E02020N3739E02658N3366-PS-Str_PNo_Hom-M809_E02207N3659_S000,0.18,0.0,0.0,1.5122396366015745e-06,8.321471157036387e-06,2.2313534019932788e-05,4.875508595343348e-06
49957,E02113N3823E02873N3483-PS-Mur_PNo_Var-M792_E02138N3737_S000,0.11,4.903437719506953e-06,7.368931489893759e-06,2.130223450435601e-05,3.326293732774402e-05,5.615499382316875e-05,2.4481532589624815e-05
49959,E02020N3739E02658N3366-PS-Mur_PYes_Hom-M809_E02148N3497_S000,0.16,0.0,0.0,5.139473704607514e-07,6.649977563194906e-06,3.549026967824556e-05,5.329533476782854e-06
49965,E02113N3823E02873N3483-PS-Mur_PNo_Var-M792_E02255N3645_S000,0.1,6.351039769030912e-06,9.892516003256993e-06,2.868205570948392e-05,4.369894251564326e-05,7.784879125290554e-05,3.30065155307472e-05
49999,E02113N3823E02873N3483-PS-Str_PNo_Var-M809_E02356N3540_S000,0.11,2.979266984462518e-07,2.8011014086785447e-06,9.208244509927334e-06,1.556021035173522e-05,2.1887748425576978e-05,9.709504523463622e-06
50012,E02113N3823E02873N3483-PS-Str_PYes_Var-M809_E02291N3588_S000,0.14,2.220414941353728e-07,2.072711792941735e-06,6.8252516072426555e-06,1.1296481018489937e-05,1.6264881044405796e-05,7.1559935298358135e-06
50029,E01964N3926E02184N3685-PS-Str_PNo_Var-M774_E02103N3738_S000,0.1,1.6036826667553613e-07,2.3113169413670123e-06,1.617541089711715e-05,7.00549549567877e-05,0.00012614438473784994,3.395578588752888e-05
50034,E02113N3823E02873N3483-PS-Str_PYes_Var-M809_E02243N3683_S000,0.11,2.356231697722509e-07,2.4307934662077673e-06,7.907311800396409e-06,1.3303663009144163e-05,1.8436046720852896e-05,8.279851618989102e-06
50047,E02020N3739E02658N3366-PS-Str_PYes_Var-M809_E02184N3638_S000,0.15,0.0,0.0,2.0794949552818517e-06,1.4315574270082082e-05,2.5332035943711648e-05,5.796184226859582e-06
50054,E01964N3926E02184N3685-PS-Str_PYes_Hom-M754_E02026N3730_S000,0.09,0.0,0.0,2.8115095868357114e-05,0.0001631547996606,0.00030900315913347476,7.471569126105727e-05
50055,E02113N3823E02873N3483-PS-Str_PNo_Var-M792_E02259N3628_S000,0.11,5.882697861599201e-06,9.283902527661582e-06,2.6865009517945576e-05,4.074800289267496e-05,7.275717700362528e-05,3.079604970192281e-05
50072,E02020N3739E02658N3366-PS-Mur_PYes_Var-M809_E02194N3581_S000,0.14,0.0,0.0,2.4350985413315684e-06,1.70993879187066e-05,2.6254250221191033e-05,6.445893774630074e-06
50075,E02113N3823E02873N3483-PS-Str_PNo_Var-M809_E02306N3593_S000,0.13,2.363442053583105e-07,2.270255979323429e-06,7.420085824890282e-06,1.2308579188844605e-05,1.7349216562551897e-05,7.770685280432743e-06
50081,E02113N3823E02873N3483-PS-Mur_PNo_Hom-M809_E02317N3557_S000,0.14,2.2316886082006575e-07,2.080872193314206e-06,6.880741291634847e-06,1.1464039401971627e-05,1.645773278583168e-05,7.215618532739559e-06
50083,E01964N3926E02184N3685-PS-Mur_PYes_Hom-M809_E02026N3730_S000,0.18,0.0,0.0,1.3394598205096614e-09,6.8640803289707115e-06,2.047643928035345e-05,3.4494590360428893e-06
50086,E02113N3823E02873N3483-PS-Str_PYes_Hom-M792_E02259N3628_S000,0.15,4.3139700254308904e-06,6.808181920202594e-06,1.9700968589576174e-05,2.9881810558834984e-05,5.3355159165574336e-05,2.2583725773680667e-05
50099,E02020N3739E02658N3366-PS-Str_PYes_Hom-M792_E02227N3634_S000,0.14,1.8268379975838558e-08,2.5270715408726316e-06,1.1287134031919541e-05,3.782122952895863e-05,8.808644684167237e-05,2.3163817369938634e-05
50124,E02113N3823E02873N3483-PS-Mur_PYes_Var-M792_E02226N3659_S000,0.08,7.5869902872143e-06,1.1426901448420252e-05,3.3403716525622627e-05,5.199437928162702e-05,8.932866945590604e-05,3.872908704585926e-05
50141,E02020N3739E02658N3366-PS-Str_PYes_Hom-M792_E02246N3619_S000,0.15,1.770954928583336e-08,2.408923650482179e-06,1.0515340371802317e-05,3.7077761443322814e-05,8.470527073225173e-05,2.2393679746066323e-05
50146,E01548N3896E01854N3659-PS-Mur_PYes_Hom-M774_E01703N3706_S000,0.22,0.0,0.0,1.2543146001866226e-06,1.5297224563100567e-05,5.709254643846511e-05,1.0174349099908697e-05
50150,E02113N3823E02873N3483-PS-Str_PNo_Var-M792_E02320N3583_S000,0.09,7.812891714181464e-06,1.2299256042146288e-05,3.5369934238532014e-05,5.457399479839883e-05,9.411569934241876e-05,4.0536754386997206e-05
50163,E02113N3823E02873N3483-PS-Mur_PNo_Var-M792_E02226N3659_S000,0.08,7.586991445198088e-06,1.1426903192480298e-05,3.340372162395025e-05,5.199438721740207e-05,8.932868308992257e-05,3.872909295698497e-05
50165,E02113N3823E02873N3483-PS-Str_PNo_Hom-M792_E02278N3662_S000,0.12,5.6753592471537085e-06,8.42888391447311e-06,2.4568129844487144e-05,3.842626035628131e-05,6.483030066576056e-05,2.8229653276349944e-05
50171,E02020N3739E02658N3366-PS-Str_PYes_Var-M809_E02175N3668_S000,0.14,0.0,0.0,1.871777764152434e-06,1.437132093233234e-05,2.7004219577721475e-05,5.913685426328547e-06
50178,E01849N3766E02950N3220-PS-Str_PYes_Var-M707_E01971N3734_S000,0.1,0.0,0.0,1.4289489447663575e-05,0.0001110968917835,0.00049191178840072,8.062473719993356e-05
50183,E02020N3739E02658N3366-PS-Mur_PYes_Var-M809_E02105N3701_S000,0.22,0.0,0.0,1.0995380313003166e-06,7.983091721422361e-06,1.472219261602691e-05,3.3121291047206172e-06
50189,E02020N3739E02658N3366-PS-Mur_PYes_Hom-M837_E02126N3687_S000,0.39,0.0,0.0,3.7325185641851964e-06,3.2679033042910425e-05,6.113505137330356e-05,1.3839311964366451e-05
50195,E01964N3926E02184N3685-PS-Mur_PNo_Var-M754_E02061N3739_S000,0.08,8.495884045818657e-06,1.6592539502119848e-05,5.684218611686054e-05,0.00017074546894754795,0.0002719058825080949,9.028522154319815e-05
50197,E02020N3739E02658N3366-PS-Str_PYes_Hom-M809_E02246N3619_S000,0.2,1.3380532017764635e-17,1.5685968844515323e-08,1.788032657165214e-06,6.7778352764716e-06,2.439454301503951e-05,4.718909574133724e-06
50219,E02113N3823E02873N3483-PS-Mur_PYes_Hom-M809_E02236N3646_S000,0.17,1.6042330900598534e-07,1.554693652125833e-06,5.0645886321561616e-06,8.461656159357816e-06,1.1991062291390315e-05,5.308419177447144e-06
50235,E01517N3917E01678N3772-PS-Mur_PYes_Var-M707_E01564N3784_S000,0.08,9.097774112365912e-06,2.2384213677556027e-05,6.269571167933478e-05,0.000123914127769748,0.00019450278971090994,7.65310169143044e-05
50247,E02113N3823E02873N3483-PS-Str_PYes_Var-M809_E02219N3719_S000,0.11,2.1806799558367775e-07,2.3153668720273088e-06,7.709169439202723e-06,1.3052179634566406e-05,1.7984288447593257e-05,8.053949697427706e-06
50319,E02113N3823E02873N3483-PS-Str_PNo_Var-M792_E02184N3722_S000,0.08,7.48027211486062e-06,1.1188986463252149e-05,3.270895568205422e-05,5.136338250810024e-05,8.661739226640592e-05,3.764272512565415e-05
50333,E01548N3896E01854N3659-PS-Str_PYes_Hom-M754_E01792N3806_S000,0.09,0.0,0.0,1.1370633942904652e-05,9.337647653107261e-05,0.0002507851021949,5.5341609347152927e-05
50344,E01548N3896E01854N3659-PS-Str_PNo_Hom-M707_E01600N3777_S000,0.07,3.3718648335735333e-06,9.507272025865731e-06,4.160979296484712e-05,0.000148789464127056,0.00034974137358813985,8.746401933063463e-05
50353,E02113N3823E02873N3483-PS-Str_PNo_Var-M792_E02287N3633_S000,0.1,6.7899781279463935e-06,1.0488584970419025e-05,3.0180277488384446e-05,4.654506640124312e-05,7.870308969069566e-05,3.445971521775244e-05
50372,E02020N3739E02658N3366-PS-Mur_PYes_Var-M809_E02289N3573_S000,0.17,0.0,0.0,1.7171534037419086e-06,9.68427600878363e-06,2.729701472994426e-05,5.79610343916977e-06
50386,E02113N3823E02873N3483-PS-Mur_PNo_Var-M792_E02317N3557_S000,0.08,9.034876298160835e-06,1.3576607654844406e-05,3.935180960042366e-05,6.177764541398522e-05,0.00010636528452652,4.596889690102464e-05
50413,E02113N3823E02873N3483-PS-Str_PYes_Hom-M792_E02236N3646_S000,0.14,4.484337312395858e-06,7.025688335830619e-06,2.034120270071838e-05,3.102858728073115e-05,5.546633679050662e-05,2.3372416350312543e-05
50421,E01964N3926E02184N3685-PS-Mur_PYes_Hom-M732_E02066N3753_S000,0.05,1.3953481679808072e-05,3.3491595671855064e-05,0.0001668068517824,0.00037551341883932,0.0005137934624292748,0.00019936514139696828
50433,E02020N3739E02658N3366-PS-Str_PNo_Hom-M774_E02175N3668_S000,0.09,1.6450557548140846e-06,7.21941950755914e-06,2.4674834584919187e-05,8.314218440454603e-05,0.0001489095357702,4.3114697040908494e-05
50436,E02113N3823E02873N3483-PS-Str_PNo_Var-M809_E02318N3569_S000,0.11,2.8715070436838436e-07,2.711416587308805e-06,8.887874421312144e-06,1.4797918499499512e-05,2.1047493116805063e-05,9.33355456025554e-06
50446,E02113N3823E02873N3483-PS-Mur_PYes_Hom-M774_E02209N3683_S000,0.09,8.460969587376562e-06,1.6841383330253374e-05,4.185329913730674e-05,6.031637975493677e-05,9.977974568299809e-05,4.435865029293376e-05
50447,E01964N3926E02184N3685-PS-Str_PNo_Hom-M732_E02091N3733_S000,0.06,1.2272974954305489e-05,2.8725458528548874e-05,0.0001422149908954,0.000316243028828772,0.00043311100004381995,0.00016989999627017394
50456,E01849N3766E02950N3220-PS-Mur_PYes_Var-M792_E02416N3390_S000,0.15,0.0,0.0,4.62167768894653e-06,3.054491110473978e-05,0.0002086468327967999,3.1270610062415296e-05
50476,E02020N3739E02658N3366-PS-Mur_PYes_Var-M792_E02120N3675_S000,0.17,0.0,0.0,5.693874210355644e-06,3.464197251373794e-05,5.7936921108371186e-05,1.5501380815931133e-05
50500,E02113N3823E02873N3483-PS-Str_PNo_Hom-M792_E02259N3628_S000,0.14,4.622110741533097e-06,7.294480628788493e-06,2.110818063168876e-05,3.201622559875177e-05,5.716624196311535e-05,2.4196849043229254e-05
50526,E02113N3823E02873N3483-PS-Str_PNo_Hom-M774_E02209N3683_S000,0.09,8.460970219886503e-06,1.6841384589251203e-05,4.185330226610037e-05,6.0316384263960146e-05,9.977975314215489e-05,4.4358653609018916e-05
50535,E02113N3823E02873N3483-PS-Mur_PYes_Var-M809_E02255N3645_S000,0.14,2.0011904803514703e-07,1.938168301256573e-06,6.3144024974236445e-06,1.0544385805487576e-05,1.4937550398590156e-05,6.623450724199523e-06
50539,E02020N3739E02658N3366-PS-Str_PYes_Hom-M792_E02085N3646_S000,0.24,0.0,0.0,4.186214147886256e-06,2.4439132380368224e-05,3.7638587133336024e-05,1.0736568196088255e-05
50560,E02113N3823E02873N3483-PS-Str_PYes_Var-M809_E02263N3611_S000,0.15,1.9495270441298955e-07,1.8106811771519989e-06,6.0254181901644e-06,1.02305680330572e-05,1.4318893515887905e-05,6.347563138179863e-06
50561,E02113N3823E02873N3483-PS-Mur_PNo_Var-M792_E02195N3735_S000,0.07,8.383579714569693e-06,1.3011010477045795e-05,3.704025647283322e-05,5.870494790814413e-05,9.981461982282524e-05,4.3020156228611866e-05
50564,E02020N3739E02658N3366-PS-Mur_PNo_Var-M809_E02182N3695_S000,0.1,2.118112107134584e-17,2.9083665809652632e-08,3.110755005834603e-06,1.2137027276464501e-05,4.036006143031179e-05,8.114092622157893e-06
50586,E02113N3823E02873N3483-PS-Mur_PYes_Var-M809_E02233N3717_S000,0.11,0.0,0.0,7.445454309126628e-06,1.4452082822912194e-05,2.019598099992532e-05,8.053946636837004e-06
50605,E01964N3926E02184N3685-PS-Mur_PYes_Var-M680_E01975N3750_S000,0.05,0.0,0.0,6.580922496300929e-06,4.5513947683704036e-05,0.00014209457632401499,2.7845227378034277e-05
50613,E01548N3896E01854N3659-PS-Mur_PYes_Hom-M774_E01837N3846_S000,0.25,0.0,0.0,1.9462463268539047e-06,1.853755921686125e-05,5.412294025627706e-05,1.0747574840322507e-05
50615,E02020N3739E02658N3366-PS-Mur_PYes_Hom-M809_E02230N3611_S000,0.15,0.0,0.0,2.181127489895194e-06,1.4986776032522355e-05,2.6487537714131904e-05,6.071862009627599e-06
50616,E02113N3823E02873N3483-PS-Mur_PYes_Var-M792_E02138N3737_S000,0.11,4.903437719506953e-06,7.368931489893759e-06,2.130223450435601e-05,3.326293732774402e-05,5.615499382316875e-05,2.4481532589624815e-05
50644,E01964N3926E02184N3685-PS-Str_PNo_Var-M774_E02093N3745_S000,0.09,1.7331389475238736e-07,2.4849268636622915e-06,1.7499694633176408e-05,7.550177477085497e-05,0.00013870075637451,3.6892363855317185e-05
50674,E02113N3823E02873N3483-PS-Mur_PNo_Hom-M792_E02308N3607_S000,0.11,6.268401503975101e-06,9.664189256085803e-06,2.808681858255393e-05,4.288173304019889e-05,7.435499105347633e-05,3.211706320766512e-05
50712,E02113N3823E02873N3483-PS-Mur_PYes_Hom-M792_E02321N3597_S000,0.11,6.36987290112115e-06,9.870867816573789e-06,2.8381362760044576e-05,4.367633853341259e-05,7.362473547101857e-05,3.2376218987316395e-05
50723,E02113N3823E02873N3483-PS-Str_PYes_Hom-M774_E02308N3607_S000,0.09,1.027060481426856e-05,2.0439740402128783e-05,4.98275359599331e-05,7.032994702828501e-05,0.00011643450370180496,5.2232589172897844e-05
50725,E02113N3823E02873N3483-PS-Mur_PYes_Hom-M792_E02287N3633_S000,0.14,4.849972111738256e-06,7.491827460939782e-06,2.155728654570153e-05,3.324639192222397e-05,5.6216350467531595e-05,2.4614020050619864e-05
50732,E02020N3739E02658N3366-PS-Str_PYes_Var-M809_E02245N3574_S000,0.2,0.0,0.0,1.7675012739230979e-06,1.22512052211729e-05,2.0823529495858685e-05,4.843179225136145e-06
50746,E02020N3739E02658N3366-PS-Mur_PNo_Var-M809_E02154N3709_S000,0.16,1.3102121237930958e-17,1.6639148321758642e-08,1.8121683605445117e-06,6.955215995065803e-06,2.439738552216193e-05,4.7607053543911e-06
50771,E02113N3823E02873N3483-PS-Str_PYes_Var-M809_E02200N3695_S000,0.11,2.2366681662247695e-07,2.2267023355536583e-06,7.272489859870794e-06,1.2433413861546907e-05,1.7045570255793992e-05,7.678180409416512e-06
50796,E02020N3739E02658N3366-PS-Str_PYes_Var-M792_E02057N3668_S000,0.22,0.0,0.0,4.3484685239526e-06,2.7233604742345293e-05,3.941004357213403e-05,1.1450200778184172e-05
50844,E01964N3926E02184N3685-PS-Str_PYes_Var-M774_E02099N3777_S000,0.09,1.7300810512428323e-07,2.4244062282213227e-06,1.7178852602869118e-05,7.562315140715391e-05,0.000143342647618805,3.7310453396192464e-05
50854,E02113N3823E02873N3483-PS-Str_PYes_Var-M792_E02226N3707_S000,0.08,7.825686924758383e-06,1.1622490095737898e-05,3.376999730876931e-05,5.2385800971620105e-05,8.844224969834401e-05,3.872911069036268e-05
50857,E02020N3739E02658N3366-PS-Str_PYes_Var-M774_E02146N3630_S000,0.09,0.0,0.0,1.9627520885824545e-05,0.0001026563708644,0.0001555060624698,4.1868790615315965e-05
50866,E02113N3823E02873N3483-PS-Mur_PYes_Var-M792_E02226N3707_S000,0.07,8.943640834678445e-06,1.3282843796373393e-05,3.859427674804604e-05,5.986947768698079e-05,0.00010107684137098487,4.426183403341248e-05
50922,E02113N3823E02873N3483-PS-Mur_PYes_Hom-M792_E02293N3602_S000,0.12,5.617444205464511e-06,8.705671197875615e-06,2.5250316888961815e-05,3.882913659812961e-05,6.863116785845035e-05,2.9197305231585455e-05
50945,E01548N3896E01854N3659-PS-Mur_PYes_Hom-M792_E01727N3708_S000,0.23,0.0,0.0,1.1809924724996503e-06,1.2265249924736319e-05,4.15276131203822e-05,7.552813942986947e-06
50972,E02020N3739E02658N3366-PS-Mur_PNo_Var-M792_E02164N3695_S000,0.09,2.4854106371910035e-08,3.365180710271011e-06,1.466331891523116e-05,5.1731547638158105e-05,0.00011697867928345993,3.1205638247665856e-05
50977,E02020N3739E02658N3366-PS-Str_PNo_Var-M809_E02193N3666_S000,0.13,1.8238418621318796e-17,2.1611539478154553e-08,2.4371891989550476e-06,9.3846065040498e-06,3.3661658934295144e-05,6.49705145632851e-06
50982,E02020N3739E02658N3366-PS-Str_PYes_Hom-M809_E02136N3678_S000,0.23,0.0,0.0,1.0985539125370143e-06,7.975946620363033e-06,1.4549135215401815e-05,3.31165092069537e-06
50986,E01964N3926E02184N3685-PS-Mur_PNo_Hom-M732_E02091N3733_S000,0.06,1.2272976045104229e-05,2.8725461081613147e-05,0.0001422150035352,0.000316243056935916,0.00043311103853795497,0.00016990001137056232
51001,E01964N3926E02184N3685-PS-Str_PYes_Var-M732_E02048N3750_S000,0.05,1.3578074591217893e-05,3.258861269625306e-05,0.0001552168790647,0.0003547004691285,0.0004948273951648,0.0001902808709051576
51002,E02113N3823E02873N3483-PS-Str_PNo_Var-M809_E02287N3633_S000,0.14,2.0079742350590654e-07,2.0171505265049954e-06,6.573524312145629e-06,1.1059847737883586e-05,1.52444810145354e-05,6.918832747045388e-06
51008,E01964N3926E02184N3685-PS-Mur_PNo_Var-M774_E02053N3767_S000,0.09,1.6458192380565433e-07,2.3051147437809152e-06,1.6429393109197783e-05,7.106365812919061e-05,0.00012714660326861,3.44135989662547e-05
51009,E01964N3926E02184N3685-PS-Str_PYes_Hom-M732_E02050N3785_S000,0.05,1.398058245305724e-05,3.2377201224398525e-05,0.0001604053065655,0.00037301149387772796,0.000501934314747115,0.00019479579826928628
51020,E02113N3823E02873N3483-PS-Mur_PYes_Hom-M792_E02280N3610_S000,0.13,5.0815348278117834e-06,7.843229994109123e-06,2.268378936438266e-05,3.5194571188467315e-05,6.190767558151413e-05,2.6282793816880173e-05
51030,E02113N3823E02873N3483-PS-Str_PYes_Hom-M792_E02270N3650_S000,0.12,5.445138422162611e-06,8.477038568533474e-06,2.4288047662519302e-05,3.7614133502032565e-05,6.312086957636315e-05,2.7748734205482462e-05
51044,E02113N3823E02873N3483-PS-Str_PYes_Var-M809_E02233N3717_S000,0.1,0.0,0.0,8.267184846363416e-06,1.6047112123905274e-05,2.2424945630968675e-05,8.942834490013674e-06
51052,E02020N3739E02658N3366-PS-Str_PYes_Var-M774_E02164N3590_S000,0.08,0.0,0.0,2.1672760192947496e-05,0.0001227160776697,0.00017338822148958496,4.897315536267579e-05
51063,E02020N3739E02658N3366-PS-Str_PNo_Hom-M754_E02100N3712_S000,0.1,9.737296285355188e-06,1.888981862746685e-05,4.842414955759283e-05,0.0001464352750772,0.000224440697716055,7.637508921764443e-05
51074,E02113N3823E02873N3483-PS-Str_PNo_Var-M792_E02231N3729_S000,0.06,0.0,6.647683261121141e-06,4.535551685219935e-05,7.58999166142284e-05,0.0001339720555184,5.2125446930524836e-05
51123,E01849N3766E02950N3220-PS-Mur_PYes_Var-M809_E02288N3414_S000,0.33,0.0,0.0,2.039857041219162e-07,3.87544694289436e-06,1.210745522726173e-05,3.387113007555578e-06
51129,E02113N3823E02873N3483-PS-Mur_PNo_Var-M809_E02356N3540_S000,0.11,2.9559744704633824e-07,2.779201829313919e-06,9.13625258531181e-06,1.5438557468882668e-05,2.1716625565735572e-05,9.633593646319386e-06
51144,E02113N3823E02873N3483-PS-Mur_PYes_Hom-M809_E02243N3633_S000,0.17,1.6965870275450408e-07,1.585056745445203e-06,5.177157506332388e-06,8.70073278415834e-06,1.2448154655744852e-05,5.454591804445099e-06
51153,E01964N3926E02184N3685-PS-Str_PYes_Var-M774_E02067N3699_S000,0.13,0.0,0.0,6.001946108525482e-06,5.103928445243901e-05,0.00012226353122209998,2.439673321390006e-05
51159,E02020N3739E02658N3366-PS-Mur_PYes_Hom-M809_E02296N3512_S000,0.14,0.0,0.0,2.9936401116109013e-06,1.8903478241310867e-05,3.150579706885126e-05,7.628899289108195e-06
51177,E02113N3823E02873N3483-PS-Mur_PYes_Hom-M774_E02305N3578_S000,0.09,1.027828644954367e-05,2.0394017486425026e-05,4.998545909130612e-05,7.242485517484668e-05,0.0001172896316234,5.3058864354819875e-05
51178,E02113N3823E02873N3483-PS-Mur_PNo_Hom-M774_E02305N3578_S000,0.09,1.027828644954367e-05,2.0394017486425026e-05,4.998545909130612e-05,7.242485517484668e-05,0.0001172896316234,5.3058864354819875e-05
51189,E02020N3739E02658N3366-PS-Str_PYes_Hom-M774_E02154N3709_S000,0.09,1.4204877146649866e-06,6.792185907535699e-06,2.3130481477836123e-05,7.937933600924446e-05,0.000138459042531,4.0208684139224545e-05
51195,E02020N3739E02658N3366-PS-Str_PYes_Var-M809_E02120N3675_S000,0.25,0.0,0.0,1.0425163878665617e-06,7.287568784715139e-06,1.2845715165340054e-05,2.9806564810536253e-06
51211,E02113N3823E02873N3483-PS-Mur_PNo_Var-M809_E02280N3610_S000,0.11,2.6829693112638523e-07,2.5107100587300617e-06,8.261765400293234e-06,1.371408026420154e-05,1.9695357851540935e-05,8.655769747036845e-06
51229,E02113N3823E02873N3483-PS-Str_PYes_Var-M792_E02263N3611_S000,0.12,5.483970636883935e-06,8.562483726286332e-06,2.4029179739882178e-05,3.733411827613157e-05,6.41622006042894e-05,2.8229700404510316e-05
51230,E02113N3823E02873N3483-PS-Str_PNo_Var-M837_E02344N3564_S000,0.16,0.0,0.0,0.0,0.000134736169537568,0.00024871686080998987,4.7793393505385166e-05
51241,E02113N3823E02873N3483-PS-Mur_PNo_Hom-M774_E02320N3583_S000,0.08,1.1883409841590115e-05,2.3648279396260577e-05,5.718128624291635e-05,8.056680857601555e-05,0.00013227057793097492,5.9691203435316724e-05
51261,E01517N3917E01678N3772-PS-Mur_PYes_Var-M754_E01597N3834_S000,0.08,7.535241074019349e-06,1.3853332308436268e-05,4.143413051111045e-05,0.00010151454758749998,0.000208297424700815,6.225931051554801e-05
51281,E02113N3823E02873N3483-PS-Str_PYes_Var-M792_E02344N3564_S000,0.08,9.16292758532866e-06,1.4339121467261557e-05,4.136619407220588e-05,6.362524185905001e-05,0.00011002930531857983,4.741167763749605e-05
51289,E01964N3926E02184N3685-PS-Mur_PNo_Var-M774_E02078N3742_S000,0.11,1.4252125875635335e-07,1.869539638029528e-06,1.398554747725561e-05,5.8560414825349135e-05,0.00010358107395373998,2.9166533666053946e-05
51303,E02113N3823E02873N3483-PS-Mur_PYes_Var-M792_E02195N3735_S000,0.07,8.383579714569693e-06,1.3011010477045795e-05,3.704025647283322e-05,5.870494790814413e-05,9.981461982282524e-05,4.3020156228611866e-05
51305,E01964N3926E02184N3685-PS-Mur_PNo_Var-M774_E02066N3753_S000,0.1,1.5115265194252602e-07,2.173223174986425e-06,1.5021091863267616e-05,6.550548008571945e-05,0.00011753578705821497,3.171585639118999e-05
51311,E02113N3823E02873N3483-PS-Str_PYes_Var-M792_E02200N3695_S000,0.08,7.433056727868238e-06,1.1457114302095262e-05,3.329726620299292e-05,5.08372615534312e-05,8.771166935271196e-05,3.800787346854146e-05
51332,E01849N3766E02950N3220-PS-Mur_PYes_Hom-M809_E02013N3694_S000,0.22,0.0,0.0,3.2717900642544765e-07,2.4141001048415915e-06,2.66529044933758e-05,2.860163539484967e-06
51333,E01849N3766E02950N3220-PS-Mur_PYes_Var-M792_E02020N3623_S000,0.26,0.0,0.0,1.453825901255102e-06,1.0261427030035252e-05,5.6505673531148005e-05,9.799624518314244e-06
51351,E01548N3896E01854N3659-PS-Mur_PYes_Var-M792_E01679N3849_S000,0.16,0.0,0.0,3.1178692547080665e-06,2.1772236521641168e-05,4.56370194485451e-05,1.0857170043044012e-05
51354,E02113N3823E02873N3483-PS-Mur_PNo_Hom-M809_E02291N3588_S000,0.13,2.3318898957742024e-07,2.176771375833972e-06,7.167910358836977e-06,1.1863615873869797e-05,1.7081452235362637e-05,7.515257034019094e-06
51355,E02113N3823E02873N3483-PS-Str_PYes_Hom-M792_E02278N3662_S000,0.12,5.6753592471537085e-06,8.42888391447311e-06,2.4568129844487144e-05,3.842626035628131e-05,6.483030066576056e-05,2.8229653276349944e-05
51375,E02020N3739E02658N3366-PS-Mur_PYes_Var-M792_E02294N3487_S000,0.1,0.0,0.0,8.770338554140359e-06,6.491592609379524e-05,0.000181084115459,3.8221326444920065e-05
51401,E02113N3823E02873N3483-PS-Str_PNo_Var-M792_E02243N3633_S000,0.1,6.477750692143294e-06,9.82642664410015e-06,2.8153692909348788e-05,4.402952208791814e-05,7.588525675992129e-05,3.300650375674952e-05
51440,E02020N3739E02658N3366-PS-Str_PYes_Hom-M809_E02109N3687_S000,0.26,0.0,0.0,9.772108363524695e-07,6.759909064753452e-06,1.1912992892440992e-05,2.7704619003237007e-06
51450,E01964N3926E02184N3685-PS-Str_PYes_Hom-M732_E02043N3735_S000,0.06,0.0,0.0,6.167413796186236e-05,0.0003824626809215839,0.00059269376510407,0.00016423366320101858
51465,E02020N3739E02658N3366-PS-Mur_PNo_Hom-M774_E02191N3680_S000,0.08,1.7119234222962967e-06,8.278975789102836e-06,2.8284011089738742e-05,9.707267430490153e-05,0.0001693210124435,4.897408132736343e-05
51472,E02113N3823E02873N3483-PS-Str_PYes_Hom-M774_E02200N3695_S000,0.08,9.610123942034835e-06,1.9125723278836143e-05,4.6892664878482455e-05,6.660005631443667e-05,0.00011018845494086998,4.943311934339888e-05
51506,E02020N3739E02658N3366-PS-Mur_PYes_Var-M809_E02168N3560_S000,0.2,0.0,0.0,1.2602019028076088e-06,1.0275261618810589e-05,1.9139689132099707e-05,4.305280738113955e-06
51510,E02113N3823E02873N3483-PS-Mur_PYes_Hom-M774_E02200N3695_S000,0.08,9.70156397758882e-06,1.9307703951214662e-05,4.7338847151424246e-05,6.723375381449201e-05,0.00011123689472151497,4.9903473962919875e-05
51559,E02020N3739E02658N3366-PS-Str_PYes_Var-M809_E02126N3687_S000,0.24,0.0,0.0,1.0416112362310062e-06,7.5625197129949075e-06,1.356123481401399e-05,3.1048628500791517e-06
51561,E02113N3823E02873N3483-PS-Mur_PNo_Hom-M754_E02291N3588_S000,0.07,2.5168086334697783e-05,5.500631261519766e-05,0.00014337010203255,0.0002112129897162,0.0003437968262159,0.00015063099333592923
51570,E01964N3926E02184N3685-PS-Mur_PNo_Var-M774_E02090N3766_S000,0.07,2.2146339175342195e-07,3.089448399924157e-06,2.1839286810813095e-05,9.449953570851168e-05,0.00017836910203311492,4.690827691977338e-05
51597,E01964N3926E02184N3685-PS-Str_PYes_Hom-M754_E02103N3738_S000,0.08,9.208309426575747e-06,1.775933848016896e-05,6.118895741413599e-05,0.00018430304271505198,0.00029951974101581494,9.546874322936515e-05
51598,E02113N3823E02873N3483-PS-Str_PYes_Var-M809_E02236N3646_S000,0.14,1.9836191038741832e-07,1.9223640555336424e-06,6.262316134891696e-06,1.0462758131669374e-05,1.482683556668173e-05,6.563810307243664e-06
51603,E02020N3739E02658N3366-PS-Str_PYes_Hom-M809_E02190N3609_S000,0.16,0.0,0.0,2.0377582524827e-06,1.3354812151836921e-05,2.228384787093993e-05,5.329530113582556e-06
51618,E01964N3926E02184N3685-PS-Str_PYes_Var-M680_E01975N3750_S000,0.05,0.0,0.0,6.580922496300929e-06,4.5513947683704036e-05,0.00014209457632401499,2.7845227378034277e-05
51632,E02113N3823E02873N3483-PS-Str_PNo_Hom-M774_E02284N3647_S000,0.09,1.0092011094612616e-05,1.9643940796459452e-05,4.814111875718379e-05,6.73846470628609e-05,0.00011121143154593496,5.016199320629063e-05
51638,E02113N3823E02873N3483-PS-Mur_PYes_Var-M809_E02218N3695_S000,0.1,2.4601302161186554e-07,2.5862209395426997e-06,8.33623221514495e-06,1.4277175422278494e-05,1.9513346475966537e-05,8.775875706517427e-06
51649,E01964N3926E02184N3685-PS-Str_PYes_Hom-M732_E02066N3753_S000,0.06,1.1757980325071184e-05,2.8221882681421742e-05,0.0001405607379112,0.000316428508083524,0.0004329509695873948,0.00016799616496022913
51654,E02113N3823E02873N3483-PS-Mur_PYes_Hom-M774_E02259N3628_S000,0.1,8.502444925159752e-06,1.692382885309019e-05,4.199828111617495e-05,6.057856943390312e-05,9.946263592698994e-05,4.440219471966247e-05
51665,E01548N3896E01854N3659-PS-Mur_PYes_Hom-M774_E01741N3842_S000,0.21,0.0,0.0,3.876243865728038e-06,2.537612122110693e-05,4.608052465014563e-05,1.1194857546181716e-05
51669,E02113N3823E02873N3483-PS-Mur_PNo_Hom-M792_E02276N3623_S000,0.12,5.429935249894968e-06,8.608922082547687e-06,2.4870122815728847e-05,3.802354511025045e-05,6.698745505298909e-05,2.8473012882538186e-05
51686,E01849N3766E02950N3220-PS-Str_PYes_Hom-M792_E02072N3658_S000,0.24,0.0,0.0,1.341449610263505e-06,9.734174703178389e-06,9.515543328726938e-05,1.0617868967651565e-05
51689,E02113N3823E02873N3483-PS-Mur_PNo_Hom-M774_E02226N3707_S000,0.07,1.1630660510914062e-05,2.2394123432395228e-05,5.495373078190382e-05,7.764289473758478e-05,0.00012803662402527995,5.75699682977062e-05
51698,E02113N3823E02873N3483-PS-Str_PYes_Hom-M774_E02291N3588_S000,0.09,1.0108648900130922e-05,2.005742527661835e-05,4.866831005738788e-05,7.10316010972676e-05,0.0001147227420217,5.181451994303694e-05
51704,E02020N3739E02658N3366-PS-Mur_PYes_Hom-M774_E02175N3668_S000,0.08,1.8506949598889238e-06,8.121878700380862e-06,2.7759297439474156e-05,9.353532315324989e-05,0.0001675238827151,4.8504223809583295e-05
51715,E02113N3823E02873N3483-PS-Str_PNo_Hom-M792_E02356N3540_S000,0.12,6.291936887423398e-06,9.526388411016817e-06,2.7393709457181845e-05,4.2706012801212206e-05,7.377001655278702e-05,3.209445910604355e-05
51738,E01964N3926E02184N3685-PS-Mur_PNo_Hom-M774_E02061N3739_S000,0.14,1.101103606010963e-07,1.4476575759360301e-06,1.0870901387183979e-05,4.5482883297789576e-05,8.008058479297e-05,2.2654185357157974e-05
51756,E02020N3739E02658N3366-PS-Str_PNo_Var-M792_E02146N3723_S000,0.09,2.4669753664686655e-08,3.0391033720976707e-06,1.3618630913988951e-05,5.170257086003446e-05,0.00011516430820614492,3.02465148809827e-05
51759,E02020N3739E02658N3366-PS-Mur_PNo_Hom-M809_E02193N3666_S000,0.16,1.467244344030564e-17,1.7386051786337743e-08,1.9606700239456415e-06,7.549728460517077e-06,2.7080132169079007e-05,5.2267481079915355e-06
51762,E02113N3823E02873N3483-PS-Str_PYes_Var-M792_E02294N3618_S000,0.09,7.6011739322985e-06,1.2027615252412743e-05,3.426900950690815e-05,5.3368676119354176e-05,8.99871236041985e-05,3.925427994046144e-05
51772,E01964N3926E02184N3685-PS-Mur_PYes_Hom-M732_E02073N3766_S000,0.06,1.1818212559416726e-05,2.7448093523983336e-05,0.00013744127424874999,0.00031836626657401996,0.0004290939547197,0.00016613758700084337
51775,E01849N3766E02950N3220-PS-Mur_PYes_Hom-M792_E02051N3574_S000,0.16,0.0,0.0,1.9204552692651704e-06,1.783330813381421e-05,6.828039032694668e-05,1.5565878487420274e-05
51776,E02113N3823E02873N3483-PS-Str_PNo_Var-M792_E02284N3647_S000,0.1,0.0,0.0,1.599512146037464e-05,6.698556661660751e-05,9.944840653689264e-05,3.445971763045569e-05
51785,E02113N3823E02873N3483-PS-Mur_PNo_Var-M792_E02287N3633_S000,0.1,6.78997860334819e-06,1.0488585704779582e-05,3.0180279601463136e-05,4.654506966010607e-05,7.87030952011096e-05,3.4459717630457313e-05
51815,E02113N3823E02873N3483-PS-Str_PYes_Hom-M792_E02260N3683_S000,0.11,6.007769540531309e-06,8.98921237169566e-06,2.6069795847923008e-05,4.127657686741341e-05,6.958855085195057e-05,3.000587828960018e-05
51838,E02113N3823E02873N3483-PS-Str_PNo_Var-M809_E02266N3671_S000,0.12,2.1902656083933602e-07,2.2940267980806604e-06,7.418183601989005e-06,1.2572580968175876e-05,1.7317801577961163e-05,7.796952565572703e-06
51846,E02113N3823E02873N3483-PS-Str_PNo_Hom-M774_E02259N3628_S000,0.11,7.729494866973929e-06,1.5385297923238006e-05,3.8180252993888456e-05,5.5071423056489846e-05,9.042057203786244e-05,4.0365628850170684e-05
51856,E02113N3823E02873N3483-PS-Mur_PYes_Var-M809_E02244N3659_S000,0.12,2.2065228683787622e-07,2.217158488603509e-06,7.188797548112976e-06,1.2110356845922688e-05,1.672979994020867e-05,7.589859499806258e-06
51861,E02113N3823E02873N3483-PS-Str_PNo_Var-M792_E02218N3695_S000,0.07,8.942296089365855e-06,1.3475681754174907e-05,3.9003832761798016e-05,6.021693410323222e-05,0.00010177433367869479,4.467900166301699e-05
51865,E02113N3823E02873N3483-PS-Str_PNo_Hom-M774_E02226N3659_S000,0.08,1.0020319587466673e-05,1.9882163616429996e-05,4.82136086856114e-05,7.041092739850245e-05,0.0001125138325401,5.1303179404244065e-05
51870,E02113N3823E02873N3483-PS-Str_PNo_Var-M809_E02348N3529_S000,0.12,2.637996017004877e-07,2.531611100708635e-06,8.29542011728406e-06,1.4342772823622631e-05,2.0491351936752464e-05,8.900378019692512e-06
51895,E02113N3823E02873N3483-PS-Str_PNo_Hom-M774_E02236N3646_S000,0.1,8.157910319655377e-06,1.618679986478928e-05,4.022291172705748e-05,5.804656449024486e-05,9.469383693465008e-05,4.2529705171214836e-05
51935,E02113N3823E02873N3483-PS-Str_PYes_Hom-M774_E02295N3656_S000,0.08,1.1241073880926413e-05,2.154080743008477e-05,5.410815412828262e-05,7.725983015932593e-05,0.00012623586438891986,5.690260070719219e-05
51951,E02113N3823E02873N3483-PS-Mur_PYes_Hom-M774_E02321N3597_S000,0.08,1.1838037154588374e-05,2.317200559344261e-05,5.6772743261025946e-05,7.958534771762583e-05,0.0001316987368158,5.9232021325065945e-05
51967,E01548N3896E01854N3659-PS-Mur_PYes_Var-M754_E01622N3816_S000,0.09,1.3247727135275887e-06,4.1423335602844395e-06,2.021154249874776e-05,8.812115036097598e-05,0.0002367265685486,5.5341609347154214e-05
51972,E01964N3926E02184N3685-PS-Mur_PYes_Hom-M732_E02061N3739_S000,0.06,1.202353694149579e-05,2.8031168082785615e-05,0.00013659576928140002,0.00031209650030147195,0.0004268795925122899,0.00016613751024053002
51973,E02113N3823E02873N3483-PS-Str_PYes_Hom-M774_E02306N3593_S000,0.09,1.0365443154534133e-05,2.063064233819538e-05,5.056030895957265e-05,7.239508150164495e-05,0.00011733291326796984,5.3058844181974866e-05
52005,E01849N3766E02950N3220-PS-Str_PYes_Var-M809_E02047N3601_S000,0.33,0.0,0.0,2.5655668519021364e-07,1.980541836845292e-06,1.5002496719623573e-05,2.232906046941856e-06
52010,E02020N3739E02658N3366-PS-Str_PYes_Hom-M792_E02218N3646_S000,0.13,1.9468675432451867e-08,2.6318125951042685e-06,1.1553609871262693e-05,4.0464643465779857e-05,9.19213395595962e-05,2.450176226274416e-05
52019,E01964N3926E02184N3685-PS-Mur_PYes_Var-M774_E02093N3745_S000,0.1,1.5598250527714858e-07,2.2364341772960622e-06,1.5749725169858767e-05,6.795159729376947e-05,0.00012483068073709,3.3203127469785406e-05
52054,E01964N3926E02184N3685-PS-Mur_PYes_Var-M774_E02103N3738_S000,0.09,1.781871861475675e-07,2.568133151371254e-06,1.7972701284908803e-05,7.783893633208937e-05,0.00014016060303394495,3.772869824034291e-05
52056,E02113N3823E02873N3483-PS-Mur_PYes_Var-M809_E02243N3633_S000,0.13,2.2186184798236717e-07,2.072770880549795e-06,6.770143311261375e-06,1.137790530608598e-05,1.6278390386434458e-05,7.1329427732025975e-06
52061,E02020N3739E02658N3366-PS-Mur_PYes_Hom-M809_E02076N3673_S000,0.2,0.0,0.0,1.291117101168792e-06,8.913093191494678e-06,1.424287064414093e-05,3.4365281145982223e-06
52073,E02020N3739E02658N3366-PS-Str_PYes_Hom-M774_E02204N3672_S000,0.09,1.6959474969244152e-06,7.436232036560833e-06,2.535365146062572e-05,8.563909807587377e-05,0.0001526771002495,4.435865692509989e-05
52105,E01964N3926E02184N3685-PS-Mur_PNo_Var-M754_E02029N3787_S000,0.06,1.0767208855196564e-05,2.1537988477477507e-05,7.208372720919729e-05,0.00021615156269691197,0.00034985359112344496,0.00011346928225602729
52110,E02020N3739E02658N3366-PS-Mur_PNo_Hom-M774_E02154N3709_S000,0.08,1.5980459991864827e-06,7.641196332224628e-06,2.6021748025910036e-05,8.930160325784299e-05,0.0001557661616384,4.5234693801203135e-05
52124,E02020N3739E02658N3366-PS-Mur_PYes_Hom-M809_E02112N3663_S000,0.27,0.0,0.0,1.000069373000098e-06,6.669289268095832e-06,1.1388829509545242e-05,2.667835479489082e-06
52135,E01964N3926E02184N3685-PS-Mur_PNo_Hom-M707_E02053N3767_S000,0.03,1.5457534937515035e-05,4.1612308271843986e-05,0.0002601327745258,0.000582173896044096,0.0007014155295828298,0.0002959507406215835
52146,E02113N3823E02873N3483-PS-Str_PYes_Hom-M774_E02218N3671_S000,0.09,8.828741172230473e-06,1.7517852098545357e-05,4.30433226339887e-05,6.220297698235992e-05,0.0001006695511831,4.5602832769275306e-05
52162,E01964N3926E02184N3685-PS-Mur_PYes_Var-M754_E02037N3706_S000,0.09,0.0,0.0,2.4529550836704647e-05,0.000160897918560964,0.00029399700764267485,7.657614457726218e-05
52170,E02113N3823E02873N3483-PS-Mur_PNo_Hom-M792_E02364N3550_S000,0.12,6.265449761240973e-06,9.799189983330665e-06,2.836621448349638e-05,4.326716766417639e-05,7.663411316108915e-05,3.257539578965442e-05
52186,E01964N3926E02184N3685-PS-Str_PYes_Hom-M707_E02048N3750_S000,0.04,1.2285484572040778e-05,2.9591993818107255e-05,0.00019024512365,0.00041781019060744396,0.00053798451772931,0.00022196305546618169
52196,E02113N3823E02873N3483-PS-Str_PNo_Var-M809_E02276N3623_S000,0.13,2.22675748499377e-07,2.1117689727216957e-06,7.003252291826896e-06,1.1673911742414151e-05,1.652043647879581e-05,7.32411233219483e-06
52243,E02113N3823E02873N3483-PS-Str_PYes_Var-M809_E02266N3671_S000,0.12,2.1902656083933602e-07,2.2940267980806604e-06,7.418183601989005e-06,1.2572580968175876e-05,1.7317801577961163e-05,7.796952565572703e-06
52302,E01964N3926E02184N3685-PS-Mur_PYes_Hom-M754_E02105N3765_S000,0.08,9.47353581744076e-06,1.719692173397105e-05,5.900207053787054e-05,0.00018649079324758,0.000309063940683545,9.546862493667515e-05
52312,E01849N3766E02950N3220-PS-Mur_PYes_Var-M754_E02013N3694_S000,0.12,0.0,0.0,1.1246333867224637e-05,5.690614027382073e-05,0.000390699539571995,5.535553698550687e-05
52328,E02113N3823E02873N3483-PS-Mur_PNo_Hom-M809_E02306N3593_S000,0.14,2.1406263648356336e-07,2.0562254940406947e-06,6.720550360870015e-06,1.1148176484954594e-05,1.5713603101348793e-05,7.038096727997309e-06
52329,E02113N3823E02873N3483-PS-Mur_PYes_Hom-M774_E02349N3553_S000,0.08,1.2064357260455686e-05,2.400733534663261e-05,5.8861456616426396e-05,8.356668600868446e-05,0.00013827340357776497,6.203184568195693e-05
52429,E02020N3739E02658N3366-PS-Str_PYes_Var-M809_E02079N3688_S000,0.25,0.0,0.0,1.0873225574394205e-06,7.013656853691324e-06,1.2094973628361439e-05,2.848612327911219e-06
52430,E02113N3823E02873N3483-PS-Mur_PNo_Var-M809_E02272N3638_S000,0.12,2.32151538158719e-07,2.2988671485588922e-06,7.427198204139172e-06,1.2579122013762164e-05,1.7408831675844322e-05,7.864871757550719e-06
52431,E02113N3823E02873N3483-PS-Str_PNo_Hom-M809_E02276N3623_S000,0.16,1.8092340592698155e-07,1.7158062234011128e-06,5.690122367352484e-06,9.485019752541489e-06,1.3422807177192224e-05,5.950820228347435e-06
52463,E02113N3823E02873N3483-PS-Str_PNo_Hom-M774_E02295N3656_S000,0.08,1.1241073880926413e-05,2.154080743008477e-05,5.410815412828262e-05,7.725983015932593e-05,0.00012623586438891986,5.690260070719219e-05
52501,E02020N3739E02658N3366-PS-Mur_PYes_Hom-M792_E02307N3549_S000,0.11,0.0,0.0,1.1410582979538536e-05,5.705168887609829e-05,0.0001587354919488697,3.316642259827465e-05
52507,E02113N3823E02873N3483-PS-Str_PYes_Var-M809_E02362N3528_S000,0.1,3.3689008431421866e-07,3.154360982223274e-06,1.0408624325014624e-05,1.7345889137964827e-05,2.48418667423624e-05,1.0928979431441433e-05
52530,E02113N3823E02873N3483-PS-Str_PNo_Var-M792_E02349N3553_S000,0.07,1.0294201607494244e-05,1.6214238565142224e-05,4.6707744888045226e-05,7.130646166897293e-05,0.0001273317585051,5.377751613511206e-05
52553,E02113N3823E02873N3483-PS-Mur_PNo_Hom-M774_E02295N3656_S000,0.08,1.1241074617903104e-05,2.1540808842322893e-05,5.410815767567044e-05,7.72598352245621e-05,0.00012623587266509986,5.690260443778718e-05
52561,E02113N3823E02873N3483-PS-Mur_PNo_Hom-M792_E02321N3597_S000,0.11,6.36987290112115e-06,9.870867816573789e-06,2.8381362760044576e-05,4.367633853341259e-05,7.362473547101857e-05,3.2376218987316395e-05
52565,E02113N3823E02873N3483-PS-Str_PNo_Hom-M809_E02373N3537_S000,0.16,2.1401858772878047e-07,2.008366378507433e-06,6.696826899798898e-06,1.1103743353786602e-05,1.5788666913994483e-05,6.985928149595897e-06
52571,E02020N3739E02658N3366-PS-Mur_PYes_Hom-M809_E02188N3654_S000,0.14,0.0,0.0,2.020805529253313e-06,1.4671867122330076e-05,2.672179459475698e-05,6.091070081487156e-06
52584,E02113N3823E02873N3483-PS-Mur_PYes_Var-M809_E02348N3529_S000,0.1,3.165596218252077e-07,3.0379342784555134e-06,9.954507278559726e-06,1.721133281363272e-05,2.4589630075145037e-05,1.0680456990280752e-05
52597,E02020N3739E02658N3366-PS-Mur_PYes_Hom-M809_E02331N3532_S000,0.13,0.0,0.0,2.8500946142875247e-06,2.048507201166296e-05,3.5962114877560995e-05,8.215727867722898e-06
52600,E02113N3823E02873N3483-PS-Str_PYes_Hom-M809_E02263N3611_S000,0.17,1.7201676308406462e-07,1.5976568060893116e-06,5.316535292089352e-06,9.026954526518222e-06,1.2634293640423718e-05,5.600780290733293e-06
52624,E02113N3823E02873N3483-PS-Mur_PYes_Hom-M809_E02362N3528_S000,0.13,2.571658342715663e-07,2.4078888378042077e-06,7.945447737384565e-06,1.3241025067351783e-05,1.896309711420341e-05,8.342662025641574e-06
52631,E02113N3823E02873N3483-PS-Mur_PNo_Var-M809_E02317N3557_S000,0.1,3.1243730131197104e-07,2.9132294266555503e-06,9.633065438809384e-06,1.604970119811656e-05,2.3040891988352443e-05,1.0101894921099574e-05
52681,E02113N3823E02873N3483-PS-Mur_PNo_Hom-M774_E02294N3618_S000,0.08,1.1462701769098603e-05,2.2811804553097568e-05,5.50265978942879e-05,7.672115410321286e-05,0.0001275130104286,5.736177535625281e-05
52687,E02113N3823E02873N3483-PS-Mur_PYes_Hom-M774_E02173N3709_S000,0.08,9.509999027315872e-06,1.8835899230715357e-05,4.5573068556283296e-05,6.361248798118144e-05,0.0001057484082011,4.757415578095794e-05
52690,E02113N3823E02873N3483-PS-Str_PYes_Hom-M809_E02236N3646_S000,0.19,1.4616109689752973e-07,1.4164757661610147e-06,4.614328394030858e-06,7.709384337505056e-06,1.0925013505430343e-05,4.836481522386554e-06
52709,E02020N3739E02658N3366-PS-Mur_PYes_Hom-M792_E02253N3579_S000,0.14,0.0,0.0,8.892491712573679e-06,5.4001293846596375e-05,9.181183935068147e-05,2.4405469875810408e-05
52711,E02020N3739E02658N3366-PS-Mur_PYes_Var-M774_E02102N3607_S000,0.09,0.0,0.0,1.644338461354499e-05,9.19788100295308e-05,0.0001687189188894,3.979678116784297e-05
52735,E01964N3926E02184N3685-PS-Str_PYes_Hom-M707_E02037N3774_S000,0.03,1.542641202107399e-05,4.153880821800861e-05,0.0002596187745023,0.000582612739324344,0.00070411332194051,0.0002959507406215833
52738,E02020N3739E02658N3366-PS-Mur_PNo_Hom-M754_E02100N3712_S000,0.09,1.0819235302841335e-05,2.0988720746428868e-05,5.38046961959591e-05,0.0001627061199811,0.00024937894965523,8.486134521386407e-05
52745,E02113N3823E02873N3483-PS-Str_PNo_Var-M792_E02173N3709_S000,0.08,7.323471586495729e-06,1.1043277622419071e-05,3.192035910938246e-05,4.915594168120841e-05,8.309099939163524e-05,3.6556560444038834e-05
52752,E02113N3823E02873N3483-PS-Mur_PYes_Hom-M774_E02210N3708_S000,0.06,1.337287275825899e-05,2.5625885918378407e-05,6.392804819874849e-05,9.119182514772681e-05,0.00014993849866287498,6.716491244370521e-05
52753,E02113N3823E02873N3483-PS-Str_PNo_Var-M792_E02278N3662_S000,0.08,8.513059606877337e-06,1.2643356668451578e-05,3.685228453168201e-05,5.76395309330364e-05,9.724568787010068e-05,4.234458305763986e-05
52802,E01964N3926E02184N3685-PS-Mur_PNo_Hom-M754_E02117N3770_S000,0.07,1.1053117001823571e-05,1.945583855118122e-05,6.826827049662756e-05,0.000217057334974504,0.00036045046099252,0.0001103031313354152
52826,E02113N3823E02873N3483-PS-Str_PYes_Var-M809_E02148N3750_S000,0.13,0.0,0.0,2.199269761103506e-06,1.4306960387931785e-05,2.129587997674586e-05,5.987519547005234e-06
52833,E02113N3823E02873N3483-PS-Mur_PYes_Hom-M774_E02236N3646_S000,0.09,9.064345462200968e-06,1.7985334497787916e-05,4.4692127408072e-05,6.449618748146934e-05,0.0001052153820628,4.725523142227033e-05
52850,E02113N3823E02873N3483-PS-Str_PYes_Hom-M774_E02243N3633_S000,0.1,8.449634907330183e-06,1.6529099395156992e-05,4.0732326818632374e-05,6.148112847271302e-05,9.223229111357084e-05,4.328228164022879e-05
52853,E01849N3766E02950N3220-PS-Str_PYes_Hom-M809_E01996N3697_S000,0.25,0.0,0.0,2.8201399616970735e-07,2.078344295173454e-06,2.34330841930729e-05,2.5169716758093807e-06
52862,E02113N3823E02873N3483-PS-Str_PYes_Hom-M774_E02318N3569_S000,0.08,1.1722461519935106e-05,2.3333964546417e-05,5.728066738771797e-05,8.207848323655287e-05,0.0001356254404979,6.063193925484387e-05
52885,E01548N3896E01854N3659-PS-Str_PYes_Hom-M809_E01667N3857_S000,0.2,0.0,0.0,4.4003065922667884e-07,3.7226624119895345e-06,1.4186643836594149e-05,2.4835940700772254e-06
52892,E02113N3823E02873N3483-PS-Mur_PYes_Var-M792_E02263N3611_S000,0.09,7.250429505702618e-06,1.1320572038372649e-05,3.1769293696085234e-05,4.935992743981292e-05,8.482968695771227e-05,3.7322857159991185e-05
52899,E01964N3926E02184N3685-PS-Str_PNo_Hom-M732_E02057N3799_S000,0.04,1.8443084472530227e-05,3.977853835156003e-05,0.00020546988758745,0.00048294613626770794,0.0006552376860377097,0.0002519942936852966
52910,E02113N3823E02873N3483-PS-Str_PYes_Var-M809_E02356N3540_S000,0.1,3.3028162696463456e-07,3.1053018590684773e-06,1.0208262616569893e-05,1.725005384775952e-05,2.426476444807907e-05,1.0763959617431172e-05
52932,E01964N3926E02184N3685-PS-Mur_PYes_Hom-M732_E02026N3730_S000,0.05,0.0,0.0,7.302372488319173e-05,0.000415890600037796,0.0006661365970827349,0.00018805054035794666
52938,E02020N3739E02658N3366-PS-Str_PNo_Hom-M774_E02201N3643_S000,0.09,1.811072362894828e-06,7.788700365078995e-06,2.5786442596451263e-05,8.492763844043322e-05,0.0001573749217969949,4.518470274453625e-05
52952,E01517N3917E01678N3772-PS-Mur_PNo_Var-M707_E01575N3795_S000,0.06,1.1470164309012997e-05,2.897752461051725e-05,8.352124742542228e-05,0.000166688275683988,0.000247129227285655,0.00010204135588573433
52971,E02113N3823E02873N3483-PS-Mur_PYes_Var-M809_E02252N3671_S000,0.11,2.34641796495297e-07,2.421817792226937e-06,7.893096106444875e-06,1.3254209406301766e-05,1.8411654092992467e-05,8.279849185568646e-06
53002,E01964N3926E02184N3685-PS-Str_PNo_Hom-M707_E02078N3742_S000,0.04,1.289706368517424e-05,3.1923573404927556e-05,0.0002014430184456,0.00044322788404255994,0.0005437641105516499,0.00022962116058543292
53014,E02113N3823E02873N3483-PS-Mur_PNo_Hom-M774_E02200N3695_S000,0.08,9.70156397758882e-06,1.9307703951214662e-05,4.7338847151424246e-05,6.723375381449201e-05,0.00011123689472151497,4.9903473962919875e-05
53031,E02020N3739E02658N3366-PS-Str_PYes_Var-M809_E02331N3532_S000,0.13,0.0,0.0,2.8500967645468315e-06,2.0485087466664524e-05,3.5962142009247005e-05,8.215734066094435e-06
53040,E02020N3739E02658N3366-PS-Str_PYes_Hom-M809_E02277N3598_S000,0.17,1.6195533027902982e-17,1.9313543410638797e-08,2.1694703727019453e-06,8.342071105489161e-06,2.9841165317488033e-05,5.746965222073124e-06
53041,E02113N3823E02873N3483-PS-Mur_PNo_Hom-M809_E02287N3633_S000,0.16,1.7270390778355173e-07,1.7349315167124842e-06,5.653824221426522e-06,9.51246729402075e-06,1.3111629608459503e-05,5.950820642279774e-06
53051,E02113N3823E02873N3483-PS-Mur_PYes_Var-M792_E02344N3564_S000,0.07,1.0393210544737203e-05,1.6264398801364635e-05,4.6920327638000746e-05,7.21680411029042e-05,0.00012480266002515479,5.377752289068533e-05
53086,E02113N3823E02873N3483-PS-Mur_PNo_Var-M809_E02362N3528_S000,0.11,3.016394246216999e-07,2.8243028691800855e-06,9.319512798638727e-06,1.5530893495361556e-05,2.224252579576109e-05,9.78542029253559e-06
53091,E02113N3823E02873N3483-PS-Mur_PNo_Var-M792_E02157N3736_S000,0.07,7.962797316631701e-06,1.2097525652396225e-05,3.4623343898818775e-05,5.555519613426146e-05,9.406814497762402e-05,4.011985523395282e-05
53096,E02113N3823E02873N3483-PS-Str_PYes_Hom-M754_E02138N3737_S000,0.05,2.706958940423362e-05,5.946632611651865e-05,0.00015344719280010002,0.00022484594758257994,0.0003778376461531799,0.00015940856044400958
53100,E02020N3739E02658N3366-PS-Mur_PNo_Hom-M754_E02106N3725_S000,0.07,1.2972012197761703e-05,2.5313203832296405e-05,7.037865505029556e-05,0.000222937111802392,0.0003345977790958,0.00011149962918371553
53104,E01964N3926E02184N3685-PS-Mur_PYes_Var-M732_E02061N3739_S000,0.05,1.4428248318625226e-05,3.36374109987338e-05,0.00016391496845355,0.000374515903900368,0.00051225565263281,0.0001993650674050616
53113,E01964N3926E02184N3685-PS-Mur_PNo_Var-M707_E02003N3766_S000,0.03,1.5202601267527718e-05,3.814248333953632e-05,0.0002431962839267,0.0005275924303697519,0.0006636226217291099,0.00027896001359231724
53131,E02113N3823E02873N3483-PS-Str_PYes_Var-M792_E02227N3683_S000,0.08,7.892609413335586e-06,1.2025269722936154e-05,3.4805779606928164e-05,5.4048699792556254e-05,9.130261983518595e-05,3.9815469715322516e-05
53135,E02020N3739E02658N3366-PS-Mur_PYes_Hom-M809_E02118N3568_S000,0.24,0.0,0.0,5.199258765300914e-07,4.86378289252796e-06,1.923257426796631e-05,3.2431322471993336e-06
53140,E02020N3739E02658N3366-PS-Mur_PYes_Var-M774_E02126N3687_S000,0.1,1.3906117227390028e-06,6.019489140417183e-06,1.9865947704747442e-05,6.51438088759535e-05,0.00012200503838183996,3.4699682506277955e-05
53144,E01964N3926E02184N3685-PS-Str_PNo_Hom-M707_E02074N3729_S000,0.03,1.6614150161637692e-05,4.168348380614803e-05,0.0002679805754085,0.0005789724691582879,0.0007281806100754499,0.00030616149189139827
53170,E02113N3823E02873N3483-PS-Str_PNo_Hom-M792_E02260N3683_S000,0.11,6.007769540531309e-06,8.98921237169566e-06,2.6069795847923008e-05,4.127657686741341e-05,6.958855085195057e-05,3.000587828960018e-05
53173,E02113N3823E02873N3483-PS-Str_PYes_Hom-M754_E02209N3683_S000,0.05,3.0123784718232586e-05,6.566443324737027e-05,0.00016890302900120002,0.0002480121777251,0.0004104115086506,0.00017767033190506693
53175,E01964N3926E02184N3685-PS-Mur_PYes_Hom-M732_E02057N3799_S000,0.04,1.8443084472530227e-05,3.977853835156003e-05,0.00020546988758745,0.00048294613626770794,0.0006552376860377097,0.0002519942936852966
53187,E02020N3739E02658N3366-PS-Mur_PYes_Var-M809_E02178N3622_S000,0.14,0.0,0.0,2.20630359559149e-06,1.4760794850310844e-05,2.46472288433295e-05,5.855172048592846e-06
53201,E02113N3823E02873N3483-PS-Mur_PYes_Var-M792_E02192N3708_S000,0.07,8.542461761936468e-06,1.2837690428558454e-05,3.710676354982514e-05,5.7645610780088535e-05,9.735460932223384e-05,4.260318382126459e-05
53207,E01964N3926E02184N3685-PS-Mur_PYes_Hom-M732_E02088N3719_S000,0.06,1.2403951157568545e-05,2.7891671076508803e-05,0.0001391084061226,0.000312946377440536,0.0004325488162333599,0.00016989996544021003
53215,E02113N3823E02873N3483-PS-Str_PYes_Var-M809_E02377N3548_S000,0.11,3.015972871215407e-07,2.968220041927828e-06,9.626834178437828e-06,1.6298703993752866e-05,2.261650492188652e-05,1.016137025574371e-05
53246,E01964N3926E02184N3685-PS-Str_PYes_Var-M732_E02067N3699_S000,0.05,1.4722083062723712e-05,3.1634383082992895e-05,0.000158388506145,0.00035982730469214793,0.00053398219570832,0.0001970801746205161
53251,E02113N3823E02873N3483-PS-Mur_PYes_Var-M792_E02176N3736_S000,0.06,9.609130163326317e-06,1.4640016095213721e-05,4.2349877852532024e-05,6.711704241827769e-05,0.0001134396910039,4.874167220160953e-05
53275,E02113N3823E02873N3483-PS-Str_PNo_Hom-M774_E02255N3645_S000,0.09,9.241891094147278e-06,1.839579128675834e-05,4.5543947502246836e-05,6.552249846521377e-05,0.0001068896469533,4.8091427360782454e-05
53278,E01548N3896E01854N3659-PS-Mur_PYes_Var-M650_E01586N3743_S000,0.02,0.0,0.0,2.556404763533547e-06,2.3575407828515293e-05,4.549059039841747e-05,1.0360256869318568e-05
53313,E01849N3766E02950N3220-PS-Str_PYes_Var-M732_E02002N3682_S000,0.13,0.0,0.0,1.341255443036737e-05,0.00011563087131954388,0.00031251551158267994,7.056955679086355e-05
53322,E01849N3766E02950N3220-PS-Str_PYes_Var-M732_E02065N3602_S000,0.11,0.0,0.0,1.869024233942307e-05,0.00014731069739501194,0.0005314677709572449,9.680147819312954e-05
53325,E02113N3823E02873N3483-PS-Mur_PYes_Var-M774_E02243N3633_S000,0.08,1.056205549926207e-05,2.0661397454346274e-05,5.091546572021192e-05,7.68514969235796e-05,0.0001152904934058,5.410291282788916e-05
53331,E02020N3739E02658N3366-PS-Str_PYes_Var-M754_E02243N3584_S000,0.08,1.6749491875006195e-05,3.0530929990019605e-05,8.155146214819752e-05,0.00020816642538421196,0.0003752107711724299,0.00012350376590711267
53339,E02113N3823E02873N3483-PS-Mur_PNo_Var-M809_E02287N3633_S000,0.12,2.3027275666975303e-07,2.3132508587316893e-06,7.538461091603049e-06,1.2683338174781264e-05,1.7482239592150545e-05,7.934457832085852e-06
53354,E01964N3926E02184N3685-PS-Mur_PNo_Var-M774_E02057N3724_S000,0.1,0.0,0.0,1.1162725859312342e-05,6.907626313300631e-05,0.000132440575647305,3.171598086869848e-05
53366,E01964N3926E02184N3685-PS-Str_PNo_Hom-M707_E02061N3739_S000,0.03,1.648142964325914e-05,4.1346988990157605e-05,0.0002659869030624,0.00057669807651496,0.0007263054716660347,0.0003061615191024273
53380,E01849N3766E02950N3220-PS-Str_PYes_Hom-M792_E02013N3694_S000,0.16,0.0,0.0,1.984905606856584e-06,1.1856044669442522e-05,0.00011054892852199997,1.3754033769682753e-05
53382,E02113N3823E02873N3483-PS-Str_PNo_Hom-M754_E02293N3602_S000,0.06,2.9497572223675066e-05,6.448899835786896e-05,0.00016702729227424998,0.0002472780278323,0.0004032018244907,0.00017434061644671725
53399,E02020N3739E02658N3366-PS-Str_PNo_Var-M774_E02105N3701_S000,0.09,1.5280329330316409e-06,6.600892349284819e-06,2.1756465572764985e-05,7.192409166211007e-05,0.00013342019118093998,3.813818254284682e-05
53405,E02113N3823E02873N3483-PS-Mur_PYes_Hom-M774_E02333N3573_S000,0.08,1.1680290792174984e-05,2.325007986621073e-05,5.749857563843897e-05,8.23290390923973e-05,0.0001343068736498,6.0631950602070383e-05
53413,E01964N3926E02184N3685-PS-Str_PNo_Hom-M707_E02003N3766_S000,0.03,1.520259972280807e-05,3.814247946392041e-05,0.0002431962592158,0.00052759237676162,0.00066362255429916,0.00027895998524749493
53424,E02020N3739E02658N3366-PS-Mur_PYes_Var-M774_E02079N3688_S000,0.14,0.0,0.0,1.0908943128512761e-05,5.825864757155349e-05,9.118568042064092e-05,2.371635911688335e-05
53453,E02113N3823E02873N3483-PS-Str_PNo_Hom-M774_E02318N3569_S000,0.08,1.1722461519935106e-05,2.3333964546417e-05,5.728066738771797e-05,8.207848323655287e-05,0.0001356254404979,6.063193925484387e-05
53455,E02113N3823E02873N3483-PS-Mur_PNo_Hom-M774_E02202N3721_S000,0.06,1.304361289708658e-05,2.5294855745000257e-05,6.280029838972902e-05,9.069827873658071e-05,0.0001484320942750149,6.653774248448716e-05
53468,E01548N3896E01854N3659-PS-Mur_PYes_Var-M680_E01837N3853_S000,0.08,0.0,0.0,6.782193362169874e-07,1.7888267302859306e-05,0.00011213647879773445,1.566399000492511e-05
53470,E02113N3823E02873N3483-PS-Mur_PNo_Var-M824_E02390N3528_S000,0.13,0.0,0.0,7.660066855980344e-05,0.000283962352345308,0.000420250579471,0.00013663552930319402
53473,E02113N3823E02873N3483-PS-Str_PYes_Hom-M774_E02226N3707_S000,0.07,1.1630651753881074e-05,2.239410657126533e-05,5.495368940578137e-05,7.76428362781886e-05,0.00012803652762307996,5.756992495174784e-05
