idx,eve_id,MIH,P05,P16,P50,P84,P95,Pmean
2,E01267N3753E01646N3535-BS-M707_E01527N3715_D010_S067D50R090_A000668_S023,0.5966263,1.983399735554771e-06,3.4630299604762023e-06,6.76473916927896e-06,1.4884863567533361e-05,2.6204179730470177e-05,9.128519058373429e-06
5,E01267N3753E01646N3535-BS-M754_E01527N3715_D010_S067D50R090_A001972_S039,1.1444283,5.109612042995131e-07,9.929371122879755e-07,2.2345533430334582e-06,6.753650015825636e-06,1.3207303990515929e-05,3.7828167453825913e-06
6,E01267N3753E01646N3535-BS-M754_E01502N3737_D172_S247D30R090_A001972_S039,0.4074173,1.4453835671289571e-06,2.7515224973355585e-06,6.188091289656949e-06,1.8932715760254744e-05,3.6219011855387176e-05,1.062586821210029e-05
8,E01267N3753E01646N3535-BS-M754_E01527N3715_D091_S067D50R090_A001972_S039,0.6958122,8.403969668862439e-07,1.6331207349089844e-06,3.675253299133154e-06,1.1107980294692027e-05,2.1722545901680603e-05,6.221739913628615e-06
9,E01267N3753E01646N3535-BS-M774_E01502N3737_D107_S247D30R090_A003139_S050,1.0727081,1.0520336968048842e-07,3.441623706710297e-07,9.349745950805826e-07,3.498683956752038e-06,6.840410191749485e-06,1.8655298909156508e-06
11,E01267N3753E01646N3535-BS-M774_E01502N3737_D010_S247D30R090_A003139_S050,1.1413765,9.887404095279196e-08,3.2345660063442346e-07,8.78723910503818e-07,3.288193352279428e-06,6.42887199798859e-06,1.7532943991551753e-06
12,E01267N3753E01646N3535-BS-M774_E01527N3715_D107_S067D50R090_A003139_S050,0.8789215,1.2923670288350673e-07,4.318236675408448e-07,1.1426241594191949e-06,4.196307243012215e-06,7.993034634034772e-06,2.276846140158514e-06
14,E01267N3753E01646N3535-BS-M774_E01527N3715_D010_S067D50R090_A003139_S050,1.361103,8.345357901160022e-08,2.788467188820396e-07,7.378405162085148e-07,2.7097322219473186e-06,5.161438913952724e-06,1.4702553919705824e-06
16,E01267N3753E01646N3535-BS-M754_E01527N3715_D172_S067D50R090_A001972_S039,0.58441925,1.0005804264702858e-06,1.9444009269418093e-06,4.375773186162327e-06,1.3225211535051772e-05,2.5862961313217113e-05,7.407631656776761e-06
20,E01267N3753E01646N3535-BS-M792_E01498N3715_D010_S067D50R090_A004781_S062,1.8127708,0.0,0.0,1.1800209725104817e-07,1.3826554715089637e-06,4.155464636517273e-06,8.593053416792695e-07
21,E01267N3753E01646N3535-BS-M792_E01498N3715_D125_S067D50R090_A004781_S062,1.0727081,0.0,0.0,1.9941189614906462e-07,2.336551262372011e-06,7.022325042116423e-06,1.452141203818824e-06
22,E01267N3753E01646N3535-BS-M792_E01502N3737_D125_S247D30R090_A004781_S062,1.460289,0.0,0.0,1.4830374969994617e-07,1.7257584494078426e-06,5.109222360515691e-06,1.066722841629432e-06
23,E01267N3753E01646N3535-BS-M792_E01502N3737_D010_S247D30R090_A004781_S062,1.9943542,0.0,0.0,1.0858970505118131e-07,1.26362011338173e-06,3.7410311626766696e-06,7.810666889964685e-07
26,E01267N3753E01646N3535-BS-M792_E01527N3715_D010_S067D50R090_A004781_S062,1.5930405,0.0,0.0,1.3645731939673642e-07,1.6010518609243222e-06,4.686384697877686e-06,9.77830527020625e-07
27,E01267N3753E01646N3535-BS-M809_E01498N3715_D010_S067D50R090_A006995_S075,2.1866188,0.0,0.0,7.544402560148892e-09,6.953497342694152e-07,2.5518204663633896e-06,4.904750616308099e-07
29,E01267N3753E01646N3535-BS-M774_E01498N3715_D107_S067D50R090_A003139_S050,0.7400627,1.5191779935082904e-07,4.985296495104686e-07,1.3396245987491171e-06,5.045241104586528e-06,1.0268587575918168e-05,2.704053352205616e-06
34,E01267N3753E01646N3535-BS-M809_E01527N3715_D010_S067D50R090_A006995_S075,1.847866,0.0,0.0,9.066082003183388e-09,8.684000054826351e-07,3.0766585420373036e-06,5.80389482079918e-07
36,E01108N3882E01527N3690-BS-M774_E01506N3760_D010_S247D30R090_A005608_S028,0.87434006,0.0,0.0,7.669665337102138e-07,5.787072510236393e-06,7.574224319906944e-06,2.2887765485403186e-06
42,E01267N3753E01646N3535-BS-M809_E01502N3737_D144_S247D30R090_A006995_S075,1.7929344,0.0,0.0,9.178190130956421e-09,8.682112131833986e-07,3.2182908083339426e-06,5.981713501024287e-07
44,E01267N3753E01646N3535-BS-M809_E01502N3737_D010_S247D30R090_A006995_S075,2.5757217,0.0,0.0,6.38884737257611e-09,6.043532383883899e-07,2.240220400932963e-06,4.163811605473873e-07
45,E01267N3753E01646N3535-BS-M680_E01527N3715_D010_S067D50R090_A000357_S016,0.30365372,8.115460211564342e-07,1.340571183366064e-06,2.5459210589685665e-06,4.7634713652037915e-06,7.780327554674631e-06,3.1031651517022e-06
47,E01267N3753E01646N3535-BS-M754_E01498N3715_D172_S067D50R090_A001972_S039,0.21210098,2.807755711464463e-06,5.154542751958736e-06,1.1882463007598506e-05,3.591350172393069e-05,7.285820504686372e-05,2.0410855891045902e-05
50,E01470N3877E01631N3641-BS-M792_E01534N3760_D010_S202D30R090_A008541_S034,1.3626289,0.0,0.0,1.3297593814599398e-08,1.9070688449769752e-06,5.614792115021976e-06,1.1431752487270758e-06
56,E01267N3753E01646N3535-BS-M680_E01502N3737_D051_S247D30R090_A000357_S016,0.032043457,7.737047477945412e-06,1.2506076948381776e-05,2.38971936753249e-05,4.464696279649327e-05,7.228731543284847e-05,2.9406553796262194e-05
65,E01108N3882E01527N3690-BS-M809_E01474N3737_D010_S247D30R090_A012497_S042,1.6174545,0.0,0.0,1.241013841855268e-09,1.8714744941647486e-06,2.8628087329836228e-06,6.630677961532065e-07
70,E01267N3753E01646N3535-BS-M707_E01502N3737_D220_S247D30R090_A000668_S023,0.048828125,2.517225852886843e-05,4.227851355410163e-05,8.184684794867594e-05,0.00017847546980041598,0.00031488591655353987,0.00011154052198964857
76,E01267N3753E01646N3535-BS-M680_E01502N3737_D092_S247D30R090_A000357_S016,0.025939941,9.557529377823265e-06,1.5448683516055897e-05,2.9520063208931167e-05,5.5152131323276e-05,8.929609684609212e-05,3.6325743458271165e-05
92,E01470N3877E01631N3641-BS-M774_E01538N3782_D010_S022D30R270_A005608_S028,0.31586075,4.8591295997050357e-08,1.0068411915607388e-06,3.829339116068027e-06,1.027321995692751e-05,2.0499152299993643e-05,6.3356052462274535e-06
94,E01470N3877E01631N3641-BS-M754_E01603N3670_D010_S247D10R090_A003524_S022,0.54932404,9.273432830155676e-07,2.0275455766064877e-06,5.144902649832221e-06,1.2721462820407633e-05,2.4642985441663453e-05,7.880890370517434e-06
196,E01889N4173E02097N3847-BS-M774_E01996N3917_D010_S292D30R090_A005608_S028,0.5661087,0.0,0.0,3.0191519626873916e-08,8.293936110324839e-06,4.5030235980428416e-05,5.833656963021497e-06
293,E01267N3753E01646N3535-BS-M774_E01502N3737_D010_S292D50R090_A003139_S050,2.4383926,3.2435533156571843e-08,1.0761107712056214e-07,3.8235840276489724e-07,1.471528227334861e-06,3.0491804186559566e-06,8.206918872610329e-07
301,E01470N3877E01631N3641-BS-M680_E01534N3760_D010_S202D30R090_A000638_S009,0.077819824,2.8994031060861362e-06,4.750003339374037e-06,9.807423362880322e-06,1.9296786642077157e-05,2.8679418154398807e-05,1.2108580997160003e-05
366,E01470N3877E01631N3641-BS-M774_E01534N3760_D010_S337D30R090_A005608_S028,1.3504219,6.341984283331746e-09,1.1595056508519399e-07,6.38012284831762e-07,2.477059421073111e-06,5.4337525890697695e-06,1.4818843094719787e-06
368,E01267N3753E01646N3535-BS-M732_E01527N3715_D076_S337D50R090_A001180_S030,1.124588,6.721856623916302e-07,1.3125742654480483e-06,3.6619983766342886e-06,1.0533051432000083e-05,1.978372998820479e-05,6.1115724080428115e-06
378,E01267N3753E01646N3535-BS-M680_E01527N3715_D051_S067D50R090_A000357_S016,0.20752335,1.18747585886287e-06,1.96155963535625e-06,3.7252598340482867e-06,6.970038793984436e-06,1.1384383515375285e-05,4.540634304952847e-06
551,E01267N3753E01646N3535-BS-M809_E01498N3715_D010_S292D50R270_A006995_S075,3.3798752,0.0,0.0,3.877925261990201e-09,4.1213025092908437e-07,1.6115659634944587e-06,3.173140803225783e-07
683,E01267N3753E01646N3535-BS-M774_E01502N3737_D107_S112D50R270_A003139_S050,1.260395,4.7838441694451965e-08,1.7651355454190737e-07,6.875453326293408e-07,2.706349763533229e-06,6.693997835849592e-06,1.5877316434747353e-06
695,E01470N3877E01631N3641-BS-M774_E01559N3737_D010_S112D30R090_A005608_S028,1.2252998,1.026856842836146e-08,1.5253111318921032e-07,7.530643473627771e-07,2.7170809171100524e-06,6.33091392115841e-06,1.6332076645873368e-06
843,E01470N3877E01631N3641-BS-M774_E01559N3737_D010_S247D50R270_A005608_S028,0.63630295,1.4673069585561937e-08,3.0615979539690067e-07,1.512908201662949e-06,5.133046835066344e-06,1.1255455159748113e-05,3.1449941019090646e-06
1011,E01267N3753E01646N3535-BS-M774_E01498N3715_D107_S247D10R090_A003139_S050,0.86060715,2.2388830172452055e-08,9.958709428374329e-08,7.359395550605716e-07,3.74474088895556e-06,1.0215142181452357e-05,2.325299092364426e-06
1014,E01267N3753E01646N3535-BS-M774_E01551N3692_D107_S247D50R090_A003139_S050,1.361103,4.700441790897786e-08,1.794789056643111e-07,6.404140229725968e-07,2.3982232618938736e-06,5.665584042309348e-06,1.470255391970585e-06
1128,E01889N4173E02097N3847-BS-M732_E02014N3872_D010_S337D30R090_A002108_S017,0.12512589,3.592715925758703e-05,4.540179571490588e-05,8.940185836634653e-05,0.00011582155214324801,0.00012834559694892,8.42279445817888e-05
1197,E01267N3753E01646N3535-BS-M754_E01527N3715_D091_S337D70R090_A001972_S039,1.2527657,1.1154944886667577e-07,3.683386182395422e-07,1.4494888512218377e-06,5.741850102953444e-06,1.3264477641501473e-05,3.4556841212444877e-06
1226,E01470N3877E01631N3641-BS-M792_E01555N3715_D010_S337D50R270_A008541_S034,1.8722801,0.0,0.0,8.335316674383962e-09,1.190566705193639e-06,3.798001427834151e-06,8.319928367984056e-07
1285,E01267N3753E01646N3535-BS-M774_E01530N3737_D010_S337D30R090_A003139_S050,2.534523,2.027051521928253e-08,8.199634385037344e-08,3.304826870589312e-07,1.306837876063985e-06,3.0426529409141214e-06,7.8956435778146e-07
1457,E01267N3753E01646N3535-BS-M809_E01523N3692_D010_S067D50R090_A006995_S075,4.0390625,0.0,0.0,2.6009068463315827e-09,3.7563597385102543e-07,1.4484775966620922e-06,2.655274561097009e-07
1482,E01470N3877E01631N3641-BS-M792_E01559N3737_D010_S157D50R090_A008541_S034,1.8890686,0.0,0.0,6.175047614185492e-09,1.1467288155372563e-06,4.251486218931716e-06,8.245987634753968e-07
1487,E01470N3877E01631N3641-BS-M774_E01534N3760_D010_S337D70R090_A005608_S028,2.009613,1.6825760248440303e-09,1.864749657879552e-08,3.0502845902897143e-07,1.7536077345506594e-06,3.987597356588475e-06,9.957982083004709e-07
1490,E01267N3753E01646N3535-BS-M754_E01498N3715_D172_S022D30R090_A001972_S039,0.15411758,1.4719244601078117e-06,3.523651591933053e-06,1.2613736073411095e-05,4.8499957370242034e-05,0.00010439072302072484,2.8089998150303975e-05
1651,E01470N3877E01631N3641-BS-M774_E01583N3715_D010_S202D70R270_A005608_S028,2.7786674,3.078883821332138e-09,4.946157936483437e-08,3.1586002248246017e-07,1.2054821401766256e-06,2.439965601790374e-06,7.20190197926292e-07
1699,E01267N3753E01646N3535-BS-M707_E01530N3737_D010_S067D50R270_A000668_S023,0.6118851,1.0749350846086043e-06,2.1579878963898186e-06,5.732554365747037e-06,1.3965257950409021e-05,2.9977198767008377e-05,8.900877877687863e-06
1716,E01470N3877E01631N3641-BS-M774_E01538N3782_D010_S292D30R270_A005608_S028,0.72327805,1.5267990095530667e-08,1.404243321845464e-07,1.0565563117259883e-06,4.291702179391064e-06,1.1164108076359121e-05,2.766804584733814e-06
1838,E01108N3882E01527N3690-BS-M680_E01506N3760_D010_S247D30R090_A000638_S009,0.033569336,1.1143811828779452e-05,1.7603709261580014e-05,2.7490775411013267e-05,3.8374759041097e-05,4.526482399837566e-05,2.8069892180433185e-05
1898,E01267N3753E01646N3535-BS-M680_E01527N3715_D092_S067D50R090_A000357_S016,0.13428116,1.8351715778695237e-06,3.0314708835841716e-06,5.757162064895363e-06,1.0771770218231729e-05,1.7593870985292762e-05,7.017273622664088e-06
2052,E01267N3753E01646N3535-BS-M774_E01527N3715_D107_S292D50R090_A003139_S050,1.7944603,4.3564726706237336e-08,1.4024876299776062e-07,4.820221154932057e-07,1.964251719826179e-06,4.352375094352459e-06,1.115192698761481e-06
2096,E01267N3753E01646N3535-BS-M792_E01530N3737_D010_S202D50R090_A004781_S062,1.835659,0.0,0.0,7.690636828233297e-08,1.277013284527794e-06,4.596959158018416e-06,8.485909592577928e-07
2187,E01470N3877E01631N3641-BS-M754_E01583N3715_D010_S337D50R270_A003524_S022,1.7242699,1.4054866295528544e-07,3.8836814960204835e-07,1.3754054722363363e-06,4.194852929471679e-06,8.344775238662871e-06,2.510722095844586e-06
2209,E01108N3882E01527N3690-BS-M792_E01509N3782_D010_S112D50R270_A008541_S034,1.5594711,0.0,0.0,5.164923583962587e-08,2.3759638379104785e-06,4.4299615054363104e-06,9.988794480899344e-07
2330,E01598N4052E01840N3892-BS-M792_E01715N3962_D010_S292D50R090_A008541_S034,0.44709015,2.8429905984930826e-10,2.2377118925613964e-07,2.382599844789027e-06,8.712210436430651e-06,1.902667707132704e-05,4.821026645123642e-06
3222,E01470N3877E01631N3641-BS-M774_E01583N3715_D010_S202D70R090_A005608_S028,1.4770737,3.242140573065208e-09,3.870351561603037e-08,3.848059840001223e-07,2.0738886905467606e-06,5.425080224595914e-06,1.3548200233863313e-06
3797,E01267N3753E01646N3535-BS-M732_E01551N3692_D010_S247D70R090_A001180_S030,1.1215363,1.1466308662405682e-07,4.4178951072153417e-07,2.6330070439197815e-06,1.0636540341479357e-05,2.3790190828944566e-05,6.128201995081246e-06
3803,E01470N3877E01631N3641-BS-M732_E01555N3715_D010_S202D50R270_A002108_S017,1.4785995,5.388314592475984e-07,1.104276752995402e-06,2.8706473574243227e-06,7.466150014766257e-06,1.4970785639624968e-05,4.6483182168099245e-06
3868,E01470N3877E01631N3641-BS-M774_E01587N3737_D010_S022D70R090_A005608_S028,2.3620949,2.019793075840737e-09,2.5585245393215064e-08,2.7408589849386217e-07,1.2742361117976584e-06,3.608568108192922e-06,8.472009421710091e-07
3993,E01267N3753E01646N3535-BS-M792_E01519N3670_D125_S247D30R090_A004781_S062,2.0263977,0.0,0.0,5.998461073798669e-08,1.0613533629515453e-06,3.660281048594693e-06,7.687156532403319e-07
4034,E01267N3753E01646N3535-BS-M809_E01502N3737_D010_S292D30R090_A006995_S075,4.0741577,0.0,0.0,2.931400723444207e-09,3.8029777260775466e-07,1.3244660185575312e-06,2.6324017617017794e-07
4367,E01267N3753E01646N3535-BS-M774_E01523N3692_D107_S112D10R090_A003139_S050,1.6174545,7.406143825192433e-09,4.0699200950598663e-08,3.5393867907338527e-07,1.8947234849505902e-06,5.235260713746204e-06,1.2372335820125603e-06
4670,E01267N3753E01646N3535-BS-M792_E01498N3715_D125_S067D90R270_A004781_S062,1.6769676,0.0,0.0,3.930078333919316e-09,9.660889437610447e-07,4.8898684707354446e-06,9.2889309947324e-07
4926,E01470N3877E01631N3641-BS-M774_E01579N3692_D010_S337D30R090_A005608_S028,2.0065613,5.23559637083836e-09,7.333619339556849e-08,4.337712884448448e-07,1.6241804465803006e-06,3.662568613481026e-06,9.973126785497835e-07
5087,E01470N3877E01631N3641-BS-M650_E01559N3737_D010_S337D50R090_A000318_S006,0.091552734,2.55854088142448e-07,4.689010234149281e-07,1.28361487172514e-06,3.0085654463930268e-06,5.330418760453416e-06,1.8093903282748186e-06
5220,E01267N3753E01646N3535-BS-M809_E01502N3737_D144_S202D50R270_A006995_S075,0.65003586,0.0,0.0,2.0180000471415544e-08,2.17573552919929e-06,8.665242957855344e-06,1.6498812706934156e-06
5528,E01267N3753E01646N3535-BS-M792_E01495N3692_D010_S247D70R090_A004781_S062,3.2425423,0.0,0.0,1.159649640830256e-08,5.89516085466811e-07,2.1959528862332053e-06,4.804019462383575e-07
5809,E01470N3877E01631N3641-BS-M809_E01587N3737_D010_S202D50R090_A012497_S042,2.0691223,0.0,0.0,2.9957276870456935e-11,7.838994163650341e-07,2.372296288313313e-06,5.183270175441494e-07
6356,E01267N3753E01646N3535-BS-M809_E01470N3715_D010_S067D30R090_A006995_S075,1.8646507,0.0,0.0,6.230376674224036e-09,7.09999839032259e-07,2.8007752931061387e-06,5.751650916137204e-07
6375,E01267N3753E01646N3535-BS-M650_E01502N3737_D072_S247D30R090_A000178_S012,0.0076293945,6.626544257634062e-06,1.0093363994988683e-05,1.8801771863201564e-05,3.2826259344136336e-05,4.866690692902786e-05,2.1712683939297752e-05
6502,E01446N4259E02038N3783-BS-M809_E01985N3872_D010_S112D50R090_A006995_S075,1.0574493,0.0,0.0,9.443349054593543e-11,3.2082225435778312e-06,7.024828830710113e-06,1.4033616752894978e-06
6531,E01267N3753E01646N3535-BS-M792_E01547N3670_D010_S022D90R090_A004781_S062,7.029831,0.0,0.0,4.942746236185928e-09,2.5830096630760074e-07,1.0897294728916846e-06,2.215876358450444e-07
6568,E01889N4173E02097N3847-BS-M754_E02025N3917_D140_S292D30R090_A003524_S022,0.17853165,3.1696022097523393e-06,5.46829948999216e-06,4.5928099007155296e-05,6.882567328930097e-05,8.162720732697439e-05,4.001715637995842e-05
6587,E01267N3753E01646N3535-BS-M809_E01547N3670_D010_S157D50R270_A006995_S075,4.979019,0.0,0.0,3.5722109987192605e-09,3.308107989926128e-07,1.0638004400096219e-06,2.1540026071261988e-07
6925,E01267N3753E01646N3535-BS-M809_E01516N3647_D010_S112D30R090_A006995_S075,1.5747299,0.0,0.0,5.693544708330848e-09,9.326065875227722e-07,3.426646281006312e-06,6.810577424694157e-07
7347,E01889N4173E02097N3847-BS-M754_E02025N3917_D010_S292D30R090_A003524_S022,0.25787735,2.305057772302425e-06,3.976759670945807e-06,3.340069654727766e-05,5.005270145929344e-05,5.936247397274673e-05,2.9102029603352986e-05
7544,E01470N3877E01631N3641-BS-M650_E01559N3737_D010_S337D30R090_A000318_S006,0.08087158,2.2592059250142048e-07,4.6628843540674063e-07,1.3764525626878487e-06,3.3994727555594604e-06,6.521805024181352e-06,2.04836645242639e-06
7691,E01267N3753E01646N3535-BS-M809_E01502N3737_D010_S247D70R090_A006995_S075,3.7735558,0.0,0.0,1.2111786630810211e-09,3.229946282185164e-07,1.4172602526329604e-06,2.8420991964477884e-07
7832,E01267N3753E01646N3535-BS-M650_E01502N3737_D010_S247D30R090_A000178_S012,0.010681152,4.73324603125205e-06,7.209545913199689e-06,1.34298374223459e-05,2.3447328761516303e-05,3.4762077354234546e-05,1.550906039224203e-05
7918,E01267N3753E01646N3535-BS-M809_E01544N3647_D010_S292D50R270_A006995_S075,1.1169586,0.0,0.0,1.0727641093589984e-08,1.257617724091249e-06,4.877438059987534e-06,9.60180610716538e-07
8047,E01267N3753E01646N3535-BS-M600_E01530N3737_D010_S112D50R090_A000056_S006,0.024414062,2.206500991417641e-09,4.015445162464135e-09,9.665297314858255e-09,2.009925662802403e-08,3.3949436819100244e-08,1.247072084843068e-08
8639,E01267N3753E01646N3535-BS-M809_E01551N3692_D010_S067D70R270_A006995_S075,2.8412285,0.0,0.0,1.3387712747859744e-09,2.7054042141860403e-07,1.5351922884632208e-06,3.7747122087966165e-07
9000,E01889N4173E02097N3847-BS-M754_E01930N4007_D010_S292D30R090_A003524_S022,0.1525917,4.496977203000386e-06,7.6681278855299e-06,6.592507798776241e-05,9.739413382021342e-05,0.00011255084803326497,5.674493811482614e-05
9288,E01267N3753E01646N3535-BS-M809_E01516N3647_D010_S202D50R270_A006995_S075,7.6203537,0.0,0.0,1.974778516373575e-09,1.8232481142247752e-07,7.318786862002812e-07,1.407391353360786e-07
9678,E01598N4052E01840N3892-BS-M792_E01702N3895_D010_S112D50R090_A008541_S034,0.8148308,9.427780510210636e-11,5.7912240996105875e-08,8.110914327604522e-07,3.2655433815003394e-06,8.331826438485365e-06,1.975714573029826e-06
9840,E01267N3753E01646N3535-BS-M732_E01551N3692_D142_S022D50R090_A001180_S030,0.84534836,8.423202335049991e-07,1.646408162058521e-06,4.678013050267935e-06,1.386130935260067e-05,2.7377880232318392e-05,8.130377151516618e-06
10566,E01522N3585E03578N2685-BS-M774_E01857N3535_D010_S022D70R090_A003139_S050,1.896698,5.942360553415139e-09,9.031827838874228e-08,6.327337302495385e-07,2.25359752493786e-06,3.7969239747871515e-06,1.1431880931361775e-06
10635,E01889N4173E02097N3847-BS-M774_E02020N3895_D010_S337D30R090_A005608_S028,0.2532997,0.0,0.0,6.376419722905286e-08,1.652470988627299e-05,9.521873867912516e-05,1.2247291041845998e-05
11408,E01108N3882E01527N3690-BS-M774_E01509N3782_D010_S112D90R270_A005608_S028,1.0421906,0.0,0.0,1.501336848763168e-08,3.187459439003907e-06,9.44741648716333e-06,1.9201564711650016e-06
11528,E01889N4173E02097N3847-BS-M732_E02043N3872_D010_S337D30R090_A002108_S017,0.12207031,3.736691777431803e-05,4.9061335596770436e-05,9.579570202527057e-05,0.000123910127569796,0.000139239246060385,9.009982911083297e-05
11771,E01470N3877E01631N3641-BS-M650_E01555N3715_D010_S067D50R090_A000318_S006,0.14648819,1.4216326044473453e-07,2.8273658786207854e-07,8.371458392537799e-07,1.919117250467452e-06,3.1297627623041195e-06,1.1308394992573583e-06
12189,E01267N3753E01646N3535-BS-M650_E01502N3737_D103_S247D30R090_A000178_S012,0.0061035156,8.283180322042578e-06,1.2616704993735854e-05,2.3502214829001952e-05,4.103282418017042e-05,6.0833633661284826e-05,2.7140854924122223e-05
12369,E01598N4052E01840N3892-BS-M809_E01735N3917_D010_S112D50R090_A012497_S042,1.135273,0.0,0.0,6.909763543656632e-11,1.5760994917469846e-06,5.621398908458483e-06,1.086727340575915e-06
12442,E01470N3877E01631N3641-BS-M650_E01534N3760_D059_S202D30R090_A000318_S006,0.03967285,1.066074923769419e-06,1.7589919910903599e-06,3.516109911727947e-06,6.763110846454647e-06,9.01247700040376e-06,4.175516289520843e-06
13145,E01889N4173E02097N3847-BS-M680_E02014N3872_D010_S337D30R090_A000638_S009,0.0579834,1.9628722403802538e-05,2.2030808972827102e-05,2.5371491881693483e-05,2.897978132214434e-05,3.185484758867528e-05,2.546576697181811e-05
13469,E01380N4178E01687N3892-BS-M792_E01652N3940_D010_S157D50R270_A008541_S034,0.12665176,0.0,0.0,6.65529213616835e-08,4.072165032129192e-05,8.41705158917562e-05,1.845115712142547e-05
13854,E01470N3877E01631N3641-BS-M680_E01579N3692_D010_S202D50R090_A000638_S009,0.33264542,3.8951779369431735e-07,7.417088707870796e-07,1.9629649446714176e-06,4.972359474113748e-06,7.792208410474551e-06,2.83270890093342e-06
13921,E01267N3753E01646N3535-BS-M774_E01523N3692_D107_S157D70R270_A003139_S050,0.68665695,1.3938257052693167e-08,9.869733880417274e-08,8.011873947700604e-07,4.279565182270675e-06,1.2156588553650237e-05,2.9143650621715315e-06
13967,E01470N3877E01631N3641-BS-M680_E01538N3782_D141_S022D30R270_A000638_S009,0.03967285,5.840742174685357e-06,9.645289992559524e-06,1.9094116494046916e-05,3.838859209781321e-05,5.8052833123739524e-05,2.3751448209259678e-05
14049,E01267N3753E01646N3535-BS-M754_E01575N3670_D010_S337D30R090_A001972_S039,0.83008957,3.1892408664654724e-07,7.404834761223618e-07,2.6213494907557503e-06,8.62221227211957e-06,1.8417839689727797e-05,5.215295666381807e-06
14367,E01889N4173E02097N3847-BS-M707_E01996N3917_D010_S292D30R090_A001194_S013,0.1388588,4.981992208692698e-05,5.651571700636707e-05,6.773980605417475e-05,7.709295701601781e-05,8.486859857876937e-05,6.733338056373732e-05
15248,E01267N3753E01646N3535-BS-M600_E01530N3737_D010_S022D90R090_A000056_S006,0.022888184,1.6367610789359293e-10,8.950207589134649e-10,5.990147437589653e-09,2.5561111526091017e-08,5.1014247963393746e-08,1.3302101729795592e-08
15318,E01470N3877E01631N3641-BS-M650_E01534N3760_D010_S292D50R090_A000318_S006,0.05340576,3.7092555365404164e-07,7.926193749108572e-07,2.1937446690893544e-06,5.249937830403843e-06,8.633175566394044e-06,3.101812078448412e-06
15694,E01267N3753E01646N3535-BS-M600_E01530N3737_D010_S022D70R090_A000056_S006,0.032043457,1.6058007685594532e-10,8.020164461663823e-10,5.074016683072364e-09,1.7452629802318593e-08,3.41332948307541e-08,9.501501413479808e-09
15965,E01267N3753E01646N3535-BS-M600_E01530N3737_D010_S337D50R090_A000056_S006,0.022888184,2.0973739771546618e-09,4.065154757063227e-09,1.0134809570551556e-08,2.1661107751020498e-08,3.61966195965386e-08,1.3302101729795577e-08
16048,E01267N3753E01646N3535-BS-M707_E01523N3692_D010_S202D50R270_A000668_S023,1.4465561,5.252152932249325e-07,9.797013537704045e-07,2.4440565607544506e-06,6.277886118680856e-06,1.1275050009277104e-05,3.765021315299725e-06
16053,E01267N3753E01646N3535-BS-M707_E01523N3692_D010_S247D50R270_A000668_S023,0.9720001,6.277787364039498e-07,1.3034406986956293e-06,3.4769683246660036e-06,9.172057389496192e-06,1.7790092123294498e-05,5.603203693370851e-06
16077,E01267N3753E01646N3535-BS-M650_E01527N3715_D041_S067D50R090_A000178_S012,0.09460449,5.288069797975575e-07,8.053530845581204e-07,1.5176361650122581e-06,2.624921888703288e-06,3.90520906903578e-06,1.7510229316464472e-06
16118,E01470N3877E01631N3641-BS-M707_E01555N3715_D010_S067D50R270_A001194_S013,0.59815216,9.673339016403993e-07,2.129159716527668e-06,5.796985069523009e-06,1.56315873227098e-05,2.815842959005421e-05,9.105232605490931e-06
16203,E01267N3753E01646N3535-BS-M650_E01527N3715_D010_S067D50R090_A000178_S012,0.11291504,4.430544826640297e-07,6.747552658578331e-07,1.2715329631600935e-06,2.1992588106120437e-06,3.2719318198842663e-06,1.4670732209519396e-06
16254,E01267N3753E01646N3535-BS-M680_E01551N3692_D010_S157D50R090_A000357_S016,0.44709015,2.8725225298180346e-07,5.841843289906479e-07,1.4791394608892367e-06,3.460920901379262e-06,6.691406686376778e-06,2.1076009885002726e-06
16272,E01889N4173E02097N3847-BS-M754_E01991N3895_D140_S337D30R090_A003524_S022,0.12207031,4.104585482700956e-06,7.009532116502986e-06,5.928529566384035e-05,8.845126779459803e-05,0.00010294857735655,5.1428792403551734e-05
16278,E01889N4173E02097N3847-BS-M732_E02020N3895_D010_S337D30R090_A002108_S017,0.09765625,4.7561290247791704e-05,6.1841207571882e-05,0.0001185361980633,0.0001549370863631,0.0001716205407185,0.0001126247840819838
16312,E01470N3877E01631N3641-BS-M680_E01555N3715_D075_S292D50R270_A000638_S009,0.30823135,3.7442439888074185e-07,7.331491994080674e-07,2.0359117214793553e-06,5.340008042432252e-06,8.639586646755864e-06,3.057079177989963e-06
16356,E01889N4173E02097N3847-BS-M680_E02043N3872_D010_S337D30R090_A000638_S009,0.045776367,2.5608826688524608e-05,2.8777517424167046e-05,3.3608070760545204e-05,3.8385210698229825e-05,4.177498062965626e-05,3.362435224916877e-05
16443,E01267N3753E01646N3535-BS-M680_E01551N3692_D010_S022D30R090_A000357_S016,0.70191574,1.2797475976025247e-07,2.800867759650393e-07,9.177196624763471e-07,2.4128038908274397e-06,4.14778296263528e-06,1.342451220838468e-06
16476,E01267N3753E01646N3535-BS-M680_E01551N3692_D051_S337D50R270_A000357_S016,0.44861603,2.7174725275200037e-07,5.531883581710757e-07,1.4576104627899483e-06,3.5687351553625788e-06,6.1065328602838e-06,2.1004323944660073e-06
16522,E01267N3753E01646N3535-BS-M650_E01551N3692_D041_S022D50R090_A000178_S012,0.25177383,9.969336980822749e-08,1.862658112958124e-07,4.87326146678636e-07,1.147366403720559e-06,1.8534652756341114e-06,6.579501587862298e-07
16524,E01889N4173E02097N3847-BS-M732_E02025N3917_D115_S292D30R090_A002108_S017,0.105285645,4.6502033382727765e-05,5.962422989467977e-05,0.00011562356001229999,0.000152201339510256,0.00017101665935467998,0.00010989836887509552
16738,E01267N3753E01646N3535-BS-M732_E01523N3692_D010_S022D70R090_A001180_S030,1.2161446,5.7119267607672315e-08,3.448699008812116e-07,2.2490332918508037e-06,8.509119591181104e-06,2.3936267324589357e-05,5.651466931823641e-06
16791,E01470N3877E01631N3641-BS-M680_E01603N3670_D010_S337D70R270_A000638_S009,0.105285645,2.2184376882831353e-06,3.6120691201793985e-06,7.240723408812429e-06,1.4170300958693e-05,2.2197023413129635e-05,8.949820672027363e-06
16981,E01267N3753E01646N3535-BS-M650_E01551N3692_D041_S247D50R090_A000178_S012,0.24261856,1.0257301064759075e-07,1.9095581948887225e-07,5.190526406273584e-07,1.1424107310512998e-06,1.8724423436138725e-06,6.82778067047783e-07
17026,E01470N3877E01631N3641-BS-M650_E01555N3715_D010_S112D30R090_A000318_S006,0.1815834,1.0162925658979756e-07,2.1722218587921238e-07,5.952155891926694e-07,1.600540093329672e-06,2.7263227075873406e-06,9.122784980715037e-07
17101,E01889N4173E02097N3847-BS-M792_E01943N3940_D010_S337D30R090_A008541_S034,0.22278214,0.0,0.0,1.0528324919793419e-10,1.9877435932119265e-06,9.410735919319324e-05,1.0257155915301396e-05
17127,E01267N3753E01646N3535-BS-M650_E01551N3692_D010_S202D30R090_A000178_S012,0.27161026,6.939188089607456e-08,1.4701367093210593e-07,4.2208789561784386e-07,1.0969315387047376e-06,1.8500016125308957e-06,6.098982837640848e-07
17182,E01267N3753E01646N3535-BS-M650_E01551N3692_D010_S247D50R270_A000178_S012,0.49134064,4.3765301094857984e-08,9.524139950388529e-08,2.4537336844665484e-07,5.799315112817649e-07,9.435889317023634e-07,3.3714823879969904e-07
17208,E01267N3753E01646N3535-BS-M650_E01551N3692_D010_S202D50R270_A000178_S012,0.3936844,6.847138211260723e-08,1.2796162515924564e-07,3.060372176293345e-07,7.141386118001444e-07,1.1358404106705134e-06,4.2078027838216744e-07
17352,E01470N3877E01631N3641-BS-M650_E01555N3715_D010_S112D50R270_A000318_S006,0.2532997,8.410062976765485e-08,1.6985455756926537e-07,4.6745224146650795e-07,1.1537840368519656e-06,1.8953515924437166e-06,6.539866862326184e-07
17362,E01267N3753E01646N3535-BS-M732_E01547N3670_D010_S022D30R090_A001180_S030,0.7354851,8.212960355577194e-07,1.832652611331946e-06,5.413146202832182e-06,1.5064398930558574e-05,3.106132289183724e-05,9.344854153015384e-06
17458,E01267N3753E01646N3535-BS-M650_E01551N3692_D010_S157D50R090_A000178_S012,0.1892128,1.3437403541257286e-07,2.6202055350599637e-07,6.507054559086978e-07,1.4501659247596212e-06,2.501445812210767e-06,8.754937902019149e-07
17602,E01267N3753E01646N3535-BS-M680_E01527N3715_D174_S067D50R090_A000357_S016,0.09613037,2.5634871505784277e-06,4.234555913536039e-06,8.041978829189407e-06,1.5046710005980522e-05,2.4576264554016125e-05,9.802184700721902e-06
17746,E01267N3753E01646N3535-BS-M650_E01551N3692_D041_S292D50R270_A000178_S012,0.20447159,1.0925998749029223e-07,2.2232012796997388e-07,5.433862978457205e-07,1.3794557084303202e-06,2.236083146272452e-06,8.101596482265184e-07
17794,E01470N3877E01631N3641-BS-M680_E01583N3715_D010_S157D70R090_A000638_S009,0.46234894,3.607012019972552e-08,1.4977732017653435e-07,9.161683349367414e-07,3.766907771253591e-06,7.544046873675894e-06,2.0380443439293623e-06
17831,E01267N3753E01646N3535-BS-M732_E01523N3692_D010_S202D10R090_A001180_S030,0.5462723,1.9566699550988904e-07,9.535764312670003e-07,5.844922773294952e-06,2.081317826118968e-05,4.6843000928302125e-05,1.2581639214025415e-05
17847,E01267N3753E01646N3535-BS-M707_E01523N3692_D115_S247D70R090_A000668_S023,0.39826202,1.6019061775438858e-07,8.955787834688808e-07,5.802126096618364e-06,2.4067542961624993e-05,5.429972740433829e-05,1.367520445528923e-05
17949,E01267N3753E01646N3535-BS-M650_E01551N3692_D010_S292D50R090_A000178_S012,0.22888565,1.1000776138880088e-07,2.0843843633415092e-07,5.13717945024067e-07,1.1784168906900577e-06,2.1683318153062617e-06,7.237440679514722e-07
18030,E01470N3877E01631N3641-BS-M680_E01603N3670_D075_S337D70R270_A000638_S009,0.08850098,2.639175779784572e-06,4.297116564163136e-06,8.61396375908397e-06,1.6857771250443902e-05,2.6406802807510774e-05,1.0647200088504503e-05
18037,E01267N3753E01646N3535-BS-M680_E01551N3692_D051_S337D30R270_A000357_S016,0.40894318,1.194812503031941e-07,3.230754043186047e-07,1.3052909411325955e-06,3.89268994334048e-06,8.353850394877713e-06,2.3042018749126332e-06
18088,E01470N3877E01631N3641-BS-M650_E01555N3715_D059_S337D50R270_A000318_S006,0.1815834,1.1409443026772664e-07,2.387444225968301e-07,6.28765342971317e-07,1.5825882319607972e-06,2.7282381448842925e-06,9.122784980715036e-07
18097,E01470N3877E01631N3641-BS-M650_E01555N3715_D059_S157D10R090_A000318_S006,0.1602211,2.3927432812983763e-08,9.422079492586321e-08,5.26667565614861e-07,1.9071042651109146e-06,4.034467125500782e-06,1.0339127082932071e-06
18547,E01889N4173E02097N3847-BS-M680_E02043N3872_D075_S337D30R090_A000638_S009,0.04119873,2.7875544515716892e-05,3.1324706038510155e-05,3.6582826849804225e-05,4.1782806474423586e-05,4.547261560823518e-05,3.660054946421487e-05
18867,E01267N3753E01646N3535-BS-M650_E01527N3715_D010_S112D50R090_A000178_S012,0.14648819,1.863369942733687e-07,3.433904354420745e-07,8.510358515292315e-07,1.9039777248824705e-06,2.947993863914446e-06,1.130839499257359e-06
19078,E01889N4173E02097N3847-BS-M792_E02025N3917_D010_S337D50R090_A008541_S034,0.29449844,0.0,0.0,8.5099617208699e-11,1.720337653031443e-06,7.12063317284866e-05,8.553266718403202e-06
19777,E01267N3753E01646N3535-BS-M650_E01551N3692_D072_S202D50R090_A000178_S012,0.16937637,1.4717057348637767e-07,2.8159326911814174e-07,7.261139295636267e-07,1.593441244131621e-06,2.709419031172776e-06,9.78026813461151e-07
19802,E01598N4052E01840N3892-BS-M707_E01793N3917_D010_S292D30R090_A001194_S013,0.22430801,2.6238977054439164e-06,6.441880338277968e-06,1.890387279231442e-05,5.3461382373390047e-05,0.00010985922878928498,3.19741495789208e-05
19937,E01267N3753E01646N3535-BS-M650_E01527N3715_D072_S067D50R090_A000178_S012,0.07019043,7.127398226822121e-07,1.0854758666466048e-06,2.0455095573077482e-06,3.537938100259698e-06,5.26354251312472e-06,2.3600743210537027e-06
20109,E01267N3753E01646N3535-BS-M680_E01551N3692_D010_S067D90R270_A000357_S016,0.43488312,8.515582847834576e-10,2.709497870634356e-08,5.851062222123315e-07,3.867804161206838e-06,9.030579547671968e-06,2.166760673738585e-06
20188,E01446N4259E02038N3783-BS-M774_E02004N3827_D107_S292D30R090_A003139_S050,0.32196426,0.0,0.0,9.590842467137948e-07,1.8829593586043625e-05,3.6179245834530264e-05,8.184916698338311e-06
20538,E01470N3877E01631N3641-BS-M650_E01583N3715_D010_S157D30R090_A000318_S006,0.14496231,1.1258190842907658e-07,2.787440940285298e-07,7.66859569676331e-07,1.9746824728134734e-06,3.5634376456900707e-06,1.1427427682872668e-06
20648,E01470N3877E01631N3641-BS-M650_E01559N3737_D010_S292D70R090_A000318_S006,0.31586075,1.0089602940007618e-08,3.961129519106206e-08,2.49826880264537e-07,1.0006535894294911e-06,1.9550117590971686e-06,5.24454625738452e-07
20774,E01889N4173E02097N3847-BS-M680_E02020N3895_D010_S337D30R090_A000638_S009,0.032043457,3.740340153350789e-05,4.206612641816543e-05,4.8473509725209166e-05,5.5369883122531366e-05,5.962987805888756e-05,4.852914578411239e-05
21242,E01267N3753E01646N3535-BS-M754_E01495N3692_D010_S067D70R270_A001972_S039,2.1881447,1.6334652520027744e-08,9.095917521977203e-08,5.862748910962057e-07,3.1731311234003773e-06,9.17404136795814e-06,1.978462638750415e-06
21397,E01267N3753E01646N3535-BS-M774_E01575N3670_D107_S202D70R270_A003139_S050,2.3025856,2.356496857011333e-09,2.4795304842231987e-08,2.176220999405213e-07,1.3919594188072384e-06,4.029343846608346e-06,8.690964734502556e-07
21478,E01267N3753E01646N3535-BS-M774_E01547N3670_D010_S157D90R270_A003139_S050,2.3208961,3.2975553562558147e-10,5.1010575521355055e-09,1.4304591742571374e-07,1.1287303653182305e-06,4.101658743752112e-06,8.622398153787831e-07
21561,E01267N3753E01646N3535-BS-M809_E01544N3647_D010_S022D50R270_A006995_S075,4.554817,0.0,0.0,3.4853127269788773e-09,3.3437313681562146e-07,1.298757583596963e-06,2.3546104941056662e-07
21617,E01267N3753E01646N3535-BS-M809_E01512N3625_D010_S247D30R270_A006995_S075,1.947052,0.0,0.0,5.776962538537004e-09,6.860746824324927e-07,2.84004541183695e-06,5.508234965954122e-07
23486,E01267N3753E01646N3535-BS-M809_E01533N3580_D010_S292D30R090_A006995_S075,0.8575554,0.0,0.0,1.792746510329336e-08,1.8165989547017565e-06,6.822280866368172e-06,1.2506270623368348e-06
24657,E01267N3753E01646N3535-BS-M792_E01564N3602_D010_S022D50R270_A004781_S062,0.8148308,0.0,0.0,1.654821557484529e-07,3.0714764229304593e-06,9.347149594611974e-06,1.9117142254320818e-06
25042,E01517N3917E01678N3772-PS-Str_PYes_Hom-M809_E01620N3835_S000,0.48523712,2.384763837151568e-19,1.0417236410175068e-07,6.666009788086643e-07,3.6184024823503805e-06,9.421716174901293e-06,2.2102224798735298e-06
25043,E01517N3917E01678N3772-PS-Str_PNo_Hom-M809_E01620N3835_S000,0.52033234,2.2239169993154305e-19,9.714617765316088e-08,6.216402754176252e-07,3.374349554241718e-06,8.786243081040324e-06,2.061148055285377e-06
25044,E01517N3917E01678N3772-PS-Str_PYes_Var-M824_E01620N3835_S000,0.54016876,0.0,0.0,0.0,1.703056475915364e-05,6.647861150753325e-05,1.8335493289747727e-05
25045,E01517N3917E01678N3772-PS-Mur_PYes_Hom-M809_E01620N3835_S000,0.4135208,2.798350013396124e-19,1.2223882798718923e-07,7.822086316971174e-07,4.245936841717635e-06,1.1055710915065265e-05,2.5935381985454914e-06
25046,E01517N3917E01678N3772-PS-Str_PYes_Var-M809_E01620N3835_S000,0.40436554,2.861707593133618e-19,1.250064432798227e-07,7.999186556458231e-07,4.3420693057488265e-06,1.130602380748498e-05,2.6522586239497344e-06
25047,E01517N3917E01678N3772-PS-Mur_PNo_Hom-M809_E01620N3835_S000,0.45624542,2.536301484888497e-19,1.1079190217476572e-07,7.08959531355509e-07,3.84833057510265e-06,1.0020410554842438e-05,2.350669055906555e-06
25048,E01517N3917E01678N3772-PS-Mur_PYes_Var-M809_E01620N3835_S000,0.36774063,3.1467176640763793e-19,1.3745638587807089e-07,8.795860798582343e-07,4.7745151237070266e-06,1.2432040544898509e-05,2.916408748995426e-06
25049,E01517N3917E01678N3772-PS-Mur_PYes_Hom-M809_E01632N3846_S000,0.38910675,0.0,0.0,9.239682032345001e-07,4.496497355644605e-06,1.343131888549665e-05,2.756266733211611e-06
25050,E02113N3823E02873N3483-PS-Str_PYes_Hom-M861_E02340N3543_S002,0.57831573,0.0,0.0,0.0,4.656162699977638e-06,1.708439300253415e-05,3.6352593191702812e-06
25051,E01517N3917E01678N3772-PS-Str_PNo_Var-M809_E01620N3835_S000,0.37995148,3.04558870574626e-19,1.3303882364223163e-07,8.513180134113371e-07,4.621072141991788e-06,1.2032500629202764e-05,2.8226814399909402e-06
25052,E01517N3917E01678N3772-PS-Str_PYes_Hom-M792_E01598N3815_S000,0.37995148,6.71280605782523e-12,5.174723996415099e-07,2.2755421145560447e-06,6.298833410609984e-06,1.780388052113175e-05,4.099796194188275e-06
25053,E02020N3739E02658N3366-PS-Mur_PNo_Hom-M861_E02218N3646_S005,1.536583,0.0,0.0,0.0,3.9407039806708335e-08,3.3838413026246315e-06,9.993291145450859e-07
25054,E02113N3823E02873N3483-PS-Str_PNo_Hom-M888_E02358N3562_S002,0.8361931,0.0,0.0,0.0,0.0,5.598106318662042e-06,5.683398103343564e-07
25055,E02113N3823E02873N3483-PS-Str_PNo_Hom-M888_E02358N3562_S001,0.7415886,0.0,0.0,0.0,0.0,6.4320095668489055e-06,6.53000655794147e-07
25056,E02113N3823E02873N3483-PS-Str_PNo_Hom-M888_E02358N3562_S004,1.159687,0.0,0.0,0.0,0.0,3.3892875414210943e-06,3.440926143253819e-07
25057,E02113N3823E02873N3483-PS-Str_PNo_Hom-M888_E02358N3562_S005,1.1367989,0.0,0.0,0.0,0.0,3.263878852293978e-06,3.313606748916522e-07
25058,E01517N3917E01678N3772-PS-Str_PNo_Hom-M809_E01632N3846_S000,0.39673615,0.0,0.0,9.061999131259298e-07,4.410027854629497e-06,1.3173029076753464e-05,2.7032625857086334e-06
25059,E01517N3917E01678N3772-PS-Str_PNo_Hom-M809_E01619N3854_S000,0.39521027,0.0,0.0,3.5349602240707536e-09,4.756501718452696e-06,1.5391521261464645e-05,2.7136996988795e-06
25060,E01517N3917E01678N3772-PS-Str_PYes_Hom-M809_E01632N3846_S000,0.4501419,0.0,0.0,7.986865134392417e-07,3.886813185883087e-06,1.1610154130840126e-05,2.3825420177350424e-06
25061,E01517N3917E01678N3772-PS-Mur_PNo_Var-M809_E01620N3835_S000,0.3341713,3.4628226188771325e-19,1.5126462966845111e-07,9.67945299749851e-07,5.254141213014252e-06,1.3680906834807537e-05,3.2093779169338886e-06
25062,E01517N3917E01678N3772-PS-Str_PNo_Hom-M792_E01598N3815_S000,0.4150467,6.145189436811957e-12,4.737163410838904e-07,2.0831284629606706e-06,5.7662211906147206e-06,1.6298432811891235e-05,3.7531285797000762e-06
25064,E01517N3917E01678N3772-PS-Mur_PNo_Hom-M792_E01598N3815_S000,0.37384415,6.822470263674477e-12,5.259261221633216e-07,2.3127166607472616e-06,6.4017347245762986e-06,1.8094734807933135e-05,4.166772789356741e-06
25065,E02113N3823E02873N3483-PS-Str_PYes_Hom-M861_E02340N3543_S004,0.47760773,0.0,0.0,0.0,6.07945921897697e-06,2.230675284185853e-05,4.746485938175418e-06
25066,E01964N3926E02184N3685-PS-Str_PYes_Hom-M861_E02067N3699_S005,0.9384308,0.0,0.0,0.0,1.7279135370462182e-06,9.285719590656137e-06,1.4611154070448927e-06
25067,E02020N3739E02658N3366-PS-Str_PNo_Hom-M861_E02193N3666_S001,1.9241638,0.0,0.0,0.0,3.377900412092328e-07,3.1265504096678154e-06,7.886149328226591e-07
25068,E02113N3823E02873N3483-PS-Str_PNo_Hom-M888_E02358N3562_S003,0.64851,0.0,0.0,0.0,0.0,8.44420065731869e-06,8.572855045655447e-07
25069,E02113N3823E02873N3483-PS-Str_PNo_Var-M888_E02358N3562_S002,0.6530876,0.0,0.0,0.0,0.0,6.017960536008243e-06,6.109649147306679e-07
25070,E01517N3917E01678N3772-PS-Str_PNo_Hom-M792_E01609N3825_S000,0.40131378,6.381272471766221e-12,4.920259518308173e-07,2.1427047864878986e-06,5.959118138142145e-06,1.6780722702808922e-05,3.881560288510901e-06
25071,E02020N3739E02658N3366-PS-Str_PNo_Hom-M861_E02193N3666_S005,1.7288475,0.0,0.0,0.0,3.759509760747367e-07,3.4797641577994373e-06,8.777066152703613e-07
25072,E01517N3917E01678N3772-PS-Str_PYes_Hom-M792_E01587N3805_S000,0.38300323,0.0,0.0,1.5346450301294143e-06,6.379925349368966e-06,1.8202704136352703e-05,4.0671292293806545e-06
25073,E01964N3926E02184N3685-PS-Str_PYes_Hom-M861_E02067N3699_S003,0.7751579,0.0,0.0,0.0,2.036319038149371e-06,1.0943075090257776e-05,1.7219016209485828e-06
25074,E01964N3926E02184N3685-PS-Str_PYes_Hom-M861_E02067N3699_S004,1.1169586,0.0,0.0,0.0,1.4325375382606285e-06,7.69838397476553e-06,1.2113468778656728e-06
25075,E01548N3896E01854N3659-PS-Mur_PYes_Var-M809_E01622N3816_S000,0.4730301,0.0,0.0,1.1154965045586568e-07,1.5602027102372296e-06,1.016815784564822e-05,2.267259505669944e-06
25076,E02113N3823E02873N3483-PS-Str_PNo_Var-M888_E02358N3562_S001,0.537117,0.0,0.0,0.0,0.0,8.880910285252264e-06,9.016218306341562e-07
25077,E01517N3917E01678N3772-PS-Mur_PNo_Hom-M792_E01620N3835_S000,0.28076553,8.735901585235726e-12,6.764523835867441e-07,3.151989248630293e-06,8.529242804695396e-06,2.4117030814725554e-05,5.5481298992800185e-06
25078,E01517N3917E01678N3772-PS-Mur_PYes_Hom-M792_E01620N3835_S000,0.28076553,8.735901585235726e-12,6.764523835867441e-07,3.151989248630293e-06,8.529242804695396e-06,2.4117030814725554e-05,5.5481298992800185e-06
25079,E01517N3917E01678N3772-PS-Str_PYes_Hom-M809_E01619N3854_S000,0.39521027,0.0,0.0,3.5349602240707536e-09,4.756501718452696e-06,1.5391521261464645e-05,2.7136996988795e-06
25080,E02113N3823E02873N3483-PS-Str_PNo_Hom-M850_E02236N3646_S000,0.47760773,1.2050150050646402e-13,1.3882111383255168e-07,5.769959244646065e-06,3.3931316266587014e-05,6.355602023368297e-05,1.6388908652515775e-05
25081,E02113N3823E02873N3483-PS-Str_PYes_Var-M861_E02340N3543_S003,1.0254059,0.0,0.0,0.0,2.580518039478413e-06,9.468437247003818e-06,2.014717452065498e-06
25082,E01517N3917E01678N3772-PS-Mur_PYes_Hom-M792_E01587N3805_S000,0.38758087,0.0,0.0,1.5165196451595071e-06,6.304573329347221e-06,1.7987715644885785e-05,4.019093180941055e-06
25083,E01517N3917E01678N3772-PS-Mur_PYes_Hom-M792_E01598N3815_S000,0.34332657,7.42890536151531e-12,5.726745940547018e-07,2.5182892026908914e-06,6.9707715212216505e-06,1.9703137900883052e-05,4.5371484988190695e-06
25084,E02113N3823E02873N3483-PS-Str_PYes_Var-M861_E02340N3543_S004,0.5539017,0.0,0.0,0.0,4.904054873778057e-06,1.799395901050015e-05,3.828799019782747e-06
25087,E02113N3823E02873N3483-PS-Str_PYes_Var-M861_E02340N3543_S005,1.5823593,0.0,0.0,0.0,1.6573096721162279e-06,6.081000942142901e-06,1.2939303925828825e-06
25088,E02113N3823E02873N3483-PS-Str_PYes_Hom-M861_E02340N3543_S001,0.94911194,0.0,0.0,0.0,2.8128248569194817e-06,1.0320817462658706e-05,2.1960890186161095e-06
25089,E01964N3926E02184N3685-PS-Str_PYes_Var-M861_E02067N3699_S003,0.8880768,0.0,0.0,0.0,1.8261123565208542e-06,9.813435059182233e-06,1.5441518582398294e-06
25090,E02113N3823E02873N3483-PS-Str_PYes_Var-M861_E02340N3543_S001,1.0055695,0.0,0.0,0.0,2.654906584479018e-06,9.741383709480988e-06,2.0727956741719287e-06
25092,E01964N3926E02184N3685-PS-Str_PYes_Var-M861_E02067N3699_S004,1.2497139,0.0,0.0,0.0,1.2976747798465095e-06,6.973638360470124e-06,1.0973075755911565e-06
25094,E02020N3739E02658N3366-PS-Mur_PNo_Hom-M861_E02218N3646_S003,0.7476921,0.0,0.0,0.0,8.38930358038609e-08,7.203807262562918e-06,2.1274562514106155e-06
25095,E01548N3896E01854N3659-PS-Mur_PNo_Hom-M809_E01633N3827_S000,0.4516678,9.250213398033772e-20,1.027397932146214e-08,1.2760500918178117e-07,2.593964432587851e-06,1.1650239037506147e-05,2.3744929142460053e-06
25097,E02113N3823E02873N3483-PS-Str_PYes_Hom-M861_E02340N3543_S003,0.78126144,0.0,0.0,0.0,3.3869195672838683e-06,1.2427285875497526e-05,2.644308567720057e-06
25098,E01517N3917E01678N3772-PS-Str_PYes_Hom-M792_E01620N3835_S000,0.30670547,7.997053455246653e-12,6.192407067193668e-07,2.8854064192138013e-06,7.807873059971801e-06,2.2077307387842643e-05,5.078890936246424e-06
25099,E01517N3917E01678N3772-PS-Str_PYes_Hom-M774_E01587N3805_S000,0.30060196,5.999076716856146e-09,1.0601404805302283e-06,4.232467764688781e-06,1.0076479264658988e-05,2.6519813999139653e-05,6.657205511159466e-06
25100,E01517N3917E01678N3772-PS-Str_PYes_Hom-M792_E01585N3824_S000,0.36163712,0.0,0.0,2.94253917189527e-07,7.554160697139485e-06,1.7116762698279818e-05,4.3074218478462645e-06
25101,E02113N3823E02873N3483-PS-Str_PYes_Var-M861_E02340N3543_S002,0.75074387,0.0,0.0,0.0,3.556066070427036e-06,1.3047918254756123e-05,2.7763682575284174e-06
25102,E01517N3917E01678N3772-PS-Mur_PNo_Hom-M792_E01609N3825_S000,0.363163,7.051634050975582e-12,5.437139647687764e-07,2.367798914783586e-06,6.585131815422788e-06,1.8543561042826684e-05,4.289323614135254e-06
25103,E01548N3896E01854N3659-PS-Mur_PYes_Hom-M809_E01622N3816_S000,0.49286652,0.0,0.0,1.0706010688269753e-07,1.4974091647446202e-06,9.758919560092582e-06,2.17600901496217e-06
25104,E01517N3917E01678N3772-PS-Str_PNo_Hom-M792_E01620N3835_S000,0.30670547,7.997053455246653e-12,6.192407067193668e-07,2.8854064192138013e-06,7.807873059971801e-06,2.2077307387842643e-05,5.078890936246424e-06
25105,E01517N3917E01678N3772-PS-Str_PYes_Hom-M792_E01609N3825_S000,0.36774063,6.9638554131330145e-12,5.369458212635441e-07,2.338324588418613e-06,6.5031601906060415e-06,1.831273106536002e-05,4.235930176331634e-06
25107,E02113N3823E02873N3483-PS-Str_PYes_Hom-M850_E02236N3646_S000,0.5020218,1.1841474331064493e-13,1.3641711091969035e-07,5.670039294083273e-06,3.334371845174391e-05,6.245540337826755e-05,1.61050974724183e-05
25108,E02020N3739E02658N3366-PS-Mur_PNo_Var-M861_E02218N3646_S005,1.0193024,0.0,0.0,0.0,5.940434443711737e-08,5.100988941256083e-06,1.50644380338278e-06
25109,E01517N3917E01678N3772-PS-Str_PYes_Var-M792_E01598N3815_S000,0.32196426,7.921812801904352e-12,6.106715201958849e-07,2.685377545407986e-06,7.433281807846347e-06,2.1010439959227714e-05,4.838188038884196e-06
25110,E01517N3917E01678N3772-PS-Str_PNo_Hom-M809_E01643N3856_S000,0.38147736,0.0,0.0,9.391785692885751e-07,4.510246021937678e-06,1.3246265038878897e-05,2.8113909320675983e-06
25111,E01517N3917E01678N3772-PS-Str_PNo_Hom-M774_E01575N3795_S000,0.3402748,0.0,0.0,3.3062931829851053e-06,8.898872150365416e-06,2.4926064234880064e-05,5.881037986878079e-06
25112,E01548N3896E01854N3659-PS-Str_PNo_Hom-M809_E01633N3827_S000,0.37231827,1.122164522041972e-19,1.2463599052956216e-08,1.5480055213544827e-07,3.1467975196199825e-06,1.4133171159031545e-05,2.880551606272465e-06
25115,E01964N3926E02184N3685-PS-Str_PYes_Var-M850_E02067N3699_S000,0.4501419,0.0,0.0,0.0,2.604621581294018e-05,6.303866915989746e-05,1.3949424255543636e-05
25116,E01964N3926E02184N3685-PS-Str_PYes_Var-M861_E02067N3699_S005,0.8224602,0.0,0.0,0.0,1.9454132294906223e-06,1.0454551891458156e-05,1.6450321047526332e-06
25117,E02113N3823E02873N3483-PS-Str_PNo_Var-M888_E02358N3562_S005,0.8514519,0.0,0.0,0.0,0.0,4.40843645487331e-06,4.4756026342003757e-07
25118,E01517N3917E01678N3772-PS-Mur_PYes_Var-M792_E01598N3815_S000,0.3051796,8.357506847193133e-12,6.442580175835578e-07,2.833071392150388e-06,7.842106997435972e-06,2.216599914852493e-05,5.104284924943228e-06
25120,E02113N3823E02873N3483-PS-Str_PNo_Var-M888_E02358N3562_S004,0.75226974,0.0,0.0,0.0,0.0,5.107924684082605e-06,5.185748145718526e-07
25124,E01964N3926E02184N3685-PS-Str_PYes_Hom-M861_E02067N3699_S002,0.9384308,0.0,0.0,0.0,1.727940159041537e-06,9.285862655906898e-06,1.4611379184765623e-06
25125,E01964N3926E02184N3685-PS-Str_PYes_Var-M861_E02067N3699_S001,0.78126144,0.0,0.0,0.0,2.1589096912493105e-06,1.1601871033871583e-05,1.8255636897753657e-06
25129,E02113N3823E02873N3483-PS-Str_PNo_Var-M888_E02358N3562_S003,0.46387482,0.0,0.0,0.0,0.0,1.2091240801918353e-05,1.22754608664019e-06
25132,E02020N3739E02658N3366-PS-Str_PYes_Hom-M861_E02218N3646_S001,0.8712883,0.0,0.0,0.0,7.695949525989192e-08,6.608431386039689e-06,1.9516275424676327e-06
25133,E01964N3926E02184N3685-PS-Str_PYes_Var-M850_E02071N3714_S000,0.42572784,0.0,0.0,0.0,2.7593728496561423e-05,6.573645035540123e-05,1.4749447538899671e-05
25134,E01548N3896E01854N3659-PS-Str_PYes_Var-M809_E01622N3816_S000,0.49897003,0.0,0.0,1.0575052435534689e-07,1.4790925299537282e-06,9.63954633215699e-06,2.1493915991167904e-06
25136,E01517N3917E01678N3772-PS-Mur_PYes_Var-M792_E01609N3825_S000,0.2914467,8.786829896699617e-12,6.775056797257376e-07,2.950443279301331e-06,8.205535439187973e-06,2.310657577867948e-05,5.344797630853951e-06
25139,E01517N3917E01678N3772-PS-Str_PNo_Var-M792_E01598N3815_S000,0.3051796,8.357506847193133e-12,6.442580175835578e-07,2.833071392150388e-06,7.842106997435972e-06,2.216599914852493e-05,5.104284924943228e-06
25141,E01517N3917E01678N3772-PS-Str_PYes_Var-M792_E01587N3805_S000,0.36621475,0.0,0.0,1.6049981696341097e-06,6.6724019607817345e-06,1.903717553418437e-05,4.253579714307526e-06
25143,E01964N3926E02184N3685-PS-Str_PYes_Hom-M850_E02071N3714_S000,0.5310135,0.0,0.0,0.0,2.0609368979569523e-05,4.9097633215839024e-05,1.1016155595350729e-05
25144,E01517N3917E01678N3772-PS-Mur_PYes_Hom-M774_E01574N3813_S000,0.25787735,6.570335002689886e-09,1.2287884918900068e-06,4.984979811124045e-06,1.1863784344905614e-05,3.03210856077477e-05,7.760158171228848e-06
25145,E01964N3926E02184N3685-PS-Str_PYes_Var-M861_E02067N3699_S002,0.9292755,0.0,0.0,0.0,1.7681502985152808e-06,9.501949903242569e-06,1.4951394197350967e-06
25146,E02020N3739E02658N3366-PS-Str_PNo_Hom-M861_E02193N3666_S004,0.94758606,0.0,0.0,0.0,6.942421880926153e-07,6.425835379335982e-06,1.6207989867473468e-06
25147,E01517N3917E01678N3772-PS-Mur_PNo_Hom-M774_E01587N3805_S000,0.30823135,5.850586643043683e-09,1.0338997195539275e-06,4.1277050686189656e-06,9.827064692984181e-06,2.5863391465458715e-05,6.492425331742978e-06
25149,E01517N3917E01678N3772-PS-Mur_PYes_Var-M809_E01632N3846_S000,0.2822914,0.0,0.0,1.2735856092814582e-06,6.197912768290024e-06,1.851355315730208e-05,3.7992017847270157e-06
25150,E02113N3823E02873N3483-PS-Str_PYes_Hom-M861_E02340N3543_S005,1.3504219,0.0,0.0,0.0,1.9594427630628118e-06,7.189587732898004e-06,1.529818226678245e-06
25151,E02020N3739E02658N3366-PS-Str_PNo_Hom-M861_E02191N3680_S004,0.88197327,0.0,0.0,0.0,7.903485175489016e-07,7.315385831023485e-06,1.8448027369285155e-06
25152,E01517N3917E01678N3772-PS-Str_PNo_Hom-M754_E01575N3795_S000,0.24261856,2.139922431879957e-06,3.953915431612518e-06,1.1988154891408318e-05,2.9899757056618786e-05,5.9057719729729754e-05,1.784349283554245e-05
25155,E01517N3917E01678N3772-PS-Str_PYes_Var-M792_E01620N3835_S000,0.21362686,1.1481421571269402e-11,8.890479034213933e-07,4.142596731263034e-06,1.1209814049408344e-05,3.169653356662524e-05,7.291796694854764e-06
25156,E02113N3823E02873N3483-PS-Mur_PNo_Hom-M861_E02243N3633_S001,1.6006699,0.0,0.0,0.0,1.2893361452972902e-06,2.7182856630709984e-06,9.823032015004336e-07
25158,E01517N3917E01678N3772-PS-Mur_PYes_Var-M792_E01587N3805_S000,0.3784256,0.0,0.0,1.553208882916518e-06,6.457100196094536e-06,1.8422893374437264e-05,4.116327308935229e-06
25159,E02113N3823E02873N3483-PS-Mur_PNo_Hom-M850_E02236N3646_S000,0.31433487,1.7105699343637095e-13,1.9706246194345677e-07,8.190701995338268e-06,4.816694331196026e-05,9.022046771419067e-05,2.3264751293717145e-05
25163,E02020N3739E02658N3366-PS-Str_PYes_Hom-M861_E02193N3666_S004,0.91249084,0.0,0.0,0.0,7.380979892006111e-07,6.831760232625489e-06,1.7231860776185014e-06
25166,E01517N3917E01678N3772-PS-Mur_PYes_Hom-M774_E01587N3805_S000,0.23498917,7.674116297688621e-09,1.356148908150654e-06,5.414241455052019e-06,1.2889995810682889e-05,3.3924576468680736e-05,8.51600533240463e-06
25168,E01517N3917E01678N3772-PS-Str_PNo_Var-M792_E01620N3835_S000,0.21210098,1.1564020301115762e-11,8.954438211341386e-07,4.17239907116877e-06,1.1290458802024342e-05,3.192456224729726e-05,7.3442547586541124e-06
25173,E02113N3823E02873N3483-PS-Mur_PNo_Hom-M861_E02243N3633_S002,1.2405586,0.0,0.0,0.0,1.663767841752675e-06,3.5076936975749408e-06,1.267570511746012e-06
25179,E01517N3917E01678N3772-PS-Mur_PNo_Hom-M774_E01574N3813_S000,0.25787735,6.570335002689886e-09,1.2287884918900068e-06,4.984979811124045e-06,1.1863784344905614e-05,3.03210856077477e-05,7.760158171228848e-06
25181,E01517N3917E01678N3772-PS-Str_PNo_Var-M809_E01619N3854_S000,0.27008438,0.0,0.0,5.1726522822025575e-09,6.960114940394383e-06,2.252217352759972e-05,3.970914536757313e-06
25186,E02113N3823E02873N3483-PS-Mur_PYes_Hom-M850_E02340N3543_S000,0.67902756,0.0,0.0,3.377236314736745e-06,3.099456914154834e-05,5.614752073210712e-05,1.4062916287779745e-05
25188,E01548N3896E01854N3659-PS-Str_PNo_Var-M809_E01633N3827_S000,0.27313614,1.5296487440367422e-19,1.6989423799319624e-08,2.1101225845146268e-07,4.28947340525938e-06,1.9265256642876035e-05,3.926547364596342e-06
25189,E02020N3739E02658N3366-PS-Mur_PNo_Hom-M850_E02191N3680_S000,0.312809,0.0,1.3543280896975352e-17,1.7144093315090826e-06,2.8702771806233823e-05,0.0001329462030110099,2.1449872631590306e-05
25190,E01517N3917E01678N3772-PS-Str_PNo_Hom-M774_E01573N3832_S000,0.22888565,7.284885094864807e-09,1.3934113849007415e-06,5.597231930232778e-06,1.3314542734381027e-05,3.4379798775169324e-05,8.743095186514924e-06
25193,E02113N3823E02873N3483-PS-Mur_PNo_Hom-M871_E02348N3591_S005,1.0940704,0.0,0.0,0.0,2.7252395395878476e-07,4.371642525090692e-06,7.748053039741955e-07
25194,E02113N3823E02873N3483-PS-Str_PYes_Hom-M850_E02218N3671_S000,0.6408806,0.0,0.0,3.727328776254041e-06,2.9267119855270605e-05,4.593687408769075e-05,1.2215766338296158e-05
25197,E01517N3917E01678N3772-PS-Mur_PNo_Var-M792_E01609N3825_S000,0.2685585,9.535697350314533e-12,7.352468627406066e-07,3.2018981238335468e-06,8.904861419334655e-06,2.50758596692939e-05,5.800314016053126e-06
25202,E02113N3823E02873N3483-PS-Str_PYes_Hom-M850_E02340N3543_S000,0.7064934,0.0,0.0,3.274722525796577e-06,3.0053749363730748e-05,5.444319963833919e-05,1.3636045705487958e-05
25204,E01517N3917E01678N3772-PS-Mur_PNo_Var-M792_E01598N3815_S000,0.27313614,9.337982870460352e-12,7.19840311512578e-07,3.165438283736082e-06,8.762117955663834e-06,2.4766443407112574e-05,5.70310333769894e-06
25211,E01517N3917E01678N3772-PS-Str_PNo_Var-M809_E01609N3825_S000,0.38300323,0.0,0.0,0.0,1.2049081328049716e-07,1.4468541512934007e-05,2.8001904597333913e-06
25213,E02020N3739E02658N3366-PS-Mur_PNo_Hom-M861_E02218N3646_S002,0.67139816,0.0,0.0,0.0,8.911726426209429e-08,7.65240629760913e-06,2.259938255259391e-06
25216,E01517N3917E01678N3772-PS-Str_PYes_Var-M774_E01587N3805_S000,0.2548256,7.076738833450495e-09,1.2505819914589757e-06,4.99277979018696e-06,1.188659780200988e-05,3.1283780228426096e-05,7.853092565179227e-06
25219,E01517N3917E01678N3772-PS-Str_PNo_Var-M809_E01632N3846_S000,0.26398087,0.0,0.0,1.3619254480974922e-06,6.627819176588314e-06,1.979771049223841e-05,4.062726176685035e-06
25226,E02113N3823E02873N3483-PS-Mur_PNo_Hom-M861_E02377N3548_S005,1.286335,0.0,0.0,0.0,1.964723552785451e-06,4.126954466138252e-06,1.5066808774174336e-06
25239,E01517N3917E01678N3772-PS-Str_PYes_Hom-M754_E01562N3822_S000,0.1678505,3.1241426731978648e-06,5.8356378909711585e-06,1.73670454596133e-05,4.234427647971078e-05,8.733880861971906e-05,2.57917762361712e-05
25241,E01517N3917E01678N3772-PS-Str_PNo_Hom-M754_E01562N3822_S000,0.1678505,3.1241426731978648e-06,5.8356378909711585e-06,1.73670454596133e-05,4.234427647971078e-05,8.733880861971906e-05,2.57917762361712e-05
25245,E02020N3739E02658N3366-PS-Mur_PNo_Var-M861_E02218N3646_S003,0.4943924,0.0,0.0,0.0,1.2687318698276806e-07,1.0894467902530058e-05,3.2173964405565846e-06
25246,E01517N3917E01678N3772-PS-Mur_PNo_Hom-M754_E01563N3803_S000,0.19836807,2.6152474642207374e-06,4.860219883987632e-06,1.4510614342532487e-05,3.588242548399679e-05,7.296780147325344e-05,2.182388797314809e-05
25257,E02113N3823E02873N3483-PS-Str_PNo_Hom-M871_E02335N3587_S003,1.0254059,0.0,0.0,0.0,3.2158582398476596e-07,5.195043101358789e-06,9.195480140182083e-07
25265,E01517N3917E01678N3772-PS-Str_PNo_Hom-M774_E01585N3824_S000,0.21362686,7.826765071704258e-09,1.4994160951990557e-06,6.023045121990985e-06,1.4286421469139252e-05,3.699257264258309e-05,9.367590876808897e-06
25267,E02113N3823E02873N3483-PS-Mur_PYes_Hom-M850_E02236N3646_S000,0.5584793,1.0418307062114137e-13,1.200218241709481e-07,4.9885857764387114e-06,2.933630456062651e-05,5.494920242963523e-05,1.4169506772713763e-05
25268,E01517N3917E01678N3772-PS-Mur_PYes_Var-M792_E01620N3835_S000,0.19379044,1.2656661693974938e-11,9.800509870223502e-07,4.566633585980742e-06,1.2357252383342483e-05,3.494099574118698e-05,8.038186154488329e-06
25274,E01548N3896E01854N3659-PS-Str_PYes_Var-M861_E01755N3814_S005,1.4526596,0.0,0.0,0.0,2.1980033584363142e-07,4.804222510682884e-06,7.550229870005508e-07
25279,E02020N3739E02658N3366-PS-Str_PYes_Hom-M902_E02188N3566_S003,2.671856,0.0,0.0,0.0,1.8361810628711482e-07,8.019188333138534e-07,1.18700269609357e-07
25280,E01548N3896E01854N3659-PS-Mur_PYes_Hom-M809_E01633N3827_S000,0.36621475,1.1408670827760047e-19,1.267132369018533e-08,1.5738053632770088e-07,3.1992436365416823e-06,1.4368721728287896e-05,2.9285603343204598e-06
25300,E02020N3739E02658N3366-PS-Str_PYes_Hom-M861_E02191N3680_S003,0.8575554,0.0,0.0,0.0,7.673001444434314e-07,7.102052423925057e-06,1.7910040635044648e-06
25301,E01517N3917E01678N3772-PS-Str_PNo_Var-M792_E01609N3825_S000,0.2975502,8.606590003483263e-12,6.636083410037136e-07,2.889922296437883e-06,8.037219351505683e-06,2.263260202478798e-05,5.235162442102882e-06
25303,E01517N3917E01678N3772-PS-Str_PYes_Var-M809_E01632N3846_S000,0.31433487,0.0,0.0,1.1437555899029461e-06,5.56609412261028e-06,1.662627133842715e-05,3.4119090595742268e-06
25305,E02113N3823E02873N3483-PS-Str_PNo_Hom-M861_E02243N3633_S001,0.6836052,0.0,0.0,0.0,3.1590133650491726e-06,6.660094631631423e-06,2.4067493596518407e-06
25307,E02020N3739E02658N3366-PS-Str_PYes_Hom-M902_E02401N3455_S004,4.605171,0.0,0.0,0.0,1.5461824413730216e-07,6.751564423821411e-07,9.955266045695674e-08
25310,E02020N3739E02658N3366-PS-Mur_PNo_Hom-M861_E02218N3646_S004,0.5889969,0.0,0.0,0.0,1.1016144826749255e-07,9.45944837351195e-06,2.7936009173518122e-06
25313,E01517N3917E01678N3772-PS-Mur_PYes_Hom-M754_E01563N3803_S000,0.19836807,2.6152474642207374e-06,4.860219883987632e-06,1.4510614342532487e-05,3.588242548399679e-05,7.296780147325344e-05,2.182388797314809e-05
25315,E01548N3896E01854N3659-PS-Mur_PYes_Hom-M861_E01755N3814_S003,1.4465561,0.0,0.0,0.0,2.2072774636702668e-07,4.824493118987639e-06,7.582086794193631e-07
25322,E02113N3823E02873N3483-PS-Mur_PNo_Hom-M871_E02308N3607_S001,0.9521637,0.0,0.0,0.0,3.048051937931194e-07,4.9249098017286986e-06,8.702845138204182e-07
25324,E01517N3917E01678N3772-PS-Str_PYes_Hom-M774_E01573N3832_S000,0.22888565,7.284885094864807e-09,1.3934113849007415e-06,5.597231930232778e-06,1.3314542734381027e-05,3.4379798775169324e-05,8.743095186514924e-06
25325,E02020N3739E02658N3366-PS-Str_PNo_Hom-M850_E02191N3680_S000,0.52643585,0.0,8.5630021632346e-18,1.083968569068111e-06,1.814788447033542e-05,8.405781676073797e-05,1.356209821997046e-05
25327,E01548N3896E01854N3659-PS-Str_PYes_Hom-M809_E01633N3827_S000,0.3555336,1.175141684223499e-19,1.3052003066293304e-08,1.6210865517665532e-07,3.2953571998404736e-06,1.480039533688101e-05,3.016541870284785e-06
25330,E02020N3739E02658N3366-PS-Mur_PYes_Hom-M902_E02344N3478_S005,3.0609589,0.0,0.0,0.0,1.8075058450484265e-07,7.827566420183953e-07,1.162009868115495e-07
25331,E02113N3823E02873N3483-PS-Str_PNo_Hom-M861_E02236N3646_S005,0.7934685,0.0,0.0,0.0,2.6909356985699893e-06,5.677270811959519e-06,2.050594915635343e-06
25334,E02113N3823E02873N3483-PS-Str_PNo_Hom-M871_E02350N3576_S004,0.8209343,0.0,0.0,0.0,4.0727500192838295e-07,6.548180806183616e-06,1.1602503220201307e-06
25344,E02020N3739E02658N3366-PS-Str_PYes_Hom-M902_E02344N3478_S005,4.19318,0.0,0.0,0.0,1.6529638596494326e-07,7.158308470766196e-07,1.0626578728985833e-07
25345,E02020N3739E02658N3366-PS-Str_PYes_Var-M861_E02218N3646_S002,0.935379,0.0,0.0,0.0,7.013561201313732e-08,6.0224716669662036e-06,1.778579649599108e-06
25346,E02113N3823E02873N3483-PS-Str_PNo_Var-M850_E02236N3646_S000,0.37384415,1.5394481187776426e-13,1.773487480553612e-07,7.371321408663761e-06,4.3348423691574323e-05,8.119500203276604e-05,2.093739454520738e-05
25350,E02113N3823E02873N3483-PS-Mur_PNo_Hom-M850_E02226N3659_S000,0.44709015,0.0,0.0,0.0,4.0505508606550606e-05,6.751119440730946e-05,1.5968590902222166e-05
25354,E01517N3917E01678N3772-PS-Mur_PYes_Var-M774_E01575N3795_S000,0.23193741,0.0,0.0,4.850654543316751e-06,1.305551330072696e-05,3.6568967129153366e-05,8.628056270772956e-06
25356,E02020N3739E02658N3366-PS-Str_PYes_Var-M861_E02193N3666_S002,0.7690544,0.0,0.0,0.0,8.859559992985306e-07,8.20031899886209e-06,2.0683798976708884e-06
25357,E01517N3917E01678N3772-PS-Str_PYes_Hom-M774_E01598N3815_S000,0.24261856,7.481529699314242e-09,1.302785214345401e-06,5.23719918219472e-06,1.2564008104767839e-05,3.293306781429259e-05,8.248210791364582e-06
25359,E02113N3823E02873N3483-PS-Str_PNo_Hom-M861_E02244N3659_S004,0.761425,0.0,0.0,0.0,2.770112101225947e-06,5.852433909105881e-06,2.112845981440846e-06
25360,E02113N3823E02873N3483-PS-Str_PYes_Var-M850_E02173N3709_S000,0.5737381,0.0,0.0,2.5512390037573836e-09,3.064776849987497e-05,5.101011067002358e-05,1.2143425518549077e-05
25361,E01849N3766E02950N3220-PS-Str_PYes_Hom-M871_E02067N3642_S003,1.6617088,0.0,0.0,0.0,1.0595023303485161e-07,1.0136147398291243e-06,4.184016265735774e-07
25365,E01548N3896E01854N3659-PS-Str_PYes_Hom-M792_E01611N3806_S000,0.42420197,8.120419680121998e-13,1.1056299087575668e-07,9.302007862050242e-07,5.8984810777716955e-06,1.8390093118185233e-05,3.672127292761514e-06
25371,E02020N3739E02658N3366-PS-Str_PYes_Var-M861_E02218N3646_S005,1.185627,0.0,0.0,0.0,5.472461888493762e-08,4.699145801398673e-06,1.3877699315234833e-06
25374,E02020N3739E02658N3366-PS-Str_PYes_Var-M861_E02218N3646_S003,1.1169586,0.0,0.0,0.0,5.937857815612833e-08,5.098776417649809e-06,1.5057903923451074e-06
25375,E02020N3739E02658N3366-PS-Str_PYes_Var-M902_E02401N3455_S004,4.4098587,0.0,0.0,0.0,1.5845768287680418e-07,6.919217459500983e-07,1.0202472540188987e-07
25379,E02020N3739E02658N3366-PS-Str_PYes_Hom-M861_E02193N3666_S003,1.1444283,0.0,0.0,0.0,5.953756994534699e-07,5.510737173804013e-06,1.3899822669368973e-06
25381,E01548N3896E01854N3659-PS-Mur_PYes_Hom-M792_E01611N3806_S000,0.33874893,1.0168882380040346e-12,1.38453687628144e-07,1.1648538816158626e-06,7.386436004974176e-06,2.302919076148113e-05,4.598460670208476e-06
25384,E02113N3823E02873N3483-PS-Str_PYes_Var-M850_E02236N3646_S000,0.4577713,1.2985988612744132e-13,1.4960223697307982e-07,6.218065727982547e-06,3.656648961227516e-05,6.849190686896628e-05,1.766170381633165e-05
25385,E02020N3739E02658N3366-PS-Mur_PYes_Hom-M902_E02296N3512_S003,3.2501717,0.0,0.0,0.0,1.5812033270068262e-07,6.905619238021071e-07,1.0283359740454251e-07
25389,E02020N3739E02658N3366-PS-Str_PYes_Hom-M902_E02253N3527_S005,2.6871147,0.0,0.0,0.0,2.5634587931078906e-07,1.119544213903857e-06,1.6583084332498498e-07
25390,E02020N3739E02658N3366-PS-Mur_PYes_Hom-M902_E02393N3468_S003,3.1555672,0.0,0.0,0.0,1.8538512691369997e-07,8.096359759637018e-07,1.1951149426323882e-07
25391,E01517N3917E01678N3772-PS-Str_PYes_Hom-M774_E01609N3825_S000,0.2258339,8.093342321385152e-09,1.3906150552780368e-06,5.631274660594139e-06,1.3567181207298306e-05,3.53831508295376e-05,8.861242819511772e-06
25393,E02020N3739E02658N3366-PS-Str_PYes_Var-M902_E02253N3527_S005,2.7161064,0.0,0.0,0.0,2.536567755195847e-07,1.1078000399849158e-06,1.64091254802311e-07
25396,E02020N3739E02658N3366-PS-Str_PYes_Hom-M902_E02344N3478_S003,3.8101768,0.0,0.0,0.0,1.7493718496429413e-07,7.575811931226875e-07,1.1246366687318183e-07
25397,E02020N3739E02658N3366-PS-Str_PYes_Hom-M902_E02337N3493_S003,3.682003,0.0,0.0,0.0,1.8206556672154094e-07,7.907476480220203e-07,1.1755187751665077e-07
25400,E02113N3823E02873N3483-PS-Str_PNo_Hom-M871_E02335N3587_S005,1.0040436,0.0,0.0,0.0,3.2508626153554245e-07,5.2515907554953096e-06,9.295572251150379e-07
25407,E02020N3739E02658N3366-PS-Mur_PYes_Var-M902_E02344N3478_S001,3.0762177,0.0,0.0,0.0,1.8198340433604789e-07,7.880954790347817e-07,1.1699354237279072e-07
25415,E02020N3739E02658N3366-PS-Str_PYes_Hom-M902_E02321N3496_S001,3.3966599,0.0,0.0,0.0,1.9087448529907466e-07,8.300043962246397e-07,1.2362602214128644e-07
25416,E02113N3823E02873N3483-PS-Mur_PNo_Hom-M861_E02272N3638_S005,0.82551193,0.0,0.0,0.0,2.564809240746246e-06,5.3965295525058535e-06,1.948721837447996e-06
25420,E01964N3926E02184N3685-PS-Str_PNo_Hom-M754_E02074N3729_S000,0.13428116,4.155105276856057e-06,8.130448578149095e-06,2.7799963630440853e-05,8.326457618355778e-05,0.00013368089442603,4.406798675632783e-05
25431,E02020N3739E02658N3366-PS-Mur_PYes_Hom-M902_E02311N3485_S002,2.5909805,0.0,0.0,0.0,2.048276005334745e-07,8.896077731137277e-07,1.3229284063836724e-07
25433,E02020N3739E02658N3366-PS-Mur_PYes_Hom-M902_E02253N3527_S002,2.4612808,0.0,0.0,0.0,2.045711780970483e-07,8.934275806804694e-07,1.3233764894145285e-07
25436,E02020N3739E02658N3366-PS-Str_PYes_Var-M902_E02311N3485_S005,3.0548553,0.0,0.0,0.0,2.019985657968472e-07,8.773207020082832e-07,1.304656403948538e-07
25440,E02113N3823E02873N3483-PS-Str_PNo_Hom-M861_E02272N3638_S001,0.71717453,0.0,0.0,0.0,3.1199115714770715e-06,6.564501846453992e-06,2.37048421132282e-06
25443,E02020N3739E02658N3366-PS-Str_PYes_Var-M861_E02218N3646_S004,0.9430084,0.0,0.0,0.0,7.033607961252974e-08,6.039685610109089e-06,1.783663337934352e-06
25444,E02020N3739E02658N3366-PS-Mur_PYes_Hom-M902_E02313N3510_S001,2.334629,0.0,0.0,0.0,0.0,1.0328868443235766e-06,1.4500159613176432e-07
25445,E02113N3823E02873N3483-PS-Mur_PNo_Var-M871_E02348N3591_S001,0.7827873,0.0,0.0,0.0,3.851979795639735e-07,6.179082035099028e-06,1.0951457048485621e-06
25446,E02020N3739E02658N3366-PS-Str_PYes_Var-M902_E02188N3566_S002,2.3254738,0.0,0.0,0.0,2.081016491612464e-07,9.08846273826244e-07,1.3452770187579909e-07
25451,E01517N3917E01678N3772-PS-Str_PNo_Var-M774_E01587N3805_S000,0.24567032,7.340464323396177e-09,1.2971868409774874e-06,5.178843360900358e-06,1.2329570038643047e-05,3.244961811820336e-05,8.145750063651703e-06
25455,E01548N3896E01854N3659-PS-Mur_PNo_Var-M809_E01644N3837_S000,0.2975502,0.0,0.0,1.766486317877409e-07,1.984504397065371e-06,1.3106320018275229e-05,3.6043732811907346e-06
25460,E02020N3739E02658N3366-PS-Str_PYes_Var-M902_E02296N3512_S001,3.768978,0.0,0.0,0.0,1.5732585658481957e-07,6.870921932139241e-07,1.0231690966647115e-07
25463,E02020N3739E02658N3366-PS-Str_PYes_Hom-M902_E02188N3566_S002,2.3300514,0.0,0.0,0.0,2.133618828966101e-07,9.318193922475022e-07,1.3792818985174842e-07
25467,E02020N3739E02658N3366-PS-Mur_PYes_Hom-M902_E02368N3461_S005,3.2913704,0.0,0.0,0.0,1.7411105925807817e-07,7.564452187734269e-07,1.11951556122531e-07
25468,E02113N3823E02873N3483-PS-Str_PNo_Hom-M861_E02235N3671_S003,0.9750519,0.0,0.0,0.0,3.0706181005684445e-11,6.590326266635252e-06,1.6125626841817336e-06
25474,E02020N3739E02658N3366-PS-Mur_PYes_Var-M902_E02296N3512_S002,2.9495697,0.0,0.0,0.0,1.787101610138611e-07,7.804842709655103e-07,1.1622419733070159e-07
25478,E01517N3917E01678N3772-PS-Mur_PNo_Hom-M774_E01585N3824_S000,0.20294571,8.23869224053002e-09,1.5783312308047084e-06,6.340041467490252e-06,1.5038324087209362e-05,3.8939513118838185e-05,9.860612598203395e-06
25481,E02020N3739E02658N3366-PS-Str_PYes_Hom-M902_E02253N3527_S003,3.631649,0.0,0.0,0.0,1.5687079260123472e-07,6.851047836595073e-07,1.014801404261414e-07
25490,E02113N3823E02873N3483-PS-Str_PNo_Hom-M861_E02350N3576_S002,0.698864,0.0,0.0,0.0,3.5917406633590154e-06,7.617927475336997e-06,2.7468482895733717e-06
25491,E02113N3823E02873N3483-PS-Str_PNo_Hom-M837_E02209N3683_S000,0.43946075,4.947171934685451e-11,1.0491014415832185e-06,1.001501500917409e-05,2.55989823983796e-05,3.601693528682105e-05,1.3524021656782753e-05
25495,E02020N3739E02658N3366-PS-Str_PYes_Var-M902_E02344N3478_S003,3.733883,0.0,0.0,0.0,1.767082082369873e-07,7.652507684862603e-07,1.1360222281487882e-07
25501,E02113N3823E02873N3483-PS-Str_PYes_Var-M850_E02259N3628_S000,0.4501419,0.0,0.0,5.893919529302466e-06,4.653120341857884e-05,6.992918877682974e-05,1.9107480994217493e-05
25502,E01548N3896E01854N3659-PS-Mur_PNo_Hom-M792_E01611N3806_S000,0.37384415,9.21426221470771e-13,1.2545612533615414e-07,1.0555013526458018e-06,6.6930224618961585e-06,2.086728849232392e-05,4.166772789356755e-06
25504,E02020N3739E02658N3366-PS-Mur_PYes_Hom-M902_E02188N3566_S001,2.3712502,0.0,0.0,0.0,2.1805255777934917e-07,9.523050655042504e-07,1.4096048543789467e-07
25506,E02020N3739E02658N3366-PS-Str_PYes_Var-M902_E02393N3468_S001,4.295414,0.0,0.0,0.0,1.6247845391599348e-07,7.095952291285309e-07,1.0474434026263938e-07
25518,E02113N3823E02873N3483-PS-Mur_PNo_Var-M861_E02377N3548_S005,1.0757599,0.0,0.0,0.0,2.348818755633305e-06,4.933756731305747e-06,1.8012306609827493e-06
25520,E02020N3739E02658N3366-PS-Mur_PYes_Var-M902_E02393N3468_S003,3.282215,0.0,0.0,0.0,1.761802619757054e-07,7.694353949798963e-07,1.1357743050340363e-07
25521,E02020N3739E02658N3366-PS-Str_PYes_Hom-M902_E02188N3566_S001,3.5996017,0.0,0.0,0.0,1.473201455745841e-07,6.433940620107996e-07,9.523538474604127e-08
25527,E02020N3739E02658N3366-PS-Mur_PYes_Var-M902_E02344N3478_S005,3.1250458,0.0,0.0,0.0,1.7492341039353512e-07,7.575215411067224e-07,1.1245481147324255e-07
25536,E02020N3739E02658N3366-PS-Str_PYes_Var-M902_E02344N3478_S005,4.032959,0.0,0.0,0.0,1.6856815052942465e-07,7.299995174075286e-07,1.0836914021703868e-07
25538,E02020N3739E02658N3366-PS-Str_PYes_Hom-M902_E02253N3527_S004,4.0787354,0.0,0.0,0.0,1.380436416253752e-07,6.028806106164778e-07,8.930080548957947e-08
25544,E02020N3739E02658N3366-PS-Mur_PYes_Hom-M850_E02204N3672_S000,0.59815216,0.0,7.586300973257693e-18,9.64324501868055e-07,1.6419773378685738e-05,7.55691639449081e-05,1.2224681778891367e-05
25545,E02020N3739E02658N3366-PS-Mur_PYes_Var-M902_E02368N3461_S005,3.7369347,0.0,0.0,0.0,1.4980964476721065e-07,6.508649708593639e-07,9.632600551233905e-08
25551,E02020N3739E02658N3366-PS-Mur_PYes_Hom-M902_E02401N3455_S004,3.8910522,0.0,0.0,0.0,1.7787546248184873e-07,7.767114748093947e-07,1.1452707679408659e-07
25554,E02020N3739E02658N3366-PS-Str_PYes_Var-M902_E02368N3461_S001,4.031433,0.0,0.0,0.0,1.7190102673333298e-07,7.468434821358978e-07,1.1053052875482133e-07
25561,E02020N3739E02658N3366-PS-Str_PNo_Hom-M861_E02207N3659_S001,0.6256218,0.0,0.0,0.0,0.0,1.0375722876433168e-05,2.5130246962866335e-06
25565,E02020N3739E02658N3366-PS-Str_PYes_Var-M861_E02193N3666_S004,0.75837326,0.0,0.0,0.0,8.776707408772424e-07,8.123631486055172e-06,2.0490368806596262e-06
25567,E02020N3739E02658N3366-PS-Str_PYes_Hom-M902_E02188N3566_S005,3.469902,0.0,0.0,0.0,1.566540210550108e-07,6.841580731800283e-07,1.0126928607761458e-07
25573,E01964N3926E02184N3685-PS-Str_PYes_Hom-M850_E02053N3710_S000,0.54932404,0.0,0.0,0.0,2.075356015099609e-05,6.903065477244677e-05,1.0648939731169837e-05
25575,E02020N3739E02658N3366-PS-Str_PYes_Hom-M902_E02279N3514_S001,3.445488,0.0,0.0,0.0,1.6495093355351422e-07,7.203933362782317e-07,1.0696251270804799e-07
25576,E02113N3823E02873N3483-PS-Str_PNo_Hom-M871_E02335N3600_S003,0.82398605,0.0,0.0,0.0,3.940966822881929e-07,6.3344688043548085e-06,1.1210585173179236e-06
25585,E02113N3823E02873N3483-PS-Str_PNo_Hom-M824_E02157N3736_S000,0.37231827,0.0,0.0,3.164346458020651e-05,7.012474297189657e-05,0.00010007940604660994,3.769499521387781e-05
25595,E02113N3823E02873N3483-PS-Str_PNo_Hom-M861_E02344N3564_S001,0.8941803,0.0,0.0,0.0,2.8487908313393807e-06,6.0437045172268266e-06,2.187595072326042e-06
25596,E02020N3739E02658N3366-PS-Mur_PYes_Hom-M902_E02328N3482_S003,3.2547493,0.0,0.0,0.0,1.7581015486481218e-07,7.625141628862134e-07,1.132381317521735e-07
25597,E02113N3823E02873N3483-PS-Str_PNo_Hom-M871_E02244N3659_S002,2.5635147,0.0,0.0,0.0,0.0,3.1465688518257884e-06,3.083985559370957e-07
25598,E02020N3739E02658N3366-PS-Mur_PYes_Hom-M902_E02337N3493_S004,2.908371,0.0,0.0,0.0,1.916791604322154e-07,8.325014334996544e-07,1.2375896000194278e-07
25600,E01548N3896E01854N3659-PS-Str_PYes_Hom-M809_E01628N3741_S000,0.7766838,0.0,0.0,2.6657099951409935e-07,1.8817066264206097e-06,8.214116546930907e-06,1.38084763798741e-06
25601,E02020N3739E02658N3366-PS-Str_PYes_Var-M902_E02351N3465_S004,3.5660324,0.0,0.0,0.0,1.9435552316324439e-07,8.42496549480236e-07,1.2495651080292293e-07
25602,E02113N3823E02873N3483-PS-Mur_PYes_Var-M850_E02236N3646_S000,0.49744415,1.1571296822043719e-13,1.3330459011479336e-07,5.540670513668276e-06,3.258294132712953e-05,6.103040807465397e-05,1.573764026261656e-05
25604,E02020N3739E02658N3366-PS-Mur_PYes_Hom-M902_E02386N3481_S005,3.0304413,0.0,0.0,0.0,0.0,8.774203599363113e-07,1.2302903487253145e-07
25606,E02020N3739E02658N3366-PS-Str_PYes_Var-M902_E02253N3527_S002,3.3264656,0.0,0.0,0.0,1.633079057771581e-07,7.132177099516132e-07,1.0564432636668295e-07
25609,E02020N3739E02658N3366-PS-Str_PYes_Hom-M902_E02409N3467_S005,3.3737679,0.0,0.0,0.0,2.1124067079107514e-07,9.22555382443254e-07,1.3589096965178402e-07
25614,E02020N3739E02658N3366-PS-Str_PYes_Var-M902_E02321N3496_S002,2.6260796,0.0,0.0,0.0,2.720900951427304e-07,1.1831648152648171e-06,1.7622793362787395e-07
25615,E02113N3823E02873N3483-PS-Str_PNo_Hom-M861_E02280N3610_S005,0.7202263,0.0,0.0,0.0,3.1535494023510446e-06,6.683552095669105e-06,2.411588200676351e-06
25616,E02113N3823E02873N3483-PS-Str_PNo_Var-M871_E02335N3600_S004,0.7141228,0.0,0.0,0.0,4.4544658920258643e-07,7.15983577158516e-06,1.2671299081645145e-06
25624,E02113N3823E02873N3483-PS-Mur_PYes_Hom-M824_E02157N3736_S000,0.363163,0.0,0.0,3.205683273006155e-05,7.104080370184223e-05,0.00010138677360147993,3.818741633896898e-05
25630,E02020N3739E02658N3366-PS-Str_PYes_Var-M902_E02321N3496_S004,3.7537193,0.0,0.0,0.0,1.815514456835077e-07,7.894638082305325e-07,1.1758765457145513e-07
25639,E02020N3739E02658N3366-PS-Mur_PYes_Var-M902_E02188N3566_S004,3.1860847,0.0,0.0,0.0,1.726831808444746e-07,7.541625263207705e-07,1.116313665232419e-07
25642,E02020N3739E02658N3366-PS-Str_PYes_Var-M902_E02279N3514_S003,2.6733818,0.0,0.0,0.0,2.125973695076921e-07,9.284805184442038e-07,1.3785886716601503e-07
25652,E02020N3739E02658N3366-PS-Str_PYes_Var-M902_E02344N3478_S001,3.5660324,0.0,0.0,0.0,1.9252706956142426e-07,8.337557683721067e-07,1.2377185685047652e-07
25658,E02020N3739E02658N3366-PS-Str_PYes_Var-M902_E02393N3468_S003,2.372776,0.0,0.0,0.0,2.9696435383965253e-07,1.2969380470274888e-06,1.9144283180179612e-07
25660,E02020N3739E02658N3366-PS-Mur_PYes_Var-M902_E02321N3496_S001,2.2384987,0.0,0.0,0.0,2.453144443093857e-07,1.0667327637591891e-06,1.5888581900430922e-07
25678,E02020N3739E02658N3366-PS-Str_PYes_Var-M850_E02191N3680_S000,0.49591827,0.0,9.309609836595146e-18,1.178479727178364e-06,1.9730197488891867e-05,9.13868130406823e-05,1.4744576795226383e-05
25684,E01548N3896E01854N3659-PS-Str_PYes_Var-M792_E01611N3806_S000,0.39521027,8.716114653433781e-13,1.1867363299690571e-07,9.984381377632724e-07,6.331179838009971e-06,1.9739147287892137e-05,3.941505952464755e-06
25687,E02113N3823E02873N3483-PS-Mur_PNo_Var-M861_E02293N3602_S002,0.6836052,0.0,0.0,0.0,3.17933323275281e-06,6.755595890506668e-06,2.433484070371463e-06
25693,E02020N3739E02658N3366-PS-Str_PYes_Var-M902_E02188N3566_S004,3.2410164,0.0,0.0,0.0,1.615555138912491e-07,7.055644556779849e-07,1.0443786532567683e-07
25694,E02020N3739E02658N3366-PS-Mur_PYes_Var-M902_E02311N3485_S001,3.1754036,0.0,0.0,0.0,1.692567994423241e-07,7.351165763016157e-07,1.0931858175980576e-07
25708,E02020N3739E02658N3366-PS-Str_PYes_Hom-M902_E02351N3465_S004,3.320362,0.0,0.0,0.0,2.0873460743238946e-07,9.048273167477304e-07,1.342012195180152e-07
25710,E02020N3739E02658N3366-PS-Str_PYes_Hom-M902_E02253N3527_S002,3.0884247,0.0,0.0,0.0,1.7803124350045517e-07,7.775192216505215e-07,1.1516889340001053e-07
25713,E02020N3739E02658N3366-PS-Str_PYes_Var-M902_E02321N3496_S001,3.3066292,0.0,0.0,0.0,1.9206926542603249e-07,8.351998143358819e-07,1.243998600599472e-07
25714,E02020N3739E02658N3366-PS-Mur_PYes_Var-M902_E02287N3526_S003,3.321888,0.0,0.0,0.0,0.0,7.361920157749764e-07,1.0320786933339927e-07
25715,E02020N3739E02658N3366-PS-Str_PYes_Var-M902_E02188N3566_S005,3.2013435,0.0,0.0,0.0,1.6564441645644758e-07,7.234219972947729e-07,1.0708114406713449e-07
25719,E02020N3739E02658N3366-PS-Mur_PYes_Hom-M902_E02386N3481_S003,3.0304413,0.0,0.0,0.0,0.0,8.774203599363113e-07,1.2302903487253145e-07
25729,E02020N3739E02658N3366-PS-Str_PYes_Var-M902_E02328N3482_S004,3.3920822,0.0,0.0,0.0,2.039482711455335e-07,8.845532578263626e-07,1.3136170215175833e-07
25730,E02113N3823E02873N3483-PS-Str_PNo_Hom-M861_E02236N3646_S001,0.77363205,0.0,0.0,0.0,2.7600136078930973e-06,5.823009708121057e-06,2.103234898714819e-06
25735,E02113N3823E02873N3483-PS-Mur_PNo_Var-M861_E02335N3587_S004,0.6378288,0.0,0.0,0.0,3.664658344697221e-06,7.785937155065938e-06,2.8089254128320872e-06
25738,E02020N3739E02658N3366-PS-Str_PYes_Var-M902_E02393N3468_S004,3.0136566,0.0,0.0,0.0,2.3820735314763074e-07,1.0403274850478835e-06,1.5356418928049674e-07
25745,E02113N3823E02873N3483-PS-Str_PNo_Hom-M861_E02218N3671_S005,0.80109787,0.0,0.0,0.0,3.9557519238372805e-11,8.493243152774098e-06,2.0769688957224413e-06
25753,E02113N3823E02873N3483-PS-Mur_PNo_Hom-M861_E02367N3571_S004,0.38910675,0.0,0.0,0.0,6.519603718410537e-06,1.3735356139759176e-05,4.979872446113141e-06
25756,E02020N3739E02658N3366-PS-Str_PYes_Var-M902_E02328N3482_S002,3.3066292,0.0,0.0,0.0,2.1729092739901058e-07,9.424222948659e-07,1.3995561680883237e-07
25759,E02020N3739E02658N3366-PS-Str_PYes_Var-M902_E02296N3512_S003,2.9312592,0.0,0.0,0.0,2.315428211657241e-07,1.011221348297096e-06,1.5058393090242507e-07
25760,E02020N3739E02658N3366-PS-Mur_PYes_Hom-M902_E02188N3566_S005,0.9582672,0.0,0.0,0.0,7.81619444866513e-07,3.413581405434419e-06,5.052793578673437e-07
25762,E01964N3926E02184N3685-PS-Mur_PNo_Hom-M754_E02088N3719_S000,0.12817764,4.293406984011611e-06,8.55020940770844e-06,2.9153596095512323e-05,8.772317407610999e-05,0.000141663565428285,4.673421019393507e-05
25763,E02020N3739E02658N3366-PS-Mur_PYes_Hom-M850_E02191N3680_S000,0.59815216,0.0,7.537565586595498e-18,9.541611723793648e-07,1.5974639133039716e-05,7.399172566140696e-05,1.193800992644637e-05
25764,E02020N3739E02658N3366-PS-Mur_PYes_Var-M902_E02344N3478_S003,2.995346,0.0,0.0,0.0,1.8468587090684586e-07,7.997987532671707e-07,1.1873090484501856e-07
25777,E02020N3739E02658N3366-PS-Mur_PYes_Var-M902_E02279N3514_S001,2.6764336,0.0,0.0,0.0,1.9010869834779026e-07,8.302653189522299e-07,1.232760774666301e-07
25782,E02020N3739E02658N3366-PS-Mur_PYes_Var-M902_E02270N3527_S001,2.3849869,0.0,0.0,0.0,0.0,1.0024564998612737e-06,1.4015061977588503e-07
25787,E02113N3823E02873N3483-PS-Mur_PNo_Hom-M861_E02244N3659_S002,0.7690544,0.0,0.0,0.0,2.6183074547526812e-06,5.531715242093528e-06,1.99706011229745e-06
25789,E01517N3917E01678N3772-PS-Mur_PYes_Var-M774_E01587N3805_S000,0.20141983,8.953111614071573e-09,1.5821694731979884e-06,6.316598051454349e-06,1.5038288021868795e-05,3.957856615695097e-05,9.935312847684047e-06
25790,E02113N3823E02873N3483-PS-Str_PYes_Hom-M837_E02165N3722_S000,0.48981476,0.0,0.0,5.354032927954491e-06,2.5380496711106254e-05,3.899773890811285e-05,1.1444212786406484e-05
25791,E02113N3823E02873N3483-PS-Mur_PNo_Hom-M871_E02335N3600_S005,0.5065994,0.0,0.0,0.0,8.98829018000461e-07,1.444722737048874e-05,2.556834329057001e-06
25792,E02113N3823E02873N3483-PS-Str_PNo_Hom-M861_E02333N3573_S005,0.75074387,0.0,0.0,0.0,3.2398406697491874e-06,6.887606349150772e-06,2.4839623810301794e-06
25802,E01964N3926E02184N3685-PS-Str_PNo_Hom-M809_E02103N3738_S000,0.36163712,0.0,4.839115541211302e-14,1.4388857262587935e-06,8.5061245141114e-06,1.6323837040344866e-05,4.053891251531032e-06
25819,E02020N3739E02658N3366-PS-Str_PYes_Hom-M902_E02368N3461_S004,3.0411224,0.0,0.0,0.0,2.3667041744728019e-07,1.0282414366208609e-06,1.521765569303591e-07
25829,E02113N3823E02873N3483-PS-Mur_PNo_Hom-M871_E02383N3566_S005,0.46082306,0.0,0.0,0.0,7.802462497949159e-07,1.2711703218231588e-05,2.252526496445344e-06
25831,E01517N3917E01678N3772-PS-Mur_PYes_Hom-M809_E01643N3856_S000,0.3051796,0.0,0.0,1.1739820131515435e-06,5.637849795331299e-06,1.655795543637851e-05,3.5142650121210157e-06
25832,E02020N3739E02658N3366-PS-Str_PYes_Var-M861_E02193N3666_S003,1.1642647,0.0,0.0,0.0,5.851652010851992e-07,5.416229835038347e-06,1.366144526025467e-06
25834,E02113N3823E02873N3483-PS-Str_PYes_Var-M850_E02218N3671_S000,0.59967804,0.0,0.0,3.9833469927481866e-06,3.127738411610062e-05,4.909213011183633e-05,1.3054828009207328e-05
25837,E01548N3896E01854N3659-PS-Str_PYes_Hom-M792_E01634N3808_S000,0.4150467,8.534435135541562e-13,1.1242985639653125e-07,9.646170712646237e-07,5.982640414195704e-06,1.9301952376015755e-05,3.7531285797000754e-06
25841,E02020N3739E02658N3366-PS-Str_PYes_Var-M902_E02253N3527_S001,3.3142586,0.0,0.0,0.0,1.6790614673865825e-07,7.332996947934367e-07,1.0861894089338112e-07
25848,E01517N3917E01678N3772-PS-Mur_PYes_Hom-M792_E01619N3854_S000,0.21667862,1.0805704892923132e-11,9.088972746296366e-07,4.02950331953099e-06,1.0994840986773237e-05,3.166541961141504e-05,7.189097067722718e-06
25854,E02020N3739E02658N3366-PS-Mur_PYes_Var-M902_E02401N3455_S004,3.9169922,0.0,0.0,0.0,1.512177170723595e-07,6.603076917175553e-07,9.736319363071136e-08
25856,E01517N3917E01678N3772-PS-Str_PNo_Hom-M774_E01609N3825_S000,0.22278214,8.204208203016013e-09,1.4096642636261355e-06,5.708414142054433e-06,1.3753029951372603e-05,3.586784356287587e-05,8.982627713232919e-06
25865,E02020N3739E02658N3366-PS-Mur_PYes_Hom-M902_E02344N3478_S003,2.758831,0.0,0.0,0.0,2.0055552553255466e-07,8.685237181066551e-07,1.289331928924822e-07
25868,E02020N3739E02658N3366-PS-Mur_PYes_Var-M902_E02393N3468_S004,3.645382,0.0,0.0,0.0,1.549714763752419e-07,6.768098639326846e-07,9.990484683491986e-08
25872,E02020N3739E02658N3366-PS-Str_PYes_Hom-M902_E02279N3514_S002,3.1281013,0.0,0.0,0.0,1.8590470106903834e-07,8.119051220130463e-07,1.205499933962588e-07
25873,E02113N3823E02873N3483-PS-Mur_PNo_Hom-M861_E02387N3554_S004,1.074234,0.0,0.0,0.0,0.0,6.889078854959677e-06,1.8041656174368102e-06
25879,E02113N3823E02873N3483-PS-Str_PNo_Hom-M861_E02244N3659_S002,0.6912346,0.0,0.0,0.0,3.120955483593284e-06,6.593663012015939e-06,2.380444549102289e-06
25888,E02020N3739E02658N3366-PS-Mur_PYes_Var-M902_E02337N3493_S005,2.6810112,0.0,0.0,0.0,2.0547589914188653e-07,8.924234653341125e-07,1.3266691864636335e-07
25889,E02113N3823E02873N3483-PS-Str_PNo_Var-M861_E02272N3638_S003,0.6958122,0.0,0.0,0.0,3.2505047841621446e-06,6.839278668221301e-06,2.4697079045857416e-06
25898,E02020N3739E02658N3366-PS-Mur_PYes_Var-M902_E02401N3455_S001,2.7908745,0.0,0.0,0.0,2.003093636056015e-07,8.746714080370386e-07,1.289713912652473e-07
25908,E02020N3739E02658N3366-PS-Str_PYes_Hom-M902_E02296N3512_S005,2.9556732,0.0,0.0,0.0,2.296284522020605e-07,1.0028606884639482e-06,1.493389205743365e-07
25912,E02020N3739E02658N3366-PS-Mur_PYes_Var-M850_E02182N3695_S000,0.51117706,0.0,8.657053916571002e-18,1.0912107085868436e-06,1.8215243297418847e-05,8.447870452803696e-05,1.3629583573205155e-05
25928,E02020N3739E02658N3366-PS-Mur_PYes_Hom-M902_E02253N3527_S005,2.560463,0.0,0.0,0.0,2.043890006136785e-07,8.926319535069078e-07,1.3221979783425642e-07
25931,E01517N3917E01678N3772-PS-Str_PNo_Var-M809_E01643N3856_S000,0.25635147,0.0,0.0,1.397594330864507e-06,6.711710080692291e-06,1.9711805112300777e-05,4.18363893405054e-06
25933,E01548N3896E01854N3659-PS-Mur_PYes_Var-M809_E01636N3789_S000,0.575264,0.0,0.0,3.408081678974284e-07,2.7620103092143468e-06,1.0507866471239867e-05,1.8643301000811536e-06
25947,E02020N3739E02658N3366-PS-Mur_PYes_Var-M902_E02253N3527_S005,2.6520195,0.0,0.0,0.0,1.9484507755522693e-07,8.509505975718706e-07,1.260458081697181e-07
25965,E02020N3739E02658N3366-PS-Str_PYes_Hom-M902_E02279N3514_S003,3.1281013,0.0,0.0,0.0,1.8590470106903834e-07,8.119051220130463e-07,1.205499933962588e-07
25966,E02020N3739E02658N3366-PS-Mur_PYes_Var-M902_E02386N3481_S005,3.5370407,0.0,0.0,0.0,0.0,7.517823555749079e-07,1.0541248170636569e-07
25969,E02020N3739E02658N3366-PS-Str_PYes_Hom-M902_E02344N3478_S004,3.346302,0.0,0.0,0.0,2.0713357400557435e-07,8.970105478885922e-07,1.331620905524985e-07
25972,E02020N3739E02658N3366-PS-Mur_PYes_Var-M902_E02188N3566_S002,2.2125587,0.0,0.0,0.0,3.1457086093318746e-07,1.3738312789242517e-06,2.0335492375479966e-07
25973,E01517N3917E01678N3772-PS-Str_PYes_Var-M774_E01574N3813_S000,0.17547989,9.655468664277772e-09,1.8057722739573832e-06,7.325702013468148e-06,1.7434483619950676e-05,4.455850300367248e-05,1.1403979252422234e-05
25974,E02113N3823E02873N3483-PS-Str_PNo_Hom-M837_E02192N3708_S000,0.4074173,0.0,0.0,6.82613854776418e-06,3.233434048940942e-05,4.9273132784143334e-05,1.4424444146250901e-05
25979,E02020N3739E02658N3366-PS-Str_PYes_Hom-M902_E02321N3496_S002,2.597084,0.0,0.0,0.0,2.7512868066208185e-07,1.1963778926198892e-06,1.7819597162994062e-07
25984,E02113N3823E02873N3483-PS-Mur_PNo_Var-M871_E02308N3607_S005,0.8285637,0.0,0.0,0.0,3.462234929027502e-07,5.5941286713861495e-06,9.885426834248343e-07
25985,E02020N3739E02658N3366-PS-Str_PYes_Hom-M902_E02344N3478_S001,3.533989,0.0,0.0,0.0,1.961308537560474e-07,8.493622795348221e-07,1.2608865865124667e-07
25990,E02113N3823E02873N3483-PS-Mur_PNo_Hom-M871_E02320N3583_S004,0.5951004,0.0,0.0,0.0,5.669026705141569e-07,9.133375853974575e-06,1.6163391819228304e-06
25995,E01964N3926E02184N3685-PS-Str_PYes_Var-M837_E02031N3692_S000,0.42725372,0.0,0.0,0.0,2.0271759116881306e-05,5.89916337684147e-05,1.1384052456978666e-05
25998,E02020N3739E02658N3366-PS-Str_PYes_Var-M861_E02191N3680_S001,0.7843132,0.0,0.0,0.0,8.487381419299357e-07,7.855834280525853e-06,1.9810936724774165e-06
26004,E02020N3739E02658N3366-PS-Str_PYes_Hom-M902_E02311N3485_S001,2.3544655,0.0,0.0,0.0,2.930269151612736e-07,1.272675268274715e-06,1.892584929434227e-07
26011,E02113N3823E02873N3483-PS-Mur_PNo_Hom-M861_E02236N3646_S004,0.59967804,0.0,0.0,0.0,3.5209015312514174e-06,7.428312577584004e-06,2.6830603132856476e-06
26015,E01517N3917E01678N3772-PS-Str_PNo_Var-M774_E01575N3795_S000,0.2471962,0.0,0.0,4.551236028634826e-06,1.2249629813043898e-05,3.43116581982691e-05,8.095468396267161e-06
26020,E02020N3739E02658N3366-PS-Str_PYes_Var-M902_E02311N3485_S004,1.1016998,0.0,0.0,0.0,6.56325856233266e-07,2.8505561842248675e-06,4.2390386685859487e-07
26023,E02113N3823E02873N3483-PS-Mur_PNo_Var-M861_E02276N3623_S005,0.63019943,0.0,0.0,0.0,3.3854133624187373e-06,7.153750849482303e-06,2.5819935074252193e-06
26026,E02020N3739E02658N3366-PS-Mur_PYes_Var-M902_E02279N3514_S004,2.970932,0.0,0.0,0.0,1.7351055337035999e-07,7.577759260235044e-07,1.1251300232160564e-07
26034,E02020N3739E02658N3366-PS-Str_PYes_Var-M902_E02279N3514_S001,2.5818253,0.0,0.0,0.0,2.201163840544592e-07,9.613184530844032e-07,1.4273457578848027e-07
26040,E02020N3739E02658N3366-PS-Mur_PYes_Var-M902_E02188N3566_S003,2.3514137,0.0,0.0,0.0,2.931555781007188e-07,1.280303908604647e-06,1.895109739539021e-07
26051,E02020N3739E02658N3366-PS-Str_PYes_Var-M902_E02279N3514_S004,3.1357307,0.0,0.0,0.0,2.170736905634373e-07,9.480300401724614e-07,1.4076153972139718e-07
26053,E01548N3896E01854N3659-PS-Mur_PYes_Hom-M850_E01732N3794_S000,0.7827873,0.0,0.0,0.0,1.503300650643247e-05,3.299685616686231e-05,6.592624502314955e-06
26057,E02113N3823E02873N3483-PS-Mur_PNo_Hom-M861_E02293N3602_S005,0.6088333,0.0,0.0,0.0,4.197718695372106e-06,8.91950893219365e-06,3.212963482989129e-06
26067,E01517N3917E01678N3772-PS-Mur_PNo_Hom-M792_E01619N3854_S000,0.21667862,1.0805704892923132e-11,9.088972746296366e-07,4.02950331953099e-06,1.0994840986773237e-05,3.166541961141504e-05,7.189097067722718e-06
26070,E02020N3739E02658N3366-PS-Str_PYes_Hom-M902_E02321N3496_S004,3.3783493,0.0,0.0,0.0,2.0365249689149466e-07,8.855686890639898e-07,1.3190211384401428e-07
26073,E02020N3739E02658N3366-PS-Str_PYes_Var-M902_E02296N3512_S005,3.1998177,0.0,0.0,0.0,2.141315198810701e-07,9.351806424266556e-07,1.3926048681389906e-07
26075,E02113N3823E02873N3483-PS-Mur_PYes_Hom-M824_E02138N3737_S000,0.3936844,5.293925203167915e-08,7.204985452794689e-06,3.087027816903599e-05,5.805225285590954e-05,8.236574314103234e-05,3.354458324326777e-05
26079,E02113N3823E02873N3483-PS-Mur_PYes_Hom-M837_E02173N3709_S000,0.44861603,4.4950707504841975e-11,9.574964048644664e-07,9.097678197525872e-06,2.3259599330750212e-05,3.299867648144498e-05,1.2346497671653096e-05
26111,E02113N3823E02873N3483-PS-Str_PNo_Hom-M871_E02244N3659_S004,1.2878609,0.0,0.0,0.0,0.0,6.338476880089413e-06,6.212408527231133e-07
26124,E01964N3926E02184N3685-PS-Str_PYes_Hom-M824_E02091N3733_S000,0.33569717,0.0,0.0,5.527165390892068e-06,4.918706973564557e-05,0.00016357997021812994,3.639664838678957e-05
26127,E02020N3739E02658N3366-PS-Str_PYes_Hom-M902_E02328N3482_S004,3.308155,0.0,0.0,0.0,2.17188285993042e-07,9.419771241884166e-07,1.3988950617340744e-07
26128,E01964N3926E02184N3685-PS-Mur_PYes_Var-M850_E02067N3699_S000,0.4211502,0.0,0.0,0.0,2.7839334787784835e-05,6.73784870678566e-05,1.4909754827186193e-05
26143,E01517N3917E01678N3772-PS-Str_PNo_Hom-M792_E01632N3846_S000,0.25635147,9.61863119562066e-12,7.436628900131228e-07,3.446004074175036e-06,9.310710638145349e-06,2.6387523538558924e-05,6.076515307987901e-06
26164,E02113N3823E02873N3483-PS-Str_PNo_Hom-M880_E02320N3583_S005,1.4709702,0.0,0.0,0.0,0.0,2.194731859278825e-06,2.2607017473015567e-07
26172,E01548N3896E01854N3659-PS-Str_PYes_Var-M792_E01634N3808_S000,0.3921585,9.032544594521289e-13,1.1899178745036557e-07,1.0209166247628112e-06,6.33181522572776e-06,2.0428504385911555e-05,3.972178676938543e-06
26179,E02020N3739E02658N3366-PS-Str_PYes_Var-M902_E02328N3482_S005,3.219654,0.0,0.0,0.0,2.1486990676271907e-07,9.319219769221972e-07,1.3839625379025192e-07
26200,E01517N3917E01678N3772-PS-Str_PNo_Var-M774_E01574N3813_S000,0.17242813,9.826358257819706e-09,1.8377321612145967e-06,7.455357681465135e-06,1.7743051947705668e-05,4.5347132197334146e-05,1.160581527374529e-05
26202,E02020N3739E02658N3366-PS-Mur_PYes_Var-M902_E02328N3482_S003,3.3066292,0.0,0.0,0.0,1.6699898658215677e-07,7.242988469833023e-07,1.0756291785085414e-07
26212,E02020N3739E02658N3366-PS-Mur_PYes_Hom-M902_E02253N3527_S001,1.2634468,0.0,0.0,0.0,5.713899700364739e-07,2.495442238263859e-06,3.696337185264768e-07
26219,E02020N3739E02658N3366-PS-Str_PYes_Var-M902_E02409N3467_S004,1.8631248,0.0,0.0,0.0,3.861309942578065e-07,1.6863572045414805e-06,2.483977873474813e-07
26221,E01548N3896E01854N3659-PS-Str_PYes_Hom-M850_E01677N3724_S000,1.3153267,0.0,0.0,0.0,8.937642725257477e-06,1.926254559683949e-05,3.92345318777541e-06
26232,E02020N3739E02658N3366-PS-Mur_PYes_Var-M902_E02401N3479_S002,1.5152206,0.0,0.0,0.0,0.0,2.098021567141497e-06,2.9409339074630514e-07
26233,E02020N3739E02658N3366-PS-Str_PYes_Hom-M902_E02409N3467_S002,1.0391388,0.0,0.0,0.0,6.98626672446897e-07,3.0511254985634898e-06,4.49426029504065e-07
26239,E02020N3739E02658N3366-PS-Mur_PYes_Hom-M902_E02296N3512_S005,1.9226379,0.0,0.0,0.0,2.981290836907233e-07,1.3020247937660486e-06,1.938883231726507e-07
26246,E02113N3823E02873N3483-PS-Str_PNo_Var-M861_E02276N3623_S005,0.6973381,0.0,0.0,0.0,3.1966325899441457e-06,6.754836310286662e-06,2.4380138285277616e-06
26251,E02020N3739E02658N3366-PS-Mur_PYes_Var-M902_E02270N3527_S002,2.8564873,0.0,0.0,0.0,0.0,8.261223122147481e-07,1.154978336552327e-07
26253,E01577N3897E01966N3571-PS-Str_PYes_Var-M774_E01850N3837_S000,0.6561394,0.0,0.0,1.1556542740160403e-07,1.4365078463054577e-06,1.2170311227683762e-05,3.0499144309533854e-06
26255,E01517N3917E01678N3772-PS-Str_PYes_Hom-M792_E01632N3846_S000,0.25635147,9.61863119562066e-12,7.436628900131228e-07,3.446004074175036e-06,9.310710638145349e-06,2.6387523538558924e-05,6.076515307987901e-06
26257,E01548N3896E01854N3659-PS-Str_PYes_Var-M792_E01616N3730_S000,0.77973557,0.0,0.0,6.407186404882038e-07,4.375063182904534e-06,7.716463067045536e-06,1.9977588449379043e-06
26260,E02020N3739E02658N3366-PS-Str_PYes_Hom-M902_E02296N3512_S003,3.1982918,0.0,0.0,0.0,2.142408396343138e-07,9.356580766555128e-07,1.393315829424071e-07
26261,E02113N3823E02873N3483-PS-Str_PNo_Var-M861_E02358N3562_S005,0.7980461,0.0,0.0,0.0,3.2216024543547217e-06,6.81458332668962e-06,2.4742634826837327e-06
26262,E02020N3739E02658N3366-PS-Mur_PYes_Hom-M902_E02409N3467_S001,2.6764336,0.0,0.0,0.0,2.190128679742721e-07,9.56499046406811e-07,1.408908184384512e-07
26266,E02020N3739E02658N3366-PS-Mur_PYes_Var-M902_E02351N3465_S003,2.4536514,0.0,0.0,0.0,2.390255808172269e-07,1.036133287073504e-06,1.5367611933763288e-07
26284,E02020N3739E02658N3366-PS-Str_PNo_Var-M861_E02191N3680_S002,0.53253937,0.0,0.0,0.0,1.2355590487967962e-06,1.1436209416818054e-05,2.8839969510235927e-06
26294,E01548N3896E01854N3659-PS-Str_PYes_Var-M809_E01655N3704_S000,0.96894836,0.0,0.0,1.520566470646013e-07,1.5708364891392996e-06,6.3153687415036514e-06,1.1068515464467944e-06
26299,E02020N3739E02658N3366-PS-Str_PYes_Var-M902_E02368N3461_S003,0.799572,0.0,0.0,0.0,1.033469200980236e-06,4.490024006300002e-06,6.645096856423734e-07
26302,E02113N3823E02873N3483-PS-Str_PNo_Hom-M880_E02335N3600_S005,1.286335,0.0,0.0,0.0,0.0,2.54005264419968e-06,2.613760064845761e-07
26316,E02020N3739E02658N3366-PS-Mur_PYes_Var-M902_E02270N3527_S004,2.9419403,0.0,0.0,0.0,0.0,8.439807622560282e-07,1.179945732562712e-07
26321,E02020N3739E02658N3366-PS-Str_PYes_Var-M902_E02328N3482_S001,2.0035095,0.0,0.0,0.0,3.586295109005661e-07,1.5554282487317771e-06,2.309908425756351e-07
26325,E01548N3896E01854N3659-PS-Mur_PYes_Var-M792_E01628N3741_S000,0.6317253,0.0,0.0,7.718410383326855e-07,5.281679770368004e-06,9.469137966780972e-06,2.465824357011191e-06
26338,E02113N3823E02873N3483-PS-Str_PNo_Hom-M871_E02255N3645_S003,0.7476921,0.0,0.0,0.0,0.0,1.3652253925193332e-05,1.3374961849799551e-06
26344,E02020N3739E02658N3366-PS-Mur_PYes_Var-M902_E02287N3526_S004,2.5253677,0.0,0.0,0.0,0.0,1.0287518549825991e-06,1.442222745566826e-07
26357,E02020N3739E02658N3366-PS-Str_PYes_Hom-M902_E02401N3455_S003,3.0762177,0.0,0.0,0.0,2.314716577962074e-07,1.0107447660006176e-06,1.4903557780368954e-07
26366,E02113N3823E02873N3483-PS-Str_PNo_Hom-M880_E02321N3597_S001,1.2878609,0.0,0.0,0.0,0.0,2.537367443957532e-06,2.6111279934991834e-07
26370,E02020N3739E02658N3366-PS-Str_PYes_Var-M902_E02409N3467_S003,1.5854111,0.0,0.0,0.0,4.537716575377749e-07,1.9817655543979564e-06,2.9191097676589425e-07
26371,E02020N3739E02658N3366-PS-Str_PYes_Hom-M902_E02328N3482_S003,3.2104988,0.0,0.0,0.0,2.2379868172066165e-07,9.706473700480392e-07,1.4414721735575494e-07
26382,E02020N3739E02658N3366-PS-Mur_PYes_Var-M902_E02321N3496_S002,2.52079,0.0,0.0,0.0,2.178455783350765e-07,9.47286314527074e-07,1.410947212165924e-07
26386,E02113N3823E02873N3483-PS-Mur_PNo_Hom-M871_E02320N3583_S001,0.44861603,0.0,0.0,0.0,9.157632503826634e-07,1.4753872920401812e-05,2.611002029000923e-06
26387,E01577N3897E01966N3571-PS-Mur_PYes_Var-M774_E01863N3828_S000,0.61951447,0.0,0.0,1.257602620627738e-07,1.5276039809036076e-06,1.2698861175030273e-05,3.2310448435864015e-06
26400,E01964N3926E02184N3685-PS-Mur_PYes_Hom-M824_E02093N3745_S000,0.26703262,0.0,0.0,6.7306597227678565e-06,6.344107794753667e-05,0.00020036505886038495,4.5133012648228496e-05
26411,E02020N3739E02658N3366-PS-Mur_PYes_Var-M902_E02287N3526_S005,2.684063,0.0,0.0,0.0,0.0,9.22514653727178e-07,1.293287210399775e-07
26424,E01517N3917E01678N3772-PS-Str_PYes_Var-M809_E01643N3856_S000,0.21362686,0.0,0.0,1.6771082118642883e-06,8.05402815638112e-06,2.365409582339889e-05,5.020351797957838e-06
26425,E01548N3896E01854N3659-PS-Str_PYes_Var-M809_E01658N3666_S000,1.02388,0.0,0.0,1.395012486554671e-07,1.4493359704231265e-06,5.589474477061939e-06,1.0474684442445249e-06
26429,E02020N3739E02658N3366-PS-Str_PYes_Var-M902_E02311N3485_S002,2.3880386,0.0,0.0,0.0,2.861787404557545e-07,1.2429322578903555e-06,1.8483543431938273e-07
26455,E02020N3739E02658N3366-PS-Mur_PYes_Var-M902_E02311N3485_S004,2.5162125,0.0,0.0,0.0,2.162080035396948e-07,9.390351693685886e-07,1.396431481036751e-07
26464,E02020N3739E02658N3366-PS-Str_PYes_Hom-M902_E02311N3485_S002,2.710003,0.0,0.0,0.0,2.44840265647892e-07,1.0633908854290285e-06,1.5813598441250378e-07
26481,E02020N3739E02658N3366-PS-Str_PYes_Hom-M902_E02351N3465_S005,2.3193703,0.0,0.0,0.0,3.10349370423399e-07,1.3453092017120763e-06,1.9953214514732009e-07
26489,E02020N3739E02658N3366-PS-Str_PYes_Var-M902_E02321N3496_S003,2.7435722,0.0,0.0,0.0,2.291115264386357e-07,9.962755046691789e-07,1.4839147618890277e-07
26492,E01548N3896E01854N3659-PS-Str_PYes_Var-M837_E01666N3714_S000,1.5625229,0.0,0.0,0.0,6.252665118778766e-06,1.2738836027300049e-05,2.5932949390042265e-06
26496,E02020N3739E02658N3366-PS-Str_PYes_Var-M902_E02351N3465_S001,2.7252617,0.0,0.0,0.0,2.494453427625826e-07,1.0813010978076207e-06,1.603752708456406e-07
26499,E02020N3739E02658N3366-PS-Mur_PYes_Var-M902_E02409N3467_S002,3.1021576,0.0,0.0,0.0,1.932733963357189e-07,8.440865644142764e-07,1.2433263508205097e-07
26504,E01548N3896E01854N3659-PS-Mur_PYes_Var-M792_E01828N3798_S000,0.7858391,0.0,0.0,4.271498387048254e-07,3.8136584063578177e-06,9.767762574874938e-06,1.9822424611860085e-06
26517,E01849N3766E02950N3220-PS-Str_PYes_Hom-M871_E02072N3658_S004,0.94911194,0.0,0.0,0.0,1.9156903032855094e-07,1.8314005398485698e-06,7.52602314606203e-07
26544,E02020N3739E02658N3366-PS-Mur_PYes_Var-M902_E02386N3481_S001,3.346302,0.0,0.0,0.0,0.0,8.036440294408234e-07,1.1268435727927878e-07
26553,E02020N3739E02658N3366-PS-Str_PYes_Var-M902_E02209N3537_S003,3.7537193,0.0,0.0,0.0,9.921304674995896e-09,6.663504530468274e-07,9.245946563685959e-08
26557,E02113N3823E02873N3483-PS-Str_PNo_Hom-M837_E02165N3722_S000,0.5096512,0.0,0.0,5.208478328996117e-06,2.469050319222799e-05,3.793754739949947e-05,1.1133090717316746e-05
26558,E02020N3739E02658N3366-PS-Mur_PYes_Var-M902_E02287N3526_S002,2.0065613,0.0,0.0,0.0,0.0,1.1882917909542891e-06,1.665884188674053e-07
26565,E02020N3739E02658N3366-PS-Mur_PYes_Hom-M902_E02368N3461_S002,1.7807274,0.0,0.0,0.0,3.891745972777883e-07,1.6908131202768395e-06,2.502351197808036e-07
26579,E02020N3739E02658N3366-PS-Mur_PYes_Hom-M902_E02279N3514_S003,2.4521255,0.0,0.0,0.0,2.128895198520337e-07,9.297564321763732e-07,1.380483121982201e-07
26600,E01577N3897E01966N3571-PS-Str_PYes_Var-M792_E01752N3690_S000,0.50354767,0.0,0.0,9.71451446087494e-08,1.1009985016227114e-06,1.171685992377436e-05,3.0934978443650605e-06
26615,E02020N3739E02658N3366-PS-Str_PYes_Hom-M902_E02304N3498_S003,4.2755775,0.0,0.0,0.0,9.640643179807852e-09,6.475002190707762e-07,9.020996750483062e-08
26625,E02113N3823E02873N3483-PS-Str_PNo_Hom-M861_E02209N3683_S003,0.6744499,0.0,0.0,0.0,4.339417656862215e-11,9.326431421204686e-06,2.2771436502512e-06
26652,E01517N3917E01678N3772-PS-Str_PNo_Hom-M754_E01574N3813_S000,0.15106583,3.540244042028392e-06,6.518524306841444e-06,1.931825634497052e-05,4.686222606414532e-05,9.73508726097555e-05,2.8657457064442443e-05
26655,E01517N3917E01678N3772-PS-Mur_PYes_Var-M774_E01574N3813_S000,0.17853165,9.490421329248403e-09,1.7749050098349032e-06,7.200478926264162e-06,1.7136464418694087e-05,4.379683493458508e-05,1.1209043465275421e-05
26658,E02020N3739E02658N3366-PS-Str_PYes_Hom-M902_E02478N3458_S004,3.8971558,0.0,0.0,0.0,1.2401877301771854e-08,8.452607833654253e-07,1.1763863373143066e-07
26674,E02020N3739E02658N3366-PS-Mur_PYes_Hom-M902_E02311N3485_S003,2.3529396,0.0,0.0,0.0,2.452909999889675e-07,1.065348516004135e-06,1.5842710204605937e-07
26688,E02020N3739E02658N3366-PS-Mur_PYes_Var-M902_E02287N3526_S001,2.04776,0.0,0.0,0.0,0.0,1.5672568647730855e-06,2.197161042844221e-07
26697,E02113N3823E02873N3483-PS-Str_PNo_Var-M861_E02276N3623_S001,0.68055344,0.0,0.0,0.0,3.34619521995793e-06,7.070878600244274e-06,2.552082539880972e-06
26718,E02020N3739E02658N3366-PS-Str_PYes_Var-M902_E02144N3587_S002,2.6871147,0.0,0.0,0.0,1.3075996286904017e-08,8.782308713667952e-07,1.2120789168710618e-07
26725,E02113N3823E02873N3483-PS-Str_PNo_Hom-M824_E02202N3721_S000,0.2105751,0.0,0.0,8.216963582142246e-06,0.0001662687865823,0.0002534957256204199,7.056261539268254e-05
26742,E02020N3739E02658N3366-PS-Str_PYes_Var-M902_E02304N3498_S003,3.8529015,0.0,0.0,0.0,1.0577478398940057e-08,7.104214369094196e-07,9.897617460316051e-08
26745,E02020N3739E02658N3366-PS-Str_PYes_Hom-M902_E02236N3526_S002,3.2623787,0.0,0.0,0.0,1.5181774146093818e-08,1.019662475017018e-06,1.418546097071299e-07
26756,E01548N3896E01854N3659-PS-Mur_PYes_Hom-M809_E01600N3777_S000,0.6668205,0.0,0.0,2.8971973423460713e-07,2.3895499371168045e-06,9.079514523935672e-06,1.6083518588482025e-06
26779,E02113N3823E02873N3483-PS-Str_PYes_Var-M850_E02340N3543_S000,0.63477707,0.0,0.0,3.6447151723504506e-06,3.344935500004299e-05,6.0594433326802625e-05,1.5176706509375104e-05
26782,E02020N3739E02658N3366-PS-Str_PNo_Var-M850_E02182N3695_S000,0.4425125,0.0,1.012609672145341e-17,1.2763816981069236e-06,2.130624542852891e-05,9.88141625543669e-05,1.5942430631189654e-05
26793,E01548N3896E01854N3659-PS-Mur_PYes_Hom-M809_E01673N3781_S000,0.38758087,0.0,0.0,5.342777411185386e-07,3.826734075096066e-06,1.609144719224654e-05,2.767117971258705e-06
26794,E02020N3739E02658N3366-PS-Str_PYes_Var-M902_E02217N3548_S001,2.9694061,0.0,0.0,0.0,1.2110146214523148e-08,8.133609117809053e-07,1.1257755996205571e-07
26795,E02020N3739E02658N3366-PS-Str_PYes_Var-M902_E02245N3515_S002,3.009079,0.0,0.0,0.0,1.2339925736965604e-08,8.287937297313792e-07,1.1535921967839538e-07
26802,E02020N3739E02658N3366-PS-Mur_PYes_Hom-M902_E02344N3478_S004,1.2954903,0.0,0.0,0.0,5.607551234535071e-07,2.4284004316307934e-06,3.604984121264854e-07
26803,E01577N3897E01966N3571-PS-Mur_PYes_Var-M754_E01718N3659_S000,0.37537384,0.0,0.0,5.886829426073742e-07,6.651339862837763e-06,5.340488088600898e-05,1.1532936171388697e-05
26807,E02020N3739E02658N3366-PS-Str_PYes_Hom-M902_E02426N3465_S002,3.958191,0.0,0.0,0.0,1.2145658151451564e-08,8.368059370794156e-07,1.1582540683118828e-07
26820,E02020N3739E02658N3366-PS-Str_PYes_Var-M902_E02409N3467_S002,1.17342,0.0,0.0,0.0,6.130943474056271e-07,2.677578555428885e-06,3.9440314710692755e-07
26840,E01517N3917E01678N3772-PS-Str_PNo_Hom-M774_E01597N3834_S000,0.24414444,0.0,0.0,1.1501200071199272e-06,1.4795662351172375e-05,3.636554632692523e-05,8.196660242507686e-06
26845,E02020N3739E02658N3366-PS-Str_PYes_Hom-M902_E02368N3461_S002,2.5741959,0.0,0.0,0.0,2.795981665432388e-07,1.214745905060229e-06,1.7977864224652858e-07
26851,E02020N3739E02658N3366-PS-Str_PYes_Hom-M888_E02183N3593_S003,2.3117409,0.0,0.0,0.0,4.0590361121770454e-07,9.266543865345613e-07,1.590614105418897e-07
26866,E02020N3739E02658N3366-PS-Str_PYes_Hom-M902_E02184N3552_S001,2.720684,0.0,0.0,0.0,1.2850198111144056e-08,8.630654549580063e-07,1.1971391249359906e-07
26875,E01964N3926E02184N3685-PS-Str_PYes_Hom-M824_E02103N3738_S000,0.39063263,0.0,0.0,3.1363913956970555e-11,6.6383687281708e-05,0.00020301644432252995,3.2964160808004247e-05
26877,E01548N3896E01854N3659-PS-Mur_PYes_Var-M792_E01622N3816_S000,0.27771378,1.2707034294821658e-12,1.718725616991308e-07,1.4680625272989396e-06,9.033753465688212e-06,2.8534296489415672e-05,5.609097365208902e-06
26898,E02020N3739E02658N3366-PS-Str_PYes_Hom-M902_E02226N3538_S004,3.257801,0.0,0.0,0.0,1.0878498540055018e-08,7.306390306613474e-07,1.0128107552358799e-07
26902,E01548N3896E01854N3659-PS-Str_PYes_Var-M774_E01599N3796_S000,0.2395668,1.022872519541176e-09,4.1562618427433856e-07,2.9665923451758e-06,1.4971888241054196e-05,3.9598787234812314e-05,8.353281943814066e-06
26903,E02113N3823E02873N3483-PS-Mur_PNo_Hom-M861_E02259N3628_S002,0.5096512,0.0,0.0,0.0,4.389159224871743e-06,9.228199463016085e-06,3.336189412708972e-06
26908,E02113N3823E02873N3483-PS-Str_PYes_Hom-M837_E02218N3671_S000,0.3051796,7.759043186307348e-11,1.5857948538498078e-06,1.5345588786986624e-05,3.991452790526588e-05,5.539075722815703e-05,2.080235803087899e-05
26913,E01964N3926E02184N3685-PS-Str_PYes_Hom-M824_E02093N3745_S000,0.29907608,0.0,0.0,6.173470119511108e-06,5.818918429850937e-05,0.00018377807745716495,4.139673025585243e-05
26931,E01964N3926E02184N3685-PS-Str_PYes_Var-M837_E02088N3719_S000,0.36468887,0.0,0.0,0.0,2.5492078229533673e-05,6.900998181597091e-05,1.3519864230207091e-05
26935,E02020N3739E02658N3366-PS-Mur_PYes_Hom-M902_E02351N3465_S001,0.811779,0.0,0.0,0.0,9.194775160097482e-07,3.98577113711462e-06,5.911573815466707e-07
26938,E01548N3896E01854N3659-PS-Str_PYes_Hom-M792_E01599N3796_S000,0.36011124,0.0,0.0,1.1854908972347995e-06,8.270959541647185e-06,1.8815193646976304e-05,4.325673454903004e-06
26940,E02020N3739E02658N3366-PS-Str_PYes_Hom-M902_E02243N3539_S004,2.6153946,0.0,0.0,0.0,1.4064077428893372e-08,9.445939494275864e-07,1.3107904808596627e-07
26955,E01964N3926E02184N3685-PS-Str_PYes_Var-M809_E02009N3708_S000,0.312809,0.0,0.0,1.5635289977071624e-09,8.232820974036261e-06,2.382381845675882e-05,4.115456845126883e-06
26956,E01548N3896E01854N3659-PS-Str_PYes_Var-M809_E01663N3752_S000,0.711071,0.0,0.0,2.8366502432605575e-07,1.954403809942711e-06,8.466621024624053e-06,1.5082628748649337e-06
26959,E02113N3823E02873N3483-PS-Mur_PNo_Var-M871_E02335N3587_S004,0.6027298,0.0,0.0,0.0,4.918205879855959e-07,7.945092607197228e-06,1.4063202144036252e-06
26975,E02020N3739E02658N3366-PS-Str_PYes_Var-M902_E02232N3550_S002,2.6993217,0.0,0.0,0.0,1.3305284838392938e-08,8.936307139447744e-07,1.2383853902772534e-07
26982,E02020N3739E02658N3366-PS-Str_PYes_Hom-M824_E02135N3710_S000,0.43946075,0.0,1.2627693606411028e-09,6.747253928166451e-06,3.70022219382672e-05,0.0001822431323593,3.042906876505984e-05
26994,E02020N3739E02658N3366-PS-Str_PYes_Var-M902_E02194N3581_S005,4.0115967,0.0,0.0,0.0,1.1846609659233406e-08,7.956608502704163e-07,1.1002371982157812e-07
27004,E02113N3823E02873N3483-PS-Str_PYes_Hom-M837_E02317N3557_S000,0.6256218,0.0,0.0,5.403261591037469e-06,2.700256911649988e-05,4.022348685885368e-05,1.2091026672988081e-05
27007,E02020N3739E02658N3366-PS-Str_PYes_Var-M902_E02229N3514_S003,3.3859787,0.0,0.0,0.0,1.0811856033941182e-08,7.261630806128577e-07,1.0123684843846893e-07
27010,E01548N3896E01854N3659-PS-Mur_PNo_Hom-M792_E01622N3816_S000,0.30975723,1.1392529971308682e-12,1.540928642335446e-07,1.3161958922881048e-06,8.099238950917704e-06,2.5582509689011472e-05,5.028853181829545e-06
27012,E02020N3739E02658N3366-PS-Str_PYes_Var-M902_E02361N3475_S002,4.682995,0.0,0.0,0.0,9.556700107437978e-09,6.502683279407287e-07,9.057678025532781e-08
27020,E02020N3739E02658N3366-PS-Str_PYes_Var-M902_E02184N3552_S001,2.8671684,0.0,0.0,0.0,1.2033608602734783e-08,8.082203708983301e-07,1.121064714170198e-07
27030,E01548N3896E01854N3659-PS-Mur_PNo_Var-M792_E01611N3806_S000,0.27466202,1.25415884785764e-12,1.7075909708443858e-07,1.436649326338312e-06,9.109913679359366e-06,2.8402593591999423e-05,5.671419847855934e-06
27034,E02113N3823E02873N3483-PS-Str_PNo_Hom-M880_E02335N3587_S003,0.94148254,0.0,0.0,0.0,0.0,3.5441220309498434e-06,3.65104746314825e-07
27038,E02113N3823E02873N3483-PS-Str_PNo_Var-M871_E02321N3597_S001,0.5951004,0.0,0.0,0.0,5.344832071044249e-07,8.590642692059542e-06,1.520409899492972e-06
27054,E02020N3739E02658N3366-PS-Str_PYes_Var-M902_E02226N3538_S001,3.483635,0.0,0.0,0.0,1.0437707172368725e-08,7.010338993627249e-07,9.717721655477885e-08
27055,E02113N3823E02873N3483-PS-Str_PNo_Hom-M871_E02419N3528_S003,0.49286652,0.0,0.0,0.0,0.0,2.20210092341348e-05,2.183556624708389e-06
27058,E02020N3739E02658N3366-PS-Mur_PYes_Var-M902_E02409N3467_S004,2.0447083,0.0,0.0,0.0,2.9316533650521295e-07,1.280346526669423e-06,1.885930474316033e-07
27063,E02020N3739E02658N3366-PS-Str_PYes_Hom-M902_E02217N3548_S002,3.007553,0.0,0.0,0.0,1.1954695304345491e-08,8.029202703716679e-07,1.111324672396662e-07
27068,E02020N3739E02658N3366-PS-Str_PYes_Var-M902_E02202N3553_S001,3.1525154,0.0,0.0,0.0,1.1107120005888472e-08,7.459940693709527e-07,1.0331615962290236e-07
27069,E02113N3823E02873N3483-PS-Str_PNo_Var-M861_E02243N3633_S001,0.46387482,0.0,0.0,0.0,4.6043094524794275e-06,9.707188011960412e-06,3.5078733597637484e-06
27073,E02020N3739E02658N3366-PS-Str_PYes_Hom-M888_E02188N3566_S003,2.4521255,0.0,0.0,0.0,3.923958452090494e-07,8.893095972209484e-07,1.5358700111700335e-07
27082,E02020N3739E02658N3366-PS-Str_PYes_Var-M902_E02209N3537_S001,3.2562752,0.0,0.0,0.0,1.1154197736117396e-08,7.491559788066681e-07,1.0394914742296325e-07
27084,E02020N3739E02658N3366-PS-Mur_PYes_Var-M902_E02313N3510_S003,2.694744,0.0,0.0,0.0,0.0,9.627694961980253e-07,1.351581873880023e-07
27086,E02020N3739E02658N3366-PS-Str_PYes_Hom-M902_E02451N3450_S004,3.7720299,0.0,0.0,0.0,1.2769354536883559e-08,8.764110835901043e-07,1.2154259183953286e-07
27095,E02020N3739E02658N3366-PS-Str_PYes_Hom-M902_E02304N3498_S001,4.2664223,0.0,0.0,0.0,9.659049479452872e-09,6.487364522587648e-07,9.038219996504034e-08
27097,E02020N3739E02658N3366-PS-Mur_PYes_Hom-M902_E02321N3496_S002,2.497902,0.0,0.0,0.0,2.224707780741801e-07,9.673986732368198e-07,1.4409038113655693e-07
27098,E01548N3896E01854N3659-PS-Mur_PYes_Hom-M809_E01644N3837_S000,0.38147736,0.0,0.0,1.3778494146590686e-07,1.5479022929373335e-06,1.0222856063337019e-05,2.8113909320674154e-06
27100,E02020N3739E02658N3366-PS-Str_PYes_Hom-M902_E02287N3501_S003,3.4775314,0.0,0.0,0.0,1.169499507924159e-08,7.85477870574139e-07,1.0965538378676539e-07
27109,E02113N3823E02873N3483-PS-Str_PNo_Var-M880_E02308N3607_S001,1.2542915,0.0,0.0,0.0,0.0,2.517715954732828e-06,2.5912770239531255e-07
27123,E02020N3739E02658N3366-PS-Mur_PYes_Hom-M902_E02321N3496_S001,3.1250458,0.0,0.0,0.0,2.2230021152380075e-07,9.66656976480221e-07,1.4397990820403934e-07
27128,E02020N3739E02658N3366-PS-Mur_PYes_Hom-M902_E02344N3478_S002,0.78889084,0.0,0.0,0.0,9.462096603946116e-07,4.097645927092475e-06,6.08299533689914e-07
27139,E02020N3739E02658N3366-PS-Mur_PYes_Hom-M902_E02386N3481_S002,2.6749077,0.0,0.0,0.0,0.0,9.8264962303188e-07,1.377839405826465e-07
27147,E02113N3823E02873N3483-PS-Str_PNo_Hom-M880_E02348N3591_S001,0.8941803,0.0,0.0,0.0,0.0,3.811965494281664e-06,3.927141820338224e-07
27152,E02113N3823E02873N3483-PS-Mur_PNo_Var-M861_E02280N3610_S004,0.5676346,0.0,0.0,0.0,3.7909617943083275e-06,8.034467646538704e-06,2.8990313979394196e-06
27157,E02113N3823E02873N3483-PS-Mur_PNo_Var-M871_E02320N3583_S004,0.38300323,0.0,0.0,0.0,8.808381157524628e-07,1.4191193649480439e-05,2.5114243299127808e-06
27169,E01517N3917E01678N3772-PS-Mur_PNo_Hom-M792_E01632N3846_S000,0.25024796,9.85322815972292e-12,7.618007157353545e-07,3.5300515937902533e-06,9.537797466293823e-06,2.70311112576869e-05,6.224720599841058e-06
27186,E02020N3739E02658N3366-PS-Mur_PYes_Hom-M902_E02409N3467_S005,2.8854828,0.0,0.0,0.0,2.400764133459694e-07,1.0484902670520836e-06,1.5444098183333657e-07
27188,E02020N3739E02658N3366-PS-Str_PYes_Hom-M902_E02202N3553_S001,3.419548,0.0,0.0,0.0,1.064380138572797e-08,7.148759268924678e-07,9.900646453620238e-08
27189,E01517N3917E01678N3772-PS-Mur_PYes_Var-M754_E01563N3803_S000,0.13733292,3.777547233757658e-06,7.020257329140388e-06,2.0959596298123482e-05,5.182972509562353e-05,0.00010539703044537497,3.152312305839969e-05
27198,E01517N3917E01678N3772-PS-Mur_PNo_Var-M754_E01575N3795_S000,0.1678505,3.0931388285075903e-06,5.7151647947406015e-06,1.7328210978283903e-05,4.321843546147725e-05,8.536464840861733e-05,2.5791776236170984e-05
27200,E02020N3739E02658N3366-PS-Str_PYes_Var-M902_E02236N3526_S003,3.2272835,0.0,0.0,0.0,1.4777018236408526e-08,9.924776144943984e-07,1.380726741413294e-07
27211,E02113N3823E02873N3483-PS-Str_PNo_Var-M861_E02226N3659_S004,0.6530876,0.0,0.0,0.0,3.237827360676876e-06,6.815082358392199e-06,2.4632234805945257e-06
27215,E02020N3739E02658N3366-PS-Str_PYes_Var-M902_E02304N3498_S004,3.3920822,0.0,0.0,0.0,1.2286258677533983e-08,8.251892572816949e-07,1.1496566934223722e-07
27216,E02020N3739E02658N3366-PS-Str_PYes_Hom-M902_E02144N3587_S002,2.8381767,0.0,0.0,0.0,1.2543530063425741e-08,8.424685275148734e-07,1.1627219830464212e-07
27222,E02020N3739E02658N3366-PS-Str_PYes_Hom-M902_E02217N3548_S004,3.5385666,0.0,0.0,0.0,1.0941640951441372e-08,7.348799017778067e-07,1.0171497672067364e-07
27228,E02113N3823E02873N3483-PS-Str_PNo_Hom-M880_E02367N3571_S003,0.9063873,0.0,0.0,0.0,0.0,3.753480026243288e-06,3.874608598002754e-07
27229,E01849N3766E02950N3220-PS-Str_PYes_Hom-M871_E02079N3631_S002,1.0299835,0.0,0.0,0.0,1.8501035625757029e-07,1.773067552857041e-06,7.397762183134953e-07
27232,E02020N3739E02658N3366-PS-Str_PYes_Hom-M902_E02194N3581_S005,3.8498497,0.0,0.0,0.0,1.294395906172699e-08,8.693627771294023e-07,1.2021519794732434e-07
27233,E02020N3739E02658N3366-PS-Str_PYes_Var-M902_E02408N3442_S005,3.3142586,0.0,0.0,0.0,1.458944928325176e-08,1.01255603856715e-06,1.3963582809061533e-07
27237,E02020N3739E02658N3366-PS-Str_PYes_Var-M902_E02229N3514_S005,3.945984,0.0,0.0,0.0,9.51084429947766e-09,6.387824601120197e-07,8.905482091561985e-08
27239,E02020N3739E02658N3366-PS-Str_PYes_Var-M902_E02183N3593_S004,3.3569832,0.0,0.0,0.0,1.0733056109896608e-08,7.208705947143565e-07,9.956117997955935e-08
27245,E01577N3897E01966N3571-PS-Mur_PYes_Var-M824_E01796N3749_S000,0.8575554,0.0,0.0,0.0,1.6761024561941897e-06,3.1146318451927334e-05,1.1549412054674436e-05
27266,E02020N3739E02658N3366-PS-Str_PYes_Hom-M902_E02226N3538_S005,2.708477,0.0,0.0,0.0,1.3254427016786022e-08,8.902149199964075e-07,1.2340146195416042e-07
27267,E02020N3739E02658N3366-PS-Mur_PYes_Var-M902_E02344N3478_S004,1.0666046,0.0,0.0,0.0,6.749313690130437e-07,2.922850918843775e-06,4.3390006911587387e-07
27269,E02020N3739E02658N3366-PS-Str_PYes_Var-M902_E02478N3458_S005,3.494316,0.0,0.0,0.0,1.3831871630916287e-08,9.427232962938552e-07,1.3120291718875947e-07
27273,E02020N3739E02658N3366-PS-Mur_PYes_Var-M902_E02393N3468_S001,3.1845589,0.0,0.0,0.0,1.795042439008641e-07,7.83952284197845e-07,1.1572028874339958e-07
27289,E01548N3896E01854N3659-PS-Str_PYes_Var-M809_E01640N3732_S000,0.9826813,0.0,0.0,2.1270051462707303e-07,1.4537654087816986e-06,6.13413513535656e-06,1.0913833311909818e-06
27309,E02020N3739E02658N3366-PS-Str_PYes_Var-M902_E02434N3452_S005,3.9658203,0.0,0.0,0.0,1.2087811960322426e-08,8.376461502873084e-07,1.1560437953703978e-07
27318,E02020N3739E02658N3366-PS-Str_PYes_Hom-M902_E02236N3526_S003,3.3188362,0.0,0.0,0.0,1.2435378552219277e-08,8.352046836101768e-07,1.1619299260484318e-07
27321,E02020N3739E02658N3366-PS-Str_PYes_Var-M888_E02359N3451_S003,3.0792694,0.0,0.0,0.0,4.082427941502291e-07,9.564266351899819e-07,1.6306698899018458e-07
27336,E02020N3739E02658N3366-PS-Str_PYes_Var-M902_E02478N3458_S002,4.0756836,0.0,0.0,0.0,1.1858861440310345e-08,8.082510628795413e-07,1.1248782934250976e-07
27342,E02020N3739E02658N3366-PS-Mur_PYes_Var-M850_E02204N3672_S000,0.48828888,0.0,9.29303455528766e-18,1.1812741084173153e-06,2.0113823843268153e-05,9.257039159529459e-05,1.4974938458030307e-05
27344,E01849N3766E02950N3220-PS-Str_PYes_Var-M871_E02072N3658_S003,1.0299835,0.0,0.0,0.0,1.7651034200481745e-07,1.6874394315306002e-06,6.934424197738373e-07
27353,E02020N3739E02658N3366-PS-Str_PYes_Hom-M902_E02287N3501_S005,3.7399864,0.0,0.0,0.0,1.0632390947493681e-08,7.14109560881549e-07,9.96921248806509e-08
27361,E01964N3926E02184N3685-PS-Mur_PNo_Hom-M809_E02103N3738_S000,0.3112831,0.0,5.621987429402419e-14,1.6716685924280727e-06,9.882244944144416e-06,1.8964706640887613e-05,4.709729590495994e-06
27366,E01548N3896E01854N3659-PS-Mur_PYes_Hom-M792_E01616N3730_S000,0.55542755,0.0,0.0,8.994712530026549e-07,6.141921452596439e-06,1.0832737281337052e-05,2.80454873309795e-06
27373,E02020N3739E02658N3366-PS-Str_PYes_Var-M902_E02245N3515_S004,3.2532234,0.0,0.0,0.0,1.169358255777878e-08,7.853830005598104e-07,1.0931691064147088e-07
27381,E01964N3926E02184N3685-PS-Str_PYes_Var-M837_E02057N3724_S000,0.37689972,0.0,0.0,0.0,2.271865785578296e-05,7.957130923906207e-05,1.3081764123757074e-05
27398,E01964N3926E02184N3685-PS-Mur_PYes_Var-M774_E02074N3729_S000,0.15106583,8.59962471415238e-08,1.111762696958868e-06,8.389211216234995e-06,3.517896061593351e-05,6.213493081973577e-05,1.744443448557632e-05
27405,E01548N3896E01854N3659-PS-Mur_PYes_Var-M809_E01623N3797_S000,0.5447464,0.0,0.0,3.471517061066868e-07,2.9635194429391974e-06,1.1064524695023518e-05,1.968772975265343e-06
27412,E02020N3739E02658N3366-PS-Str_PYes_Var-M902_E02451N3450_S004,4.129093,0.0,0.0,0.0,1.1665167863280519e-08,8.006264042390076e-07,1.1103260797177034e-07
27413,E01577N3897E01966N3571-PS-Mur_PYes_Var-M707_E01823N3875_S000,0.21210098,0.0,0.0,2.1508577128514866e-06,2.538697007311919e-05,0.00015519426727081482,2.8675395651184056e-05
27416,E02020N3739E02658N3366-PS-Mur_PYes_Var-M888_E02393N3468_S004,3.74609,0.0,0.0,0.0,3.2001290340841844e-07,7.577774481730938e-07,1.2806177043837127e-07
27427,E02113N3823E02873N3483-PS-Str_PNo_Var-M861_E02464N3518_S003,0.31433487,0.0,0.0,0.0,1.3760919327228464e-10,2.935142923192319e-05,7.270648588555379e-06
27437,E02113N3823E02873N3483-PS-Mur_PNo_Var-M861_E02287N3633_S002,0.41809845,0.0,0.0,0.0,6.260039815027313e-06,1.323704135421914e-05,4.7658624729320325e-06
27467,E02020N3739E02658N3366-PS-Mur_PYes_Hom-M902_E02313N3510_S002,2.7573051,0.0,0.0,0.0,0.0,8.966194138499974e-07,1.2587172239193268e-07
27472,E02113N3823E02873N3483-PS-Str_PNo_Hom-M809_E02119N3739_S000,0.36163712,1.1844118705805552e-07,1.2043776610579193e-06,3.9019501993517045e-06,6.553678824513653e-06,9.08969489924265e-06,4.103607225698953e-06
27477,E02020N3739E02658N3366-PS-Str_PYes_Var-M888_E02209N3537_S003,3.0121307,0.0,0.0,0.0,4.107360101633911e-07,9.273154764393662e-07,1.6076130247914092e-07
27488,E02020N3739E02658N3366-PS-Str_PYes_Hom-M902_E02144N3587_S005,3.5553513,0.0,0.0,0.0,1.0271938014839944e-08,6.899002474047436e-07,9.521568552037075e-08
27491,E02020N3739E02658N3366-PS-Str_PYes_Hom-M824_E02127N3724_S000,0.41046906,0.0,1.3192800344392184e-09,7.093681962329135e-06,3.913383484262106e-05,0.0001927314573141,3.21725247610611e-05
27495,E02113N3823E02873N3483-PS-Str_PNo_Hom-M850_E02335N3587_S000,0.31433487,0.0,0.0,0.0,7.68786641061621e-05,0.0001533807246017,2.8459786347655854e-05
27502,E01548N3896E01854N3659-PS-Mur_PNo_Hom-M754_E01599N3796_S000,0.16479874,6.381242833425724e-07,2.004119369274652e-06,9.676849901834376e-06,4.1741571878684306e-05,0.00011424854603205495,2.6269390998555092e-05
27509,E01517N3917E01678N3772-PS-Str_PNo_Var-M754_E01575N3795_S000,0.17395401,2.9846101215741646e-06,5.514637279011893e-06,1.6720217469033588e-05,4.1702033781381014e-05,8.236946603134144e-05,2.488682231084799e-05
27518,E02020N3739E02658N3366-PS-Str_PYes_Var-M902_E02206N3569_S002,4.1489296,0.0,0.0,0.0,8.789997326039052e-09,5.903677885478242e-07,8.15992343236055e-08
27519,E02113N3823E02873N3483-PS-Str_PNo_Var-M871_E02293N3602_S004,0.5432205,0.0,0.0,0.0,0.0,2.0569801439470668e-05,2.016107585273335e-06
27536,E01517N3917E01678N3772-PS-Mur_PNo_Var-M792_E01632N3846_S000,0.16174698,1.5244490168442185e-11,1.1786252518551651e-06,5.461543764469416e-06,1.4756469387145269e-05,4.182137093854353e-05,9.630619574351206e-06
27540,E02020N3739E02658N3366-PS-Str_PYes_Hom-M902_E02194N3581_S002,3.1296272,0.0,0.0,0.0,1.1203700272034932e-08,7.524807469008018e-07,1.040527893762877e-07
27541,E02113N3823E02873N3483-PS-Str_PNo_Hom-M880_E02383N3566_S005,0.85908127,0.0,0.0,0.0,0.0,4.078563159027234e-06,4.2180830291993466e-07
27566,E02020N3739E02658N3366-PS-Str_PYes_Var-M902_E02226N3538_S002,3.558403,0.0,0.0,0.0,1.0865658860300954e-08,7.29776671657026e-07,1.0116153544458888e-07
27597,E02020N3739E02658N3366-PS-Str_PYes_Hom-M902_E02243N3539_S002,3.6774254,0.0,0.0,0.0,1.2878631879204503e-08,8.649751689371216e-07,1.2003053992774647e-07
27605,E02020N3739E02658N3366-PS-Str_PYes_Var-M902_E02243N3539_S003,3.3752975,0.0,0.0,0.0,1.1443347100192607e-08,7.68576288540256e-07,1.0665349735127093e-07
27625,E02020N3739E02658N3366-PS-Str_PYes_Var-M888_E02188N3566_S003,2.6123428,0.0,0.0,0.0,4.516833745140684e-07,1.0236763838478108e-06,1.7679263374734673e-07
27629,E02113N3823E02873N3483-PS-Mur_PYes_Var-M850_E02340N3543_S000,0.5737381,0.0,0.0,3.997024851181269e-06,3.668267528980473e-05,6.645168261372952e-05,1.6643734889696947e-05
27642,E01849N3766E02950N3220-PS-Str_PYes_Hom-M871_E02067N3642_S002,0.7629509,0.0,0.0,0.0,2.3394330051497358e-07,2.2381109592109136e-06,9.238512710893094e-07
27648,E02020N3739E02658N3366-PS-Str_PYes_Hom-M902_E02183N3593_S001,3.2272835,0.0,0.0,0.0,1.1163691153223778e-08,7.497935907939038e-07,1.0355580486693589e-07
27660,E01548N3896E01854N3659-PS-Mur_PYes_Var-M792_E01734N3775_S000,0.40589142,0.0,0.0,1.2092169605957487e-06,8.297687375542248e-06,1.4799389587974672e-05,3.837784084423864e-06
27668,E02020N3739E02658N3366-PS-Str_PYes_Hom-M902_E02434N3452_S003,2.682537,0.0,0.0,0.0,1.8039013253109364e-08,1.250045091373654e-06,1.7251996816556368e-07
27678,E02113N3823E02873N3483-PS-Str_PNo_Var-M861_E02306N3593_S005,0.4577713,0.0,0.0,0.0,5.31974701359507e-06,1.130012542303632e-05,4.073756886486631e-06
27685,E02020N3739E02658N3366-PS-Str_PYes_Var-M902_E02375N3448_S004,2.484169,0.0,0.0,0.0,1.879116799322596e-08,1.2972841696017336e-06,1.7937883200170683e-07
27709,E02020N3739E02658N3366-PS-Str_PYes_Var-M888_E02171N3606_S002,2.8671684,0.0,0.0,0.0,3.3102658353643646e-07,7.622924716619064e-07,1.2981154066643573e-07
27732,E01849N3766E02950N3220-PS-Mur_PYes_Hom-M861_E02054N3653_S001,0.89112854,0.0,0.0,8.042222849772671e-08,1.844830578149891e-06,8.716805617041465e-06,1.579922314630943e-06
27736,E02020N3739E02658N3366-PS-Str_PYes_Var-M902_E02417N3454_S002,3.4241257,0.0,0.0,0.0,1.3897093087588779e-08,9.594123618345436e-07,1.3266042468298482e-07
27737,E02113N3823E02873N3483-PS-Str_PNo_Hom-M837_E02235N3671_S000,0.2548256,0.0,0.0,1.1584604890830151e-05,5.607623051464423e-05,8.647544879415028e-05,2.5180721240652826e-05
27746,E02113N3823E02873N3483-PS-Str_PYes_Var-M824_E02119N3739_S000,0.33722305,6.162509793826796e-08,8.382564860152376e-06,3.564529761080616e-05,6.662325738809356e-05,9.410833405154036e-05,3.8677986314153725e-05
27752,E02020N3739E02658N3366-PS-Str_PYes_Hom-M902_E02229N3514_S001,3.073166,0.0,0.0,0.0,1.2211566931573518e-08,8.201726913773081e-07,1.1434304589026991e-07
27757,E02113N3823E02873N3483-PS-Str_PNo_Var-M861_E02255N3645_S005,0.50354767,0.0,0.0,0.0,4.436322376456941e-06,9.349441318698563e-06,3.3767117514313754e-06
27759,E02020N3739E02658N3366-PS-Str_PYes_Var-M902_E02318N3471_S002,3.7247276,0.0,0.0,0.0,1.1780440341254032e-08,8.005665068189161e-07,1.1158366543420888e-07
27772,E02020N3739E02658N3366-PS-Str_PYes_Hom-M888_E02260N3491_S005,1.997406,0.0,0.0,0.0,6.178481805408525e-07,1.4123417721928926e-06,2.4470202693052494e-07
27773,E02020N3739E02658N3366-PS-Mur_PYes_Var-M888_E02236N3526_S005,1.586937,0.0,0.0,0.0,7.849840542533062e-07,1.7775096786011125e-06,3.0793029293949425e-07
27775,E02020N3739E02658N3366-PS-Str_PYes_Hom-M902_E02229N3514_S004,3.3249397,0.0,0.0,0.0,1.1560977613559727e-08,7.764767762726653e-07,1.0825125073718174e-07
27776,E01964N3926E02184N3685-PS-Str_PNo_Hom-M809_E02093N3745_S000,0.29602432,0.0,5.720672582622746e-14,1.6673478440914957e-06,9.92094741306043e-06,1.9282501789008636e-05,4.770936985913155e-06
27797,E01517N3917E01678N3772-PS-Str_PYes_Hom-M732_E01575N3795_S000,0.13733292,6.184420065863135e-06,1.4402847644305351e-05,3.772835508845128e-05,8.171219676259039e-05,0.00013817467771282495,5.00462743471504e-05
27818,E02020N3739E02658N3366-PS-Str_PYes_Hom-M888_E02304N3498_S004,1.4496078,0.0,0.0,0.0,8.516020115569504e-07,1.9484666441400164e-06,3.3405821241293495e-07
27821,E02020N3739E02658N3366-PS-Str_PYes_Hom-M888_E02183N3593_S002,1.6662865,0.0,0.0,0.0,5.425079405151161e-07,1.238514142064464e-06,2.1259253641433502e-07
27822,E02020N3739E02658N3366-PS-Str_PYes_Var-M902_E02417N3454_S003,3.0655365,0.0,0.0,0.0,1.5666974213814372e-08,1.081599485485242e-06,1.4955555378398917e-07
27830,E02113N3823E02873N3483-PS-Str_PNo_Var-M871_E02367N3571_S005,0.4516678,0.0,0.0,0.0,7.526573874930058e-07,1.2126370254529868e-05,2.150859464440713e-06
27842,E02020N3739E02658N3366-PS-Str_PYes_Hom-M902_E02183N3593_S005,3.2425423,0.0,0.0,0.0,1.1681481853635978e-08,7.845702738114773e-07,1.0835889660405507e-07
27855,E02113N3823E02873N3483-PS-Str_PNo_Hom-M880_E02373N3559_S001,0.48828888,0.0,0.0,0.0,0.0,8.215793705647986e-06,8.493671680912399e-07
27871,E02113N3823E02873N3483-PS-Mur_PNo_Var-M861_E02236N3646_S005,0.5737381,0.0,0.0,0.0,3.553886726917789e-06,7.497903942655633e-06,2.7081962816256263e-06
27894,E02020N3739E02658N3366-PS-Str_PYes_Var-M902_E02183N3593_S003,3.219654,0.0,0.0,0.0,1.1334065041918999e-08,7.612365130343154e-07,1.0513621451191674e-07
27918,E02020N3739E02658N3366-PS-Mur_PYes_Hom-M888_E02175N3577_S002,1.7639427,0.0,0.0,0.0,5.264070625829746e-07,1.1964189335867826e-06,2.0590470324139817e-07
27934,E02113N3823E02873N3483-PS-Str_PNo_Var-M837_E02165N3722_S000,0.39826202,0.0,0.0,6.585075972415913e-06,3.121618811637378e-05,4.79644180224485e-05,1.4075559798951614e-05
27938,E01548N3896E01854N3659-PS-Mur_PYes_Hom-M792_E01646N3818_S000,0.26550674,1.3737085085051092e-12,1.6916300734877991e-07,1.457234113735603e-06,9.29352602782789e-06,3.0212082223137073e-05,5.8669833830968035e-06
27952,E02020N3739E02658N3366-PS-Str_PYes_Var-M888_E02296N3512_S005,3.645382,0.0,0.0,0.0,3.258695473554172e-07,7.459734781020687e-07,1.2790644205776092e-07
27964,E02113N3823E02873N3483-PS-Mur_PNo_Hom-M837_E02244N3659_S000,0.3189125,7.222362863082285e-11,1.502116998010488e-06,1.4275337329696157e-05,3.737188483595914e-05,5.253391212919234e-05,1.9484935041142406e-05
27972,E02020N3739E02658N3366-PS-Str_PYes_Var-M902_E02144N3587_S004,3.72015,0.0,0.0,0.0,9.815967765650119e-09,6.592756479113671e-07,9.098907124458548e-08
27978,E02020N3739E02658N3366-PS-Str_PYes_Var-M902_E02202N3553_S002,3.208973,0.0,0.0,0.0,1.1054498600099129e-08,7.424598267752121e-07,1.0282668606384912e-07
27983,E02020N3739E02658N3366-PS-Mur_PYes_Var-M850_E02191N3680_S000,0.5065994,0.0,8.899616600397292e-18,1.1265797307638919e-06,1.886128378989929e-05,8.736215724070723e-05,1.4095228770684994e-05
27986,E01517N3917E01678N3772-PS-Str_PYes_Var-M754_E01587N3805_S000,0.1525917,3.4088570724312243e-06,6.332702108448208e-06,1.900918825725109e-05,4.7651327859710194e-05,9.377732441022113e-05,2.8370891320625123e-05
27990,E01964N3926E02184N3685-PS-Str_PYes_Hom-M754_E02029N3745_S000,0.103759766,0.0,0.0,2.1634521101967888e-05,0.0001136410147247,0.00023814124580410497,5.215440547258656e-05
28003,E02020N3739E02658N3366-PS-Str_PYes_Hom-M902_E02194N3581_S004,3.0945282,0.0,0.0,0.0,1.1481440108084033e-08,7.711347517563222e-07,1.0663225901222201e-07
28017,E02113N3823E02873N3483-PS-Mur_PYes_Hom-M837_E02218N3671_S000,0.3692665,6.276339861729785e-11,1.2827596412026535e-06,1.2413145318671075e-05,3.2287117952383915e-05,4.480593923951748e-05,1.682716100325232e-05
28029,E02020N3739E02658N3366-PS-Mur_PYes_Hom-M888_E02183N3593_S001,1.248188,0.0,0.0,0.0,6.783772145365322e-07,1.5486958090604833e-06,2.6583561624384123e-07
28038,E02020N3739E02658N3366-PS-Str_PYes_Hom-M902_E02478N3458_S002,3.5522995,0.0,0.0,0.0,1.360614217727713e-08,9.273385081550124e-07,1.290617490516373e-07
28045,E02113N3823E02873N3483-PS-Str_PYes_Var-M850_E02317N3557_S000,0.6622429,0.0,0.0,0.0,3.940974231979127e-05,6.890109053283425e-05,1.4288370930015433e-05
28047,E02020N3739E02658N3366-PS-Str_PYes_Var-M902_E02304N3498_S005,3.5629807,0.0,0.0,0.0,1.1824657707746279e-08,7.941864783709647e-07,1.1064635083743406e-07
28065,E02020N3739E02658N3366-PS-Mur_PYes_Hom-M902_E02368N3461_S004,2.0126648,0.0,0.0,0.0,2.847893279727165e-07,1.2372994939014114e-06,1.8311650373901333e-07
28104,E01964N3926E02184N3685-PS-Mur_PYes_Hom-M809_E02103N3738_S000,0.27161026,0.0,6.20718164425045e-14,1.845673035112506e-06,1.0910890533207786e-05,2.093874816123963e-05,5.19996663646352e-06
28116,E01964N3926E02184N3685-PS-Str_PYes_Var-M824_E02088N3719_S000,0.33569717,0.0,0.0,3.6100183637120285e-11,7.249398048374848e-05,0.00022479215195386496,3.688069915447149e-05
28120,E02113N3823E02873N3483-PS-Str_PNo_Hom-M880_E02320N3583_S003,0.61951447,0.0,0.0,0.0,0.0,7.200652449938441e-06,7.417091753812737e-07
28128,E01577N3897E01966N3571-PS-Mur_PYes_Var-M754_E01796N3749_S000,0.26398087,0.0,0.0,8.652509894256878e-07,1.0555924194674835e-05,7.322894034024402e-05,1.6399531288495125e-05
28134,E02020N3739E02658N3366-PS-Str_PYes_Hom-M902_E02183N3593_S003,2.8183403,0.0,0.0,0.0,1.2948981297458856e-08,8.697000885178607e-07,1.2011638104821822e-07
28137,E02020N3739E02658N3366-PS-Str_PYes_Var-M902_E02232N3550_S003,2.5833511,0.0,0.0,0.0,1.408088855142162e-08,9.457230447915414e-07,1.3105744729256726e-07
28153,E02020N3739E02658N3366-PS-Str_PYes_Hom-M902_E02417N3454_S001,2.9755096,0.0,0.0,0.0,1.614098129349556e-08,1.114323469485131e-06,1.5408038355212292e-07
28163,E02020N3739E02658N3366-PS-Mur_PYes_Var-M888_E02284N3476_S001,3.1937141,0.0,0.0,0.0,3.2870764343954785e-07,7.574035307586207e-07,1.3057669263577868e-07
28167,E02020N3739E02658N3366-PS-Str_PYes_Var-M902_E02425N3440_S001,2.9175262,0.0,0.0,0.0,1.6435721729642346e-08,1.138322066684473e-06,1.5714406043627422e-07
28175,E01548N3896E01854N3659-PS-Mur_PYes_Var-M809_E01639N3751_S000,0.7400627,0.0,0.0,2.830299480787554e-07,1.9543156355529416e-06,8.684338678484414e-06,1.4491771990306836e-06
28183,E02020N3739E02658N3366-PS-Mur_PYes_Hom-M888_E02393N3468_S004,3.3035774,0.0,0.0,0.0,3.663005571989272e-07,8.673847164979141e-07,1.465850200658579e-07
28189,E02020N3739E02658N3366-PS-Str_PYes_Hom-M888_E02209N3537_S004,2.0523376,0.0,0.0,0.0,4.800895042011681e-07,1.0838943172884858e-06,1.8790612970906203e-07
28208,E02020N3739E02658N3366-PS-Str_PYes_Hom-M895_E02361N3475_S001,3.5904465,0.0,0.0,0.0,1.905832036173077e-07,4.4327028249023047e-07,8.341659864548958e-08
28222,E01548N3896E01854N3659-PS-Mur_PYes_Var-M809_E01637N3770_S000,0.6027298,0.0,0.0,3.227308968503949e-07,2.583459090561526e-06,9.813532213903735e-06,1.7793744239841533e-06
28223,E02020N3739E02658N3366-PS-Str_PYes_Var-M888_E02284N3476_S003,3.3051033,0.0,0.0,0.0,3.5177168247982997e-07,8.105473652611396e-07,1.3973871243303463e-07
28231,E02020N3739E02658N3366-PS-Mur_PYes_Var-M888_E02218N3525_S003,2.2613869,0.0,0.0,0.0,4.355292861199655e-07,9.828072225226361e-07,1.7053240044355407e-07
28255,E02020N3739E02658N3366-PS-Str_PYes_Var-M888_E02175N3577_S001,3.1143646,0.0,0.0,0.0,3.791043232179221e-07,8.616289984350882e-07,1.4828707424002943e-07
28257,E02020N3739E02658N3366-PS-Mur_PYes_Hom-M888_E02188N3566_S002,1.4755478,0.0,0.0,0.0,6.210338484697942e-07,1.4074852432471966e-06,2.430778193581839e-07
28261,E01548N3896E01854N3659-PS-Mur_PYes_Hom-M809_E01639N3751_S000,0.66529465,0.0,0.0,3.148378054085112e-07,2.173948198590693e-06,9.660313862607502e-06,1.612040605907598e-06
28273,E02113N3823E02873N3483-PS-Mur_PNo_Var-M871_E02335N3587_S001,0.3265419,0.0,0.0,0.0,1.0710988158396096e-06,1.7303015553212713e-05,3.0627183024374383e-06
28286,E02020N3739E02658N3366-PS-Str_PYes_Hom-M888_E02175N3577_S001,2.9907684,0.0,0.0,0.0,3.9859393310850063e-07,9.059250194020045e-07,1.559104566489186e-07
28289,E02020N3739E02658N3366-PS-Str_PYes_Var-M902_E02194N3581_S001,3.395134,0.0,0.0,0.0,1.0601139706604612e-08,7.120106153086772e-07,9.84565929341466e-08
28290,E01517N3917E01678N3772-PS-Mur_PYes_Var-M774_E01573N3832_S000,0.1525917,1.0927236934338129e-08,2.09009972724864e-06,8.395778201252651e-06,1.9971648315154615e-05,5.1569270081687504e-05,1.3114533914867687e-05
28302,E02020N3739E02658N3366-PS-Mur_PYes_Hom-M888_E02328N3482_S002,3.1693,0.0,0.0,0.0,3.7193342954013705e-07,8.608605664199177e-07,1.4712137766845937e-07
28330,E02020N3739E02658N3366-PS-Str_PYes_Hom-M902_E02209N3537_S002,3.4012375,0.0,0.0,0.0,1.419449065246822e-08,9.53352969884988e-07,1.3228250353224357e-07
28362,E02113N3823E02873N3483-PS-Mur_PNo_Var-M861_E02244N3659_S004,0.4211502,0.0,0.0,0.0,4.838300934192151e-06,1.022190994985123e-05,3.6903144393630947e-06
28364,E01548N3896E01854N3659-PS-Str_PYes_Var-M837_E01655N3704_S000,1.5747299,0.0,0.0,0.0,2.119423369588481e-06,1.867133676919836e-05,2.5731922208679347e-06
28366,E02020N3739E02658N3366-PS-Str_PYes_Var-M888_E02301N3474_S001,3.7033653,0.0,0.0,0.0,3.267487839215957e-07,7.549796284109428e-07,1.2953810017281761e-07
28377,E01548N3896E01854N3659-PS-Str_PYes_Var-M809_E01723N3765_S000,0.4425125,0.0,0.0,3.959116802413574e-07,3.3395978019203154e-06,1.4940334067427903e-05,2.4236196507287045e-06
28411,E02020N3739E02658N3366-PS-Str_PYes_Hom-M902_E02232N3550_S005,3.3371468,0.0,0.0,0.0,1.1037252667018849e-08,7.413015279730184e-07,1.0272889770983444e-07
28413,E02020N3739E02658N3366-PS-Str_PYes_Var-M888_E02279N3514_S003,2.1194763,0.0,0.0,0.0,5.833881090530349e-07,1.3255516927122384e-06,2.2847819582613753e-07
28420,E02020N3739E02658N3366-PS-Str_PYes_Var-M895_E02361N3475_S004,4.217594,0.0,0.0,0.0,1.6224398681789637e-07,3.773571673898495e-07,7.10127717141779e-08
28447,E02020N3739E02658N3366-PS-Str_PYes_Hom-M895_E02351N3465_S003,4.731823,0.0,0.0,0.0,1.4432426201546009e-07,3.382705358018462e-07,6.32960788381329e-08
28464,E02020N3739E02658N3366-PS-Str_PYes_Var-M888_E02175N3577_S005,3.059433,0.0,0.0,0.0,3.409600301092685e-07,7.749345793679358e-07,1.3336689191125939e-07
28467,E02020N3739E02658N3366-PS-Str_PYes_Var-M888_E02217N3548_S001,2.9602509,0.0,0.0,0.0,3.60301649130592e-07,8.126422457900013e-07,1.408552588960905e-07
28473,E02020N3739E02658N3366-PS-Str_PYes_Var-M888_E02260N3491_S001,2.7054253,0.0,0.0,0.0,4.351366547523731e-07,9.946807216961906e-07,1.7233816455761696e-07
28474,E02113N3823E02873N3483-PS-Str_PNo_Var-M871_E02255N3645_S004,0.7843132,0.0,0.0,0.0,0.0,1.0784502401940605e-05,1.0565457468443956e-06
28488,E02020N3739E02658N3366-PS-Str_PYes_Var-M895_E02164N3590_S005,2.195774,0.0,0.0,0.0,2.1646620404923064e-07,5.009489523961548e-07,9.4357484132055e-08
28490,E02020N3739E02658N3366-PS-Str_PYes_Var-M888_E02183N3593_S005,2.4017715,0.0,0.0,0.0,3.8110362701885206e-07,8.700374619526099e-07,1.4934304303032212e-07
28500,E01517N3917E01678N3772-PS-Mur_PYes_Hom-M754_E01609N3825_S000,0.14343643,3.6012739364115344e-06,6.849190576306256e-06,2.016120531537617e-05,5.08225576282933e-05,9.922875038547197e-05,3.018175045997267e-05
28509,E02020N3739E02658N3366-PS-Mur_PYes_Hom-M888_E02294N3487_S001,2.809185,0.0,0.0,0.0,3.7649623013467617e-07,8.611305491742089e-07,1.4842839516751804e-07
28511,E01517N3917E01678N3772-PS-Str_PYes_Hom-M792_E01619N3854_S000,0.20294571,1.1536904250530015e-11,9.70400444476065e-07,4.302171347013908e-06,1.1738838786656111e-05,3.380815205762342e-05,7.675568168847736e-06
28514,E02020N3739E02658N3366-PS-Str_PYes_Var-M895_E02164N3590_S001,3.0014496,0.0,0.0,0.0,1.6691279996840485e-07,3.862718092782047e-07,7.27571860172396e-08
28520,E02020N3739E02658N3366-PS-Str_PYes_Hom-M895_E02351N3465_S005,3.9551392,0.0,0.0,0.0,1.7266576154845905e-07,4.0469799642817066e-07,7.572576850901748e-08
28523,E01964N3926E02184N3685-PS-Str_PYes_Hom-M792_E02074N3729_S000,0.2685585,8.682207040091196e-11,1.2391441755157831e-08,3.146157679460354e-06,1.5193002363975775e-05,2.7339436091015587e-05,7.540684348040186e-06
28525,E02113N3823E02873N3483-PS-Mur_PNo_Hom-M837_E02236N3646_S000,0.30823135,7.646151558650391e-11,1.5291336776680807e-06,1.4722305281637542e-05,3.878275017192952e-05,5.3638974852099195e-05,2.0160143487161263e-05
28526,E02020N3739E02658N3366-PS-Str_PYes_Var-M888_E02301N3474_S003,2.795452,0.0,0.0,0.0,4.369548825865962e-07,1.009619778620918e-06,1.7322881717315322e-07
28535,E02113N3823E02873N3483-PS-Str_PNo_Var-M861_E02367N3571_S003,0.31586075,0.0,0.0,0.0,8.184399227046124e-06,1.724271029786683e-05,6.2514941028791255e-06
28539,E01964N3926E02184N3685-PS-Str_PYes_Var-M774_E02061N3739_S000,0.1602211,7.892281308151052e-08,1.0376245037062784e-06,7.791838238696246e-06,3.260035728993756e-05,5.739864069622071e-05,1.6237636737329452e-05
28541,E02020N3739E02658N3366-PS-Mur_PYes_Var-M895_E02296N3512_S002,2.3926163,0.0,0.0,0.0,2.2764791577334196e-07,5.255992011352822e-07,9.945925027758883e-08
28543,E01964N3926E02184N3685-PS-Str_PYes_Hom-M809_E02093N3745_S000,0.2548256,0.0,6.477887833481135e-14,1.888045882267472e-06,1.1234130885044644e-05,2.1834824827683125e-05,5.402440746081422e-06
28552,E02020N3739E02658N3366-PS-Str_PYes_Var-M888_E02296N3512_S003,3.0258636,0.0,0.0,0.0,3.8506416220317747e-07,8.814805025578844e-07,1.5114080880237304e-07
28558,E02020N3739E02658N3366-PS-Str_PYes_Hom-M888_E02226N3538_S005,2.2186623,0.0,0.0,0.0,4.403524547550936e-07,9.851762129373898e-07,1.717801709267321e-07
28562,E01964N3926E02184N3685-PS-Str_PYes_Var-M754_E01991N3732_S000,0.119018555,0.0,0.0,1.6648407056874878e-05,9.496879839899743e-05,0.000181701498409435,4.425953218890768e-05
28565,E02113N3823E02873N3483-PS-Str_PNo_Var-M871_E02294N3618_S003,0.52643585,0.0,0.0,0.0,0.0,2.0341267331156544e-05,1.9900612326351813e-06
28571,E02020N3739E02658N3366-PS-Mur_PYes_Hom-M888_E02296N3512_S003,2.4414444,0.0,0.0,0.0,4.772549829638941e-07,1.0925217237154678e-06,1.8732645416133328e-07
28573,E02020N3739E02658N3366-PS-Str_PYes_Hom-M902_E02243N3539_S003,3.3615608,0.0,0.0,0.0,1.1487441666816784e-08,7.715378379946312e-07,1.0706446450130859e-07
28579,E02020N3739E02658N3366-PS-Str_PYes_Hom-M888_E02201N3524_S002,2.6779594,0.0,0.0,0.0,4.4042173990855277e-07,9.864823143236157e-07,1.7246156902405187e-07
28587,E01517N3917E01678N3772-PS-Mur_PYes_Var-M809_E01643N3856_S000,0.22125626,0.0,0.0,1.6192778508539496e-06,7.776307641642714e-06,2.283845083927487e-05,4.847239082379352e-06
28589,E01964N3926E02184N3685-PS-Mur_PNo_Hom-M792_E02093N3745_S000,0.2182045,1.193757183440998e-10,1.569263042738259e-08,3.850339570206654e-06,1.884543976662759e-05,3.61566065880161e-05,9.520849482580514e-06
28598,E01964N3926E02184N3685-PS-Mur_PNo_Hom-M809_E02083N3755_S000,0.23041153,0.0,7.097604634588127e-14,2.0702210662826617e-06,1.2268196462529259e-05,2.37637408027947e-05,5.896682665814188e-06
28603,E02020N3739E02658N3366-PS-Str_PYes_Hom-M902_E02425N3440_S001,2.584877,0.0,0.0,0.0,1.838003966313798e-08,1.2729836315828827e-06,1.7573393557984803e-07
28610,E01964N3926E02184N3685-PS-Str_PYes_Hom-M809_E02091N3733_S000,0.3189125,0.0,5.145074891448829e-14,1.5764952517890755e-06,9.315019535865093e-06,1.7680441317135478e-05,4.316803754169107e-06
28632,E02020N3739E02658N3366-PS-Str_PYes_Hom-M902_E02441N3439_S002,1.9424744,0.0,0.0,0.0,2.4933910436240677e-08,1.7247640411178889e-06,2.3825011746158466e-07
28638,E02020N3739E02658N3366-PS-Mur_PYes_Hom-M888_E02171N3606_S003,1.5457382,0.0,0.0,0.0,5.62176268794544e-07,1.2945870777834103e-06,2.2045651681112004e-07
28648,E02020N3739E02658N3366-PS-Mur_PYes_Hom-M888_E02408N3442_S005,3.196766,0.0,0.0,0.0,3.816695616444895e-07,8.953360250400261e-07,1.5286381384971145e-07
28655,E02020N3739E02658N3366-PS-Str_PYes_Var-M888_E02344N3478_S003,3.007553,0.0,0.0,0.0,4.1253336906205813e-07,9.606837685324002e-07,1.6398437378269148e-07
28667,E02020N3739E02658N3366-PS-Str_PYes_Var-M888_E02201N3524_S004,2.5452042,0.0,0.0,0.0,3.734323198582127e-07,8.364355020564067e-07,1.4622966572996887e-07
28673,E02020N3739E02658N3366-PS-Mur_PYes_Var-M888_E02219N3560_S004,3.1876106,0.0,0.0,0.0,3.054692896261454e-07,6.956709971356907e-07,1.1955612322831737e-07
28677,E02020N3739E02658N3366-PS-Str_PYes_Var-M902_E02287N3501_S004,3.584343,0.0,0.0,0.0,1.0838982890462834e-08,7.279850177194246e-07,1.0162918587469496e-07
28682,E01964N3926E02184N3685-PS-Str_PYes_Hom-M809_E02078N3742_S000,0.27771378,0.0,5.825394960940717e-14,1.777877314568693e-06,1.0287919766242676e-05,1.9938947163732914e-05,4.827329312064796e-06
28696,E02020N3739E02658N3366-PS-Str_PYes_Var-M888_E02183N3593_S004,2.2903786,0.0,0.0,0.0,4.046143672982769e-07,9.237111174917789e-07,1.5855619464656552e-07
28705,E02020N3739E02658N3366-PS-Mur_PYes_Var-M871_E02116N3637_S002,2.023346,0.0,0.0,0.0,9.95766703058704e-07,2.3628920432385523e-06,3.9067224182288146e-07
28708,E02020N3739E02658N3366-PS-Mur_PYes_Hom-M888_E02239N3505_S003,2.17136,0.0,0.0,0.0,4.398574500872934e-07,1.0007714237231728e-06,1.734430015079352e-07
28736,E02020N3739E02658N3366-PS-Mur_PYes_Var-M888_E02184N3552_S002,2.972458,0.0,0.0,0.0,4.011295721522021e-07,9.035671950646436e-07,1.5686167499100076e-07
28739,E02020N3739E02658N3366-PS-Str_PYes_Var-M888_E02122N3652_S002,2.0401306,0.0,0.0,0.0,1.1007629697679171e-07,1.3890540111381497e-06,1.6266462586916687e-07
28766,E02020N3739E02658N3366-PS-Str_PYes_Hom-M888_E02284N3476_S005,2.3498878,0.0,0.0,0.0,5.234885649790122e-07,1.206214991772121e-06,2.079519804661324e-07
28777,E02020N3739E02658N3366-PS-Mur_PYes_Var-M895_E02175N3577_S002,1.6433983,0.0,0.0,0.0,2.859258167472407e-07,6.702320717380924e-07,1.260553909327517e-07
28781,E02020N3739E02658N3366-PS-Str_PYes_Hom-M837_E02207N3659_S000,0.3341713,0.0,0.0,1.7935137851923675e-06,1.4570093781708425e-05,0.00010531933455286993,1.8798302749703086e-05
28786,E02020N3739E02658N3366-PS-Str_PYes_Var-M888_E02318N3471_S005,1.6907005,0.0,0.0,0.0,7.293788688875965e-07,1.6887159820452644e-06,2.8903619356531345e-07
28789,E01548N3896E01854N3659-PS-Str_PYes_Var-M809_E01791N3825_S000,0.6973381,0.0,0.0,2.1672412336246414e-07,2.2165935166665957e-06,8.733720550802331e-06,1.5379655732177602e-06
28798,E01964N3926E02184N3685-PS-Str_PNo_Hom-M792_E02093N3745_S000,0.23804092,1.107742493830508e-10,1.4561917453163942e-08,3.572908139744663e-06,1.7487555035473816e-05,3.3551387255159605e-05,8.834836510736688e-06
28805,E02020N3739E02658N3366-PS-Str_PYes_Var-M888_E02226N3538_S003,2.6657524,0.0,0.0,0.0,3.7939354348615345e-07,8.487962093738326e-07,1.4800028260270798e-07
28865,E02020N3739E02658N3366-PS-Mur_PYes_Hom-M888_E02183N3593_S002,2.2064552,0.0,0.0,0.0,4.14890888120938e-07,9.471718181001437e-07,1.6258325390975315e-07
28876,E02020N3739E02658N3366-PS-Str_PYes_Var-M888_E02218N3525_S005,3.0609589,0.0,0.0,0.0,3.3673457480200324e-07,7.598689289916997e-07,1.3184912515276343e-07
28881,E02020N3739E02658N3366-PS-Str_PYes_Var-M888_E02260N3540_S002,3.0563812,0.0,0.0,0.0,3.6128106824763953e-07,8.163188934986722e-07,1.4082156073249197e-07
28885,E02020N3739E02658N3366-PS-Str_PYes_Var-M888_E02253N3527_S001,3.073166,0.0,0.0,0.0,3.4356816676951415e-07,7.744099151737617e-07,1.342349563430531e-07
28891,E02113N3823E02873N3483-PS-Mur_PNo_Hom-M809_E02138N3737_S000,0.27771378,1.5163650384080847e-07,1.5648544022386594e-06,5.096920854358659e-06,8.5842485599322e-06,1.1894682646264067e-05,5.342225160169063e-06
28900,E02020N3739E02658N3366-PS-Mur_PYes_Var-M888_E02219N3560_S001,2.7267876,0.0,0.0,0.0,4.3690644188579653e-07,9.95003918245548e-07,1.7099866395496784e-07
28907,E02113N3823E02873N3483-PS-Mur_PYes_Var-M850_E02422N3500_S000,0.19989395,0.0,0.0,1.269193101193252e-05,0.00011519118614244391,0.0002129235340111,5.2927671160906125e-05
28925,E02020N3739E02658N3366-PS-Mur_PYes_Var-M888_E02202N3553_S001,2.3010597,0.0,0.0,0.0,3.9346326385274757e-07,8.969053264335945e-07,1.5396047826942538e-07
28934,E02020N3739E02658N3366-PS-Str_PYes_Var-M888_E02239N3505_S005,3.1174164,0.0,0.0,0.0,3.3557212788371315e-07,7.634996204278218e-07,1.323215898037081e-07
28965,E02020N3739E02658N3366-PS-Str_PYes_Var-M888_E02377N3471_S002,1.4755478,0.0,0.0,0.0,8.547388243477489e-07,2.0066120875759594e-06,3.4030318143787595e-07
28973,E01964N3926E02184N3685-PS-Str_PYes_Var-M809_E02091N3733_S000,0.27771378,0.0,5.908340169406083e-14,1.8103663055525398e-06,1.0696890767134422e-05,2.0303312167617932e-05,4.957196068533454e-06
28978,E02020N3739E02658N3366-PS-Str_PYes_Hom-M902_E02408N3442_S003,1.7578392,0.0,0.0,0.0,2.7507580646192693e-08,1.9091170851561638e-06,2.6327544842353306e-07
28992,E02020N3739E02658N3366-PS-Mur_PYes_Var-M888_E02206N3569_S003,1.8097191,0.0,0.0,0.0,5.056057344301373e-07,1.155272292259233e-06,1.9821508300818055e-07
29004,E02020N3739E02658N3366-PS-Mur_PYes_Hom-M888_E02359N3451_S005,2.861065,0.0,0.0,0.0,4.19781203965604e-07,9.834586921749266e-07,1.6767584865234817e-07
29019,E02020N3739E02658N3366-PS-Str_PYes_Hom-M888_E02217N3548_S001,2.5497818,0.0,0.0,0.0,4.678063011794736e-07,1.0551135808079847e-06,1.8288280895981753e-07
29022,E02113N3823E02873N3483-PS-Str_PNo_Var-M880_E02363N3584_S003,0.72938156,0.0,0.0,0.0,0.0,4.664810674524028e-06,4.814803424791352e-07
29026,E02020N3739E02658N3366-PS-Mur_PYes_Var-M888_E02218N3525_S002,1.7318993,0.0,0.0,0.0,5.356144737194379e-07,1.208657580638853e-06,2.0972096441415237e-07
29052,E02020N3739E02658N3366-PS-Str_PYes_Var-M895_E02409N3467_S005,4.2008095,0.0,0.0,0.0,1.6602311309442616e-07,3.925898524205556e-07,7.329716701162448e-08
29065,E02020N3739E02658N3366-PS-Str_PYes_Var-M902_E02335N3468_S005,2.8274956,0.0,0.0,0.0,1.6459502593877345e-08,1.121484020830857e-06,1.5610498808527598e-07
29066,E01964N3926E02184N3685-PS-Str_PNo_Hom-M792_E02090N3766_S000,0.1968422,1.298656964478815e-10,1.7038659973652688e-08,4.252726396525372e-06,2.0644755385535102e-05,4.0492157492383146e-05,1.0554063150233883e-05
29068,E01548N3896E01854N3659-PS-Mur_PYes_Var-M774_E01611N3806_S000,0.2609291,1.0035741748510868e-09,3.7954092311061534e-07,2.7362919998716594e-06,1.3680926117322297e-05,3.639347278491067e-05,7.669397643947435e-06
29077,E01517N3917E01678N3772-PS-Str_PNo_Hom-M754_E01573N3832_S000,0.12817764,4.169713435849238e-06,7.722975810174136e-06,2.2731345866621035e-05,5.548971014291406e-05,0.00011527610516764496,3.377470935749217e-05
29080,E02020N3739E02658N3366-PS-Str_PYes_Var-M895_E02226N3538_S001,3.7216759,0.0,0.0,0.0,1.769916007927474e-07,4.156472838764445e-07,7.823291937973664e-08
29094,E01964N3926E02184N3685-PS-Str_PNo_Var-M809_E02103N3738_S000,0.28534317,0.0,6.13292469831151e-14,1.823593120161691e-06,1.0780362790521122e-05,2.0688256459957054e-05,5.1377590737501276e-06
29099,E01964N3926E02184N3685-PS-Str_PYes_Var-M809_E02026N3730_S000,0.28839493,0.0,0.0,1.7333834707309936e-09,8.88274750897746e-06,2.6498384531225654e-05,4.463915366841921e-06
29105,E02020N3739E02658N3366-PS-Str_PYes_Hom-M895_E02245N3515_S002,2.5925064,0.0,0.0,0.0,2.0730695233449128e-07,4.856362660190942e-07,9.178224113659757e-08
29130,E02020N3739E02658N3366-PS-Mur_PYes_Hom-M895_E02296N3512_S004,3.1357307,0.0,0.0,0.0,1.7981826827333205e-07,4.1516891482588646e-07,7.856250336368889e-08
29137,E02113N3823E02873N3483-PS-Mur_PYes_Hom-M837_E02244N3659_S000,0.2471962,9.621272438240621e-11,2.0010455229056787e-06,1.901689408307818e-05,4.978496544050196e-05,6.998306377337639e-05,2.5956860936815613e-05
29139,E01517N3917E01678N3772-PS-Str_PYes_Var-M774_E01598N3815_S000,0.19226456,9.44093889297567e-09,1.6439840639053422e-06,6.6088192437402955e-06,1.58545160595749e-05,4.155822315608251e-05,1.040841341106929e-05
29143,E02113N3823E02873N3483-PS-Str_PNo_Var-M871_E02244N3659_S005,0.8926544,0.0,0.0,0.0,0.0,9.035299878333742e-06,8.855593397614351e-07
29147,E02020N3739E02658N3366-PS-Str_PYes_Hom-M888_E02294N3487_S002,2.3514137,0.0,0.0,0.0,5.271391871678751e-07,1.2056844701333168e-06,2.0781728293334982e-07
29175,E01548N3896E01854N3659-PS-Mur_PYes_Hom-M774_E01623N3797_S000,0.28076553,9.609397385825138e-10,3.47405392340987e-07,2.521562271905948e-06,1.2469820664701062e-05,3.398591407437475e-05,7.127545268029644e-06
29202,E02020N3739E02658N3366-PS-Str_PYes_Var-M888_E02294N3487_S005,2.6291313,0.0,0.0,0.0,4.498496346715941e-07,1.0289060870861786e-06,1.7734695329383403e-07
29218,E02113N3823E02873N3483-PS-Str_PNo_Var-M861_E02287N3633_S002,0.37384415,0.0,0.0,0.0,6.10231762660723e-06,1.2903533071159526e-05,4.645786198475238e-06
29240,E02020N3739E02658N3366-PS-Str_PYes_Hom-M888_E02253N3527_S003,3.009079,0.0,0.0,0.0,3.965953354962025e-07,8.939342751331294e-07,1.549531146810402e-07
29257,E02020N3739E02658N3366-PS-Str_PYes_Var-M888_E02209N3537_S004,2.4444962,0.0,0.0,0.0,4.029923814218917e-07,9.098327464178701e-07,1.5773046074236935e-07
29260,E01849N3766E02950N3220-PS-Mur_PYes_Var-M861_E02079N3631_S004,0.8789215,0.0,0.0,7.790697812310153e-08,1.775550487425702e-06,8.623535661563839e-06,1.5393983748547995e-06
29268,E02113N3823E02873N3483-PS-Mur_PYes_Hom-M809_E02138N3737_S000,0.28839493,1.4779498852734285e-07,1.5252108335907378e-06,4.967796936188556e-06,8.366777690700116e-06,1.1593346197737089e-05,5.206886773692434e-06
29269,E01517N3917E01678N3772-PS-Str_PNo_Var-M774_E01585N3824_S000,0.12665176,1.3201610828194221e-08,2.529104627135347e-06,1.01592288733236e-05,2.4097283441531374e-05,6.239634677762811e-05,1.5800562303889714e-05
29274,E02113N3823E02873N3483-PS-Str_PYes_Hom-M837_E02348N3529_S000,0.2258339,0.0,0.0,1.6024156306219972e-05,8.018682177803944e-05,0.0001161264166739,3.5290989282985123e-05
29297,E02020N3739E02658N3366-PS-Str_PYes_Hom-M895_E02164N3590_S003,2.8793793,0.0,0.0,0.0,1.7620194367288044e-07,4.077688684974631e-07,7.680631799858163e-08
29312,E01548N3896E01854N3659-PS-Str_PYes_Var-M809_E01772N3748_S000,0.63630295,0.0,0.0,2.1928302710764832e-07,2.355880055254128e-06,9.578390753680097e-06,1.6854895780273912e-06
29314,E02020N3739E02658N3366-PS-Mur_PYes_Var-M888_E02236N3526_S002,2.8320732,0.0,0.0,0.0,4.197024289029572e-07,9.503697883609074e-07,1.6463913015715968e-07
29324,E01517N3917E01678N3772-PS-Str_PYes_Var-M754_E01562N3822_S000,0.10223389,5.129306042913933e-06,9.581115790648822e-06,2.8513707772626304e-05,6.952203402665884e-05,0.0001433953329588,4.234566969064001e-05
29333,E02020N3739E02658N3366-PS-Mur_PYes_Var-M888_E02201N3524_S005,2.409401,0.0,0.0,0.0,3.896689226103889e-07,8.728031924048568e-07,1.5258763976377125e-07
29347,E02113N3823E02873N3483-PS-Mur_PNo_Var-M861_E02350N3576_S001,0.35248184,0.0,0.0,0.0,6.849614472837347e-06,1.4527737712358852e-05,5.238365896204447e-06
29358,E01964N3926E02184N3685-PS-Mur_PNo_Hom-M792_E02103N3738_S000,0.24261856,1.1111298102994245e-10,1.4920219768154388e-08,3.6048553022023315e-06,1.7541621313208883e-05,3.342531981039508e-05,8.884148424565668e-06
29360,E02020N3739E02658N3366-PS-Str_PYes_Var-M895_E02401N3455_S002,3.6270714,0.0,0.0,0.0,1.9251902658132736e-07,4.562667382508095e-07,8.489238405092895e-08
29376,E02020N3739E02658N3366-PS-Mur_PYes_Var-M888_E02296N3512_S005,2.67033,0.0,0.0,0.0,4.4064218591194616e-07,1.0087085052618325e-06,1.7295563417308213e-07
29377,E02020N3739E02658N3366-PS-Mur_PYes_Var-M888_E02218N3525_S001,2.3620949,0.0,0.0,0.0,4.02414735017095e-07,9.080815472771565e-07,1.5756632888613452e-07
29382,E02020N3739E02658N3366-PS-Str_PYes_Var-M888_E02384N3458_S001,2.1652565,0.0,0.0,0.0,5.863546130054065e-07,1.3787584805510479e-06,2.3399189565995168e-07
29383,E02020N3739E02658N3366-PS-Str_PYes_Hom-M888_E02253N3527_S005,2.7038994,0.0,0.0,0.0,3.777548318004715e-07,8.514673812819598e-07,1.4759197230612892e-07
29386,E02020N3739E02658N3366-PS-Str_PYes_Hom-M895_E02217N3548_S002,2.7069511,0.0,0.0,0.0,1.9012820541526526e-07,4.448896329001576e-07,8.376564714585017e-08
29388,E02020N3739E02658N3366-PS-Str_PYes_Var-M895_E02253N3527_S002,3.021286,0.0,0.0,0.0,2.1863889101953147e-07,5.102412854370068e-07,9.635540336540425e-08
29404,E02020N3739E02658N3366-PS-Mur_PYes_Var-M895_E02175N3577_S001,2.9266815,0.0,0.0,0.0,1.6925039242571087e-07,3.9673591719857883e-07,7.4616992006723e-08
29407,E02113N3823E02873N3483-PS-Str_PNo_Var-M837_E02209N3683_S000,0.33722305,6.44689574931702e-11,1.3671341351460908e-06,1.3051043817440273e-05,3.335925514411048e-05,4.6935386533881654e-05,1.7623797774541232e-05
29413,E02020N3739E02658N3366-PS-Str_PYes_Var-M888_E02260N3491_S003,2.708477,0.0,0.0,0.0,4.0541422252154666e-07,9.267380879993143e-07,1.605664386850547e-07
29423,E01964N3926E02184N3685-PS-Str_PYes_Var-M809_E02031N3692_S000,0.37689972,0.0,0.0,1.2656152231042182e-09,7.200848783417157e-06,1.9193423933847883e-05,3.5578853869594423e-06
29432,E02020N3739E02658N3366-PS-Str_PYes_Hom-M888_E02304N3498_S001,2.7985039,0.0,0.0,0.0,4.411222426612896e-07,1.0092883343973654e-06,1.730391730400001e-07
29439,E02020N3739E02658N3366-PS-Mur_PYes_Var-M888_E02217N3548_S005,1.5075912,0.0,0.0,0.0,5.858342483021109e-07,1.3213196785240656e-06,2.2902430481210916e-07
29443,E02113N3823E02873N3483-PS-Str_PYes_Hom-M809_E02119N3739_S000,0.30670547,1.3795765440984757e-07,1.4028322517717325e-06,4.5449046104438435e-06,7.633579001046479e-06,1.0587473992353778e-05,4.779790219421185e-06
29456,E02020N3739E02658N3366-PS-Mur_PYes_Var-M888_E02328N3482_S005,2.5833511,0.0,0.0,0.0,4.519750157683026e-07,1.0461212603637819e-06,1.7878249630255558e-07
29474,E01517N3917E01678N3772-PS-Mur_PNo_Var-M754_E01563N3803_S000,0.13580704,3.819990422071358e-06,7.099134464327111e-06,2.1195090929325084e-05,5.24120656055773e-05,0.00010658123430410498,3.1877305750345465e-05
29480,E02020N3739E02658N3366-PS-Mur_PYes_Hom-M888_E02245N3515_S004,2.061493,0.0,0.0,0.0,5.99002614648661e-07,1.3549154838041992e-06,2.3490681447960264e-07
29487,E01548N3896E01854N3659-PS-Str_PYes_Var-M809_E01611N3806_S000,0.5859451,0.0,0.0,3.2375292903650427e-07,2.763717697521953e-06,1.0406761490587734e-05,1.8303455233145302e-06
29495,E02020N3739E02658N3366-PS-Str_PYes_Var-M888_E02183N3593_S003,2.061493,0.0,0.0,0.0,4.55092212602991e-07,1.0389491086840735e-06,1.7833694321196e-07
29517,E02020N3739E02658N3366-PS-Mur_PYes_Var-M888_E02311N3485_S001,3.2303352,0.0,0.0,0.0,3.518264822094957e-07,8.134205841225771e-07,1.3880565392461345e-07
29522,E02113N3823E02873N3483-PS-Mur_PNo_Var-M861_E02236N3646_S003,0.36774063,0.0,0.0,0.0,5.675945895639877e-06,1.197497286193128e-05,4.325285736557804e-06
29527,E01964N3926E02184N3685-PS-Mur_PYes_Hom-M792_E02078N3742_S000,0.23193741,9.823628827768119e-11,1.4024029494795993e-08,3.5799762183454073e-06,1.7508273151974762e-05,3.213914448563511e-05,8.621075019664496e-06
29530,E02020N3739E02658N3366-PS-Str_PYes_Var-M871_E02085N3646_S004,1.3626289,0.0,0.0,0.0,1.3438847184916272e-06,3.135799744326392e-06,5.242846685131273e-07
29545,E01577N3897E01966N3571-PS-Str_PYes_Hom-M861_E01739N3699_S004,1.9256897,0.0,0.0,0.0,5.552983241979989e-08,6.992997028407772e-07,5.695576968017739e-07
29549,E02020N3739E02658N3366-PS-Mur_PYes_Var-M888_E02236N3526_S001,2.536049,0.0,0.0,0.0,3.695540541362495e-07,8.368143332775173e-07,1.4496713344756939e-07
29565,E02020N3739E02658N3366-PS-Mur_PYes_Hom-M888_E02144N3587_S001,1.8524437,0.0,0.0,0.0,4.6357240472409866e-07,1.061774808362899e-06,1.815095236742133e-07
29568,E01548N3896E01854N3659-PS-Mur_PYes_Hom-M824_E01763N3862_S000,0.52643585,0.0,0.0,0.0,3.706318474294096e-05,7.012756043606252e-05,1.8813803570390524e-05
29572,E02020N3739E02658N3366-PS-Mur_PYes_Hom-M888_E02296N3512_S001,1.5823593,0.0,0.0,0.0,7.868053510496763e-07,1.8011376916778631e-06,3.0882748591113055e-07
29584,E02020N3739E02658N3366-PS-Mur_PYes_Var-M888_E02209N3537_S003,2.0080872,0.0,0.0,0.0,4.620937216122249e-07,1.0432653797411628e-06,1.8086261422333895e-07
29590,E01964N3926E02184N3685-PS-Str_PNo_Hom-M792_E02078N3742_S000,0.18005753,1.2654121804495148e-10,1.806478853469665e-08,4.611478702868598e-06,2.255295114827708e-05,4.139943152818548e-05,1.1105074845270836e-05
29602,E02020N3739E02658N3366-PS-Str_PYes_Var-M888_E02229N3514_S002,2.932785,0.0,0.0,0.0,3.456769616075523e-07,7.884062382241579e-07,1.3608336455020546e-07
29621,E02020N3739E02658N3366-PS-Mur_PYes_Hom-M895_E02458N3438_S003,3.3295174,0.0,0.0,0.0,1.992674474133055e-07,4.710995297879556e-07,8.827976977125279e-08
29637,E02113N3823E02873N3483-PS-Mur_PYes_Var-M824_E02138N3737_S000,0.32959366,6.323269962456681e-08,8.605914580419686e-06,3.687265973499929e-05,6.933986647885581e-05,9.83808439959541e-05,4.0066953627971924e-05
29654,E02020N3739E02658N3366-PS-Str_PYes_Var-M888_E02236N3526_S005,2.1698341,0.0,0.0,0.0,4.687938104790121e-07,1.0615317991234595e-06,1.838964939566045e-07
29661,E02020N3739E02658N3366-PS-Mur_PYes_Hom-M888_E02287N3501_S002,2.2446022,0.0,0.0,0.0,5.319096969020175e-07,1.2191182008950627e-06,2.097551033094076e-07
29664,E02020N3739E02658N3366-PS-Str_PYes_Hom-M837_E02164N3695_S000,0.5096512,0.0,5.125427674725959e-14,1.4875805666119017e-06,1.3779165497542589e-05,7.564544920411822e-05,1.1131988573903892e-05
29669,E01548N3896E01854N3659-PS-Mur_PYes_Var-M809_E01737N3880_S000,0.33722305,0.0,0.0,6.211702704220828e-07,4.320934497850721e-06,1.8915562038453736e-05,3.180334175534813e-06
29689,E01517N3917E01678N3772-PS-Mur_PNo_Var-M732_E01575N3795_S000,0.1083374,7.83962386167267e-06,1.825763885147304e-05,4.782600626463135e-05,0.00010358172321853199,0.00017515587378279997,6.344070460630519e-05
29690,E01964N3926E02184N3685-PS-Str_PNo_Var-M774_E02074N3729_S000,0.13733292,9.58033835395605e-08,1.2385497228320013e-06,9.345928996420883e-06,3.919082016294197e-05,6.922088819446739e-05,1.943382302371917e-05
29718,E02020N3739E02658N3366-PS-Mur_PYes_Hom-M888_E02239N3505_S004,2.7389946,0.0,0.0,0.0,4.3592597968235295e-07,9.918264729585627e-07,1.718927582933728e-07
29729,E02020N3739E02658N3366-PS-Str_PYes_Hom-M888_E02335N3468_S003,2.0248718,0.0,0.0,0.0,6.140851439910409e-07,1.4245167302088103e-06,2.435673068441382e-07
29734,E02113N3823E02873N3483-PS-Mur_PNo_Hom-M809_E02132N3749_S000,0.29297256,1.4229996516395766e-07,1.4682805300705446e-06,4.776990788209697e-06,8.03649162901489e-06,1.1141198882857812e-05,5.00388863653722e-06
29748,E02020N3739E02658N3366-PS-Mur_PYes_Hom-M888_E02226N3538_S002,2.4322891,0.0,0.0,0.0,3.9690917041602625e-07,8.879829535821584e-07,1.5483307609667365e-07
29762,E02113N3823E02873N3483-PS-Str_PNo_Hom-M824_E02356N3540_S000,0.20752335,1.6355355936438047e-07,1.960864830243465e-05,8.623287439416165e-05,0.000159295546336088,0.0002198664653533,9.387076456640604e-05
29770,E01964N3926E02184N3685-PS-Str_PYes_Hom-M792_E02093N3745_S000,0.20141983,1.293233099804784e-10,1.700029903334015e-08,4.171188786756716e-06,2.041583231887183e-05,3.91695405605517e-05,1.031422290891775e-05
29795,E02020N3739E02658N3366-PS-Mur_PYes_Var-M895_E02426N3465_S002,3.8880005,0.0,0.0,0.0,0.0,5.873704443395638e-07,7.343652340710655e-08
29823,E02020N3739E02658N3366-PS-Str_PYes_Hom-M888_E02253N3503_S003,2.447548,0.0,0.0,0.0,4.185026516301547e-07,9.531989789379025e-07,1.648732555539826e-07
29825,E02020N3739E02658N3366-PS-Str_PYes_Var-M888_E02253N3503_S001,2.734417,0.0,0.0,0.0,3.8292376005048096e-07,8.721630213558269e-07,1.5085659959996716e-07
29831,E02020N3739E02658N3366-PS-Str_PNo_Hom-M837_E02154N3709_S000,0.46845245,0.0,5.443901168133837e-14,1.5784512140265363e-06,1.4670554841466722e-05,8.056493974563193e-05,1.1824798000375468e-05
29836,E02020N3739E02658N3366-PS-Str_PYes_Hom-M888_E02296N3512_S005,3.2410164,0.0,0.0,0.0,3.8066561671511896e-07,8.714114479225385e-07,1.4941434400020736e-07
29844,E01517N3917E01678N3772-PS-Mur_PNo_Var-M774_E01609N3825_S000,0.1602211,1.1407680139965727e-08,1.960091531840405e-06,7.937361050280838e-06,1.912313324556432e-05,4.987305009217083e-05,1.2490046721544947e-05
29852,E02020N3739E02658N3366-PS-Mur_PYes_Var-M888_E02401N3479_S003,2.235447,0.0,0.0,0.0,5.47892555734719e-07,1.2915582019737471e-06,2.1860185920820878e-07
29878,E02020N3739E02658N3366-PS-Mur_PYes_Hom-M888_E02171N3606_S005,3.1403084,0.0,0.0,0.0,3.7866613133700697e-07,8.719974634900179e-07,1.484933124763536e-07
29879,E01849N3766E02950N3220-PS-Str_PYes_Var-M861_E02072N3658_S004,0.8865509,0.0,0.0,7.987516467034659e-08,1.830539259652376e-06,8.66868985866156e-06,1.5673038277289788e-06
29944,E02020N3739E02658N3366-PS-Mur_PYes_Var-M888_E02294N3487_S003,3.0289154,0.0,0.0,0.0,3.905450144137711e-07,8.932632409601516e-07,1.5396693270839817e-07
29946,E01964N3926E02184N3685-PS-Mur_PYes_Var-M792_E02024N3715_S000,0.20904922,0.0,0.0,1.6946456941195824e-06,1.7986374648490393e-05,4.615286802452892e-05,8.944532184297818e-06
29955,E01849N3766E02950N3220-PS-Mur_PYes_Hom-M861_E02054N3653_S002,0.6454582,0.0,0.0,1.0668435236445595e-07,2.447265627035308e-06,1.1563305062694292e-05,2.0958507625453156e-06
29972,E02020N3739E02658N3366-PS-Str_PYes_Hom-M888_E02219N3560_S002,2.1805153,0.0,0.0,0.0,4.5704659146840155e-07,1.0408707808677786e-06,1.7888121806795774e-07
29982,E02020N3739E02658N3366-PS-Mur_PYes_Var-M888_E02253N3503_S003,2.6871147,0.0,0.0,0.0,3.726955677950722e-07,8.488668668959691e-07,1.4682710217859462e-07
30013,E01548N3896E01854N3659-PS-Mur_PYes_Var-M792_E01720N3803_S000,0.49744415,0.0,0.0,9.845513433397657e-07,6.7387940560014436e-06,1.2091760088278415e-05,3.131454318399762e-06
30021,E02020N3739E02658N3366-PS-Mur_PYes_Var-M895_E02337N3493_S004,2.771038,0.0,0.0,0.0,2.157450503993533e-07,4.965578796514861e-07,9.394221955875146e-08
30031,E01548N3896E01854N3659-PS-Str_PYes_Hom-M809_E01680N3686_S000,0.3921585,0.0,0.0,3.0245097890208407e-07,3.7768781017630156e-06,1.2650030111247221e-05,2.734817658403639e-06
30036,E02020N3739E02658N3366-PS-Str_PYes_Hom-M895_E02253N3527_S003,3.3234138,0.0,0.0,0.0,1.6626282768133628e-07,3.880103787616549e-07,7.327297422340438e-08
30038,E02113N3823E02873N3483-PS-Mur_PNo_Hom-M861_E02363N3584_S005,0.35705948,0.0,0.0,0.0,0.0,2.0452576905730266e-05,5.32480925269814e-06
30040,E02020N3739E02658N3366-PS-Mur_PYes_Var-M895_E02467N3448_S002,3.407341,0.0,0.0,0.0,1.9178468748743413e-07,4.498317900810341e-07,8.462505207467071e-08
30054,E02020N3739E02658N3366-PS-Mur_PYes_Var-M888_E02188N3566_S001,3.0457,0.0,0.0,0.0,3.121824256904928e-07,7.075172447413778e-07,1.2219080081668715e-07
30056,E02113N3823E02873N3483-PS-Str_PNo_Hom-M809_E02176N3736_S000,0.16479874,2.680955357066281e-07,2.8465411453527543e-06,9.433718483691646e-06,1.6020917157771512e-05,2.200739206500676e-05,9.872489674027561e-06
30058,E01964N3926E02184N3685-PS-Str_PYes_Var-M774_E02029N3745_S000,0.1388588,0.0,0.0,4.0514075383559934e-06,3.675173249407886e-05,9.288746140187728e-05,1.7535870777797437e-05
30062,E02020N3739E02658N3366-PS-Str_PYes_Var-M902_E02408N3442_S004,1.7380028,0.0,0.0,0.0,2.7821680476914883e-08,1.93091665237326e-06,2.6628170240300044e-07
30072,E02020N3739E02658N3366-PS-Mur_PYes_Var-M888_E02184N3552_S001,2.1377907,0.0,0.0,0.0,4.236924111438361e-07,9.543912742542734e-07,1.6568487069255576e-07
30079,E02113N3823E02873N3483-PS-Str_PNo_Var-M824_E02165N3722_S000,0.20904922,1.0445688537412258e-07,1.4249329036144058e-05,6.198003063154296e-05,0.0001184639017535,0.0001700742041963,6.791375410149738e-05
30110,E01849N3766E02950N3220-PS-Str_PYes_Var-M754_E01976N3719_S000,0.20904922,0.0,0.0,4.908188953811861e-06,2.5229050282122482e-05,0.00018175314666137496,2.5198393046653345e-05
30116,E01964N3926E02184N3685-PS-Mur_PYes_Hom-M809_E02078N3742_S000,0.26398087,0.0,6.048014076850158e-14,1.8458193989455474e-06,1.0681075529631184e-05,2.070091966851884e-05,5.0118070669399694e-06
30117,E01548N3896E01854N3659-PS-Str_PYes_Var-M809_E01644N3837_S000,0.25787735,0.0,0.0,2.03824941268276e-07,2.289808237317781e-06,1.5122647036282162e-05,4.15888402255174e-06
30151,E02020N3739E02658N3366-PS-Str_PYes_Var-M861_E02165N3634_S001,1.0605011,0.0,0.0,1.167439122371408e-07,2.1500516957933884e-06,7.303328307026726e-06,1.4652683632788145e-06
30156,E01964N3926E02184N3685-PS-Str_PYes_Var-M809_E02078N3742_S000,0.25177383,0.0,6.425582482273813e-14,1.9610511226658205e-06,1.1347878980266143e-05,2.199324689043504e-05,5.3246866301338905e-06
30168,E01964N3926E02184N3685-PS-Str_PYes_Hom-M809_E02083N3755_S000,0.23804092,0.0,6.87001000150303e-14,2.0038365283655275e-06,1.1874799560862125e-05,2.300172317189079e-05,5.707597277596725e-06
30180,E02020N3739E02658N3366-PS-Str_PYes_Var-M895_E02328N3482_S004,2.8519096,0.0,0.0,0.0,2.4138038652488904e-07,5.631141020436904e-07,1.0600929113498984e-07
30193,E01964N3926E02184N3685-PS-Mur_PYes_Var-M809_E02026N3730_S000,0.25024796,0.0,0.0,1.99762486534327e-09,1.0236856181059745e-05,3.053786581262417e-05,5.144406003727966e-06
30194,E01964N3926E02184N3685-PS-Mur_PYes_Hom-M792_E02061N3739_S000,0.20752335,1.0944408552311283e-10,1.566216851027449e-08,3.92379894395509e-06,1.9150523569843745e-05,3.4291454744236916e-05,9.509106719699855e-06
30218,E02020N3739E02658N3366-PS-Str_PYes_Var-M888_E02425N3440_S002,0.8514519,0.0,0.0,0.0,1.607585163274177e-06,3.749371293389079e-06,6.424660397415937e-07
30273,E02020N3739E02658N3366-PS-Str_PYes_Var-M895_E02296N3512_S002,3.2150764,0.0,0.0,0.0,2.052795531196428e-07,4.739545660348483e-07,8.968652483041537e-08
30281,E01964N3926E02184N3685-PS-Str_PYes_Hom-M837_E02031N3692_S000,0.46082306,0.0,0.0,0.0,1.7748894314042455e-05,5.164999579618973e-05,9.96728220572536e-06
30288,E02113N3823E02873N3483-PS-Str_PNo_Var-M861_E02344N3564_S005,0.35095596,0.0,0.0,0.0,7.190039709501681e-06,1.5253656040069856e-05,5.521253180577421e-06
30298,E02020N3739E02658N3366-PS-Mur_PYes_Var-M895_E02311N3485_S001,3.4302292,0.0,0.0,0.0,1.7117763835970208e-07,3.9630017700925053e-07,7.508768872526689e-08
30322,E01964N3926E02184N3685-PS-Mur_PYes_Var-M792_E02078N3742_S000,0.20752335,1.0979333137733592e-10,1.567389143628192e-08,4.001143794773034e-06,1.956804017865579e-05,3.5920165577928384e-05,9.635304458850899e-06
30333,E02020N3739E02658N3366-PS-Str_PYes_Var-M861_E02090N3619_S003,1.14748,0.0,0.0,1.0130637599661033e-07,1.7956952439957345e-06,6.828200005074429e-06,1.242844689918949e-06
30357,E01964N3926E02184N3685-PS-Str_PNo_Hom-M792_E02083N3755_S000,0.18310928,1.4026728770902152e-10,1.847688609970386e-08,4.527115257654077e-06,2.215200739279188e-05,4.248239981638134e-05,1.1202574768992821e-05
30371,E01964N3926E02184N3685-PS-Str_PNo_Var-M809_E02093N3745_S000,0.20904922,0.0,8.100766432960659e-14,2.361050252817173e-06,1.4048571496822491e-05,2.730501369898203e-05,6.75589200938621e-06
30384,E01964N3926E02184N3685-PS-Mur_PNo_Hom-M809_E02099N3756_S000,0.19379044,0.0,0.0,2.4393672387774887e-12,1.3937095276191364e-05,3.710316390908639e-05,7.10397545046921e-06
30397,E02020N3739E02658N3366-PS-Mur_PYes_Var-M895_E02245N3515_S005,2.7801933,0.0,0.0,0.0,1.8647704801088847e-07,4.368402326814009e-07,8.256009359184729e-08
30399,E02020N3739E02658N3366-PS-Str_PYes_Var-M895_E02328N3482_S005,3.3173103,0.0,0.0,0.0,2.075157261802169e-07,4.841115448121468e-07,9.113663023097012e-08
30404,E02020N3739E02658N3366-PS-Str_PYes_Hom-M888_E02296N3512_S002,2.2766457,0.0,0.0,0.0,5.419092747130011e-07,1.2405269217516737e-06,2.1270378839985066e-07
30405,E02020N3739E02658N3366-PS-Str_PYes_Hom-M871_E02136N3678_S002,0.80262375,0.0,0.0,0.0,2.334227239130668e-06,5.66540321160481e-06,9.136020198311331e-07
30423,E02020N3739E02658N3366-PS-Mur_PYes_Var-M888_E02184N3552_S005,1.7944603,0.0,0.0,0.0,4.984577956471563e-07,1.1228045587726282e-06,1.9492186606443331e-07
30451,E01964N3926E02184N3685-PS-Mur_PYes_Hom-M809_E02091N3733_S000,0.2548256,0.0,6.354731241894091e-14,1.947144374106603e-06,1.1505069782715413e-05,2.1837282290139314e-05,5.331725632864284e-06
30453,E02020N3739E02658N3366-PS-Str_PYes_Var-M895_E02217N3548_S002,3.358509,0.0,0.0,0.0,1.5511390169742234e-07,3.6295807154521584e-07,6.833923629912492e-08
30455,E01548N3896E01854N3659-PS-Mur_PYes_Var-M792_E01816N3807_S000,0.6836052,0.0,0.0,5.280495478862194e-07,4.45440317990198e-06,1.0609317035184673e-05,2.278688973811488e-06
30467,E02113N3823E02873N3483-PS-Mur_PNo_Hom-M809_E02119N3739_S000,0.3189125,1.3267816117298702e-07,1.3491473481151642e-06,4.370975927358739e-06,7.341450022183606e-06,1.0182302582494849e-05,4.596872712995059e-06
30485,E01964N3926E02184N3685-PS-Str_PNo_Hom-M809_E02078N3742_S000,0.26703262,0.0,6.140013186256495e-14,1.8738970023820077e-06,1.0843550256664172e-05,2.10158108293522e-05,5.0880439573995644e-06
30507,E02020N3739E02658N3366-PS-Mur_PYes_Var-M837_E02164N3695_S000,0.4440384,0.0,5.743069942304325e-14,1.6668422190391425e-06,1.543963084079706e-05,8.476114251665994e-05,1.247345451621821e-05
30520,E02020N3739E02658N3366-PS-Str_PYes_Hom-M888_E02229N3514_S001,2.9892426,0.0,0.0,0.0,3.429591861027693e-07,7.822076441607897e-07,1.3501345224519364e-07
30521,E01517N3917E01678N3772-PS-Str_PYes_Hom-M754_E01598N3815_S000,0.14648819,3.6224594612191798e-06,6.56662135956046e-06,1.9818626710244236e-05,4.960339482976302e-05,9.704397770193317e-05,2.9552979916875275e-05
30532,E02020N3739E02658N3366-PS-Str_PYes_Hom-M895_E02409N3467_S003,3.4363327,0.0,0.0,0.0,2.029587504958991e-07,4.799304411267567e-07,8.960379765380981e-08
30534,E02020N3739E02658N3366-PS-Str_PYes_Var-M888_E02209N3537_S005,2.7756157,0.0,0.0,0.0,3.466602634338776e-07,7.826521643936311e-07,1.3568217562716989e-07
30540,E02020N3739E02658N3366-PS-Mur_PYes_Var-M895_E02444N3464_S005,4.3869705,0.0,0.0,0.0,0.0,5.207776565975804e-07,6.5083427421077e-08
30557,E02020N3739E02658N3366-PS-Str_PYes_Hom-M888_E02236N3526_S004,2.4917984,0.0,0.0,0.0,4.082529077607037e-07,9.24443612490924e-07,1.601477594340884e-07
30573,E01964N3926E02184N3685-PS-Str_PYes_Var-M824_E02093N3745_S000,0.28076553,0.0,0.0,6.576054516250221e-06,6.198381798168197e-05,0.00019576261532887996,4.409629425379795e-05
30580,E02020N3739E02658N3366-PS-Str_PYes_Hom-M895_E02245N3515_S001,2.8747978,0.0,0.0,0.0,1.9134094325456791e-07,4.482343702047642e-07,8.471351488858338e-08
30588,E02020N3739E02658N3366-PS-Mur_PYes_Var-M888_E02183N3593_S003,2.6550713,0.0,0.0,0.0,3.4040980738394204e-07,7.77135833518192e-07,1.3339635969816936e-07
30629,E02020N3739E02658N3366-PS-Str_PYes_Hom-M888_E02284N3476_S004,2.3529396,0.0,0.0,0.0,5.228151350504752e-07,1.2046632839984432e-06,2.0768446538230264e-07
30651,E01964N3926E02184N3685-PS-Str_PYes_Hom-M837_E02048N3695_S000,0.42725372,0.0,0.0,0.0,1.920166498711754e-05,5.504400745481003e-05,1.075040423108888e-05
30653,E01548N3896E01854N3659-PS-Str_PYes_Var-M792_E01707N3812_S000,0.4425125,0.0,0.0,1.11461548254243e-06,7.517211523947213e-06,1.3844131560279716e-05,3.5201799535158937e-06
30669,E02020N3739E02658N3366-PS-Mur_PYes_Var-M895_E02209N3537_S003,2.0370789,0.0,0.0,0.0,2.323882133596667e-07,5.467659974826162e-07,1.030739015444449e-07
30688,E02020N3739E02658N3366-PS-Mur_PYes_Var-M895_E02458N3438_S003,3.5034714,0.0,0.0,0.0,1.8577696262058086e-07,4.3920590579184795e-07,8.230319453498659e-08
30697,E02020N3739E02658N3366-PS-Str_PYes_Var-M888_E02236N3526_S002,2.8885345,0.0,0.0,0.0,3.5616551712141093e-07,8.064974701549637e-07,1.3971513361053823e-07
30699,E01964N3926E02184N3685-PS-Mur_PYes_Hom-M809_E02093N3745_S000,0.25024796,0.0,6.596389625082182e-14,1.92258442714892e-06,1.1439639944660924e-05,2.223425530994651e-05,5.501269087029263e-06
30700,E01964N3926E02184N3685-PS-Mur_PYes_Hom-M809_E02099N3756_S000,0.2105751,0.0,0.0,2.1861191588716933e-12,1.249018619171565e-05,3.325122031115763e-05,6.3664611828631375e-06
30703,E01964N3926E02184N3685-PS-Mur_PYes_Var-M837_E02067N3699_S000,0.32806778,0.0,0.0,0.0,2.641352780760277e-05,7.755813830348027e-05,1.4826044380929734e-05
30712,E02020N3739E02658N3366-PS-Str_PYes_Hom-M888_E02242N3492_S005,1.760891,0.0,0.0,0.0,1.9761869809106433e-07,2.371301635757465e-06,2.775099689193813e-07
30732,E01964N3926E02184N3685-PS-Str_PNo_Hom-M809_E02083N3755_S000,0.2532997,0.0,6.456185321510821e-14,1.8831326269263536e-06,1.1159504368108365e-05,2.16161821422861e-05,5.363792157020605e-06
30736,E02020N3739E02658N3366-PS-Str_PYes_Var-M895_E02335N3468_S005,2.5772476,0.0,0.0,0.0,2.674335690888239e-07,6.24891059266609e-07,1.1730842469367776e-07
30737,E02113N3823E02873N3483-PS-Mur_PNo_Hom-M809_E02157N3736_S000,0.21973038,1.9183425276598416e-07,2.036826507189295e-06,6.668816703096204e-06,1.1348778306652277e-05,1.564494910095529e-05,6.9961630727758296e-06
30738,E01964N3926E02184N3685-PS-Mur_PYes_Hom-M792_E02117N3755_S000,0.18005753,1.5173447359027261e-10,1.917225114684604e-08,4.856054570576037e-06,2.373603585947013e-05,4.689545734092814e-05,1.2112795633218855e-05
30745,E01964N3926E02184N3685-PS-Str_PNo_Hom-M792_E02073N3766_S000,0.14191055,1.701165686067335e-10,2.3349141458696526e-08,5.695799950869168e-06,2.724856645004691e-05,5.147022311911661e-05,1.3905629672588405e-05
30752,E02020N3739E02658N3366-PS-Str_PYes_Var-M888_E02393N3468_S004,1.0009918,0.0,0.0,0.0,1.2871351342616708e-06,3.0478832794124225e-06,5.150817430527518e-07
30774,E02020N3739E02658N3366-PS-Mur_PYes_Var-M895_E02164N3590_S004,2.397194,0.0,0.0,0.0,2.1431686958276208e-07,4.959749341467218e-07,9.342059057074803e-08
30778,E02020N3739E02658N3366-PS-Str_PYes_Var-M888_E02104N3649_S002,3.2547493,0.0,0.0,0.0,7.501152115584611e-08,9.371390019731476e-07,1.1020106722224673e-07
30788,E02020N3739E02658N3366-PS-Str_PYes_Var-M895_E02344N3478_S003,3.170826,0.0,0.0,0.0,2.1551175324563234e-07,5.028256334248693e-07,9.445722853470232e-08
30791,E02020N3739E02658N3366-PS-Str_PYes_Hom-M888_E02134N3641_S001,1.374836,0.0,0.0,0.0,1.7502596564782266e-07,2.194462276426464e-06,2.5767043802326657e-07
30802,E02020N3739E02658N3366-PS-Str_PYes_Hom-M888_E02321N3496_S005,2.9526215,0.0,0.0,0.0,4.163968895120368e-07,9.595513760406676e-07,1.6400898501338703e-07
30820,E02020N3739E02658N3366-PS-Str_PYes_Var-M902_E02260N3491_S004,2.8320732,0.0,0.0,0.0,1.3555654497138201e-08,9.24527938508512e-07,1.2862603964322018e-07
30835,E01964N3926E02184N3685-PS-Mur_PYes_Hom-M792_E02091N3733_S000,0.20141983,1.1644914485398754e-10,1.682154376490423e-08,4.146663133990732e-06,2.028904804586011e-05,3.799525458986198e-05,1.005421703142148e-05
30838,E01964N3926E02184N3685-PS-Str_PYes_Hom-M809_E02103N3738_S000,0.30670547,0.0,5.5670453522927896e-14,1.6553318528212584e-06,9.785668587374592e-06,1.8779369980550063e-05,4.6637027486405154e-06
30849,E02020N3739E02658N3366-PS-Str_PYes_Hom-M871_E02219N3560_S005,2.0767517,0.0,0.0,0.0,1.227268135137524e-06,3.007973740855427e-06,4.953091556125058e-07
30852,E01964N3926E02184N3685-PS-Str_PYes_Hom-M792_E02081N3777_S000,0.19226456,0.0,0.0,6.422152871234176e-09,1.8967331733868002e-05,5.798641479823289e-05,1.0532918054196918e-05
30874,E02020N3739E02658N3366-PS-Str_PYes_Hom-M895_E02393N3468_S001,2.2674904,0.0,0.0,0.0,3.113581437613023e-07,7.330258279391154e-07,1.3703999117862975e-07
30891,E02020N3739E02658N3366-PS-Mur_PYes_Hom-M895_E02458N3438_S001,2.922104,0.0,0.0,0.0,2.2486744128386484e-07,5.316219343831266e-07,9.962111826733198e-08
30919,E02020N3739E02658N3366-PS-Str_PYes_Var-M895_E02393N3468_S001,2.3071632,0.0,0.0,0.0,3.060045694391368e-07,7.204219878643639e-07,1.3468368930381439e-07
30934,E01964N3926E02184N3685-PS-Str_PYes_Var-M774_E02048N3750_S000,0.15106583,7.992784532651883e-08,1.0679670508924327e-06,8.053579230261624e-06,3.334324861612831e-05,5.8958285594236676e-05,1.6558942019897207e-05
30954,E02020N3739E02658N3366-PS-Str_PYes_Hom-M888_E02267N3478_S001,2.6764336,0.0,0.0,0.0,1.237997280432757e-07,1.493110091661002e-06,1.7423982432643385e-07
30956,E02020N3739E02658N3366-PS-Str_PYes_Var-M888_E02425N3440_S005,0.7034416,0.0,0.0,0.0,1.961534325984401e-06,4.574887017409528e-06,7.839206401144556e-07
30969,E02020N3739E02658N3366-PS-Str_PYes_Var-M895_E02164N3590_S003,3.219654,0.0,0.0,0.0,1.575559434050857e-07,3.6461804806543923e-07,6.867853804271096e-08
30975,E02113N3823E02873N3483-PS-Str_PNo_Hom-M824_E02200N3695_S000,0.2182045,1.0898245036381115e-07,1.4841068863317056e-05,6.380595073989861e-05,0.00012029761705565998,0.0001738553697855,6.960718873306071e-05
30982,E02020N3739E02658N3366-PS-Str_PYes_Var-M888_E02253N3503_S003,2.9160004,0.0,0.0,0.0,3.4736575714699376e-07,7.911746406881026e-07,1.3684817294637262e-07
31024,E02020N3739E02658N3366-PS-Mur_PYes_Var-M888_E02144N3587_S004,2.2491798,0.0,0.0,0.0,4.021766763904649e-07,9.211528968309941e-07,1.574703244209667e-07
31029,E02020N3739E02658N3366-PS-Str_PYes_Hom-M888_E02239N3505_S005,2.3407326,0.0,0.0,0.0,5.003778104370597e-07,1.1384684143719726e-06,1.9730717147782451e-07
31055,E01548N3896E01854N3659-PS-Str_PYes_Hom-M809_E01647N3799_S000,0.56153107,0.0,0.0,3.4684937092160197e-07,2.7959455383121685e-06,1.0597785440441802e-05,1.909924575844191e-06
31083,E01517N3917E01678N3772-PS-Mur_PYes_Var-M792_E01632N3846_S000,0.16327286,1.5102021526328473e-11,1.1676103122056685e-06,5.410502456077266e-06,1.4618561583555273e-05,4.143052586185593e-05,9.540615823598613e-06
31084,E02020N3739E02658N3366-PS-Mur_PYes_Var-M888_E02279N3514_S001,2.221714,0.0,0.0,0.0,4.586270036808482e-07,1.0420743783062337e-06,1.796167400947517e-07
31090,E01964N3926E02184N3685-PS-Str_PYes_Hom-M792_E02043N3735_S000,0.22125626,0.0,0.0,1.653980499508101e-06,1.7554768544645847e-05,4.717188335494536e-05,8.684973195159583e-06
31110,E01517N3917E01678N3772-PS-Str_PNo_Var-M732_E01575N3795_S000,0.11138916,7.624839492025766e-06,1.7757429208619363e-05,4.651570378207245e-05,0.00010074386574970399,0.00017035707927376496,6.170260186193254e-05
31127,E02020N3739E02658N3366-PS-Mur_PYes_Hom-M888_E02384N3458_S004,2.3941422,0.0,0.0,0.0,5.068600370462636e-07,1.1918343593273829e-06,2.022686242627635e-07
31128,E01548N3896E01854N3659-PS-Mur_PYes_Var-M774_E01602N3758_S000,0.4074173,0.0,0.0,1.577199384230197e-06,1.045002486983475e-05,2.142274287989404e-05,4.911841065112689e-06
31145,E02020N3739E02658N3366-PS-Str_PYes_Var-M888_E02165N3634_S001,2.4002457,0.0,0.0,0.0,1.0118790966176939e-07,1.27558330648522e-06,1.4944016657271586e-07
31153,E01964N3926E02184N3685-PS-Mur_PYes_Var-M809_E02093N3745_S000,0.21210098,0.0,7.680842996511297e-14,2.2386593230208846e-06,1.3320328747328208e-05,2.588959019805006e-05,6.4056834936439006e-06
31198,E02020N3739E02658N3366-PS-Str_PYes_Hom-M871_E02206N3569_S002,1.5838852,0.0,0.0,0.0,1.344036169825611e-06,3.300249227126979e-06,5.411485635523577e-07
31202,E02020N3739E02658N3366-PS-Str_PYes_Var-M888_E02253N3481_S005,2.934311,0.0,0.0,0.0,1.1137797896150234e-07,1.355593104574582e-06,1.57391531662674e-07
31217,E02020N3739E02658N3366-PS-Mur_PYes_Var-M895_E02425N3440_S004,3.1052094,0.0,0.0,0.0,2.1968631587235693e-07,5.224188696875521e-07,9.736275439352882e-08
31250,E02020N3739E02658N3366-PS-Str_PYes_Hom-M888_E02377N3471_S002,1.5274277,0.0,0.0,0.0,8.257057223254517e-07,1.9384530525605267e-06,3.287440282746423e-07
31255,E02020N3739E02658N3366-PS-Str_PYes_Var-M888_E02458N3438_S002,0.6622429,0.0,0.0,0.0,2.107797399623733e-06,4.90476216249984e-06,8.395209632676611e-07
31276,E02020N3739E02658N3366-PS-Str_PYes_Hom-M871_E02212N3584_S004,2.6489677,0.0,0.0,0.0,9.390100797747008e-07,2.2836528844864985e-06,3.7389537976244956e-07
31314,E02020N3739E02658N3366-PS-Mur_PYes_Var-M861_E02094N3692_S005,0.9369049,0.0,0.0,1.106544708770601e-07,2.124549435303629e-06,6.936197557387832e-06,1.424367365625653e-06
31317,E01964N3926E02184N3685-PS-Mur_PNo_Hom-M809_E02093N3745_S000,0.19989395,0.0,8.258119082494542e-14,2.4069122729158872e-06,1.4321456780639184e-05,2.7835397618411185e-05,6.8871212599070366e-06
31341,E01964N3926E02184N3685-PS-Str_PYes_Var-M754_E02043N3735_S000,0.09765625,0.0,0.0,2.3879993708853904e-05,0.000127278476507,0.00026493554113406,5.76320063064497e-05
31342,E01964N3926E02184N3685-PS-Str_PYes_Hom-M824_E02009N3708_S000,0.34943008,0.0,0.0,3.286085336969652e-11,6.10740236151598e-05,0.00018505116245877488,3.212772565960188e-05
31347,E02020N3739E02658N3366-PS-Str_PYes_Var-M850_E02290N3438_S000,0.67292404,0.0,0.0,3.281583022046258e-06,3.874985163644833e-05,6.145992519125521e-05,1.4700021458645441e-05
31348,E01964N3926E02184N3685-PS-Str_PYes_Hom-M837_E02053N3710_S000,0.42572784,0.0,0.0,0.0,2.008176985680456e-05,5.5835608661086765e-05,1.094904071440754e-05
31353,E02020N3739E02658N3366-PS-Str_PYes_Hom-M895_E02328N3482_S005,2.9678802,0.0,0.0,0.0,2.319492314264155e-07,5.411122463379696e-07,1.0186732218313284e-07
31354,E01964N3926E02184N3685-PS-Mur_PYes_Var-M754_E02029N3745_S000,0.10070801,0.0,0.0,2.229012195534955e-05,0.0001170847307136,0.000245357749614875,5.373486443325831e-05
31356,E02020N3739E02658N3366-PS-Mur_PYes_Var-M888_E02206N3569_S002,2.2034035,0.0,0.0,0.0,4.100413355019933e-07,9.369145983289481e-07,1.6075050542082636e-07
31357,E01964N3926E02184N3685-PS-Str_PYes_Var-M824_E02048N3695_S000,0.30060196,0.0,0.0,4.03232862260421e-11,7.534815053114758e-05,0.00022659141937678994,4.008968155887557e-05
31374,E01548N3896E01854N3659-PS-Mur_PYes_Hom-M792_E01700N3744_S000,0.22735977,0.0,0.0,2.1711903407163533e-06,1.4680302585035455e-05,2.632221724856326e-05,6.8513599907327395e-06
31418,E01964N3926E02184N3685-PS-Str_PYes_Var-M809_E02103N3738_S000,0.26398087,0.0,6.468013395575964e-14,1.923229993763553e-06,1.1369376662566291e-05,2.181861452676139e-05,5.418474243032331e-06
31428,E01964N3926E02184N3685-PS-Mur_PYes_Var-M774_E02065N3777_S000,0.1083374,1.1112908420261071e-07,1.5956896746350173e-06,1.12686253722043e-05,4.8977657897972715e-05,8.886489046390718e-05,2.3710905876172003e-05
31440,E02113N3823E02873N3483-PS-Mur_PNo_Hom-M861_E02383N3566_S004,0.33264542,0.0,0.0,0.0,0.0,2.249075593538338e-05,5.880592069468868e-06
31441,E01964N3926E02184N3685-PS-Mur_PYes_Hom-M792_E02040N3720_S000,0.2761879,0.0,0.0,1.3444812516345648e-06,1.4404326852798978e-05,3.568225041737844e-05,6.86277835312012e-06
31459,E01577N3897E01966N3571-PS-Str_PYes_Hom-M837_E01786N3720_S000,0.8957062,0.0,0.0,0.0,4.124195527238015e-07,1.021875725551098e-05,4.523897153606566e-06
31472,E01964N3926E02184N3685-PS-Str_PNo_Hom-M792_E02065N3777_S000,0.14191055,0.0,0.0,8.566509073234276e-09,2.574983797468545e-05,7.515112498183148e-05,1.390562967258706e-05
31486,E02020N3739E02658N3366-PS-Mur_PYes_Hom-M888_E02260N3491_S001,2.2308693,0.0,0.0,0.0,4.567841559257424e-07,1.0441648362953149e-06,1.8091177144348225e-07
31500,E01964N3926E02184N3685-PS-Str_PYes_Hom-M792_E02091N3733_S000,0.22125626,1.060088335894752e-10,1.5313399131678932e-08,3.7748918008287345e-06,1.8470022434937623e-05,3.458876942425652e-05,9.15280074828241e-06
31502,E01517N3917E01678N3772-PS-Mur_PNo_Hom-M707_E01564N3784_S000,0.09307861,6.955854622689609e-06,1.711422313427931e-05,4.7935049883768294e-05,9.474060883664237e-05,0.00014871034521483995,5.851306277861465e-05
31503,E02020N3739E02658N3366-PS-Mur_PYes_Hom-M895_E02175N3577_S005,2.4185562,0.0,0.0,0.0,2.074042405482113e-07,4.861714671703733e-07,9.143778243196206e-08
31517,E01964N3926E02184N3685-PS-Str_PYes_Hom-M837_E02023N3703_S000,0.46997833,0.0,0.0,0.0,1.7432652411446178e-05,6.20028337432049e-05,9.773080185183208e-06
31525,E02020N3739E02658N3366-PS-Mur_PYes_Var-M888_E02301N3474_S001,1.9516296,0.0,0.0,0.0,6.026439634412771e-07,1.3924578696891737e-06,2.3891551536281175e-07
31533,E02020N3739E02658N3366-PS-Str_PYes_Hom-M888_E02239N3505_S002,2.6855888,0.0,0.0,0.0,4.361233785983128e-07,9.92275598451668e-07,1.7197059592115816e-07
31535,E02020N3739E02658N3366-PS-Str_PYes_Var-M871_E02318N3471_S003,0.65919113,0.0,0.0,0.0,4.518911054308141e-06,1.104923813000658e-05,1.8203104816651114e-06
31541,E01964N3926E02184N3685-PS-Str_PYes_Hom-M792_E02078N3742_S000,0.21362686,1.0665620113166154e-10,1.5226040567059395e-08,3.886818916764407e-06,1.900892160630774e-05,3.4893816924048197e-05,9.359994431684874e-06
31551,E02020N3739E02658N3366-PS-Str_PYes_Hom-M888_E02165N3634_S003,1.298542,0.0,0.0,0.0,1.8000911351741978e-07,2.2692100369059888e-06,2.6584788635883505e-07
31560,E01548N3896E01854N3659-PS-Str_PYes_Hom-M809_E01816N3807_S000,0.4135208,0.0,0.0,3.351608063055109e-07,3.683526270713679e-06,1.4959746324309955e-05,2.593538198545475e-06
31561,E01964N3926E02184N3685-PS-Str_PYes_Hom-M792_E02103N3738_S000,0.22125626,1.2184068072337153e-10,1.6360732258676008e-08,3.952895691019467e-06,1.9235224021368152e-05,3.665245663778445e-05,9.741892276338569e-06
31574,E02020N3739E02658N3366-PS-Mur_PYes_Hom-M861_E02170N3650_S003,0.78126144,0.0,0.0,1.4897540705563944e-07,2.9613703106517103e-06,9.355593977628035e-06,1.9657016822643137e-06
31576,E02020N3739E02658N3366-PS-Mur_PYes_Var-M871_E02156N3661_S002,0.9887848,0.0,0.0,0.0,1.9016907404891103e-06,4.732121463916545e-06,7.513256564122383e-07
31578,E02020N3739E02658N3366-PS-Mur_PYes_Var-M895_E02245N3515_S001,1.6876488,0.0,0.0,0.0,2.9227314760235117e-07,6.846776649836358e-07,1.2939983058410998e-07
31597,E01964N3926E02184N3685-PS-Str_PYes_Var-M792_E02065N3777_S000,0.16937637,0.0,0.0,7.0821544058184246e-09,2.128805641860806e-05,6.212937689580306e-05,1.1496143365923989e-05
31637,E02020N3739E02658N3366-PS-Str_PYes_Hom-M888_E02318N3471_S004,2.409401,0.0,0.0,0.0,5.024521274657454e-07,1.1633171374406924e-06,1.9911030681898378e-07
31642,E01964N3926E02184N3685-PS-Mur_PYes_Hom-M837_E02048N3695_S000,0.40589142,0.0,0.0,0.0,2.021237947883289e-05,5.794134870381052e-05,1.1316271272069217e-05
31676,E01548N3896E01854N3659-PS-Str_PYes_Hom-M754_E01588N3786_S000,0.19836807,0.0,0.0,6.923031655187794e-06,4.2510646495823155e-05,9.358508718885492e-05,2.1823887973147114e-05
31687,E02020N3739E02658N3366-PS-Str_PYes_Var-M871_E02112N3663_S003,0.89875793,0.0,0.0,0.0,2.078013025463255e-06,4.857460545385393e-06,8.05360308469217e-07
31712,E01964N3926E02184N3685-PS-Str_PYes_Hom-M837_E02067N3699_S000,0.44098663,0.0,0.0,0.0,1.8556239806396884e-05,5.448675480913325e-05,1.0415709590812147e-05
31723,E01964N3926E02184N3685-PS-Mur_PNo_Hom-M809_E02091N3733_S000,0.23041153,0.0,7.028273215029418e-14,2.1535234346511387e-06,1.2724499386822485e-05,2.4151829615862183e-05,5.896838596147576e-06
31727,E01964N3926E02184N3685-PS-Str_PYes_Hom-M792_E02083N3755_S000,0.1968422,1.2881565422408443e-10,1.6968405177226246e-08,4.157514721980593e-06,2.0343484010318622e-05,3.901407245222094e-05,1.0287979623984952e-05
31762,E02113N3823E02873N3483-PS-Str_PYes_Hom-M809_E02219N3719_S000,0.17547989,2.7308921268513374e-07,2.899562196033255e-06,9.654286989584022e-06,1.634540387592516e-05,2.252194394555713e-05,1.0086059515469899e-05
31765,E02020N3739E02658N3366-PS-Mur_PYes_Hom-M888_E02229N3514_S003,2.3071632,0.0,0.0,0.0,4.0977387230326465e-07,9.345959177688659e-07,1.6131652797591628e-07
31773,E02020N3739E02658N3366-PS-Str_PYes_Var-M871_E02188N3566_S001,1.7364769,0.0,0.0,0.0,1.251137606349164e-06,3.0705020295837e-06,5.045990718100495e-07
31804,E02020N3739E02658N3366-PS-Str_PYes_Hom-M888_E02326N3457_S003,2.298008,0.0,0.0,0.0,1.5168484950588877e-07,1.8005691340065592e-06,2.1461722318521888e-07
31814,E01964N3926E02184N3685-PS-Str_PYes_Hom-M754_E02048N3750_S000,0.09460449,5.4709832817491714e-06,1.0320207175119856e-05,3.6454471310219e-05,0.00010949500995783198,0.00017620600558655,5.7201588973090456e-05
31832,E02113N3823E02873N3483-PS-Str_PYes_Hom-M824_E02318N3569_S000,0.27923965,1.1420232228493714e-07,1.4441548532795948e-05,6.178506587666989e-05,0.0001163799398764,0.0001625922786228,6.739132620424698e-05
31841,E02020N3739E02658N3366-PS-Mur_PYes_Var-M871_E02190N3609_S003,2.3132668,0.0,0.0,0.0,1.0859787386541337e-06,2.586533447581488e-06,4.2812767931692136e-07
31859,E01964N3926E02184N3685-PS-Mur_PNo_Hom-M707_E02015N3756_S000,0.04119873,9.134149228246408e-06,2.2917133758639592e-05,0.0001457767283615,0.000316893936461956,0.00039897259920670497,0.00016747020245966223
31881,E01517N3917E01678N3772-PS-Str_PYes_Var-M809_E01630N3865_S000,0.18005753,0.0,0.0,0.0,8.988375464424186e-06,3.393561160049116e-05,5.956329572515073e-06
31909,E02020N3739E02658N3366-PS-Str_PYes_Hom-M888_E02189N3538_S005,3.1647224,0.0,0.0,0.0,1.0434436852447562e-07,1.2386157871705076e-06,1.473329932116358e-07
31949,E02020N3739E02658N3366-PS-Mur_PYes_Var-M861_E02313N3510_S002,1.9760437,0.0,0.0,8.392334966159564e-08,1.4913650178241053e-06,5.341808973563741e-06,1.0361412593160229e-06
31964,E01964N3926E02184N3685-PS-Str_PYes_Hom-M774_E02024N3715_S000,0.1815834,0.0,0.0,3.0089519194608195e-06,2.798775446556652e-05,6.389394826758442e-05,1.3229000549067714e-05
31976,E01517N3917E01678N3772-PS-Mur_PYes_Hom-M792_E01630N3865_S000,0.10223389,2.3493298857733903e-11,1.8936013223515702e-06,8.643326242717974e-06,2.3181080341316144e-05,6.669414336383823e-05,1.523686158944105e-05
31999,E02020N3739E02658N3366-PS-Str_PYes_Var-M888_E02159N3618_S002,1.8036156,0.0,0.0,0.0,1.3299924979235447e-07,1.6397136058117907e-06,1.938916464827109e-07
32000,E01548N3896E01854N3659-PS-Str_PYes_Hom-M809_E01734N3775_S000,0.5065994,0.0,0.0,3.8622938414628627e-07,2.6878266343930607e-06,1.1944274939395736e-05,2.1170218336087348e-06
32006,E02020N3739E02658N3366-PS-Str_PYes_Var-M871_E02120N3675_S001,1.1108551,0.0,0.0,0.0,1.671641594032751e-06,3.988685351723999e-06,6.515312162273343e-07
32024,E01548N3896E01854N3659-PS-Mur_PYes_Var-M809_E01793N3787_S000,0.7049675,0.0,0.0,2.0494591122612247e-07,2.12069054891182e-06,8.97501707561939e-06,1.5213211824560488e-06
32037,E01964N3926E02184N3685-PS-Mur_PYes_Hom-M809_E02074N3729_S000,0.3112831,0.0,0.0,1.7420900369216187e-09,8.486394061263715e-06,2.7100300129710145e-05,4.250266637538834e-06
32056,E01849N3766E02950N3220-PS-Str_PYes_Hom-M861_E02079N3631_S001,0.68055344,0.0,0.0,1.0059473363060394e-07,2.292619129034276e-06,1.1134846886992736e-05,1.9876957520443776e-06
32076,E02113N3823E02873N3483-PS-Str_PNo_Hom-M792_E02119N3739_S000,0.2182045,1.9580709633679225e-06,2.994389400232818e-06,8.670401911146714e-06,1.3269048026074834e-05,2.244127583920424e-05,9.8780472692464e-06
32089,E01964N3926E02184N3685-PS-Mur_PNo_Hom-M809_E02078N3742_S000,0.23804092,0.0,6.887941366330638e-14,2.102160416827941e-06,1.2164426379074265e-05,2.3575791837465166e-05,5.707829508628199e-06
32091,E02020N3739E02658N3366-PS-Str_PYes_Var-M871_E02202N3553_S003,2.5452042,0.0,0.0,0.0,9.721373894493704e-07,2.399424602110399e-06,3.928986433591134e-07
32100,E02020N3739E02658N3366-PS-Str_PYes_Hom-M871_E02190N3609_S004,0.93995667,0.0,0.0,0.0,2.184798872123504e-06,5.203651929676979e-06,8.613178486861375e-07
32115,E01964N3926E02184N3685-PS-Str_PNo_Hom-M792_E02066N3753_S000,0.14953995,1.5963939410839378e-10,2.2267817589810405e-08,5.41316881988046e-06,2.603500256103385e-05,4.882537360776589e-05,1.3196186268423895e-05
32127,E01964N3926E02184N3685-PS-Mur_PYes_Var-M809_E02091N3733_S000,0.22735977,0.0,7.122392078811142e-14,2.1823622649861996e-06,1.2894899055110564e-05,2.447525795909076e-05,5.975805894599583e-06
32142,E01517N3917E01678N3772-PS-Str_PYes_Var-M774_E01609N3825_S000,0.16479874,1.1090807250549745e-08,1.9056457672683336e-06,7.716883749069627e-06,1.859194702611734e-05,4.848771869325403e-05,1.2143108768776616e-05
32164,E02113N3823E02873N3483-PS-Mur_PYes_Hom-M824_E02200N3695_S000,0.1968422,1.2080762290491924e-07,1.645140336595793e-05,7.072923402202319e-05,0.00013335054505660796,0.0001927195973566,7.715993703448041e-05
32165,E02020N3739E02658N3366-PS-Mur_PYes_Var-M888_E02304N3498_S004,1.9699402,0.0,0.0,0.0,5.512734312827501e-07,1.2613144145717173e-06,2.1624821748409536e-07
32174,E02113N3823E02873N3483-PS-Str_PYes_Var-M837_E02173N3709_S000,0.33722305,6.198917494502129e-11,1.3204333245250665e-06,1.2546133235370971e-05,3.2076099623341046e-05,4.55067526833056e-05,1.7026410630888124e-05
32184,E01964N3926E02184N3685-PS-Mur_PYes_Hom-M824_E02023N3703_S000,0.32806778,0.0,0.0,3.520863607909893e-11,6.417836378423693e-05,0.00019477761674073987,3.422080753642047e-05
32186,E02020N3739E02658N3366-PS-Str_PYes_Hom-M888_E02515N3431_S002,0.8636589,0.0,0.0,0.0,4.549101192127792e-07,5.401045956051997e-06,6.489627839028537e-07
32188,E02020N3739E02658N3366-PS-Mur_PYes_Var-M888_E02321N3496_S003,1.472496,0.0,0.0,0.0,8.039545655889375e-07,1.8526452265026878e-06,3.166588791132368e-07
32207,E01964N3926E02184N3685-PS-Mur_PYes_Hom-M792_E02105N3765_S000,0.16937637,1.5403739339278501e-10,1.9709185028696256e-08,4.963083958762536e-06,2.4433932464619467e-05,4.791608384381527e-05,1.2416451357171657e-05
32217,E02020N3739E02658N3366-PS-Str_PYes_Hom-M871_E02279N3514_S002,1.6388206,0.0,0.0,0.0,1.5589813210280742e-06,3.832474739687615e-06,6.276690691265998e-07
32238,E01964N3926E02184N3685-PS-Str_PYes_Var-M792_E02026N3730_S000,0.21973038,0.0,0.0,1.6121489497162847e-06,1.733877583887004e-05,4.342913308507707e-05,8.509716559132764e-06
32242,E02020N3739E02658N3366-PS-Mur_PYes_Var-M895_E02361N3475_S004,2.1286354,0.0,0.0,0.0,3.274570993527255e-07,7.616201122580574e-07,1.4332510374404194e-07
32248,E01517N3917E01678N3772-PS-Str_PNo_Var-M774_E01609N3825_S000,0.1602211,1.1407680139965727e-08,1.960091531840405e-06,7.937361050280838e-06,1.912313324556432e-05,4.987305009217083e-05,1.2490046721544947e-05
32249,E01964N3926E02184N3685-PS-Mur_PYes_Var-M754_E02048N3750_S000,0.091552734,5.729380163791114e-06,1.0807634977170325e-05,3.8176231593141374e-05,0.00011466650614331198,0.000184528290648605,5.9903244503240095e-05
32260,E02113N3823E02873N3483-PS-Mur_PYes_Hom-M824_E02340N3543_S000,0.17853165,1.8601205712248192e-07,2.2936518786262103e-05,9.89552007847128e-05,0.000185046151075928,0.0002565147127534,0.00010818199553866888
32263,E01548N3896E01854N3659-PS-Str_PYes_Hom-M792_E01647N3799_S000,0.41657257,0.0,0.0,1.111503404801324e-06,7.535515899358252e-06,1.56176596171056e-05,3.7393811879649194e-06
32268,E01964N3926E02184N3685-PS-Mur_PYes_Hom-M754_E02048N3750_S000,0.091552734,5.653348680561221e-06,1.0664212740553055e-05,3.7669615619131066e-05,0.00011314482940173199,0.00018207951622024,5.9108301176098394e-05
32295,E02113N3823E02873N3483-PS-Str_PYes_Var-M837_E02200N3695_S000,0.23651505,9.417056836658785e-11,2.0189979033466056e-06,1.9258239232431436e-05,4.8819951972284674e-05,6.949057220016954e-05,2.59846858345535e-05
32336,E02020N3739E02658N3366-PS-Str_PYes_Var-M871_E02121N3611_S001,1.1551094,0.0,0.0,0.0,1.642377092062187e-06,3.939558714718959e-06,6.513350563818586e-07
32340,E01517N3917E01678N3772-PS-Mur_PYes_Var-M792_E01619N3854_S000,0.12512589,1.8712076488133935e-11,1.5739237274437024e-06,6.977830236103766e-06,1.9039600614496836e-05,5.483453043268941e-05,1.2449251163609571e-05
32354,E02020N3739E02658N3366-PS-Mur_PYes_Var-M888_E02344N3478_S002,1.5213242,0.0,0.0,0.0,7.71045473917633e-07,1.7955659521002599e-06,3.064949860561244e-07
32362,E02020N3739E02658N3366-PS-Mur_PYes_Hom-M888_E02318N3471_S004,2.0675964,0.0,0.0,0.0,5.746045953741885e-07,1.3303702711389941e-06,2.2770268256522122e-07
32364,E02020N3739E02658N3366-PS-Mur_PYes_Hom-M888_E02351N3465_S004,0.86060715,0.0,0.0,0.0,1.4117287922494379e-06,3.3013249119807904e-06,5.626997881702514e-07
32373,E02020N3739E02658N3366-PS-Str_PYes_Var-M895_E02245N3515_S005,3.0640106,0.0,0.0,0.0,1.815829070663488e-07,4.253752417251763e-07,8.039328143591222e-08
32398,E02020N3739E02658N3366-PS-Str_PYes_Var-M895_E02359N3451_S001,4.4617386,0.0,0.0,0.0,1.7600471710071856e-08,4.148526202968925e-07,6.776010828169568e-08
32432,E01964N3926E02184N3685-PS-Mur_PYes_Hom-M754_E02015N3756_S000,0.09460449,0.0,0.0,2.3312711273858167e-05,0.00012164229379989996,0.0002527253389741849,5.5681373295161984e-05
32434,E01577N3897E01966N3571-PS-Mur_PYes_Var-M792_E01786N3720_S000,0.37537384,0.0,0.0,1.307962003455189e-07,1.416598584004572e-06,1.5544214463702587e-05,4.149792728443911e-06
32448,E02020N3739E02658N3366-PS-Str_PYes_Var-M861_E02268N3554_S003,1.460289,0.0,0.0,1.088764288985016e-07,1.9592906286092406e-06,6.829836684087321e-06,1.3395585718472841e-06
32477,E02020N3739E02658N3366-PS-Str_PYes_Var-M850_E02156N3678_S000,0.6027298,0.0,0.0,2.3300241210238366e-06,2.8944489364544837e-05,4.824057500624924e-05,1.1703186065914137e-05
32539,E02020N3739E02658N3366-PS-Str_PYes_Var-M895_E02159N3618_S004,3.2806892,0.0,0.0,0.0,1.730517994713112e-08,3.9984579957442617e-07,6.656094551148592e-08
32579,E01548N3896E01854N3659-PS-Mur_PYes_Var-M792_E01673N3781_S000,0.2471962,0.0,0.0,1.9957396667491607e-06,1.3236773747541079e-05,2.5034533579680058e-05,6.30156787070433e-06
32600,E02020N3739E02658N3366-PS-Str_PYes_Hom-M895_E02311N3485_S002,2.835125,0.0,0.0,0.0,2.340718127888001e-07,5.419089884050849e-07,1.0267644527909334e-07
32615,E01964N3926E02184N3685-PS-Str_PYes_Hom-M792_E02090N3766_S000,0.19073868,1.3402125044609034e-10,1.758387763708739e-08,4.388808785206526e-06,2.130536398450284e-05,4.178786029586448e-05,1.0891781119804905e-05
32628,E02020N3739E02658N3366-PS-Mur_PYes_Hom-M888_E02401N3479_S002,1.2161446,0.0,0.0,0.0,1.0257518795621356e-06,2.418025650050846e-06,4.092613882258454e-07
32637,E02020N3739E02658N3366-PS-Mur_PYes_Hom-M871_E02136N3678_S005,0.79499435,0.0,0.0,0.0,2.356665203845753e-06,5.719862398451613e-06,9.223840996308e-07
32655,E02020N3739E02658N3366-PS-Str_PYes_Var-M888_E02116N3637_S003,1.9745178,0.0,0.0,0.0,1.1583960782954582e-07,1.449529449186474e-06,1.703411943263229e-07
32658,E01517N3917E01678N3772-PS-Str_PYes_Var-M792_E01643N3856_S000,0.08392334,3.057034671923734e-11,2.3574119014701223e-06,1.0248227212277927e-05,2.8273020259411528e-05,7.992041665018372e-05,1.8561268315584805e-05
32690,E01517N3917E01678N3772-PS-Str_PNo_Hom-M792_E01643N3856_S000,0.15869522,1.616662179009828e-11,1.2466782586591051e-06,5.41960530842235e-06,1.4951718722577036e-05,4.226458931450506e-05,9.815819478873931e-06
32693,E02113N3823E02873N3483-PS-Mur_PNo_Var-M861_E02320N3583_S004,0.47760773,0.0,0.0,0.0,4.945934923944039e-06,1.0500648792160703e-05,3.789743736053709e-06
32718,E02020N3739E02658N3366-PS-Str_PYes_Hom-M871_E02156N3661_S003,1.0101471,0.0,0.0,0.0,1.957135458861154e-06,4.870088766529419e-06,7.732309213107537e-07
32722,E02113N3823E02873N3483-PS-Str_PNo_Hom-M809_E02210N3708_S000,0.17395401,2.726262736887006e-07,2.89464687770219e-06,9.510345870049247e-06,1.615217213650087e-05,2.2309592174888108e-05,9.967279366673046e-06
32745,E02020N3739E02658N3366-PS-Mur_PYes_Var-M895_E02337N3493_S003,2.5192642,0.0,0.0,0.0,2.756096190036391e-07,6.343419131547833e-07,1.2000914641155213e-07
32748,E01964N3926E02184N3685-PS-Mur_PYes_Hom-M837_E02071N3714_S000,0.34485245,0.0,0.0,0.0,1.4034498723407429e-05,9.565252998103151e-05,1.3319352887681323e-05
32781,E02020N3739E02658N3366-PS-Mur_PYes_Var-M871_E02092N3663_S004,0.83161545,0.0,0.0,0.0,2.2608516625053738e-06,5.299136977578032e-06,8.819806070246863e-07
32789,E02020N3739E02658N3366-PS-Str_PYes_Var-M871_E02229N3514_S003,2.6504936,0.0,0.0,0.0,9.544595928326343e-07,2.360554317802381e-06,3.8808563005322163e-07
32808,E02020N3739E02658N3366-PS-Mur_PYes_Hom-M861_E02144N3668_S001,0.71717453,0.0,0.0,1.5492886819902108e-07,2.958996542322671e-06,9.708671623779789e-06,1.9881410623801905e-06
32835,E02020N3739E02658N3366-PS-Mur_PYes_Hom-M888_E02304N3498_S003,2.122528,0.0,0.0,0.0,5.06221725825405e-07,1.1582360467966458e-06,1.9857576957181341e-07
32845,E01964N3926E02184N3685-PS-Mur_PNo_Hom-M792_E02105N3765_S000,0.16937637,1.5403739339278501e-10,1.9709185028696256e-08,4.963083958762536e-06,2.4433932464619467e-05,4.791608384381527e-05,1.2416451357171657e-05
32846,E02020N3739E02658N3366-PS-Str_PYes_Var-M888_E02309N3460_S005,2.0538635,0.0,0.0,0.0,1.6893054381592225e-07,2.0052834806951742e-06,2.3792892097978388e-07
32855,E02020N3739E02658N3366-PS-Str_PYes_Var-M895_E02482N3444_S005,3.996338,0.0,0.0,0.0,2.0631141255030993e-08,4.817032315378257e-07,7.914998108168001e-08
32858,E01548N3896E01854N3659-PS-Str_PNo_Hom-M754_E01612N3787_S000,0.18616104,0.0,2.3707766790223343e-07,8.024368412332052e-06,3.77795008147892e-05,0.00010074361723677978,2.3254933132782728e-05
32874,E02113N3823E02873N3483-PS-Str_PYes_Hom-M809_E02192N3708_S000,0.16174698,2.9125253113651915e-07,3.0578997993747386e-06,9.881043061747369e-06,1.6928832799779345e-05,2.3073542892593162e-05,1.0390554863364365e-05
32896,E02020N3739E02658N3366-PS-Str_PYes_Hom-M888_E02268N3554_S005,3.096054,0.0,0.0,0.0,1.078038378698338e-07,1.3181906559709685e-06,1.5641366048295616e-07
32909,E02113N3823E02873N3483-PS-Mur_PNo_Hom-M792_E02119N3739_S000,0.1892128,2.2580981248962007e-06,3.4532073741825226e-06,9.998931940638763e-06,1.5302209688713506e-05,2.5879860250633685e-05,1.139161983075157e-05
32926,E02113N3823E02873N3483-PS-Mur_PYes_Var-M824_E02218N3671_S000,0.17395401,1.4695211702700294e-07,1.9946020937464854e-05,8.352094997018616e-05,0.00015603191415997197,0.00022240000808855496,9.11130454496773e-05
32958,E02020N3739E02658N3366-PS-Mur_PYes_Hom-M888_E02328N3482_S004,1.0025177,0.0,0.0,0.0,1.26624280349051e-06,2.9307892500702247e-06,5.008729275629487e-07
32973,E01964N3926E02184N3685-PS-Str_PYes_Var-M754_E02037N3774_S000,0.06561279,8.076083216049603e-06,1.590304595377759e-05,5.3642965948315644e-05,0.000162911482427596,0.0002637840481885899,8.469520281257373e-05
32982,E01964N3926E02184N3685-PS-Str_PYes_Hom-M792_E02040N3720_S000,0.28076553,0.0,0.0,1.3225571528412793e-06,1.4169439319345016e-05,3.510038943392012e-05,6.750868848671984e-06
32993,E02020N3739E02658N3366-PS-Mur_PYes_Hom-M895_E02425N3440_S004,3.1525154,0.0,0.0,0.0,2.1639031831588917e-07,5.145809153247356e-07,9.590200159562345e-08
33001,E02020N3739E02658N3366-PS-Mur_PYes_Var-M895_E02386N3481_S005,3.2181282,0.0,0.0,0.0,0.0,7.166243560548746e-07,8.960056774780673e-08
33002,E01548N3896E01854N3659-PS-Mur_PYes_Hom-M837_E01760N3738_S000,0.67139816,0.0,0.0,0.0,1.3596471818841827e-05,3.323750140081321e-05,6.0352901900239505e-06
33005,E02020N3739E02658N3366-PS-Str_PYes_Var-M895_E02335N3468_S004,2.273594,0.0,0.0,0.0,3.003212083823438e-07,7.017370282484613e-07,1.317344265249413e-07
33013,E02020N3739E02658N3366-PS-Str_PYes_Var-M895_E02206N3569_S001,2.7130547,0.0,0.0,0.0,2.1572274863559153e-08,4.982635186060487e-07,8.254390890798058e-08
33058,E02113N3823E02873N3483-PS-Str_PYes_Hom-M809_E02200N3695_S000,0.16174698,3.0585256947788355e-07,3.0448979472042558e-06,9.94474613504115e-06,1.7002037380246336e-05,2.3308917879177546e-05,1.0499506554423735e-05
33069,E02020N3739E02658N3366-PS-Str_PYes_Var-M895_E02133N3599_S003,2.3620949,0.0,0.0,0.0,2.3105468607154098e-08,5.338953100915253e-07,8.88729133751505e-08
33093,E01964N3926E02184N3685-PS-Str_PYes_Hom-M754_E02074N3729_S000,0.119018555,4.574003138875565e-06,8.95012155866698e-06,3.060262314279457e-05,9.165891293827995e-05,0.00014715796351013,4.8510710635925276e-05
33095,E02020N3739E02658N3366-PS-Str_PYes_Var-M861_E02296N3538_S004,2.247654,0.0,0.0,7.28791655033093e-08,1.2966502969245906e-06,4.6197303210767075e-06,8.947198922444814e-07
33097,E02113N3823E02873N3483-PS-Str_PYes_Hom-M792_E02138N3737_S000,0.19379044,2.3076570537878147e-06,3.4679683324788624e-06,1.0025262790604432e-05,1.565421166637939e-05,2.6427676869622115e-05,1.152150482981251e-05
33118,E01964N3926E02184N3685-PS-Str_PYes_Var-M792_E02009N3723_S000,0.23193741,0.0,0.0,1.5770619769377322e-06,1.6738382341229123e-05,4.186836160388518e-05,8.061876952554924e-06
33157,E02020N3739E02658N3366-PS-Str_PYes_Var-M895_E02393N3468_S003,1.3275337,0.0,0.0,0.0,5.365367220812052e-07,1.263160391991635e-06,2.361492356448125e-07
33167,E01577N3897E01966N3571-PS-Mur_PYes_Hom-M754_E01806N3778_S000,0.20447159,0.0,0.0,1.097323124992001e-06,1.3677077292803092e-05,9.108643881767823e-05,2.1172440323514964e-05
33204,E02020N3739E02658N3366-PS-Str_PYes_Var-M871_E02133N3599_S003,2.609291,0.0,0.0,0.0,8.017639084836393e-07,1.9204002588814222e-06,3.175165429731636e-07
33214,E02020N3739E02658N3366-PS-Str_PYes_Var-M888_E02267N3478_S001,2.8778534,0.0,0.0,0.0,1.1401594119722834e-07,1.3751108754641213e-06,1.6046979972099483e-07
33231,E02113N3823E02873N3483-PS-Mur_PNo_Hom-M809_E02165N3722_S000,0.18616104,2.3254974648447196e-07,2.4603912223023208e-06,7.921471919484398e-06,1.3520205450093954e-05,1.8579688129694214e-05,8.354764385788882e-06
33239,E02020N3739E02658N3366-PS-Str_PYes_Hom-M895_E02168N3560_S005,2.5329971,0.0,0.0,0.0,2.2268902509073893e-08,5.132571079683753e-07,8.508880445625134e-08
33296,E01964N3926E02184N3685-PS-Mur_PYes_Hom-M809_E02088N3719_S000,0.3112831,0.0,0.0,1.1066168609441155e-06,8.016251759280472e-06,1.6382931494956398e-05,4.364725938276367e-06
33304,E02113N3823E02873N3483-PS-Str_PYes_Var-M837_E02318N3569_S000,0.50507355,5.883938012189851e-11,1.0870383776667806e-06,1.1052722961904066e-05,2.8227620562101024e-05,4.047684948950969e-05,1.4845246592093239e-05
33319,E01548N3896E01854N3659-PS-Mur_PYes_Var-M774_E01616N3730_S000,0.52033234,0.0,0.0,1.342639544911515e-06,8.590325025213062e-06,1.5033103715846827e-05,3.845943968766834e-06
33345,E02020N3739E02658N3366-PS-Str_PYes_Hom-M871_E02202N3553_S005,1.5945663,0.0,0.0,0.0,1.37430204214618e-06,3.3920453697639056e-06,5.554373422780643e-07
33355,E02020N3739E02658N3366-PS-Str_PYes_Hom-M871_E02171N3606_S002,1.9516296,0.0,0.0,0.0,1.068321471281876e-06,2.558101464351332e-06,4.245426980930365e-07
33358,E01548N3896E01854N3659-PS-Str_PYes_Hom-M792_E01624N3779_S000,0.4074173,0.0,0.0,1.1367735405177891e-06,7.696841013409004e-06,1.5850604190647595e-05,3.823410620217164e-06
33389,E01964N3926E02184N3685-PS-Str_PYes_Var-M809_E02009N3723_S000,0.28839493,0.0,0.0,1.7626852557751872e-09,8.75148086336847e-06,2.691831490584988e-05,4.463913858663434e-06
33394,E02020N3739E02658N3366-PS-Str_PYes_Hom-M895_E02183N3593_S001,3.520256,0.0,0.0,0.0,2.1395275036112167e-08,4.94091344471254e-07,8.191383278614147e-08
33402,E02020N3739E02658N3366-PS-Mur_PYes_Var-M871_E02189N3538_S002,1.9958801,0.0,0.0,0.0,1.2683780306748863e-06,3.1359398469937973e-06,5.153785258368535e-07
33457,E02020N3739E02658N3366-PS-Str_PYes_Hom-M895_E02425N3440_S002,1.9317932,0.0,0.0,0.0,3.694633270216516e-07,8.785918819167594e-07,1.637424116444544e-07
33513,E01964N3926E02184N3685-PS-Str_PYes_Hom-M732_E02033N3761_S000,0.06561279,9.77856547565442e-06,2.2921473635318102e-05,0.0001174221125611,0.00026001503696779595,0.00034917215996453996,0.00013794259224347998
33514,E02113N3823E02873N3483-PS-Mur_PYes_Hom-M809_E02202N3721_S000,0.15106583,2.968513957923015e-07,3.1518604364335592e-06,1.0546415728965994e-05,1.7808393345289516e-05,2.4701998403172964e-05,1.100575009797817e-05
33526,E01517N3917E01678N3772-PS-Str_PNo_Hom-M754_E01585N3824_S000,0.10681152,4.9974215368109536e-06,9.262823773910948e-06,2.7301497125192555e-05,6.666958023912776e-05,0.00013845714172021,4.053085788058474e-05
33563,E02020N3739E02658N3366-PS-Str_PYes_Hom-M888_E02189N3538_S002,3.0273895,0.0,0.0,0.0,8.497011147502737e-08,1.0086344188850004e-06,1.1997677530824907e-07
33578,E02113N3823E02873N3483-PS-Str_PYes_Var-M809_E02138N3737_S000,0.23346329,1.8256718132460332e-07,1.884051993839387e-06,6.136586179748263e-06,1.0335255849883563e-05,1.4320949299641454e-05,6.431927436927392e-06
33582,E01964N3926E02184N3685-PS-Str_PYes_Hom-M824_E02043N3735_S000,0.36621475,0.0,0.0,3.0616181997636997e-11,6.221806376284167e-05,0.00018971502629223,3.111122214829535e-05
33584,E02020N3739E02658N3366-PS-Str_PYes_Var-M871_E02128N3626_S004,1.2893867,0.0,0.0,0.0,1.4955052718344705e-06,3.557829676308709e-06,5.908934140290752e-07
33621,E02113N3823E02873N3483-PS-Mur_PYes_Var-M837_E02226N3659_S000,0.37537384,0.0,0.0,1.1845502200872768e-05,3.3986831646758854e-05,4.815550901226483e-05,1.6553125056312083e-05
33627,E02020N3739E02658N3366-PS-Str_PYes_Var-M895_E02184N3552_S005,3.346302,0.0,0.0,0.0,1.7326732193937224e-08,3.9830424952275535e-07,6.609778630286317e-08
33634,E01964N3926E02184N3685-PS-Str_PYes_Hom-M824_E02040N3720_S000,0.30365372,0.0,0.0,3.759508326246052e-11,7.114091130820183e-05,0.00021590854519074485,3.697214128101253e-05
33638,E02020N3739E02658N3366-PS-Str_PYes_Hom-M871_E02301N3474_S002,2.5421524,0.0,0.0,0.0,1.0423974185501516e-06,2.5810333347293334e-06,4.233463206092088e-07
33647,E01849N3766E02950N3220-PS-Str_PYes_Var-M861_E02099N3565_S001,2.8183403,0.0,0.0,0.0,4.441752836111475e-07,6.187914378450948e-06,6.745487419606681e-07
33658,E01964N3926E02184N3685-PS-Str_PYes_Hom-M754_E02057N3724_S000,0.12207031,4.5199976958713866e-06,8.022950367106838e-06,2.9225833656139284e-05,9.082324555168068e-05,0.0001461393387384499,4.6105514569801584e-05
33663,E01964N3926E02184N3685-PS-Str_PYes_Var-M774_E02065N3777_S000,0.10223389,1.1926920399451372e-07,1.7125727138090828e-06,1.2094043498143157e-05,5.256523360128239e-05,9.537417521920755e-05,2.5447711462139343e-05
33670,E02020N3739E02658N3366-PS-Str_PYes_Var-M871_E02194N3581_S002,1.4999619,0.0,0.0,0.0,1.478154685962196e-06,3.578937716802365e-06,5.904746616985381e-07
33692,E01964N3926E02184N3685-PS-Str_PYes_Hom-M792_E02023N3703_S000,0.24567032,0.0,0.0,1.3583405867348602e-06,1.5932747172386654e-05,3.6444809840013e-05,7.611197660390797e-06
33730,E02020N3739E02658N3366-PS-Mur_PYes_Hom-M888_E02408N3442_S004,1.9760437,0.0,0.0,0.0,6.231744793915757e-07,1.461868111464834e-06,2.4958979490834113e-07
33765,E02020N3739E02658N3366-PS-Str_PYes_Var-M888_E02140N3614_S004,2.3437843,0.0,0.0,0.0,9.95772595443773e-08,1.2310560640811083e-06,1.454004322485452e-07
33768,E01964N3926E02184N3685-PS-Str_PYes_Var-M792_E02024N3715_S000,0.22430801,0.0,0.0,1.579364551048131e-06,1.6762821054730735e-05,4.301324102145929e-05,8.33606523570603e-06
33774,E02020N3739E02658N3366-PS-Mur_PYes_Var-M895_E02393N3468_S001,1.560997,0.0,0.0,0.0,4.237088842102594e-07,9.97531498297641e-07,1.8648961948782543e-07
33780,E01964N3926E02184N3685-PS-Str_PYes_Hom-M792_E02117N3755_S000,0.1815834,1.5226606890513775e-10,1.9239420318385804e-08,4.873067552513273e-06,2.381919405785316e-05,4.705975359359258e-05,1.2155232300748561e-05
33797,E01517N3917E01678N3772-PS-Str_PYes_Hom-M754_E01585N3824_S000,0.10681152,4.9974215368109536e-06,9.262823773910948e-06,2.7301497125192555e-05,6.666958023912776e-05,0.00013845714172021,4.053085788058474e-05
33799,E02020N3739E02658N3366-PS-Mur_PYes_Var-M871_E02105N3673_S003,1.0788116,0.0,0.0,0.0,0.0,6.310724266593208e-06,6.620569496862592e-07
33836,E02020N3739E02658N3366-PS-Mur_PYes_Hom-M888_E02425N3440_S003,1.3855209,0.0,0.0,0.0,8.988735469107619e-07,2.0964430066708923e-06,3.592318099876264e-07
33841,E01964N3926E02184N3685-PS-Str_PYes_Hom-M792_E02105N3765_S000,0.18463516,1.4130722143653009e-10,1.8080351217589324e-08,4.552917889103916e-06,2.241462952141156e-05,4.3956136370238605e-05,1.1390313759139127e-05
33859,E01964N3926E02184N3685-PS-Str_PYes_Hom-M809_E02088N3719_S000,0.312809,0.0,0.0,1.115835886406915e-06,8.083033706757727e-06,1.6519414742173905e-05,4.4010876827818445e-06
33880,E01964N3926E02184N3685-PS-Str_PYes_Var-M809_E02093N3745_S000,0.21515274,0.0,7.672374271871207e-14,2.2361910276295784e-06,1.3305642052608915e-05,2.5861044918510865e-05,6.398620731175788e-06
33884,E01548N3896E01854N3659-PS-Str_PYes_Var-M809_E01716N3841_S000,0.28534317,0.0,0.0,7.2305857897456e-07,5.237898919690719e-06,2.1487917783174084e-05,3.7585689914816794e-06
33891,E02113N3823E02873N3483-PS-Mur_PNo_Var-M837_E02209N3683_S000,0.2609291,7.954317384121174e-11,1.6867992349294724e-06,1.6102656030848663e-05,4.115936001326572e-05,5.7909880282530236e-05,2.174461732642729e-05
33915,E01964N3926E02184N3685-PS-Str_PYes_Var-M754_E02037N3706_S000,0.12054443,0.0,0.0,1.4573657784157508e-05,9.559372770017702e-05,0.0001746714323255749,4.5495921752845706e-05
33937,E02020N3739E02658N3366-PS-Mur_PYes_Hom-M871_E02245N3574_S004,1.6144028,0.0,0.0,0.0,1.488790240247779e-06,3.6374784218417503e-06,5.958061719622946e-07
33946,E02020N3739E02658N3366-PS-Str_PYes_Hom-M895_E02375N3448_S003,2.0523376,0.0,0.0,0.0,3.371957707756036e-07,7.978182111653946e-07,1.4865537346029875e-07
34013,E02020N3739E02658N3366-PS-Str_PYes_Hom-M850_E02450N3491_S000,0.21210098,0.0,0.0,0.0,2.500371286449545e-05,0.00035637524615000986,5.231607854537076e-05
34032,E02020N3739E02658N3366-PS-Str_PYes_Var-M871_E02260N3540_S005,1.7563133,0.0,0.0,0.0,1.4616084605022729e-06,3.537557592799042e-06,5.85678878476118e-07
34047,E02020N3739E02658N3366-PS-Mur_PYes_Var-M888_E02218N3525_S004,1.498436,0.0,0.0,0.0,6.189300153173247e-07,1.3966658699556678e-06,2.4234333851330506e-07
34062,E02020N3739E02658N3366-PS-Mur_PYes_Hom-M861_E02097N3634_S005,0.8941803,0.0,0.0,1.2516441504085183e-07,2.2704336476464065e-06,8.16415024342874e-06,1.5538366517989087e-06
34075,E02020N3739E02658N3366-PS-Mur_PYes_Hom-M871_E02190N3609_S005,1.2024117,0.0,0.0,0.0,1.6674474458270182e-06,3.971448461376825e-06,6.573613091629856e-07
34079,E02020N3739E02658N3366-PS-Mur_PYes_Var-M895_E02321N3496_S005,2.7634087,0.0,0.0,0.0,2.129093100240797e-07,4.897382950636845e-07,9.320533321393942e-08
34099,E01964N3926E02184N3685-PS-Str_PNo_Hom-M809_E02099N3756_S000,0.22125626,0.0,0.0,2.1638611378867484e-12,1.2363017082368213e-05,3.291267226977695e-05,6.3016409163040346e-06
34108,E02020N3739E02658N3366-PS-Str_PYes_Var-M902_E02417N3454_S004,0.7782097,0.0,0.0,0.0,7.267307951135179e-08,5.017124834404705e-06,6.937308061645135e-07
34153,E01517N3917E01678N3772-PS-Mur_PNo_Var-M732_E01551N3793_S000,0.091552734,9.031751532287704e-06,2.0977308806489612e-05,5.617328509002577e-05,0.000123818378599396,0.0002123420765805,7.507149913420475e-05
34173,E02020N3739E02658N3366-PS-Mur_PYes_Hom-M871_E02122N3652_S001,0.9811554,0.0,0.0,0.0,1.923018557115866e-06,4.607059649040387e-06,7.570973035360832e-07
34181,E02113N3823E02873N3483-PS-Mur_PYes_Hom-M809_E02192N3708_S000,0.14038467,3.319733155564086e-07,3.485432834099149e-06,1.1262537748818292e-05,1.9295697555358223e-05,2.6299515770033846e-05,1.1843285739017332e-05
34192,E02020N3739E02658N3366-PS-Mur_PYes_Var-M888_E02409N3467_S003,0.80872726,0.0,0.0,0.0,1.5675242543927066e-06,3.6784066254787494e-06,6.264910499698854e-07
34207,E02020N3739E02658N3366-PS-Str_PYes_Var-M880_E02133N3599_S002,2.8870087,0.0,0.0,0.0,2.857307970243036e-07,6.269694476129929e-07,1.0869416903829726e-07
34239,E02113N3823E02873N3483-PS-Str_PNo_Hom-M809_E02195N3735_S000,0.16479874,2.681382727640668e-07,2.8469949119255943e-06,9.573487139034771e-06,1.6085866194309743e-05,2.2396155222938368e-05,9.979211956649034e-06
34248,E02020N3739E02658N3366-PS-Str_PYes_Var-M888_E02164N3590_S005,2.7801933,0.0,0.0,0.0,9.021069974021092e-08,1.0995689856537744e-06,1.3064770722194287e-07
34250,E01517N3917E01678N3772-PS-Str_PNo_Hom-M774_E01606N3863_S000,0.11444092,1.4353786377389293e-08,2.8305794210492976e-06,1.1298904731966014e-05,2.646497262338096e-05,7.000623688456995e-05,1.748648145066717e-05
34270,E02020N3739E02658N3366-PS-Mur_PYes_Hom-M880_E02159N3618_S002,0.9323273,0.0,0.0,0.0,8.040420938501972e-07,1.7251355715407092e-06,3.0057231671953594e-07
34314,E02020N3739E02658N3366-PS-Mur_PYes_Hom-M861_E02120N3675_S004,0.83771896,0.0,0.0,1.2640941647480382e-07,2.3802570041162004e-06,7.92203760611108e-06,1.6151584495224857e-06
34354,E02020N3739E02658N3366-PS-Mur_PYes_Var-M861_E02263N3578_S004,1.4557114,0.0,0.0,1.0695790080324589e-07,2.022502944473148e-06,6.689740292528462e-06,1.3564426068901416e-06
34359,E02020N3739E02658N3366-PS-Str_PYes_Hom-M888_E02152N3603_S004,2.04776,0.0,0.0,0.0,1.1586695191548637e-07,1.424136663652881e-06,1.6861671078244895e-07
34363,E02020N3739E02658N3366-PS-Str_PYes_Hom-M871_E02146N3630_S001,0.83008957,0.0,0.0,0.0,2.361157326334858e-06,5.648970873582906e-06,9.293809574860123e-07
34420,E02020N3739E02658N3366-PS-Str_PYes_Hom-M871_E02250N3552_S003,2.1393166,0.0,0.0,0.0,1.1763167015078335e-06,2.8978345427665015e-06,4.7633638979192453e-07
34424,E02020N3739E02658N3366-PS-Mur_PYes_Var-M871_E02121N3611_S004,1.1184845,0.0,0.0,0.0,1.6962517827287202e-06,4.068787567303377e-06,6.727007189038434e-07
34439,E01964N3926E02184N3685-PS-Str_PNo_Hom-M792_E02091N3733_S000,0.23498917,1.0239533617533776e-10,1.4791415007428834e-08,3.6462179790435883e-06,1.7840439257311434e-05,3.340975042517231e-05,8.840811447804752e-06
34480,E01964N3926E02184N3685-PS-Mur_PYes_Hom-M707_E02015N3756_S000,0.04119873,9.134149228246408e-06,2.2917133758639592e-05,0.0001457767283615,0.000316893936461956,0.00039897259920670497,0.00016747020245966223
34492,E01517N3917E01678N3772-PS-Str_PYes_Hom-M732_E01562N3822_S000,0.0869751,9.696379387040696e-06,2.146253534847173e-05,5.774008469766411e-05,0.00013001852221593594,0.00022303422056658487,7.902262821445346e-05
34504,E02020N3739E02658N3366-PS-Str_PYes_Var-M888_E02223N3573_S001,1.9028015,0.0,0.0,0.0,1.4153400355124395e-07,1.725476136599344e-06,2.0499952754950905e-07
34509,E02020N3739E02658N3366-PS-Mur_PYes_Hom-M871_E02335N3468_S005,2.0935364,0.0,0.0,0.0,1.2808139150259036e-06,3.140474951522468e-06,5.140634560093829e-07
34531,E02020N3739E02658N3366-PS-Mur_PYes_Var-M871_E02229N3514_S004,2.1072693,0.0,0.0,0.0,1.200497128294643e-06,2.9690504459125863e-06,4.881251002241277e-07
34569,E02020N3739E02658N3366-PS-Mur_PYes_Hom-M888_E02304N3498_S002,2.02182,0.0,0.0,0.0,5.879244683367419e-07,1.34517204079113e-06,2.3062533232786152e-07
34575,E02020N3739E02658N3366-PS-Str_PYes_Var-M871_E02239N3505_S001,2.2903786,0.0,0.0,0.0,1.095821862763172e-06,2.737943409950345e-06,4.4910453178519053e-07
34594,E02113N3823E02873N3483-PS-Mur_PNo_Hom-M809_E02219N3719_S000,0.16174698,2.9024016506060807e-07,3.08166478677612e-06,1.0260609790654994e-05,1.7371952089519783e-05,2.393640035786045e-05,1.0719499132894401e-05
34598,E02020N3739E02658N3366-PS-Str_PYes_Var-M871_E02253N3503_S001,2.5665665,0.0,0.0,0.0,9.488132207136808e-07,2.350262894382408e-06,3.858981931788989e-07
34662,E02020N3739E02658N3366-PS-Str_PYes_Hom-M850_E02246N3619_S000,0.57831573,0.0,0.0,2.9071872450546244e-06,3.6084750158119706e-05,5.9958423865716564e-05,1.4576081284472828e-05
34711,E02020N3739E02658N3366-PS-Str_PYes_Var-M861_E02260N3540_S001,1.8829651,0.0,0.0,8.583177134123122e-08,1.535308624339179e-06,5.5190839608793545e-06,1.0582172657683397e-06
34714,E01548N3896E01854N3659-PS-Mur_PYes_Var-M792_E01633N3827_S000,0.18768692,1.8609828386263094e-12,2.5533660774519156e-07,2.1893635851921512e-06,1.3442163986823008e-05,4.187907825016048e-05,8.29958545688817e-06
34745,E02113N3823E02873N3483-PS-Str_PNo_Hom-M809_E02226N3707_S000,0.14648819,3.240601124536303e-07,3.4407527198674404e-06,1.1159069353589259e-05,1.899014620444504e-05,2.627178777139785e-05,1.1715988632385452e-05
34771,E01964N3926E02184N3685-PS-Str_PYes_Hom-M809_E02061N3739_S000,0.27313614,0.0,0.0,1.962474721808457e-09,9.523985544209171e-06,3.035219052844034e-05,4.777785531041166e-06
34806,E01964N3926E02184N3685-PS-Str_PNo_Hom-M774_E02078N3742_S000,0.18616104,7.005481026752064e-08,9.189523427776302e-07,6.874447247771503e-06,2.878474962665355e-05,5.0914176218053415e-05,1.4336499691108715e-05
34808,E01577N3897E01966N3571-PS-Mur_PYes_Hom-M809_E01694N3658_S000,0.43793488,0.0,0.0,5.334672260345518e-08,8.62196089935767e-07,6.70208403787249e-06,2.44895311990913e-06
34824,E01964N3926E02184N3685-PS-Str_PNo_Hom-M792_E02074N3729_S000,0.16174698,1.441575047822143e-10,2.0574484296782353e-08,5.223812777420732e-06,2.5226135484071877e-05,4.539381370237659e-05,1.2520390667305955e-05
34874,E02113N3823E02873N3483-PS-Str_PYes_Hom-M809_E02195N3735_S000,0.15869522,2.784508208640966e-07,2.9564898067316273e-06,9.941681673849212e-06,1.6704525616366307e-05,2.3257507187398536e-05,1.0363010592489004e-05
34880,E02020N3739E02658N3366-PS-Str_PYes_Var-M850_E02057N3668_S000,0.56153107,0.0,0.0,2.378399118684102e-06,2.7833394691777623e-05,4.3135444722852876e-05,1.118227674443566e-05
34933,E02020N3739E02658N3366-PS-Str_PYes_Var-M895_E02294N3487_S004,3.8117027,0.0,0.0,0.0,1.797316256874099e-08,4.211310598873461e-07,6.904212390967691e-08
34936,E02020N3739E02658N3366-PS-Str_PYes_Hom-M895_E02260N3491_S002,3.2944221,0.0,0.0,0.0,1.983171714549701e-08,4.694713831918218e-07,7.647969913711391e-08
34944,E02020N3739E02658N3366-PS-Mur_PYes_Var-M880_E02159N3618_S002,1.2497139,0.0,0.0,0.0,6.158141397236233e-07,1.321277686853164e-06,2.3020770188664187e-07
34955,E01548N3896E01854N3659-PS-Mur_PYes_Var-M809_E01694N3821_S000,0.29907608,0.0,0.0,6.551258540129171e-07,5.1926624436438e-06,1.973096406374917e-05,3.5859838429508734e-06
34962,E02020N3739E02658N3366-PS-Mur_PYes_Var-M861_E02330N3507_S005,2.009613,0.0,0.0,8.261737989199057e-08,1.4857336714598185e-06,5.189108490287355e-06,1.0188347376519534e-06
34965,E01964N3926E02184N3685-PS-Str_PNo_Hom-M792_E02088N3719_S000,0.18463516,1.2684778843882257e-10,1.8186929914925913e-08,4.593213217695382e-06,2.2466900194270303e-05,4.0511605700569255e-05,1.1110279451842325e-05
34973,E01517N3917E01678N3772-PS-Mur_PNo_Hom-M792_E01630N3865_S000,0.119018555,2.0180141921221392e-11,1.62655502995432e-06,7.424395837540982e-06,1.991195421331806e-05,5.728856073158395e-05,1.3088073802275368e-05
35001,E02020N3739E02658N3366-PS-Mur_PYes_Hom-M871_E02237N3564_S004,1.7593651,0.0,0.0,0.0,1.2431372332434475e-06,3.0218452789229103e-06,4.979641756554412e-07
35028,E02020N3739E02658N3366-PS-Str_PYes_Hom-M880_E02164N3590_S003,1.8188744,0.0,0.0,0.0,4.4066382447100297e-07,9.54167571730799e-07,1.6637728490738365e-07
35048,E02020N3739E02658N3366-PS-Str_PYes_Var-M880_E02321N3496_S001,1.1032257,0.0,0.0,0.0,1.022544868638795e-06,2.1878881517544393e-06,3.8268193689784245e-07
35066,E01964N3926E02184N3685-PS-Str_PYes_Var-M792_E02078N3742_S000,0.19836807,1.1486042777908811e-10,1.6397260678310706e-08,4.185801469980189e-06,2.0471129143484095e-05,3.7577925110925266e-05,1.0079985533199824e-05
35125,E02113N3823E02873N3483-PS-Str_PNo_Hom-M809_E02157N3736_S000,0.22888565,1.8631931319051016e-07,1.9782708793443783e-06,6.477098484753038e-06,1.1022518393658604e-05,1.5195180888505832e-05,6.795034150019843e-06
35132,E02020N3739E02658N3366-PS-Str_PYes_Var-M895_E02242N3492_S005,2.0279236,0.0,0.0,0.0,3.861949814684025e-08,9.139509332241225e-07,1.490806093246307e-07
35134,E02020N3739E02658N3366-PS-Mur_PYes_Var-M861_E02247N3453_S002,1.5655746,0.0,0.0,9.10498907750312e-08,1.6548225191262658e-06,6.908580548729054e-06,1.3078024806012393e-06
35216,E01964N3926E02184N3685-PS-Str_PYes_Var-M774_E02057N3724_S000,0.15869522,0.0,0.0,5.622475581961202e-06,3.479254150404982e-05,6.670807041425864e-05,1.597480133792446e-05
35221,E02020N3739E02658N3366-PS-Mur_PYes_Hom-M871_E02267N3478_S004,1.0925446,0.0,0.0,0.0,2.400107568948328e-06,6.034975927789384e-06,9.850491141967297e-07
35225,E02020N3739E02658N3366-PS-Mur_PYes_Var-M850_E02076N3673_S000,0.46387482,0.0,0.0,2.8767559662165227e-06,3.366545320784128e-05,5.223463195584027e-05,1.353648151128874e-05
35231,E01964N3926E02184N3685-PS-Str_PYes_Var-M809_E02053N3710_S000,0.25635147,0.0,0.0,2.1175191483546196e-09,1.0197145960351858e-05,3.263808814852459e-05,5.229610515692069e-06
35332,E01964N3926E02184N3685-PS-Str_PYes_Var-M707_E01991N3732_S000,0.050354004,0.0,0.0,4.3218085692458736e-05,0.0003132973436036,0.0005121375223755949,0.00013520278906332196
35336,E02020N3739E02658N3366-PS-Mur_PYes_Hom-M895_E02296N3512_S005,2.0325012,0.0,0.0,0.0,3.404780336203914e-07,7.861041989647132e-07,1.4875466724495845e-07
35337,E02113N3823E02873N3483-PS-Mur_PYes_Hom-M809_E02132N3749_S000,0.2548256,1.615884270891417e-07,1.6673028774556862e-06,5.424501873888272e-06,9.125821219642058e-06,1.265136503226834e-05,5.6821552498319144e-06
35353,E02113N3823E02873N3483-PS-Str_PNo_Hom-M809_E02219N3719_S000,0.18005753,2.661464527869393e-07,2.8258464899495037e-06,9.408845597381448e-06,1.59298539044204e-05,2.1949367505363272e-05,9.829641150034348e-06
35354,E02113N3823E02873N3483-PS-Mur_PNo_Var-M837_E02227N3683_S000,0.29907608,0.0,0.0,9.380889322125947e-06,4.448349990241676e-05,6.833531880657495e-05,2.009919863635828e-05
35383,E02020N3739E02658N3366-PS-Str_PYes_Var-M861_E02201N3643_S003,1.1505318,0.0,0.0,1.0882297341686037e-07,2.247034612695789e-06,6.841498878321016e-06,1.4617650681937226e-06
35394,E02020N3739E02658N3366-PS-Mur_PYes_Var-M871_E02140N3655_S001,0.92622375,0.0,0.0,0.0,2.026195128094108e-06,4.824552098914065e-06,7.918820281182527e-07
35400,E01964N3926E02184N3685-PS-Str_PNo_Var-M824_E02093N3745_S000,0.23346329,0.0,0.0,7.908637437476758e-06,7.45443247461397e-05,0.00023543228612569493,5.303204265229152e-05
35414,E02020N3739E02658N3366-PS-Str_PYes_Hom-M871_E02425N3440_S003,0.5859451,0.0,0.0,0.0,5.40213682095402e-06,1.3334112250428526e-05,2.177837970181782e-06
35459,E01964N3926E02184N3685-PS-Mur_PNo_Var-M792_E02093N3745_S000,0.16327286,1.5953871755827953e-10,2.0972289576378452e-08,5.145755315365002e-06,2.5185836231143145e-05,4.83212057387082e-05,1.2724062628364309e-05
35464,E02020N3739E02658N3366-PS-Str_PYes_Hom-M880_E02219N3560_S002,2.5040054,0.0,0.0,0.0,4.102789323076273e-07,8.90986891750324e-07,1.5516550619825395e-07
35473,E02020N3739E02658N3366-PS-Str_PYes_Var-M871_E02370N3485_S003,0.9933624,0.0,0.0,0.0,9.901989545655212e-07,8.800003439274046e-06,1.1409538403438185e-06
35474,E02020N3739E02658N3366-PS-Mur_PYes_Var-M871_E02112N3663_S002,0.91249084,0.0,0.0,0.0,2.020159395220361e-06,4.722224758665759e-06,7.829384001714611e-07
35479,E01964N3926E02184N3685-PS-Str_PYes_Var-M809_E02037N3706_S000,0.2914467,0.0,0.0,1.6015331392072263e-09,8.771731633485612e-06,2.466280916366669e-05,4.417015502239454e-06
35507,E02020N3739E02658N3366-PS-Mur_PYes_Hom-M871_E02313N3510_S004,1.8432884,0.0,0.0,0.0,1.4111953208627671e-06,3.4377708203800878e-06,5.631334705711204e-07
35510,E02020N3739E02658N3366-PS-Mur_PYes_Var-M871_E02128N3626_S005,0.9796295,0.0,0.0,0.0,1.8699848631198432e-06,4.448722291760835e-06,7.388551286055784e-07
35570,E01964N3926E02184N3685-PS-Mur_PYes_Var-M774_E02057N3724_S000,0.13580704,0.0,0.0,6.570059836215467e-06,4.065630454118968e-05,7.79507190011267e-05,1.8667115424840556e-05
35632,E02020N3739E02658N3366-PS-Str_PYes_Hom-M888_E02417N3454_S004,0.77973557,0.0,0.0,0.0,4.963653633101819e-07,5.892085829782022e-06,7.072217641800856e-07
35653,E02020N3739E02658N3366-PS-Mur_PYes_Var-M895_E02408N3442_S003,2.4811172,0.0,0.0,0.0,2.600685917527887e-07,6.182107281091238e-07,1.1507971118101546e-07
35655,E02020N3739E02658N3366-PS-Str_PYes_Hom-M861_E02256N3567_S001,1.4160385,0.0,0.0,1.1041282517458363e-07,1.9544573353236365e-06,7.042362342667265e-06,1.3556907371433963e-06
35659,E02113N3823E02873N3483-PS-Str_PYes_Hom-M809_E02218N3671_S000,0.19379044,2.753957595859873e-07,2.6645328024769937e-06,8.678839842188304e-06,1.4650274331802069e-05,2.065167631840514e-05,9.13309691878018e-06
35674,E01577N3897E01966N3571-PS-Mur_PYes_Var-M732_E01739N3699_S000,0.23041153,0.0,0.0,1.8664910950609557e-06,2.1445583111652695e-05,0.00014134796907188497,2.9829240712108685e-05
35685,E02020N3739E02658N3366-PS-Str_PYes_Var-M871_E02218N3525_S003,2.5406265,0.0,0.0,0.0,9.569590663762104e-07,2.3770312973986702e-06,3.8981548935854807e-07
35691,E02020N3739E02658N3366-PS-Str_PNo_Var-M809_E02127N3724_S000,0.26703262,1.5140256126014027e-17,1.9247022660772156e-08,2.1037150393743122e-06,8.176213015014334e-06,2.8220270247845214e-05,5.55605944872533e-06
35710,E02113N3823E02873N3483-PS-Mur_PYes_Var-M837_E02318N3569_S000,0.4516678,6.519889009613777e-11,1.2045282524892363e-06,1.224732939339793e-05,3.127853364347307e-05,4.485169041273206e-05,1.6449758631086185e-05
35720,E02020N3739E02658N3366-PS-Str_PYes_Var-M895_E02498N3438_S004,1.9623108,0.0,0.0,0.0,4.246695448318185e-08,9.867493680099354e-07,1.6263434987330044e-07
35722,E02020N3739E02658N3366-PS-Str_PYes_Var-M895_E02242N3492_S003,2.3910904,0.0,0.0,0.0,3.1238869232113445e-08,7.392844303413708e-07,1.2058959549470378e-07
35724,E02020N3739E02658N3366-PS-Str_PYes_Hom-M871_E02301N3474_S004,1.6647606,0.0,0.0,0.0,1.591775470914554e-06,3.9413236052994726e-06,6.464638887776036e-07
35730,E01548N3896E01854N3659-PS-Mur_PYes_Var-M732_E01804N3797_S000,0.18463516,0.0,0.0,8.916455760058983e-06,6.40336424185105e-05,0.000176584926837,3.7224767976019266e-05
35748,E01964N3926E02184N3685-PS-Mur_PYes_Var-M792_E02061N3739_S000,0.1968422,1.1538282007602063e-10,1.6512040487009026e-08,4.136714975513581e-06,2.018968320544131e-05,3.615220259722223e-05,1.0025096783243627e-05
35759,E02020N3739E02658N3366-PS-Str_PYes_Hom-M880_E02361N3475_S002,2.6153946,0.0,0.0,0.0,4.2901844101711363e-07,9.263857028795245e-07,1.614209575842331e-07
35762,E02020N3739E02658N3366-PS-Str_PYes_Hom-M888_E02401N3455_S001,0.51117706,0.0,0.0,0.0,2.7196313793300004e-06,6.380187731977555e-06,1.0876271415926468e-06
35773,E02113N3823E02873N3483-PS-Mur_PNo_Var-M837_E02200N3695_S000,0.22125626,9.405026203313652e-11,2.0164185599359133e-06,1.9233636129880722e-05,4.875758270423278e-05,6.940179546136627e-05,2.5951489451300683e-05
35778,E02020N3739E02658N3366-PS-Mur_PYes_Hom-M861_E02159N3618_S001,0.862133,0.0,0.0,1.4211968373220812e-07,2.57381141796703e-06,9.261086933164804e-06,1.7601594478837195e-06
35786,E01548N3896E01854N3659-PS-Mur_PYes_Var-M809_E01695N3801_S000,0.6042557,0.0,0.0,3.461904012515805e-07,2.4268377020775547e-06,1.0615343458294695e-05,1.7748810490212774e-06
35813,E01964N3926E02184N3685-PS-Mur_PNo_Hom-M774_E02081N3777_S000,0.13428116,9.302578810440307e-08,1.2994150361686867e-06,9.222336371673304e-06,4.02092687011698e-05,7.577342951178308e-05,1.9875431953136923e-05
35838,E02020N3739E02658N3366-PS-Str_PYes_Hom-M895_E02328N3482_S001,2.4490738,0.0,0.0,0.0,2.8108639151717436e-07,6.557438789235428e-07,1.2344735022352525e-07
35853,E01548N3896E01854N3659-PS-Mur_PYes_Hom-M707_E01600N3777_S000,0.08850098,2.3724407023623548e-06,6.689307026192505e-06,2.9276608440455522e-05,0.00010468811716975599,0.00024607767836335484,6.153959594883608e-05
35930,E02020N3739E02658N3366-PS-Str_PYes_Var-M895_E02441N3439_S001,3.07164,0.0,0.0,0.0,2.6490873707706067e-08,6.255412715482458e-07,1.020599415825822e-07
35950,E02020N3739E02658N3366-PS-Mur_PYes_Var-M871_E02129N3665_S002,1.159687,0.0,0.0,0.0,1.66364714888341e-06,3.973064799204937e-06,6.488881545035108e-07
35972,E02020N3739E02658N3366-PS-Str_PNo_Hom-M792_E02100N3712_S000,0.2548256,6.746749268756553e-09,9.018953953154682e-07,4.008278451097698e-06,1.3902980821158673e-05,3.1872451801874364e-05,8.456339557592606e-06
35974,E02020N3739E02658N3366-PS-Mur_PYes_Var-M895_E02467N3448_S004,0.93995667,0.0,0.0,0.0,7.492171204405822e-07,1.7572919030317612e-06,3.3059228379050527e-07
35976,E01964N3926E02184N3685-PS-Mur_PYes_Var-M824_E02074N3729_S000,0.2685585,0.0,0.0,4.4096355515943365e-11,8.931338883490468e-05,0.00027250434983933,4.487547297227015e-05
35978,E02020N3739E02658N3366-PS-Mur_PYes_Var-M871_E02328N3482_S001,1.7334251,0.0,0.0,0.0,1.5272080788636645e-06,3.7616924252777534e-06,6.153166166999975e-07
35997,E02113N3823E02873N3483-PS-Mur_PNo_Hom-M809_E02235N3695_S000,0.17395401,2.8438814283626483e-07,3.019530137643654e-06,9.750434646622926e-06,1.658685150200376e-05,2.2981870516351812e-05,1.02756991836037e-05
36004,E02113N3823E02873N3483-PS-Str_PYes_Hom-M809_E02226N3659_S000,0.20294571,2.6669015147459106e-07,2.5607211826431994e-06,8.328171044468725e-06,1.383519887009359e-05,1.9494350666866635e-05,8.721078950827489e-06
36009,E02020N3739E02658N3366-PS-Str_PYes_Hom-M861_E02112N3663_S003,0.8712883,0.0,0.0,1.280047836026555e-07,2.306237255616756e-06,8.042793789612275e-06,1.5947167232405956e-06
36033,E02020N3739E02658N3366-PS-Mur_PYes_Var-M871_E02134N3641_S004,1.6922264,0.0,0.0,0.0,1.1926727639779891e-06,2.8230781823308557e-06,4.6712764402847355e-07
36053,E02020N3739E02658N3366-PS-Str_PYes_Var-M871_E02183N3593_S001,1.9195862,0.0,0.0,0.0,1.0778025439466812e-06,2.616665982961703e-06,4.316884352016282e-07
36058,E02020N3739E02658N3366-PS-Mur_PYes_Hom-M871_E02146N3630_S005,0.85908127,0.0,0.0,0.0,2.1691133795718587e-06,5.189513704163337e-06,8.537900660484474e-07
36062,E02020N3739E02658N3366-PS-Mur_PYes_Hom-M871_E02220N3597_S002,1.7013817,0.0,0.0,0.0,1.272503250459975e-06,3.066117403859532e-06,5.037790954118446e-07
36077,E02020N3739E02658N3366-PS-Str_PYes_Hom-M895_E02408N3442_S002,2.0508118,0.0,0.0,0.0,3.424185561239367e-07,8.139653599565579e-07,1.5151936754908212e-07
36107,E02020N3739E02658N3366-PS-Str_PYes_Var-M871_E02253N3579_S005,2.009613,0.0,0.0,0.0,1.2106984741741304e-06,2.9425937751808068e-06,4.83405856879797e-07
36111,E01964N3926E02184N3685-PS-Str_PYes_Var-M809_E02048N3695_S000,0.28534317,0.0,0.0,1.7027158876647184e-09,9.33777611100251e-06,2.648369500546898e-05,4.699593787193752e-06
36150,E02113N3823E02873N3483-PS-Str_PYes_Hom-M824_E02373N3537_S000,0.17090225,0.0,0.0,6.78355139889287e-05,0.0002515630027296,0.0003711870016178,0.00012073591157948742
36191,E01548N3896E01854N3659-PS-Str_PYes_Hom-M861_E01705N3831_S005,1.2634468,0.0,0.0,0.0,5.006248362351404e-07,6.1473308952515175e-06,8.680946362656784e-07
36212,E02020N3739E02658N3366-PS-Str_PYes_Var-M871_E02170N3650_S002,0.9521637,0.0,0.0,0.0,2.1041909272905725e-06,5.216373653172957e-06,8.30236269897805e-07
36223,E02020N3739E02658N3366-PS-Mur_PYes_Var-M861_E02311N3485_S004,0.6240921,0.0,0.0,2.703264700853851e-07,4.836888271906559e-06,1.7393555161989104e-05,3.3390994263778027e-06
36243,E01964N3926E02184N3685-PS-Str_PYes_Var-M809_E02083N3755_S000,0.21362686,0.0,7.553572563249521e-14,2.2032172614868857e-06,1.3056336182537082e-05,2.529038313199586e-05,6.275500354249839e-06
36257,E01548N3896E01854N3659-PS-Mur_PYes_Var-M792_E01749N3728_S000,0.47455597,0.0,0.0,6.623392057964646e-07,6.288224345132458e-06,1.6620523033002363e-05,3.2824866404698265e-06
36303,E02020N3739E02658N3366-PS-Str_PYes_Hom-M871_E02287N3501_S004,2.0279236,0.0,0.0,0.0,1.2473844868221166e-06,3.1118966511103117e-06,5.072396217398588e-07
36306,E02020N3739E02658N3366-PS-Mur_PYes_Hom-M871_E02212N3482_S005,1.5640488,0.0,0.0,0.0,1.6235423415479492e-06,3.957048859847733e-06,6.636662923693082e-07
36341,E02020N3739E02658N3366-PS-Mur_PYes_Var-M871_E02129N3665_S005,0.84534836,0.0,0.0,0.0,2.108355854483664e-06,5.0351028072682596e-06,8.223421296822453e-07
36342,E02113N3823E02873N3483-PS-Str_PYes_Hom-M792_E02184N3722_S000,0.12207031,4.057942183114475e-06,6.069867440427165e-06,1.7744147403961505e-05,2.7863911011069927e-05,4.698871437724046e-05,2.042064778249344e-05
36348,E01964N3926E02184N3685-PS-Mur_PYes_Hom-M792_E02103N3738_S000,0.19989395,1.3158437569050812e-10,1.766911287195792e-08,4.2690118652031035e-06,2.0773479999388126e-05,3.958358239278253e-05,1.0520959055839415e-05
36363,E02020N3739E02658N3366-PS-Str_PYes_Var-M861_E02253N3527_S005,2.3926163,0.0,0.0,6.714946537055159e-08,1.1837517652503705e-06,4.432792975696685e-06,8.252805713790121e-07
36420,E01964N3926E02184N3685-PS-Mur_PNo_Hom-M792_E02078N3742_S000,0.15411758,1.4783998093026657e-10,2.1105360243412025e-08,5.38765893062797e-06,2.634894715884664e-05,4.83675695730748e-05,1.297422356698673e-05
36463,E01517N3917E01678N3772-PS-Mur_PNo_Hom-M732_E01562N3822_S000,0.0869751,9.696379387040696e-06,2.146253534847173e-05,5.774008469766411e-05,0.00013001852221593594,0.00022303422056658487,7.902262821445346e-05
36481,E01964N3926E02184N3685-PS-Mur_PYes_Var-M754_E02018N3773_S000,0.08239746,0.0,0.0,2.6177635469148206e-05,0.0001416949057444639,0.00030487301692883994,6.481374955681186e-05
36484,E01964N3926E02184N3685-PS-Mur_PYes_Var-M824_E02031N3692_S000,0.2838173,0.0,0.0,4.16059383548932e-11,7.979193049545206e-05,0.0002310489636673848,4.188819159893361e-05
36533,E01964N3926E02184N3685-PS-Mur_PNo_Hom-M792_E02083N3755_S000,0.15869522,1.577634777098273e-10,2.0781593883704692e-08,5.09180336132494e-06,2.491513011779638e-05,4.778142677425272e-05,1.259992392899899e-05
36551,E02113N3823E02873N3483-PS-Str_PNo_Var-M837_E02362N3528_S000,0.21210098,0.0,0.0,2.6952645949175613e-05,7.372638664298253e-05,0.00010923425476461995,3.66202374312084e-05
36554,E01517N3917E01678N3772-PS-Str_PNo_Hom-M707_E01575N3795_S000,0.07476807,8.188040242438698e-06,2.0685766240570098e-05,5.962210449598037e-05,0.00011899134768017598,0.00017641456596286,7.284278636958179e-05
36587,E02113N3823E02873N3483-PS-Str_PYes_Hom-M792_E02192N3708_S000,0.12970352,3.893143467706307e-06,5.850651957855359e-06,1.6911044865944657e-05,2.6271423777443777e-05,4.436841181107643e-05,1.9415984691473034e-05
36645,E02020N3739E02658N3366-PS-Str_PYes_Var-M888_E02483N3431_S002,0.49591827,0.0,0.0,0.0,2.8891989694945857e-06,6.688404583172311e-06,1.1482318298796132e-06
36654,E02113N3823E02873N3483-PS-Mur_PNo_Hom-M809_E02243N3708_S000,0.16937637,2.843479204680066e-07,3.0191030711283215e-06,1.0111569242909153e-05,1.7058298146431343e-05,2.3647924210201177e-05,1.0553396686727415e-05
36670,E02113N3823E02873N3483-PS-Str_PYes_Hom-M792_E02173N3709_S000,0.119018555,4.0646729626661535e-06,6.129239588207576e-06,1.7716436678712414e-05,2.728252915931738e-05,4.6117163790307894e-05,2.0289620993266685e-05
36683,E02020N3739E02658N3366-PS-Str_PYes_Var-M895_E02253N3503_S005,2.446022,0.0,0.0,0.0,2.6783796008992854e-08,6.292370488481746e-07,1.0298715679801234e-07
36685,E01964N3926E02184N3685-PS-Mur_PYes_Var-M792_E02093N3745_S000,0.16327286,1.5752750133872456e-10,2.0707903541422343e-08,5.080885629118822e-06,2.4868332348033222e-05,4.771204707040788e-05,1.2563657420597473e-05
36687,E02020N3739E02658N3366-PS-Mur_PYes_Var-M895_E02425N3440_S003,2.259861,0.0,0.0,0.0,2.8790723649642496e-07,6.846497127873904e-07,1.2759757677127236e-07
36730,E01548N3896E01854N3659-PS-Str_PYes_Hom-M792_E01657N3828_S000,0.22430801,1.6092565336645367e-12,2.0425614393326902e-07,1.7654429483051205e-06,1.095634723347557e-05,3.5403584458738235e-05,6.944574256087369e-06
36818,E02113N3823E02873N3483-PS-Str_PNo_Hom-M809_E02218N3695_S000,0.18005753,2.7555384362693797e-07,2.896769917666383e-06,9.337232692804352e-06,1.599155417859045e-05,2.185647567859232e-05,9.82966782115455e-06
36826,E02020N3739E02658N3366-PS-Mur_PYes_Var-M871_E02116N3637_S003,1.1703682,0.0,0.0,0.0,1.6594582457573008e-06,3.937790521556903e-06,6.510604051029925e-07
36831,E02113N3823E02873N3483-PS-Mur_PYes_Hom-M792_E02218N3695_S000,0.12054443,4.310671685169604e-06,6.496009436005808e-06,1.8801962697177525e-05,2.9027827999926457e-05,4.9060748389649834e-05,2.1537701890620112e-05
36839,E02113N3823E02873N3483-PS-Str_PNo_Hom-M809_E02200N3695_S000,0.16174698,3.0585256947788355e-07,3.0448979472042558e-06,9.94474613504115e-06,1.7002037380246336e-05,2.3308917879177546e-05,1.0499506554423735e-05
36893,E02020N3739E02658N3366-PS-Str_PNo_Hom-M809_E02135N3710_S000,0.30212784,1.3568300361285399e-17,1.7323508544138034e-08,1.8886204380842472e-06,7.321015899276616e-06,2.5288092160854085e-05,4.970455740587352e-06
36906,E01517N3917E01678N3772-PS-Str_PYes_Hom-M754_E01609N3825_S000,0.13428116,3.846808270727758e-06,7.316167395746446e-06,2.153579336769642e-05,5.428763223129483e-05,0.000105994152185195,3.2239537825926726e-05
36923,E01548N3896E01854N3659-PS-Str_PYes_Hom-M707_E01600N3777_S000,0.091552734,2.2933594440877846e-06,6.466330402966695e-06,2.8300722707599166e-05,0.00010119851760930798,0.00023787509929826486,5.9488278638146285e-05
36945,E02113N3823E02873N3483-PS-Mur_PNo_Hom-M824_E02405N3521_S000,0.13733292,2.509793638850162e-07,3.36216145040637e-05,0.0001403669298896,0.00026297458351393196,0.0003716564139203547,0.00015267323469286435
36955,E02020N3739E02658N3366-PS-Str_PYes_Hom-M861_E02190N3609_S001,0.93995667,0.0,0.0,1.396481149587654e-07,2.4913061977486286e-06,8.847858302526994e-06,1.731290170981641e-06
36965,E02020N3739E02658N3366-PS-Str_PYes_Var-M895_E02342N3454_S003,2.3041115,0.0,0.0,0.0,3.413467271898492e-08,8.013052571388677e-07,1.3121455703233634e-07
36969,E01964N3926E02184N3685-PS-Str_PYes_Var-M774_E02078N3742_S000,0.15411758,8.355366747286846e-08,1.096025214808893e-06,8.199084077262527e-06,3.4331281312601645e-05,6.0724825791878085e-05,1.7098998960120253e-05
36984,E01517N3917E01678N3772-PS-Mur_PNo_Hom-M707_E01575N3795_S000,0.07476807,8.188040242438698e-06,2.0685766240570098e-05,5.962210449598037e-05,0.00011899134768017598,0.00017641456596286,7.284278636958179e-05
37039,E02020N3739E02658N3366-PS-Mur_PYes_Var-M871_E02239N3477_S002,1.7807274,0.0,0.0,0.0,1.3598857151000963e-06,3.352082627977475e-06,5.561930377145229e-07
37062,E01964N3926E02184N3685-PS-Mur_PYes_Hom-M809_E02053N3710_S000,0.28534317,0.0,0.0,1.851824280634151e-09,8.917663151817527e-06,2.8542837099668912e-05,4.57342722909651e-06
37064,E01548N3896E01854N3659-PS-Mur_PYes_Var-M792_E01754N3833_S000,0.2899208,0.0,0.0,1.6858595815492721e-06,1.1847368286884759e-05,2.0374130927847728e-05,5.372928164106202e-06
37092,E02020N3739E02658N3366-PS-Mur_PYes_Var-M861_E02171N3606_S005,2.5253677,0.0,0.0,6.023875775691095e-08,1.0853425930353402e-06,3.954154780915158e-06,7.457116973713142e-07
37103,E02020N3739E02658N3366-PS-Str_PYes_Hom-M861_E02159N3618_S003,0.72175217,0.0,0.0,1.7180635639890304e-07,3.1114420618330984e-06,1.1195589242082916e-05,2.127830385492705e-06
37124,E01964N3926E02184N3685-PS-Mur_PYes_Hom-M792_E02088N3719_S000,0.22430801,1.0307780357759743e-10,1.4778884303169371e-08,3.7324917972217787e-06,1.8256831701400817e-05,3.292014300296866e-05,9.028326131058647e-06
37138,E02020N3739E02658N3366-PS-Str_PYes_Var-M880_E02253N3481_S003,2.2186623,0.0,0.0,0.0,4.777522209890677e-07,1.04651882297393e-06,1.8187076053882712e-07
37183,E02113N3823E02873N3483-PS-Mur_PNo_Hom-M792_E02219N3719_S000,0.10986328,4.634129026026342e-06,7.048391395711154e-06,2.0184779532955766e-05,3.2340430664830334e-05,5.477867963760585e-05,2.3398938060235204e-05
37204,E01964N3926E02184N3685-PS-Mur_PYes_Var-M774_E02048N3750_S000,0.14038467,8.488003301552855e-08,1.1341363972584203e-06,8.552564730917092e-06,3.540913722645965e-05,6.261123651380844e-05,1.7584904730126286e-05
37220,E02020N3739E02658N3366-PS-Mur_PYes_Var-M871_E02260N3491_S001,2.3437843,0.0,0.0,0.0,1.0774992140082691e-06,2.676453946252419e-06,4.388756880400282e-07
37241,E01964N3926E02184N3685-PS-Mur_PYes_Var-M774_E02011N3740_S000,0.16174698,0.0,0.0,3.4646022110808615e-06,3.1714548125939475e-05,7.124486035846383e-05,1.4851381309244419e-05
37284,E02020N3739E02658N3366-PS-Str_PYes_Var-M880_E02201N3524_S005,2.5680923,0.0,0.0,0.0,3.9890460808410745e-07,8.56042864326551e-07,1.4985517585546406e-07
37290,E01548N3896E01854N3659-PS-Str_PYes_Var-M861_E01695N3801_S001,1.7959862,0.0,0.0,0.0,3.4207998556372886e-07,4.4976780038722085e-06,6.106903217224244e-07
37374,E01964N3926E02184N3685-PS-Str_PYes_Var-M792_E02074N3729_S000,0.22735977,1.0255465424856697e-10,1.4636831614051431e-08,3.716256840439747e-06,1.7946048709048412e-05,3.2293475641827666e-05,8.907093237236538e-06
37419,E01577N3897E01966N3571-PS-Str_PYes_Var-M650_E01725N3679_S000,0.07476807,0.0,0.0,2.6468071921119255e-07,2.195183127812185e-06,1.2641149641256724e-05,2.21557987823836e-06
37455,E02113N3823E02873N3483-PS-Mur_PYes_Hom-M792_E02202N3721_S000,0.117492676,4.223236684769228e-06,6.4777941770172934e-06,1.852437529052937e-05,2.9472915496714684e-05,5.020345362805421e-05,2.1439083809982608e-05
37482,E02113N3823E02873N3483-PS-Str_PNo_Var-M871_E02417N3542_S001,0.41046906,0.0,0.0,0.0,0.0,2.506555536458752e-05,2.48263450760857e-06
37521,E01548N3896E01854N3659-PS-Mur_PYes_Var-M792_E01660N3790_S000,0.2899208,0.0,0.0,1.6379136198076052e-06,1.095714651827624e-05,2.211616737583475e-05,5.372928164106199e-06
37529,E01577N3897E01966N3571-PS-Mur_PYes_Var-M680_E01791N3758_S000,0.07324219,0.0,0.0,1.2120104206863395e-06,1.1719596761116679e-05,6.958134512327078e-05,1.2865366834178691e-05
37531,E01964N3926E02184N3685-PS-Mur_PNo_Var-M792_E02103N3738_S000,0.19226456,1.402129800906491e-10,1.8827759438265733e-08,4.548950986934277e-06,2.2135694471952524e-05,4.217926346369515e-05,1.1210867664870954e-05
37560,E01548N3896E01854N3659-PS-Mur_PYes_Var-M774_E01725N3727_S000,0.32349014,0.0,0.0,1.4587141294423748e-06,1.3074732930649674e-05,2.9892888501094483e-05,6.186182443697777e-06
37593,E02020N3739E02658N3366-PS-Mur_PYes_Hom-M888_E02408N3442_S002,1.3534737,0.0,0.0,0.0,9.014771273608253e-07,2.114721814330975e-06,3.6105376387079096e-07
37615,E02020N3739E02658N3366-PS-Mur_PYes_Hom-M895_E02401N3455_S002,2.1499977,0.0,0.0,0.0,3.070584449397747e-07,7.277231638497455e-07,1.3539920649295776e-07
37624,E02020N3739E02658N3366-PS-Str_PYes_Hom-M861_E02260N3540_S002,1.847866,0.0,0.0,8.746247278179178e-08,1.5644776598407484e-06,5.623939983596169e-06,1.078322133613301e-06
37633,E02020N3739E02658N3366-PS-Mur_PYes_Hom-M861_E02254N3467_S004,1.3672066,0.0,0.0,1.1192606330496396e-07,2.038603117156236e-06,8.342959904490159e-06,1.4442480029892256e-06
37646,E02020N3739E02658N3366-PS-Str_PYes_Hom-M871_E02267N3478_S001,2.0141907,0.0,0.0,0.0,1.244325732839568e-06,3.1288080339274785e-06,5.106945941772504e-07
37654,E01964N3926E02184N3685-PS-Str_PYes_Var-M809_E02040N3720_S000,0.2685585,0.0,0.0,1.8557720293029873e-09,9.447612659228941e-06,2.850515552910097e-05,4.793643159013684e-06
37707,E02020N3739E02658N3366-PS-Str_PYes_Var-M871_E02218N3525_S001,2.3681984,0.0,0.0,0.0,1.0268237890615484e-06,2.55057125144916e-06,4.182747537298182e-07
37722,E01964N3926E02184N3685-PS-Str_PNo_Hom-M792_E02117N3755_S000,0.1815834,1.5226606890513775e-10,1.9239420318385804e-08,4.873067552513273e-06,2.381919405785316e-05,4.705975359359258e-05,1.2155232300748561e-05
37740,E01548N3896E01854N3659-PS-Str_PYes_Hom-M809_E01664N3733_S000,0.5859451,0.0,0.0,3.4439847491135177e-07,2.362667309217447e-06,1.0408512944072316e-05,1.8303455233145312e-06
37823,E02020N3739E02658N3366-PS-Mur_PYes_Hom-M871_E02133N3599_S005,1.1566353,0.0,0.0,0.0,1.601233745044e-06,3.8353057127850444e-06,6.341245818608931e-07
37836,E02020N3739E02658N3366-PS-Mur_PYes_Hom-M871_E02318N3471_S002,0.7324333,0.0,0.0,0.0,3.6476989765058425e-06,8.91902808743489e-06,1.4693683060131117e-06
37853,E02020N3739E02658N3366-PS-Str_PYes_Var-M871_E02458N3438_S005,0.52491,0.0,0.0,0.0,6.1536898120254296e-06,1.5253471915174972e-05,2.4855322667166247e-06
37862,E02020N3739E02658N3366-PS-Str_PYes_Var-M895_E02467N3425_S001,1.5808334,0.0,0.0,0.0,5.283753319682787e-08,1.2486010182512773e-06,2.0362330348916172e-07
37885,E01964N3926E02184N3685-PS-Mur_PNo_Hom-M792_E02088N3719_S000,0.14343643,1.6119708204935785e-10,2.3111794614662547e-08,5.837015978249641e-06,2.855074415236798e-05,5.1481801207873786e-05,1.4118847876119194e-05
37899,E02020N3739E02658N3366-PS-Str_PYes_Var-M861_E02152N3603_S004,1.185627,0.0,0.0,1.0721185130191042e-07,1.922042901874211e-06,7.077464261851981e-06,1.3262091987043318e-06
37957,E02020N3739E02658N3366-PS-Str_PYes_Hom-M888_E02194N3513_S002,2.597084,0.0,0.0,0.0,1.0506101409233696e-07,1.2788432328661804e-06,1.4847178393290733e-07
37963,E01548N3896E01854N3659-PS-Mur_PYes_Hom-M792_E01677N3724_S000,0.29297256,0.0,0.0,1.6977703369036211e-06,1.1713648607839017e-05,2.1283853767396955e-05,5.316960850122609e-06
37980,E02020N3739E02658N3366-PS-Str_PYes_Var-M861_E02246N3619_S003,1.0025177,0.0,0.0,0.0,1.8539246028038917e-06,7.3269450645760714e-06,1.769050804724256e-06
37996,E02020N3739E02658N3366-PS-Str_PYes_Var-M895_E02342N3454_S001,2.235447,0.0,0.0,0.0,3.5183145152695716e-08,8.259179575451141e-07,1.3524491194689984e-07
38011,E01964N3926E02184N3685-PS-Mur_PYes_Hom-M792_E02074N3729_S000,0.2182045,1.055087217618486e-10,1.5058442793819482e-08,3.82330291927246e-06,1.846298126439278e-05,3.32236831295664e-05,9.163660381484506e-06
38062,E02020N3739E02658N3366-PS-Str_PYes_Hom-M895_E02253N3503_S005,2.8519096,0.0,0.0,0.0,2.654655694878411e-08,6.23663544402907e-07,1.0207494195422674e-07
38089,E01964N3926E02184N3685-PS-Str_PYes_Var-M792_E02061N3739_S000,0.19836807,1.1449501252593764e-10,1.6384989387010046e-08,4.1048852214359585e-06,2.0034334660729326e-05,3.5874031216103306e-05,9.947959159040983e-06
38092,E01517N3917E01678N3772-PS-Str_PNo_Var-M732_E01551N3793_S000,0.09765625,8.467267026837796e-06,1.9666226925531146e-05,5.266245455619374e-05,0.00011607972946147199,0.00019907069597885498,7.037953015004212e-05
38116,E02020N3739E02658N3366-PS-Str_PYes_Hom-M895_E02301N3474_S005,1.6571312,0.0,0.0,0.0,4.754911499856376e-08,1.1105925295386006e-06,1.8244291941201005e-07
38129,E02020N3739E02658N3366-PS-Str_PYes_Hom-M880_E02175N3577_S003,2.8564873,0.0,0.0,0.0,3.766026828526897e-07,8.090869885228225e-07,1.4126697204467135e-07
38166,E02020N3739E02658N3366-PS-Str_PYes_Var-M880_E02085N3646_S002,1.8295555,0.0,0.0,0.0,1.2789473205470406e-07,1.2995785286223476e-06,1.6134810101206582e-07
38188,E02020N3739E02658N3366-PS-Mur_PYes_Hom-M895_E02425N3440_S002,2.285801,0.0,0.0,0.0,2.984419010718784e-07,7.097013758288133e-07,1.3226643361656628e-07
38196,E02020N3739E02658N3366-PS-Str_PYes_Hom-M861_E02061N3684_S004,0.9964142,0.0,0.0,0.0,1.5335349489713032e-06,6.116349678700215e-06,1.3761663775520177e-06
38227,E02020N3739E02658N3366-PS-Str_PYes_Hom-M871_E02253N3503_S004,1.9317932,0.0,0.0,0.0,1.3092172415219411e-06,3.2430036136303424e-06,5.324805314179302e-07
38253,E02020N3739E02658N3366-PS-Mur_PYes_Var-M880_E02219N3560_S002,1.835659,0.0,0.0,0.0,4.52084362982026e-07,9.817741289242218e-07,1.7097611771550666e-07
38255,E02020N3739E02658N3366-PS-Mur_PYes_Var-M871_E02097N3634_S002,1.0467682,0.0,0.0,0.0,1.7968251457685322e-06,4.188283129628618e-06,7.005206946927838e-07
38271,E01964N3926E02184N3685-PS-Str_PYes_Var-M792_E02091N3733_S000,0.19989395,1.1733780860786262e-10,1.6949914791130634e-08,4.1783077564680205e-06,2.044388079814518e-05,3.828520953642344e-05,1.0130944243635961e-05
38327,E02020N3739E02658N3366-PS-Str_PYes_Hom-M871_E02239N3505_S001,2.0508118,0.0,0.0,0.0,1.235007779532276e-06,3.0857035491895317e-06,5.061475860495588e-07
38331,E02020N3739E02658N3366-PS-Str_PYes_Hom-M895_E02368N3461_S002,2.0706482,0.0,0.0,0.0,3.3432325141720304e-07,7.885683197334298e-07,1.4734170416413522e-07
38334,E01548N3896E01854N3659-PS-Str_PNo_Var-M792_E01657N3828_S000,0.16632462,2.1702687830929072e-12,2.754630623893513e-07,2.3809042491896532e-06,1.4775902958984125e-05,4.7745833279561994e-05,9.365562546784421e-06
38341,E02113N3823E02873N3483-PS-Mur_PNo_Hom-M809_E02173N3709_S000,0.14191055,3.0836759556608187e-07,3.2233928124744567e-06,1.0444064099107455e-05,1.778886651013431e-05,2.4387932105941116e-05,1.095991187821527e-05
38357,E01964N3926E02184N3685-PS-Mur_PYes_Hom-M774_E02099N3777_S000,0.12970352,9.779164050910145e-08,1.3703789319461711e-06,9.710228182036903e-06,4.274546577607563e-05,8.10234448582299e-05,2.1089476953298346e-05
38362,E01548N3896E01854N3659-PS-Mur_PYes_Var-M774_E01723N3765_S000,0.30975723,0.0,0.0,2.238377510663506e-06,1.4576219968419856e-05,2.5582441382090027e-05,6.460443311613203e-06
38379,E02020N3739E02658N3366-PS-Str_PYes_Var-M880_E02361N3475_S001,1.2558174,0.0,0.0,0.0,9.0146933508276e-07,1.946555727593229e-06,3.391836559680108e-07
38380,E02020N3739E02658N3366-PS-Mur_PYes_Hom-M880_E02201N3524_S001,1.6052475,0.0,0.0,0.0,5.203868901598799e-07,1.1167418851088417e-06,1.9549202329932603e-07
38385,E02020N3739E02658N3366-PS-Mur_PYes_Var-M871_E02245N3574_S004,1.6144028,0.0,0.0,0.0,1.518174724409626e-06,3.709271898307501e-06,6.075656908993903e-07
38387,E02113N3823E02873N3483-PS-Str_PYes_Var-M824_E02227N3683_S000,0.18310928,1.3673139425334026e-07,1.865200766142361e-05,8.116231437938111e-05,0.0001534411705525,0.0002207845020553,8.835403388595988e-05
38390,E01964N3926E02184N3685-PS-Mur_PYes_Var-M774_E02061N3739_S000,0.13428116,9.298014024545517e-08,1.2224408648116587e-06,9.179680550104528e-06,3.840696592681979e-05,6.762219253793163e-05,1.9129801411567946e-05
38397,E01964N3926E02184N3685-PS-Str_PYes_Hom-M792_E02073N3766_S000,0.17700577,1.3638728169762082e-10,1.8719669457280552e-08,4.566484492103373e-06,2.184594915542981e-05,4.1265138822630195e-05,1.1148538010559442e-05
38433,E01964N3926E02184N3685-PS-Str_PYes_Var-M792_E02083N3755_S000,0.14953995,1.6956286844818903e-10,2.2335883570768964e-08,5.472627733957503e-06,2.6778573798327578e-05,5.1355078501066194e-05,1.3542293023989145e-05
38481,E01964N3926E02184N3685-PS-Str_PNo_Hom-M792_E02105N3765_S000,0.18463516,1.4130722143653009e-10,1.8080351217589324e-08,4.552917889103916e-06,2.241462952141156e-05,4.3956136370238605e-05,1.1390313759139127e-05
38484,E02020N3739E02658N3366-PS-Str_PYes_Var-M880_E02202N3553_S003,2.2247658,0.0,0.0,0.0,4.019826151520486e-07,8.682107921635481e-07,1.5112855815292527e-07
38489,E02113N3823E02873N3483-PS-Mur_PYes_Hom-M792_E02138N3737_S000,0.17242813,2.593560120875718e-06,3.89762610211667e-06,1.1267324896622888e-05,1.7593662383683685e-05,2.9701886900367755e-05,1.294894118258633e-05
38490,E02020N3739E02658N3366-PS-Str_PYes_Var-M895_E02188N3566_S002,2.2644386,0.0,0.0,0.0,2.4919190323729875e-08,5.741833043533016e-07,9.520296278103769e-08
38508,E02020N3739E02658N3366-PS-Str_PYes_Var-M880_E02226N3500_S001,2.5925064,0.0,0.0,0.0,3.919684413701268e-07,8.515986295055357e-07,1.4843775933545895e-07
38510,E01964N3926E02184N3685-PS-Str_PNo_Var-M792_E02103N3738_S000,0.1815834,1.4846038793181345e-10,1.993521903809963e-08,4.816522890865418e-06,2.3437728706155174e-05,4.466027191241448e-05,1.1870297325560983e-05
38549,E01964N3926E02184N3685-PS-Mur_PYes_Var-M707_E01981N3745_S000,0.0579834,0.0,0.0,3.8736175428939e-05,0.000264039432100028,0.0004590265531809049,0.00011587150453110465
38551,E01964N3926E02184N3685-PS-Mur_PYes_Hom-M792_E02026N3730_S000,0.24567032,0.0,0.0,1.4217385840937037e-06,1.5290898905719267e-05,3.8299732907223437e-05,7.5046368227634054e-06
38583,E02020N3739E02658N3366-PS-Str_PYes_Var-M895_E02229N3514_S001,3.620964,0.0,0.0,0.0,1.7332188491984085e-08,4.044602183952143e-07,6.648068884413209e-08
38592,E02020N3739E02658N3366-PS-Str_PYes_Hom-M871_E02279N3514_S004,2.2613869,0.0,0.0,0.0,1.1192464342000513e-06,2.7514657351560965e-06,4.5062526279297363e-07
38595,E02020N3739E02658N3366-PS-Str_PYes_Var-M861_E02133N3599_S002,1.0788116,0.0,0.0,1.1480329896691013e-07,2.023586369993135e-06,7.620831092590845e-06,1.406656438733409e-06
38606,E02020N3739E02658N3366-PS-Mur_PYes_Var-M871_E02121N3611_S003,1.5777817,0.0,0.0,0.0,1.2177268768993646e-06,2.9209531436004397e-06,4.829269769143366e-07
38613,E02020N3739E02658N3366-PS-Str_PYes_Var-M824_E02204N3672_S000,0.21973038,0.0,2.8031224563108542e-09,1.522272898234246e-05,8.598733601548517e-05,0.0004239871548209,6.987796705770188e-05
38675,E02113N3823E02873N3483-PS-Str_PNo_Hom-M809_E02226N3659_S000,0.19836807,2.7006524658105623e-07,2.593128369353221e-06,8.433568147371006e-06,1.4010290120165027e-05,1.9741061267823076e-05,8.831448496636669e-06
38678,E02020N3739E02658N3366-PS-Mur_PYes_Hom-M880_E02212N3584_S004,1.7364769,0.0,0.0,0.0,4.742580448693514e-07,1.0292733167337715e-06,1.78561298776057e-07
38691,E02020N3739E02658N3366-PS-Mur_PYes_Hom-M895_E02311N3485_S005,1.7090111,0.0,0.0,0.0,3.88332344443719e-07,8.990436970398854e-07,1.7034338410645827e-07
38705,E02113N3823E02873N3483-PS-Mur_PNo_Hom-M792_E02176N3736_S000,0.09765625,4.8220561227208604e-06,7.346656570236319e-06,2.125202638784858e-05,3.3680691158411695e-05,5.692633435780743e-05,2.445955824060475e-05
38713,E01964N3926E02184N3685-PS-Str_PYes_Var-M792_E02073N3766_S000,0.15716934,1.5156292446946938e-10,2.0802583736051816e-08,5.074591527545197e-06,2.4276720678025187e-05,4.585665936551598e-05,1.2389021933772513e-05
38739,E02020N3739E02658N3366-PS-Str_PYes_Var-M880_E02245N3515_S005,3.033493,0.0,0.0,0.0,3.412827125663289e-07,7.334233259284503e-07,1.2807535336382145e-07
38742,E01964N3926E02184N3685-PS-Str_PYes_Hom-M792_E02009N3708_S000,0.2182045,0.0,0.0,1.4068487256504585e-06,1.6877969244980734e-05,3.9570113310970384e-05,8.212096916424437e-06
38767,E02020N3739E02658N3366-PS-Mur_PYes_Hom-M880_E02164N3590_S001,1.9577332,0.0,0.0,0.0,3.993273454357122e-07,8.646618632185272e-07,1.5077026030585514e-07
38785,E01964N3926E02184N3685-PS-Str_PNo_Var-M792_E02061N3739_S000,0.14038467,1.6393323109919052e-10,2.3459923646281164e-08,5.877348565631784e-06,2.8685033010602458e-05,5.1364209846929125e-05,1.4243424685550484e-05
38787,E01964N3926E02184N3685-PS-Str_PYes_Var-M754_E02024N3715_S000,0.10070801,0.0,0.0,1.932536221465103e-05,0.00011335387721614395,0.00021523504761940983,5.3029330590811335e-05
38808,E02113N3823E02873N3483-PS-Str_PYes_Var-M809_E02119N3739_S000,0.24109268,1.7550204358951492e-07,1.7846050518357164e-06,5.781774490617654e-06,9.711014008730747e-06,1.3468794682379675e-05,6.080582879044048e-06
38809,E02113N3823E02873N3483-PS-Mur_PNo_Hom-M792_E02148N3750_S000,0.119018555,3.775524313745078e-06,5.799071618797904e-06,1.6593019594268972e-05,2.634844252421549e-05,4.488335520007059e-05,1.919973985945203e-05
38856,E02020N3739E02658N3366-PS-Mur_PYes_Var-M861_E02092N3679_S004,0.91096497,0.0,0.0,1.2377843600925326e-07,2.265875480061336e-06,7.740003214811362e-06,1.5453434998059059e-06
38867,E02020N3739E02658N3366-PS-Mur_PYes_Var-M895_E02401N3455_S002,1.9821472,0.0,0.0,0.0,3.2667512885696136e-07,7.74214362902276e-07,1.4404929731501996e-07
38905,E01577N3897E01966N3571-PS-Mur_PYes_Hom-M809_E01718N3659_S000,0.32196426,0.0,0.0,7.29673088589541e-08,1.1561897255286283e-06,9.185994262267557e-06,3.3310591389646388e-06
38924,E02020N3739E02658N3366-PS-Str_PYes_Var-M861_E02112N3663_S002,0.81025314,0.0,0.0,1.3946871911523558e-07,2.5127807490003243e-06,8.763095537329006e-06,1.7375373988554446e-06
38925,E02020N3739E02658N3366-PS-Str_PYes_Var-M880_E02210N3510_S005,2.796978,0.0,0.0,0.0,3.686817095884625e-07,7.965285930531078e-07,1.3893394483140376e-07
38946,E01849N3766E02950N3220-PS-Str_PYes_Hom-M861_E02050N3638_S004,0.8148308,0.0,0.0,0.0,1.184940199598644e-06,1.5765679263752856e-05,1.6825682406885825e-06
38963,E01577N3897E01966N3571-PS-Str_PYes_Var-M774_E01739N3699_S000,0.34485245,0.0,0.0,2.1808686855962666e-07,2.5804669810572277e-06,2.405989222200682e-05,5.802971748575648e-06
38973,E01964N3926E02184N3685-PS-Mur_PNo_Hom-M754_E02078N3742_S000,0.12665176,4.305898454453338e-06,8.549311026556687e-06,2.923847518972203e-05,8.762299905305333e-05,0.00014008765110644,4.614798485641235e-05
38989,E01964N3926E02184N3685-PS-Mur_PYes_Var-M809_E02048N3750_S000,0.21362686,0.0,0.0,2.4935525941049025e-09,1.195942856754352e-05,3.839131137397595e-05,6.026300159593651e-06
38995,E02020N3739E02658N3366-PS-Str_PYes_Hom-M792_E02100N3712_S000,0.24109268,6.9596750125596935e-09,9.303589916683776e-07,4.134778730946897e-06,1.4341755468696687e-05,3.287833852396898e-05,8.723219549486155e-06
38999,E01964N3926E02184N3685-PS-Str_PYes_Hom-M792_E02066N3753_S000,0.18463516,1.275795149855379e-10,1.7795841582595096e-08,4.326059093573532e-06,2.0806474604436562e-05,3.9019926871164e-05,1.0546037544098956e-05
39002,E01964N3926E02184N3685-PS-Str_PYes_Var-M792_E02029N3745_S000,0.18005753,0.0,0.0,2.0021543357637333e-06,2.1073639285045158e-05,5.7085950287240655e-05,1.052675569369422e-05
39036,E01964N3926E02184N3685-PS-Str_PYes_Hom-M809_E02026N3730_S000,0.24872208,0.0,0.0,1.897959058182829e-09,9.726117377307748e-06,2.9014265912575163e-05,4.887740507809405e-06
39085,E01964N3926E02184N3685-PS-Str_PYes_Var-M774_E02048N3695_S000,0.16937637,0.0,0.0,3.5141300788014084e-06,3.310148530619416e-05,7.1802251755358e-05,1.5359590963204587e-05
39125,E02020N3739E02658N3366-PS-Mur_PYes_Var-M850_E02290N3438_S000,0.63019943,0.0,0.0,3.44333672066478e-06,4.065988462388319e-05,6.448936864879243e-05,1.5424605546487777e-05
39144,E02020N3739E02658N3366-PS-Mur_PYes_Hom-M871_E02333N3444_S001,1.0788116,0.0,0.0,0.0,2.489424745476768e-06,6.114305336690716e-06,1.0064967944529604e-06
39162,E02020N3739E02658N3366-PS-Mur_PYes_Hom-M880_E02188N3566_S003,1.8417625,0.0,0.0,0.0,4.404307325250899e-07,9.399537803702627e-07,1.6430088567976055e-07
39168,E02113N3823E02873N3483-PS-Mur_PNo_Var-M824_E02173N3709_S000,0.19531631,1.1154458744310534e-07,1.521618726218986e-05,6.60976932945025e-05,0.0001245934616287,0.0001790803197636,7.185550212177916e-05
39215,E01517N3917E01678N3772-PS-Mur_PNo_Hom-M707_E01563N3803_S000,0.051879883,1.1893406381964078e-05,3.115674832260365e-05,8.576647246037591e-05,0.000174435000724252,0.000247218432216855,0.00010497931443437807
39223,E01548N3896E01854N3659-PS-Mur_PYes_Var-M809_E01718N3822_S000,0.42725372,0.0,0.0,4.853906634063924e-07,3.4615532731034895e-06,1.468520921724499e-05,2.5101758989789127e-06
39231,E01849N3766E02950N3220-PS-Mur_PYes_Var-M732_E01962N3711_S000,0.21362686,0.0,0.0,7.4659020773626425e-06,5.9276834914468345e-05,0.00018627934659263997,3.807906227846747e-05
39245,E02020N3739E02658N3366-PS-Str_PYes_Var-M861_E02159N3533_S004,1.5594711,0.0,0.0,7.388472539707212e-08,1.342031109567701e-06,5.5586908827749805e-06,1.0552011621227694e-06
39251,E01964N3926E02184N3685-PS-Mur_PNo_Var-M754_E02050N3785_S000,0.062561035,8.725537028001069e-06,1.667187086472384e-05,5.756214764859315e-05,0.00017352281374899599,0.00028154757869629986,8.996228788850788e-05
39264,E01964N3926E02184N3685-PS-Str_PYes_Hom-M774_E02083N3755_S000,0.14953995,8.480850826561212e-08,1.2159610212293274e-06,8.576673885392479e-06,3.694564073394489e-05,6.794074456725467e-05,1.806699308802767e-05
39282,E02020N3739E02658N3366-PS-Mur_PYes_Var-M871_E02156N3661_S001,1.1413765,0.0,0.0,0.0,1.6683937416170667e-06,4.151590827507301e-06,6.591539814471164e-07
39289,E01964N3926E02184N3685-PS-Str_PNo_Hom-M732_E02088N3719_S000,0.07171631,9.681414466357449e-06,2.1769742916653662e-05,0.0001085755755016,0.00024425794226845597,0.00033760890491185995,0.00013260871172028054
39312,E02020N3739E02658N3366-PS-Str_PYes_Var-M895_E02515N3431_S004,1.1535835,0.0,0.0,0.0,7.282501666059215e-08,1.6945627856459156e-06,2.790411187621507e-07
39315,E01849N3766E02950N3220-PS-Str_PYes_Var-M861_E02087N3577_S002,1.2252998,0.0,0.0,0.0,8.155729542111042e-07,1.0722180313214487e-05,1.2087189664542493e-06
39338,E01964N3926E02184N3685-PS-Mur_PNo_Hom-M732_E02074N3729_S000,0.077819824,8.96990105489729e-06,2.0571956931213604e-05,9.792347210097447e-05,0.0002265821384880159,0.000313428741554,0.00012220801941202093
39344,E01964N3926E02184N3685-PS-Str_PNo_Hom-M754_E02093N3745_S000,0.08850098,6.625630834026439e-06,1.2873177957306475e-05,4.3059317768628165e-05,0.0001325251962233,0.00021772084913956993,6.848884800768523e-05
39346,E01517N3917E01678N3772-PS-Mur_PNo_Hom-M792_E01654N3866_S000,0.13733292,1.9113780371718026e-11,1.4362896565693993e-06,6.014920023617197e-06,1.6938657046623323e-05,5.01911858517358e-05,1.1342681941665352e-05
39387,E02020N3739E02658N3366-PS-Str_PYes_Var-M861_E02170N3650_S002,1.2283516,0.0,0.0,9.588014472055825e-08,1.9059294387455888e-06,6.021233452221688e-06,1.265119965086293e-06
39453,E02020N3739E02658N3366-PS-Str_PYes_Var-M861_E02235N3576_S002,1.3214302,0.0,0.0,1.1340905506699445e-07,2.0130250971808266e-06,7.224454926284537e-06,1.3972354445611938e-06
39523,E02020N3739E02658N3366-PS-Str_PYes_Var-M809_E02272N3440_S000,0.27008438,0.0,0.0,8.059817264857566e-07,1.0307442111876976e-05,5.50097946597684e-05,8.272808087187891e-06
39538,E01964N3926E02184N3685-PS-Mur_PYes_Hom-M809_E02040N3720_S000,0.31433487,0.0,0.0,1.5411091602535969e-09,7.845684804902521e-06,2.367184956271302e-05,3.980837768159317e-06
39551,E02020N3739E02658N3366-PS-Mur_PYes_Hom-M861_E02284N3476_S005,0.84687424,0.0,0.0,2.000467910397122e-07,3.564160311529908e-06,1.3552856220257613e-05,2.460701818097838e-06
39556,E02020N3739E02658N3366-PS-Mur_PYes_Var-M861_E02202N3553_S005,1.0452423,0.0,0.0,1.3266492771179734e-07,2.335728901390329e-06,8.79173451883273e-06,1.6265187941974483e-06
39584,E02020N3739E02658N3366-PS-Mur_PYes_Var-M880_E02175N3577_S001,2.659649,0.0,0.0,0.0,3.932440137849181e-07,8.448389492549636e-07,1.475092813500162e-07
39599,E02020N3739E02658N3366-PS-Str_PYes_Hom-M861_E02140N3614_S003,0.8651848,0.0,0.0,1.4307257377708088e-07,2.572273001895195e-06,9.254451056535011e-06,1.7748701279302233e-06
39615,E02020N3739E02658N3366-PS-Mur_PYes_Hom-M809_E02154N3709_S000,0.25177383,1.6611756917725204e-17,2.1096239472951092e-08,2.2975898140988237e-06,8.81829402446842e-06,3.093265818277402e-05,6.0359447655780125e-06
39624,E01964N3926E02184N3685-PS-Str_PYes_Var-M792_E01991N3732_S000,0.24261856,0.0,0.0,0.0,1.4339847749731567e-05,5.0766385924872376e-05,7.70697286814764e-06
39627,E01548N3896E01854N3659-PS-Mur_PYes_Var-M792_E01682N3667_S000,0.38147736,0.0,0.0,6.178460230074884e-07,6.671894577393234e-06,2.259486228306796e-05,4.083397325807656e-06
39638,E01577N3897E01966N3571-PS-Mur_PYes_Hom-M707_E01849N3856_S000,0.103759766,0.0,0.0,4.631864935397164e-06,5.13429584089817e-05,0.0003129782938010996,6.038174429383254e-05
39653,E01964N3926E02184N3685-PS-Str_PYes_Hom-M774_E01991N3732_S000,0.1525917,0.0,0.0,3.4529949022068752e-06,3.200298582317893e-05,7.171322283308171e-05,1.5086319243539752e-05
39712,E02113N3823E02873N3483-PS-Mur_PNo_Hom-M809_E02226N3659_S000,0.16632462,3.1878174579828575e-07,3.0608973169503204e-06,9.954881686418092e-06,1.6537576752979978e-05,2.3302109599573288e-05,1.04245348312172e-05
39716,E01964N3926E02184N3685-PS-Mur_PYes_Var-M809_E02031N3692_S000,0.31433487,0.0,0.0,1.497156221348148e-09,8.518225253831736e-06,2.2704810693610426e-05,4.208791222394577e-06
39725,E01964N3926E02184N3685-PS-Mur_PYes_Hom-M732_E02033N3761_S000,0.061035156,1.0511957453756054e-05,2.464058314399432e-05,0.0001262287658088,0.00027951615323814,0.000375360056515565,0.00014828828055960086
39754,E02020N3739E02658N3366-PS-Mur_PYes_Var-M871_E02202N3553_S001,1.4328232,0.0,0.0,0.0,1.4801194459137291e-06,3.653223352101484e-06,5.982044602135258e-07
39770,E02020N3739E02658N3366-PS-Str_PYes_Hom-M871_E02287N3526_S003,2.2308693,0.0,0.0,0.0,1.1602497516853683e-06,2.8198702967963356e-06,4.6529799945997697e-07
39771,E01964N3926E02184N3685-PS-Mur_PYes_Var-M809_E02040N3720_S000,0.23651505,0.0,0.0,2.1071784248596643e-09,1.0727505990827694e-05,3.236682511631067e-05,5.443050806700457e-06
39776,E01964N3926E02184N3685-PS-Mur_PYes_Var-M792_E02091N3733_S000,0.17853165,1.3137817327500515e-10,1.8978101507483887e-08,4.678274180661408e-06,2.289014722346103e-05,4.2866327162761386e-05,1.1343189071545593e-05
39829,E02020N3739E02658N3366-PS-Mur_PNo_Hom-M792_E02135N3710_S000,0.19836807,9.126620534903488e-09,1.1855092046859631e-06,5.114225657592749e-06,1.8851653867527966e-05,4.2567036569701254e-05,1.112727119879199e-05
39835,E01548N3896E01854N3659-PS-Str_PYes_Var-M774_E01742N3823_S000,0.26398087,0.0,0.0,2.6354942118321123e-06,1.732843099905965e-05,3.146671569082633e-05,7.580735016053751e-06
39849,E02020N3739E02658N3366-PS-Mur_PYes_Hom-M809_E02173N3683_S000,0.19989395,2.2017729982999774e-17,2.6594953094706204e-08,2.95747827519743e-06,1.142180776813372e-05,4.070165167297066e-05,7.870928881345267e-06
39864,E02113N3823E02873N3483-PS-Mur_PYes_Hom-M809_E02320N3583_S000,0.16937637,3.617551283532619e-07,3.4936923686929004e-06,1.15058041351036e-05,1.9176370096755753e-05,2.7127686455687486e-05,1.2030890205595265e-05
39869,E02020N3739E02658N3366-PS-Mur_PYes_Hom-M792_E02100N3712_S000,0.22735977,7.380124411632008e-09,9.865640412235037e-07,4.384569882054715e-06,1.5208172716279893e-05,3.4864591854757e-05,9.250208584310066e-06
39883,E01964N3926E02184N3685-PS-Mur_PYes_Hom-M774_E02065N3777_S000,0.13275528,9.068875165628975e-08,1.3021893023040066e-06,9.195950594035339e-06,3.996903857965579e-05,7.251968321408465e-05,1.9349682128482358e-05
39906,E02020N3739E02658N3366-PS-Mur_PYes_Hom-M880_E02164N3590_S002,1.1490059,0.0,0.0,0.0,6.458920778972629e-07,1.39854746712467e-06,2.438633813264293e-07
39924,E01964N3926E02184N3685-PS-Str_PNo_Hom-M774_E02099N3777_S000,0.14343643,8.951640277922232e-08,1.2544159377389415e-06,8.88853783918752e-06,3.912829676929825e-05,7.416715055326626e-05,1.9304861883147412e-05
39929,E02113N3823E02873N3483-PS-Str_PNo_Hom-M792_E02272N3638_S000,0.16937637,3.307221627857598e-06,5.112991066380295e-06,1.4749559542596763e-05,2.2687254164375007e-05,3.861822707847943e-05,1.6863220364145667e-05
39955,E02020N3739E02658N3366-PS-Str_PYes_Var-M871_E02292N3463_S001,1.0025177,0.0,0.0,0.0,9.014855182972769e-07,8.445238840005156e-06,1.0735063173573745e-06
39956,E01964N3926E02184N3685-PS-Str_PYes_Hom-M774_E02091N3733_S000,0.1678505,8.111356947606512e-08,1.0523403476091147e-06,7.616569448503354e-06,3.26081365117534e-05,5.89780806154769e-05,1.6096107415764004e-05
39993,E01517N3917E01678N3772-PS-Str_PYes_Var-M754_E01574N3813_S000,0.08544922,6.258803820696945e-06,1.1524110867111217e-05,3.415278019981618e-05,8.284781389493955e-05,0.0001721067830931199,5.066356997909671e-05
40023,E02020N3739E02658N3366-PS-Mur_PYes_Var-M871_E02194N3513_S005,2.3041115,0.0,0.0,0.0,1.0648405406995787e-06,2.5698827728351736e-06,4.298286604038721e-07
40034,E02020N3739E02658N3366-PS-Mur_PYes_Hom-M880_E02321N3496_S003,2.7527275,0.0,0.0,0.0,3.880393528197765e-07,8.302684102058181e-07,1.4522164814863683e-07
40039,E01964N3926E02184N3685-PS-Str_PYes_Var-M774_E02009N3708_S000,0.1815834,0.0,0.0,2.533244982119132e-06,2.7118064221684882e-05,5.405125859584197e-05,1.3409823201405073e-05
40049,E02020N3739E02658N3366-PS-Str_PYes_Hom-M880_E02218N3525_S002,2.6016617,0.0,0.0,0.0,3.443705439991627e-07,7.433648146865977e-07,1.2926391680024885e-07
40090,E02113N3823E02873N3483-PS-Str_PYes_Hom-M792_E02272N3638_S000,0.16937637,3.307221627857598e-06,5.112991066380295e-06,1.4749559542596763e-05,2.2687254164375007e-05,3.861822707847943e-05,1.6863220364145667e-05
40116,E02113N3823E02873N3483-PS-Mur_PNo_Var-M861_E02373N3559_S003,0.43183136,0.0,0.0,0.0,0.0,1.7004807915833886e-05,4.445539156828421e-06
40121,E01964N3926E02184N3685-PS-Str_PYes_Hom-M774_E02073N3766_S000,0.15869522,7.829876020876066e-08,1.1242828472702138e-06,7.902779011688053e-06,3.409943209263778e-05,6.179953299481606e-05,1.660575476312804e-05
40138,E01517N3917E01678N3772-PS-Str_PYes_Hom-M792_E01630N3865_S000,0.117492676,2.0442221702046292e-11,1.6476791225109633e-06,7.5208165684484235e-06,2.0170551036689956e-05,5.803256805813892e-05,1.3258048796847465e-05
40165,E02020N3739E02658N3366-PS-Str_PYes_Hom-M880_E02279N3514_S003,2.3285255,0.0,0.0,0.0,4.661955640820064e-07,9.963336194186962e-07,1.7487448933625843e-07
40238,E01964N3926E02184N3685-PS-Str_PNo_Var-M754_E02078N3742_S000,0.105285645,5.179718482791194e-06,1.0284270474048657e-05,3.5172002301215934e-05,0.00010540482375820796,0.00016851642074747,5.551305322983338e-05
40242,E02020N3739E02658N3366-PS-Str_PYes_Hom-M871_E02299N3449_S003,1.4847031,0.0,0.0,0.0,6.0940642925704e-07,5.694298654620632e-06,7.248628108372902e-07
40276,E01964N3926E02184N3685-PS-Mur_PYes_Hom-M774_E02057N3724_S000,0.15869522,0.0,0.0,5.622478590110338e-06,3.479256011883118e-05,6.670810610455582e-05,1.5974809884797335e-05
40277,E01964N3926E02184N3685-PS-Mur_PYes_Hom-M792_E02066N3753_S000,0.17242813,1.3661159617195852e-10,1.9055710660894227e-08,4.6323254793239286e-06,2.227948355772952e-05,4.178236994385087e-05,1.1292651663960966e-05
40311,E01517N3917E01678N3772-PS-Mur_PNo_Hom-M707_E01587N3805_S000,0.06866455,8.919050447840506e-06,2.270907777006983e-05,6.531927835985946e-05,0.00013062920748621996,0.00018964324969672987,7.931770542843217e-05
40327,E01964N3926E02184N3685-PS-Mur_PYes_Var-M792_E02066N3753_S000,0.1525917,1.543710160562621e-10,2.1532940825123033e-08,5.234524820619364e-06,2.517580213092817e-05,4.7214051238754476e-05,1.2760689137551579e-05
40353,E02020N3739E02658N3366-PS-Mur_PYes_Var-M871_E02189N3538_S001,1.8951721,0.0,0.0,0.0,1.088319457149774e-06,2.6907627453297e-06,4.422155413453276e-07
40361,E01964N3926E02184N3685-PS-Str_PYes_Var-M732_E02009N3708_S000,0.08544922,0.0,0.0,3.756530377207824e-05,0.0002032636364753599,0.0004356246093032799,0.00010054364611777563
40383,E01548N3896E01854N3659-PS-Mur_PYes_Hom-M809_E01793N3787_S000,0.3921585,0.0,0.0,3.684229888483903e-07,3.812279765808961e-06,1.613402578359697e-05,2.7348176584036438e-06
40401,E01548N3896E01854N3659-PS-Str_PYes_Hom-M792_E01789N3844_S000,0.3189125,0.0,0.0,1.2921115244559457e-06,1.0746071413870904e-05,2.1275683748074488e-05,4.967845475191774e-06
40426,E01548N3896E01854N3659-PS-Mur_PYes_Hom-M792_E01800N3854_S000,0.34637833,0.0,0.0,1.1528122375325404e-06,9.304932170495503e-06,1.993147734903679e-05,4.497174034184519e-06
40441,E01964N3926E02184N3685-PS-Mur_PYes_Var-M792_E02053N3710_S000,0.17853165,0.0,0.0,2.082200643280114e-06,2.3109238349474416e-05,6.006238967351719e-05,1.1053290024634694e-05
40446,E01964N3926E02184N3685-PS-Mur_PYes_Var-M809_E02061N3739_S000,0.23498917,0.0,0.0,2.312580963117241e-09,1.1223068209635574e-05,3.576703293293653e-05,5.6301442979917415e-06
40451,E02020N3739E02658N3366-PS-Mur_PYes_Hom-M861_E02125N3584_S005,0.7858391,0.0,0.0,1.4803556133102798e-07,2.668484141169153e-06,1.0161819823792284e-05,1.8380789416583392e-06
40501,E01964N3926E02184N3685-PS-Mur_PNo_Var-M809_E02078N3742_S000,0.1678505,0.0,9.638604532804732e-14,2.9416471257092678e-06,1.7022226090576522e-05,3.299066034153936e-05,7.987221209992445e-06
40520,E02113N3823E02873N3483-PS-Mur_PNo_Hom-M809_E02209N3683_S000,0.15564346,3.1620538239482003e-07,3.128918280676373e-06,1.0126602851010764e-05,1.7037033088242683e-05,2.371195263562662e-05,1.0682545987177345e-05
40525,E01548N3896E01854N3659-PS-Mur_PYes_Var-M809_E01673N3781_S000,0.42572784,0.0,0.0,4.864042523607525e-07,3.4838429220047693e-06,1.4649587168952757e-05,2.5191727905158513e-06
40534,E02113N3823E02873N3483-PS-Mur_PNo_Hom-M792_E02209N3683_S000,0.117492676,4.098241072358031e-06,6.386417409453769e-06,1.848018023304189e-05,2.8203128521588622e-05,4.9715100432299176e-05,2.1216474541659106e-05
40565,E01964N3926E02184N3685-PS-Str_PNo_Hom-M774_E02061N3739_S000,0.14953995,8.565354204327012e-08,1.1261156385992319e-06,8.456345106240036e-06,3.5380594846199956e-05,6.22937360205686e-05,1.762242178985385e-05
40581,E01964N3926E02184N3685-PS-Str_PYes_Var-M792_E02088N3719_S000,0.20904922,1.1060084411339468e-10,1.5857507846043974e-08,4.004904344981312e-06,1.958929009862958e-05,3.532278995177695e-05,9.68725037174851e-06
40582,E02020N3739E02658N3366-PS-Mur_PYes_Hom-M880_E02284N3476_S005,2.035553,0.0,0.0,0.0,4.826683355070938e-07,1.059874769154628e-06,1.8355521569775122e-07
40647,E01517N3917E01678N3772-PS-Str_PYes_Var-M732_E01587N3805_S000,0.08850098,9.536342901000214e-06,2.2271911825390957e-05,5.874333079087179e-05,0.00012722581606068793,0.00021632796671021,7.766016818361861e-05
40717,E02020N3739E02658N3366-PS-Mur_PYes_Var-M861_E02314N3535_S001,1.3290596,0.0,0.0,1.220062292325471e-07,2.225069022193809e-06,7.6151847754998755e-06,1.5131215949431108e-06
40739,E02020N3739E02658N3366-PS-Mur_PYes_Var-M880_E02171N3606_S005,1.908905,0.0,0.0,0.0,4.0901173046668446e-07,8.891507168459632e-07,1.546030130484253e-07
40746,E01964N3926E02184N3685-PS-Str_PYes_Hom-M774_E02093N3745_S000,0.14496231,8.86461339248122e-08,1.2709838404144268e-06,8.950697670906184e-06,3.861744869019524e-05,7.094229716908098e-05,1.8869608993520697e-05
40754,E01548N3896E01854N3659-PS-Str_PYes_Var-M861_E01760N3738_S003,2.0828552,0.0,0.0,0.0,2.970995284447503e-07,3.787639666576191e-06,5.265807197192747e-07
40758,E02020N3739E02658N3366-PS-Str_PYes_Var-M880_E02268N3554_S005,2.4444962,0.0,0.0,0.0,4.0910166175938565e-07,8.862222328953753e-07,1.5435618796752457e-07
40777,E02113N3823E02873N3483-PS-Mur_PYes_Var-M837_E02200N3695_S000,0.3479042,6.192090395244114e-11,1.3275716332796637e-06,1.2663060258513007e-05,3.21010652210441e-05,4.56928223057595e-05,1.708596713075229e-05
40819,E02113N3823E02873N3483-PS-Mur_PNo_Hom-M792_E02138N3737_S000,0.17242813,2.593560120875718e-06,3.89762610211667e-06,1.1267324896622888e-05,1.7593662383683685e-05,2.9701886900367755e-05,1.294894118258633e-05
40825,E02020N3739E02658N3366-PS-Mur_PYes_Hom-M880_E02210N3510_S002,1.4206161,0.0,0.0,0.0,6.002088655432018e-07,1.2967378385621157e-06,2.2618259393931225e-07
40888,E02020N3739E02658N3366-PS-Mur_PYes_Var-M880_E02206N3569_S004,2.6901665,0.0,0.0,0.0,3.783591111606927e-07,8.224271074401377e-07,1.4305810877817997e-07
40897,E02113N3823E02873N3483-PS-Mur_PNo_Hom-M792_E02200N3695_S000,0.12665176,3.888633378433987e-06,5.9938352049195884e-06,1.7419598088375494e-05,2.659571686082734e-05,4.5886710893021886e-05,1.9883971133832106e-05
40901,E02020N3739E02658N3366-PS-Str_PYes_Hom-M861_E02116N3637_S002,0.5828934,0.0,0.0,1.9672404481067727e-07,3.540585995309763e-06,1.2743088527225875e-05,2.4461556695087343e-06
40920,E01964N3926E02184N3685-PS-Mur_PYes_Hom-M774_E02009N3708_S000,0.1815834,0.0,0.0,2.4290879595040755e-06,2.6003076587898365e-05,5.182888444581804e-05,1.2858464265213997e-05
40930,E02113N3823E02873N3483-PS-Str_PNo_Var-M837_E02259N3628_S000,0.22278214,1.1460261784641079e-10,2.216220258934142e-06,2.194482915752445e-05,5.667890721682606e-05,7.902478516841788e-05,2.9710641549881848e-05
40984,E01964N3926E02184N3685-PS-Mur_PYes_Var-M774_E02037N3774_S000,0.10986328,0.0,3.1398991273243904e-08,9.110896214422245e-06,4.737538868961577e-05,9.470645513567215e-05,2.2769158178408636e-05
40989,E02020N3739E02658N3366-PS-Mur_PYes_Hom-M880_E02159N3618_S004,1.8097191,0.0,0.0,0.0,4.363066723948584e-07,9.361302926873428e-07,1.6310303692426771e-07
41002,E02113N3823E02873N3483-PS-Mur_PYes_Var-M809_E02138N3737_S000,0.2182045,1.953355407993224e-07,2.0158185739654763e-06,6.565765935507902e-06,1.1058081611869094e-05,1.53225259650112e-05,6.881762730621163e-06
41004,E02020N3739E02658N3366-PS-Mur_PYes_Hom-M880_E02116N3637_S001,1.6281395,0.0,0.0,0.0,4.802194147193752e-07,1.034340799599594e-06,1.7898274379570225e-07
41008,E02020N3739E02658N3366-PS-Mur_PYes_Var-M861_E02146N3630_S001,1.0086212,0.0,0.0,1.1850213357388834e-07,2.14049639616339e-06,7.696201216520751e-06,1.4680371298408726e-06
41029,E01964N3926E02184N3685-PS-Str_PYes_Hom-M754_E02009N3708_S000,0.12207031,0.0,0.0,1.3183423858979279e-05,8.870590036415457e-05,0.00016610397571884997,4.3153044881266264e-05
41042,E02020N3739E02658N3366-PS-Str_PYes_Var-M871_E02159N3533_S003,1.7792015,0.0,0.0,0.0,1.1730042570690028e-06,2.7843699968544385e-06,4.711181977866721e-07
41053,E01517N3917E01678N3772-PS-Str_PYes_Var-M754_E01598N3815_S000,0.09765625,5.4338307053810965e-06,9.850188568344073e-06,2.9728714291909953e-05,7.440703003102558e-05,0.00014556975763406,4.433062438020325e-05
41062,E02020N3739E02658N3366-PS-Mur_PYes_Hom-M861_E02301N3474_S001,1.4465561,0.0,0.0,1.1593051368583545e-07,2.056724182862322e-06,7.588990018604258e-06,1.4281568222543759e-06
41067,E01964N3926E02184N3685-PS-Str_PNo_Var-M707_E02003N3766_S000,0.033569336,1.1200945026491436e-05,2.8102549790118203e-05,0.0001791817175873,0.00038871859525685994,0.0004889426732648199,0.0002055316535539745
41097,E02113N3823E02873N3483-PS-Str_PNo_Hom-M792_E02184N3722_S000,0.12207031,4.057942183114475e-06,6.069867440427165e-06,1.7744147403961505e-05,2.7863911011069927e-05,4.698871437724046e-05,2.042064778249344e-05
41128,E01964N3926E02184N3685-PS-Mur_PYes_Hom-M754_E02057N3724_S000,0.12054443,4.577215285620186e-06,8.124511012391992e-06,2.9595796623538823e-05,9.197295569608568e-05,0.0001479892823208399,4.668915345533197e-05
41132,E02113N3823E02873N3483-PS-Str_PNo_Var-M824_E02235N3671_S000,0.19226456,1.35389133258844e-07,1.838298802250174e-05,7.789765102647649e-05,0.0001462885966838,0.0002095159104002,8.501244703602651e-05
41178,E02020N3739E02658N3366-PS-Mur_PYes_Hom-M880_E02175N3577_S004,2.3514137,0.0,0.0,0.0,3.8121295932108075e-07,8.189916304011362e-07,1.4299632721560386e-07
41206,E01964N3926E02184N3685-PS-Mur_PNo_Hom-M792_E02091N3733_S000,0.18616104,1.27623810771866e-10,1.8435768858883867e-08,4.544584263033207e-06,2.223602098403457e-05,4.164134642710837e-05,1.1019037481866617e-05
41223,E02020N3739E02658N3366-PS-Mur_PYes_Var-M871_E02226N3500_S004,1.9165344,0.0,0.0,0.0,1.2662946789290808e-06,3.106932024804371e-06,5.168665247407112e-07
41227,E01517N3917E01678N3772-PS-Str_PYes_Hom-M774_E01606N3863_S000,0.11444092,1.4353786377389293e-08,2.8305794210492976e-06,1.1298904731966014e-05,2.646497262338096e-05,7.000623688456995e-05,1.748648145066717e-05
41241,E01517N3917E01678N3772-PS-Mur_PNo_Hom-M707_E01551N3793_S000,0.06866455,9.031978828392557e-06,2.302890487116009e-05,6.595308108892808e-05,0.000131298831557552,0.00018893241162743,7.931770542843271e-05
41244,E02020N3739E02658N3366-PS-Str_PYes_Var-M837_E02116N3712_S000,0.43946075,0.0,0.0,3.2580320872854823e-06,2.8794035382347692e-05,5.4969612017075496e-05,1.2142036558175598e-05
41272,E01548N3896E01854N3659-PS-Mur_PYes_Hom-M792_E01656N3847_S000,0.20904922,1.6799657245545216e-12,2.2777282266056142e-07,1.946502705394984e-06,1.2025818663731441e-05,3.765870911417234e-05,7.451468279480705e-06
41291,E02020N3739E02658N3366-PS-Mur_PYes_Hom-M880_E02189N3538_S003,2.5513077,0.0,0.0,0.0,4.248793820279385e-07,9.05456405389327e-07,1.5816490556610959e-07
41302,E01964N3926E02184N3685-PS-Str_PNo_Hom-M774_E02066N3753_S000,0.12970352,9.559389136475178e-08,1.3744175668185204e-06,9.499830835274757e-06,4.1427812655852024e-05,7.43334841640152e-05,2.005814712104768e-05
41314,E01964N3926E02184N3685-PS-Mur_PYes_Hom-M792_E02053N3710_S000,0.24109268,0.0,0.0,1.541892994229483e-06,1.7112650900396636e-05,4.4476875056761175e-05,8.185085576250374e-06
41320,E02020N3739E02658N3366-PS-Mur_PYes_Var-M824_E02127N3724_S000,0.30670547,0.0,1.7438021440505001e-09,9.376309420448378e-06,5.1726444213557735e-05,0.0002547491963169,4.252510171709351e-05
41373,E01548N3896E01854N3659-PS-Str_PYes_Hom-M861_E01690N3715_S001,1.5152206,0.0,0.0,0.0,4.06435770160677e-07,5.343829807599137e-06,7.238493129561688e-07
41418,E02020N3739E02658N3366-PS-Str_PYes_Var-M861_E02209N3537_S002,2.0660706,0.0,0.0,7.446176061435159e-08,1.3562343998801797e-06,5.439324365330023e-06,9.557140040733033e-07
41428,E02020N3739E02658N3366-PS-Str_PYes_Hom-M880_E02184N3552_S004,1.6281395,0.0,0.0,0.0,5.27775032121633e-07,1.1277259007710013e-06,1.9735633849435807e-07
41453,E02020N3739E02658N3366-PS-Mur_PYes_Var-M850_E02193N3666_S000,0.4791336,0.0,0.0,2.984648835961448e-06,3.759280054936464e-05,6.442187019615676e-05,1.5261080867266844e-05
41456,E01964N3926E02184N3685-PS-Str_PYes_Var-M774_E02023N3703_S000,0.15869522,0.0,0.0,3.43061576180975e-06,3.3672791834102945e-05,7.540537170843508e-05,1.5762730369708238e-05
41497,E01964N3926E02184N3685-PS-Mur_PYes_Var-M809_E02067N3699_S000,0.20141983,0.0,0.0,2.5309416368445775e-09,1.279464386595059e-05,3.9060756709689445e-05,6.478802391552678e-06
41503,E01548N3896E01854N3659-PS-Mur_PYes_Hom-M792_E01694N3821_S000,0.25177383,0.0,0.0,1.8989127552591255e-06,1.2649041160843003e-05,2.550444725551065e-05,6.186995811598847e-06
41528,E01964N3926E02184N3685-PS-Mur_PYes_Hom-M774_E02048N3750_S000,0.14343643,8.307406658113059e-08,1.1100057249116857e-06,8.370594433742178e-06,3.465574787174205e-05,6.12790764339531e-05,1.7210756104513634e-05
41553,E01964N3926E02184N3685-PS-Str_PYes_Var-M754_E02053N3710_S000,0.117492676,0.0,0.0,1.983298217111368e-05,0.00010484762421489999,0.000217397478023785,4.9140704959302854e-05
41555,E01964N3926E02184N3685-PS-Str_PYes_Hom-M792_E02053N3710_S000,0.2548256,0.0,0.0,1.4781569551722612e-06,1.6405278475564185e-05,4.263836884629778e-05,7.84674501959243e-06
41564,E02113N3823E02873N3483-PS-Str_PNo_Hom-M809_E02287N3633_S000,0.20294571,2.7863565411625233e-07,2.799089981287182e-06,9.121721855708508e-06,1.5347148658910445e-05,2.115393646484172e-05,9.600887573825022e-06
41579,E02020N3739E02658N3366-PS-Mur_PYes_Var-M861_E02250N3552_S002,1.8020897,0.0,0.0,8.923394863037856e-08,1.579664312800533e-06,5.732333129509041e-06,1.0957205604988514e-06
41598,E02020N3739E02658N3366-PS-Str_PYes_Var-M880_E02239N3505_S005,2.4368668,0.0,0.0,0.0,3.812201739181943e-07,8.311919651650482e-07,1.44109933273686e-07
41670,E01964N3926E02184N3685-PS-Str_PYes_Hom-M774_E02065N3777_S000,0.13733292,8.878663579710243e-08,1.2748770405478406e-06,9.003073714094248e-06,3.913072356516569e-05,7.099864739624092e-05,1.8943839765734945e-05
41678,E02020N3739E02658N3366-PS-Str_PYes_Var-M880_E02175N3577_S005,2.072174,0.0,0.0,0.0,3.989403300405954e-07,8.570768210886656e-07,1.4964601957809496e-07
41716,E01964N3926E02184N3685-PS-Str_PNo_Hom-M754_E02065N3777_S000,0.0869751,6.476883044381791e-06,1.2366128245110518e-05,4.1721954477662085e-05,0.00012816867488331596,0.00021172312586326,6.638315711997501e-05
41763,E01964N3926E02184N3685-PS-Str_PNo_Hom-M792_E02061N3739_S000,0.17242813,1.3346837832345433e-10,1.910020283054537e-08,4.7851199945050566e-06,2.335429377197684e-05,4.181884140371272e-05,1.1596469988457956e-05
41764,E01577N3897E01966N3571-PS-Str_PYes_Var-M680_E01798N3880_S000,0.09765625,0.0,0.0,1.0189402643108616e-06,1.0106755515652951e-05,5.713962782001723e-05,1.077538701962369e-05
41781,E02113N3823E02873N3483-PS-Str_PNo_Hom-M792_E02187N3749_S000,0.09765625,4.73743348262988e-06,7.433310896925771e-06,2.1018299267929483e-05,3.329505937563527e-05,5.692172783166543e-05,2.44594478236153e-05
41829,E01964N3926E02184N3685-PS-Mur_PNo_Hom-M792_E02090N3766_S000,0.14648819,1.7010660574958956e-10,2.2318354222222573e-08,5.570499926321502e-06,2.7041854479048804e-05,5.303928334355362e-05,1.3824404045556382e-05
41840,E01964N3926E02184N3685-PS-Str_PYes_Var-M754_E02048N3695_S000,0.11444092,0.0,0.0,1.7241566383959142e-05,0.000107008422100308,0.00019960504586771482,4.9814742524707425e-05
41852,E02113N3823E02873N3483-PS-Str_PNo_Var-M792_E02119N3739_S000,0.15869522,2.6923310206773645e-06,4.117260110107394e-06,1.1921729326382094e-05,1.824482885646384e-05,3.0856564555527914e-05,1.3582231484074948e-05
41875,E02113N3823E02873N3483-PS-Str_PNo_Hom-M809_E02280N3610_S000,0.17090225,3.501973553797972e-07,3.277130375667779e-06,1.0783755079882356e-05,1.7900445673481438e-05,2.5707570354650475e-05,1.1298033344857206e-05
41897,E02020N3739E02658N3366-PS-Str_PYes_Hom-M880_E02318N3471_S003,2.6611748,0.0,0.0,0.0,4.141742830783824e-07,8.871966419843516e-07,1.5584790574324598e-07
41916,E01964N3926E02184N3685-PS-Mur_PNo_Hom-M774_E02088N3719_S000,0.17853165,7.562204132283598e-08,9.73629521405659e-07,7.293653574214732e-06,3.084823442008472e-05,5.4600889049711324e-05,1.5321606079653046e-05
41933,E02020N3739E02658N3366-PS-Str_PYes_Hom-M895_E02434N3452_S005,1.1200104,0.0,0.0,0.0,7.392318366554401e-08,1.747870597601816e-06,2.8494600557905055e-07
41938,E02020N3739E02658N3366-PS-Str_PYes_Hom-M871_E02180N3508_S001,1.7959862,0.0,0.0,0.0,1.1505451518679604e-06,2.7488128609365714e-06,4.613841283599312e-07
41945,E01964N3926E02184N3685-PS-Str_PNo_Var-M809_E02078N3742_S000,0.1892128,0.0,8.550280284071234e-14,2.6094967726959764e-06,1.5100194601604575e-05,2.9265584215713494e-05,7.0853596912167705e-06
41955,E02113N3823E02873N3483-PS-Str_PNo_Hom-M792_E02226N3707_S000,0.12512589,4.15132898972387e-06,6.1654370448387155e-06,1.7914129476259295e-05,2.7789342496614865e-05,4.691637662216707e-05,2.054481370146204e-05
41969,E01964N3926E02184N3685-PS-Str_PYes_Var-M792_E02081N3777_S000,0.14343643,0.0,0.0,8.608389400525147e-09,2.5424212211674685e-05,7.772621557475238e-05,1.4118545907008894e-05
41970,E02113N3823E02873N3483-PS-Mur_PYes_Hom-M792_E02157N3736_S000,0.117492676,3.903360402013623e-06,5.930202756169379e-06,1.697235081918638e-05,2.723313731264302e-05,4.611217108711412e-05,1.9666738713497414e-05
42029,E01964N3926E02184N3685-PS-Mur_PYes_Var-M792_E02031N3692_S000,0.2822914,0.0,0.0,1.094011041841597e-06,1.3816626972275595e-05,3.3253252375962266e-05,6.899656868753641e-06
42071,E02113N3823E02873N3483-PS-Str_PNo_Hom-M809_E02233N3717_S000,0.16632462,0.0,0.0,9.935073966962579e-06,1.9284587059556417e-05,2.694913657903645e-05,1.0747034665817636e-05
42082,E01577N3897E01966N3571-PS-Mur_PYes_Var-M707_E01762N3719_S000,0.1678505,0.0,0.0,2.410294351387055e-06,2.72227148572779e-05,0.000174545382123795,3.2447413324810924e-05
42103,E02020N3739E02658N3366-PS-Str_PYes_Var-M880_E02239N3477_S001,1.6540794,0.0,0.0,0.0,1.863042718330337e-07,2.0807142025283663e-06,2.4845642264336274e-07
42107,E02020N3739E02658N3366-PS-Str_PYes_Var-M880_E02368N3461_S002,0.5218582,0.0,0.0,0.0,2.3467606438795516e-06,5.096513795164644e-06,8.877480690299985e-07
42120,E02020N3739E02658N3366-PS-Str_PYes_Var-M861_E02214N3447_S005,2.5040054,0.0,0.0,0.0,8.098814841821641e-07,3.3806620734955978e-06,7.957552014163043e-07
42143,E01548N3896E01854N3659-PS-Mur_PYes_Hom-M809_E01738N3718_S000,0.35248184,0.0,0.0,4.0474004286867327e-07,4.242539976910705e-06,1.5546763188439186e-05,3.0426588521357124e-06
42146,E01548N3896E01854N3659-PS-Mur_PYes_Var-M774_E01686N3772_S000,0.17395401,0.0,0.0,3.750075017091824e-06,2.594243155767099e-05,4.910219143287023e-05,1.1504012036154453e-05
42165,E01964N3926E02184N3685-PS-Mur_PYes_Hom-M824_E02029N3745_S000,0.2548256,0.0,0.0,4.3458153573954504e-11,8.774339048039009e-05,0.000267546732013555,4.4057515535599076e-05
42237,E01964N3926E02184N3685-PS-Str_PYes_Hom-M774_E02009N3708_S000,0.18616104,0.0,0.0,2.3693588567900085e-06,2.536368416642449e-05,5.0554458482564005e-05,1.2542286117017778e-05
42255,E01964N3926E02184N3685-PS-Str_PYes_Var-M792_E02043N3735_S000,0.20447159,0.0,0.0,1.813564184052141e-06,1.924853376527908e-05,5.172324472522915e-05,9.522939557557283e-06
42278,E01964N3926E02184N3685-PS-Str_PYes_Hom-M754_E02053N3767_S000,0.1083374,4.9435862170560175e-06,9.805363722379287e-06,3.284999151261561e-05,9.956718739159328e-05,0.00016034495042245,5.1949984189549126e-05
42301,E01964N3926E02184N3685-PS-Str_PYes_Var-M792_E02023N3703_S000,0.20904922,0.0,0.0,1.618107569841267e-06,1.8979701453210105e-05,4.341445971610465e-05,9.066751498194292e-06
42305,E02113N3823E02873N3483-PS-Str_PNo_Hom-M809_E02320N3583_S000,0.1968422,3.1403254400391e-07,3.032805941140116e-06,9.98796329385806e-06,1.664663142069984e-05,2.354901347051805e-05,1.0443780230823475e-05
42332,E02020N3739E02658N3366-PS-Mur_PYes_Var-M861_E02239N3505_S002,1.6250877,0.0,0.0,9.404982926940457e-08,1.713008297220412e-06,6.999681500060407e-06,1.2150468753866156e-06
42341,E02020N3739E02658N3366-PS-Str_PYes_Hom-M880_E02113N3596_S003,1.5960922,0.0,0.0,0.0,1.383812493083447e-07,1.408219487820422e-06,1.7789802984862296e-07
42374,E01964N3926E02184N3685-PS-Mur_PNo_Hom-M774_E02066N3753_S000,0.12817764,9.673191102902221e-08,1.390779639704434e-06,9.612923776083435e-06,4.192099966578532e-05,7.521840437685188e-05,2.0296933988353766e-05
42383,E01964N3926E02184N3685-PS-Mur_PNo_Hom-M754_E02073N3766_S000,0.09613037,5.735866405081019e-06,1.1234132559402966e-05,3.81146711013805e-05,0.0001154966708489,0.00018814581872235494,6.006094797725123e-05
42397,E02113N3823E02873N3483-PS-Str_PYes_Hom-M809_E02375N3521_S000,0.12054443,5.95884606223453e-07,5.569410126019206e-06,1.832226374306662e-05,3.046649763870875e-05,4.39605106511414e-05,1.9279867222358415e-05
42399,E01964N3926E02184N3685-PS-Mur_PYes_Hom-M707_E02037N3774_S000,0.02746582,1.3784960395610758e-05,3.711885987382399e-05,0.0002319939672026,0.000520619670121184,0.000629191949736155,0.00026446002044720214
42403,E01548N3896E01854N3659-PS-Mur_PYes_Hom-M809_E01770N3767_S000,0.30975723,0.0,0.0,5.466496536512745e-07,4.96329993939458e-06,2.075715875583887e-05,3.462330776566812e-06
42426,E01964N3926E02184N3685-PS-Str_PNo_Hom-M707_E02015N3756_S000,0.04119873,9.134149228246408e-06,2.2917133758639592e-05,0.0001457767283615,0.000316893936461956,0.00039897259920670497,0.00016747020245966223
42440,E01964N3926E02184N3685-PS-Mur_PYes_Hom-M809_E02043N3735_S000,0.2532997,0.0,0.0,2.0709323249154315e-09,9.970624398050972e-06,3.194076661408574e-05,5.011271044410047e-06
42443,E02020N3739E02658N3366-PS-Str_PNo_Hom-M824_E02207N3659_S000,0.2182045,0.0,0.0,1.2948783633334269e-05,8.572126042970081e-05,0.0004136680867962,7.111415511875874e-05
42448,E01964N3926E02184N3685-PS-Mur_PNo_Hom-M754_E02037N3774_S000,0.08544922,6.20127059277718e-06,1.2211252480999622e-05,4.119008414667559e-05,0.00012509259230961999,0.0002025482176341649,6.503373683757369e-05
42452,E02113N3823E02873N3483-PS-Str_PYes_Hom-M792_E02158N3762_S000,0.1083374,0.0,0.0,9.152157139268987e-06,4.105798195644067e-05,6.295390740208506e-05,2.1092569104905366e-05
42457,E01964N3926E02184N3685-PS-Mur_PYes_Var-M809_E02099N3756_S000,0.18616104,0.0,0.0,2.472820892356518e-12,1.412822957932372e-05,3.761199930392534e-05,7.201399868562583e-06
42469,E02113N3823E02873N3483-PS-Str_PYes_Hom-M809_E02364N3550_S000,0.13275528,5.08860028670068e-07,4.814468793316201e-06,1.593012933791633e-05,2.649736942667573e-05,3.741922314569944e-05,1.6698090453139785e-05
42480,E01548N3896E01854N3659-PS-Str_PYes_Var-M774_E01646N3818_S000,0.17090225,1.6627926258111608e-09,5.730200947449201e-07,4.175550126681152e-06,2.0480465781789095e-05,5.782907796329931e-05,1.1709436387041295e-05
42486,E01964N3926E02184N3685-PS-Str_PYes_Var-M792_E02093N3745_S000,0.15411758,1.690158489159165e-10,2.2218113450530714e-08,5.451430325195503e-06,2.6681958814849393e-05,5.119164635120623e-05,1.347991434121111e-05
42510,E02020N3739E02658N3366-PS-Mur_PYes_Hom-M792_E02191N3680_S000,0.119018555,1.6918869953128746e-08,2.195692247339987e-06,9.463703424761321e-06,3.5007116903251774e-05,7.880581292530974e-05,2.072465278805407e-05
42539,E01964N3926E02184N3685-PS-Str_PNo_Hom-M754_E02073N3766_S000,0.09613037,5.735865807746481e-06,1.1234131389477641e-05,3.811466713210928e-05,0.000115496658821,0.00018814579912887995,6.0060941722488616e-05
42548,E01517N3917E01678N3772-PS-Str_PYes_Var-M809_E01654N3866_S000,0.15869522,0.0,0.0,0.0,9.914189569998798e-06,3.950449853799658e-05,6.7581240990939165e-06
42559,E01517N3917E01678N3772-PS-Mur_PYes_Hom-M754_E01597N3834_S000,0.12054443,4.346599124965615e-06,7.99110227505806e-06,2.390070253283064e-05,5.855725641438052e-05,0.00012015347552171498,3.591341829007981e-05
42565,E01517N3917E01678N3772-PS-Str_PYes_Hom-M707_E01551N3793_S000,0.06866455,9.031978828392557e-06,2.302890487116009e-05,6.595308108892808e-05,0.000131298831557552,0.00018893241162743,7.931770542843271e-05
42566,E01517N3917E01678N3772-PS-Str_PNo_Hom-M707_E01563N3803_S000,0.051879883,1.1893406381964078e-05,3.115674832260365e-05,8.576647246037591e-05,0.000174435000724252,0.000247218432216855,0.00010497931443437807
42617,E01964N3926E02184N3685-PS-Mur_PNo_Var-M732_E02074N3729_S000,0.06866455,1.0165891949263243e-05,2.3314893895449917e-05,0.0001109799796656,0.00025679319352633586,0.00035521938323856495,0.0001385024776831625
42624,E02113N3823E02873N3483-PS-Mur_PNo_Hom-M792_E02173N3709_S000,0.1083374,4.369724000056657e-06,6.589234995457079e-06,1.9046043620610013e-05,2.933006506174516e-05,4.9578226656854844e-05,2.1812343728676046e-05
42647,E01964N3926E02184N3685-PS-Str_PNo_Var-M792_E02093N3745_S000,0.17853165,1.4769842802416661e-10,1.9415814856147184e-08,4.763859097706331e-06,2.3316649881274495e-05,4.473501001556194e-05,1.1779736461802299e-05
42679,E02020N3739E02658N3366-PS-Mur_PNo_Hom-M809_E02116N3712_S000,0.26398087,1.58687045604999e-17,1.9076339053831737e-08,2.1330813783936102e-06,8.168422936464188e-06,2.8922979105808906e-05,5.620369592155911e-06
42684,E02020N3739E02658N3366-PS-Str_PYes_Var-M861_E02174N3531_S001,1.7624168,0.0,0.0,6.80226387949886e-08,1.2270622877488927e-06,5.202717867511036e-06,9.336632527699445e-07
42701,E02113N3823E02873N3483-PS-Str_PYes_Hom-M792_E02200N3695_S000,0.12512589,3.936035197811683e-06,6.06689909809578e-06,1.763194020496499e-05,2.6919914398669024e-05,4.644606256491016e-05,2.0126353563974366e-05
42710,E02113N3823E02873N3483-PS-Str_PYes_Hom-M809_E02348N3529_S000,0.14496231,4.459563014681626e-07,4.279718073682289e-06,1.402350439796646e-05,2.4246624634721715e-05,3.464086929203162e-05,1.5046192783251873e-05
42713,E01964N3926E02184N3685-PS-Mur_PYes_Hom-M754_E02037N3774_S000,0.08544922,6.20127059277718e-06,1.2211252480999622e-05,4.119008414667559e-05,0.00012509259230961999,0.0002025482176341649,6.503373683757369e-05
42717,E02020N3739E02658N3366-PS-Str_PYes_Hom-M809_E02154N3709_S000,0.2609291,1.6029137858884174e-17,2.0356337531952853e-08,2.2170071507644803e-06,8.509012700971735e-06,2.9847766543246762e-05,5.8242479248431585e-06
42729,E01964N3926E02184N3685-PS-Mur_PYes_Hom-M774_E02066N3753_S000,0.14343643,8.644155510835036e-08,1.2428282827268124e-06,8.590299431729185e-06,3.7461437123059686e-05,6.721665868001975e-05,1.8137742955977375e-05
42757,E02113N3823E02873N3483-PS-Str_PYes_Hom-M809_E02243N3683_S000,0.16479874,3.1489034042046154e-07,3.2485488706643397e-06,1.0567450166485266e-05,1.777921491268328e-05,2.463820953409732e-05,1.106531797129502e-05
42761,E01548N3896E01854N3659-PS-Mur_PYes_Var-M754_E01612N3787_S000,0.13580704,0.0,3.2498039289755813e-07,1.0999612162836943e-05,5.1787235495022975e-05,0.00013809693929090971,3.187730575034506e-05
42796,E01964N3926E02184N3685-PS-Mur_PNo_Var-M754_E02073N3766_S000,0.06713867,8.21272796700817e-06,1.60852551541222e-05,5.4573346588117446e-05,0.000165370437836,0.0002693909373356799,8.599646371485145e-05
42814,E02020N3739E02658N3366-PS-Str_PYes_Var-M871_E02171N3606_S005,1.9287415,0.0,0.0,0.0,1.0685270430360895e-06,2.5585937070138817e-06,4.2462439071977026e-07
42819,E01517N3917E01678N3772-PS-Str_PYes_Hom-M792_E01643N3856_S000,0.12207031,2.1017113839036204e-11,1.6207207184705566e-06,7.045656365853849e-06,1.9437701862619026e-05,5.4945287674578925e-05,1.2760872252066771e-05
42831,E02020N3739E02658N3366-PS-Mur_PYes_Var-M861_E02223N3473_S004,1.696804,0.0,0.0,8.443931869770565e-08,1.527700011302956e-06,6.406991043451927e-06,1.1637055263687402e-06
42846,E02113N3823E02873N3483-PS-Mur_PYes_Hom-M792_E02200N3695_S000,0.12665176,3.888633378433987e-06,5.9938352049195884e-06,1.7419598088375494e-05,2.659571686082734e-05,4.5886710893021886e-05,1.9883971133832106e-05
42852,E02020N3739E02658N3366-PS-Str_PYes_Var-M871_E02238N3596_S003,1.6937523,0.0,0.0,0.0,4.908953420179483e-07,4.362639122333781e-06,5.623447421836826e-07
42893,E02020N3739E02658N3366-PS-Mur_PYes_Hom-M861_E02384N3458_S004,0.34943008,0.0,0.0,5.247131313399877e-07,9.41571511632908e-06,3.3039076161716534e-05,6.4876334918575395e-06
42936,E02020N3739E02658N3366-PS-Mur_PYes_Hom-M880_E02209N3537_S003,1.7563133,0.0,0.0,0.0,4.809003677135637e-07,1.0381322104817473e-06,1.8081551018044996e-07
42950,E02113N3823E02873N3483-PS-Mur_PNo_Hom-M792_E02214N3733_S000,0.10223389,4.777342688323363e-06,7.472838652600871e-06,2.1157317028377885e-05,3.349732097357373e-05,5.7361249141379295e-05,2.4638911190846053e-05
42953,E01964N3926E02184N3685-PS-Str_PYes_Hom-M774_E02090N3766_S000,0.12970352,9.956768376119975e-08,1.388984512721119e-06,9.818720762527922e-06,4.2486028108344956e-05,8.019293032314576e-05,2.1089483210531576e-05
42959,E01964N3926E02184N3685-PS-Str_PYes_Hom-M754_E02073N3766_S000,0.09613037,5.735865807746481e-06,1.1234131389477641e-05,3.811466713210928e-05,0.000115496658821,0.00018814579912887995,6.0060941722488616e-05
42977,E02113N3823E02873N3483-PS-Mur_PNo_Hom-M792_E02184N3722_S000,0.105285645,4.6071842711496935e-06,6.891423420438317e-06,2.0145816065262286e-05,3.163528871285909e-05,5.334863239333162e-05,2.318458051513786e-05
42991,E01517N3917E01678N3772-PS-Str_PNo_Var-M754_E01574N3813_S000,0.08544922,6.258803820696945e-06,1.1524110867111217e-05,3.415278019981618e-05,8.284781389493955e-05,0.0001721067830931199,5.066356997909671e-05
43015,E01964N3926E02184N3685-PS-Str_PNo_Var-M792_E02091N3733_S000,0.1815834,1.3251099751012003e-10,1.9141742489758365e-08,4.718613167254501e-06,2.3087520294449053e-05,4.3235947268368226e-05,1.1440997095233421e-05
43016,E01548N3896E01854N3659-PS-Str_PYes_Var-M792_E01656N3847_S000,0.18768692,1.87117740727408e-12,2.5369765199614707e-07,2.168051307415089e-06,1.3394582912408071e-05,4.194497819307077e-05,8.299585456888343e-06
43035,E02020N3739E02658N3366-PS-Str_PYes_Hom-M850_E02147N3521_S000,0.7705803,0.0,0.0,1.6691730852767067e-06,2.113929357914629e-05,4.449226553859465e-05,9.265832742451715e-06
43038,E01964N3926E02184N3685-PS-Mur_PYes_Hom-M754_E02061N3739_S000,0.10070801,5.326857828342805e-06,1.0403402219508226e-05,3.563963943760965e-05,0.00010705617367326397,0.00017048302107217493,5.660818068694744e-05
43047,E01964N3926E02184N3685-PS-Str_PYes_Hom-M754_E02050N3785_S000,0.08087158,6.749936853197429e-06,1.289709449405985e-05,4.452916313523929e-05,0.00013423449257457198,0.00021780073493144988,6.95933969987064e-05
43062,E01548N3896E01854N3659-PS-Mur_PYes_Hom-M792_E01644N3837_S000,0.17853165,1.9490544063156982e-12,2.7466512734998323e-07,2.229399745251607e-06,1.4503834165908294e-05,4.315068651709826e-05,8.725195962061318e-06
43074,E01548N3896E01854N3659-PS-Mur_PYes_Hom-M774_E01646N3818_S000,0.18463516,1.5391163905863619e-09,5.303996459131621e-07,3.864978434430332e-06,1.895715682297871e-05,5.352783044872531e-05,1.0838504566396059e-05
43088,E02020N3739E02658N3366-PS-Mur_PYes_Hom-M880_E02260N3491_S004,1.8646507,0.0,0.0,0.0,5.706796965741618e-07,1.252258993005786e-06,2.1640348719529435e-07
43091,E02020N3739E02658N3366-PS-Str_PYes_Var-M880_E02225N3486_S003,2.4322891,0.0,0.0,0.0,1.2012349772910595e-07,1.3330070092686489e-06,1.5973366552455291e-07
43093,E01548N3896E01854N3659-PS-Str_PYes_Hom-M707_E01589N3767_S000,0.08087158,0.0,0.0,2.222460847995526e-05,0.00014428982156129187,0.0002966791404616,6.734522251544774e-05
43135,E02113N3823E02873N3483-PS-Str_PYes_Hom-M809_E02259N3628_S000,0.23041153,2.517108227620143e-07,2.4110389990818e-06,7.934630547763375e-06,1.3255397751747558e-05,1.8691249117029703e-05,8.30180247557058e-06
43162,E02020N3739E02658N3366-PS-Str_PYes_Var-M871_E02217N3548_S002,1.9653625,0.0,0.0,0.0,1.090244115356177e-06,2.670119855569699e-06,4.4102446160789987e-07
43184,E01964N3926E02184N3685-PS-Str_PYes_Var-M809_E02029N3745_S000,0.23804092,0.0,0.0,2.240454203367391e-09,1.0711496858566192e-05,3.44303998258341e-05,5.4082237694829895e-06
43199,E02020N3739E02658N3366-PS-Str_PYes_Hom-M809_E02156N3678_S000,0.21973038,2.064625702492621e-17,2.2550556680642998e-08,2.758947234667731e-06,9.829373262661595e-06,3.702500894591625e-05,7.078145623222903e-06
43209,E01964N3926E02184N3685-PS-Str_PYes_Var-M732_E02023N3703_S000,0.076293945,0.0,0.0,4.2168603240055015e-05,0.00024247480734612798,0.0004738871687945049,0.0001141232555672141
43228,E02020N3739E02658N3366-PS-Str_PYes_Var-M871_E02228N3585_S005,1.4770737,0.0,0.0,0.0,5.094185223540663e-07,4.527256596339954e-06,5.932533739552153e-07
43232,E02020N3739E02658N3366-PS-Str_PYes_Var-M871_E02125N3584_S002,1.324482,0.0,0.0,0.0,4.92290967121639e-07,4.519090591922674e-06,5.825339190239225e-07
43238,E02020N3739E02658N3366-PS-Str_PYes_Var-M871_E02340N3431_S003,0.5676346,0.0,0.0,0.0,1.7436286460498556e-06,1.6074542582872876e-05,2.063559055427477e-06
43268,E02113N3823E02873N3483-PS-Str_PNo_Hom-M809_E02317N3557_S000,0.15564346,4.120953450866888e-07,3.842461450195343e-06,1.2705721786672939e-05,2.1169070165447213e-05,3.03902392421587e-05,1.3324093685546412e-05
43280,E02020N3739E02658N3366-PS-Str_PYes_Hom-M880_E02194N3513_S001,1.9699402,0.0,0.0,0.0,4.505453996053058e-07,9.65454427725654e-07,1.706716939465676e-07
43300,E02020N3739E02658N3366-PS-Str_PYes_Var-M880_E02218N3525_S004,2.2751198,0.0,0.0,0.0,3.937400331087935e-07,8.499347341023592e-07,1.4779539007501765e-07
43341,E02020N3739E02658N3366-PS-Str_PYes_Var-M850_E02159N3533_S000,0.75989914,0.0,0.0,2.0149938843847347e-06,2.5099735960457203e-05,4.7600547592615524e-05,1.0189353139703615e-05
43446,E02020N3739E02658N3366-PS-Mur_PYes_Hom-M880_E02194N3513_S004,2.0645447,0.0,0.0,0.0,4.1557192977212873e-07,8.905112780831318e-07,1.5742334795336346e-07
43447,E01548N3896E01854N3659-PS-Mur_PYes_Var-M650_E01701N3678_S000,0.06561279,0.0,0.0,1.5142818196070762e-07,2.523953106262017e-06,1.77759645757834e-05,2.5247307945099857e-06
43476,E01964N3926E02184N3685-PS-Str_PYes_Hom-M792_E02061N3739_S000,0.21515274,1.0556288940752368e-10,1.510674381744408e-08,3.784649960738312e-06,1.847139196272662e-05,3.3075382991112116e-05,9.171886961438641e-06
43493,E02020N3739E02658N3366-PS-Mur_PYes_Var-M861_E02426N3465_S005,0.3692665,0.0,0.0,5.136967743657221e-07,9.643347727827339e-06,3.211646933022006e-05,6.48509932066323e-06
43507,E02020N3739E02658N3366-PS-Mur_PYes_Hom-M861_E02326N3457_S005,0.48828888,0.0,0.0,3.5654638943403337e-07,6.436057850758732e-06,2.3468666586663183e-05,4.417923369890336e-06
43511,E02020N3739E02658N3366-PS-Str_PYes_Hom-M880_E02284N3476_S004,2.5284195,0.0,0.0,0.0,4.1966454761999436e-07,9.215269219262585e-07,1.5959533885345412e-07
43540,E02113N3823E02873N3483-PS-Mur_PYes_Hom-M809_E02340N3543_S000,0.16479874,4.0176691167245204e-07,3.770038659837841e-06,1.24019445018934e-05,2.0595413239990043e-05,2.96379611260463e-05,1.3016301132048212e-05
43549,E02113N3823E02873N3483-PS-Mur_PNo_Var-M850_E02367N3571_S000,0.2182045,0.0,0.0,0.0,0.0001109783855087,0.0002202089076585,4.099829808465089e-05
43552,E02020N3739E02658N3366-PS-Str_PYes_Var-M880_E02092N3663_S002,1.4648666,0.0,0.0,0.0,1.5323338197055194e-07,1.5582983599594125e-06,1.9129642999020284e-07
43576,E02020N3739E02658N3366-PS-Mur_PYes_Hom-M861_E02237N3564_S003,1.5716782,0.0,0.0,1.0193477922938409e-07,1.8182190593531156e-06,6.531559153065208e-06,1.2563625266215252e-06
43605,E01964N3926E02184N3685-PS-Str_PYes_Hom-M774_E02061N3739_S000,0.17090225,7.399018641221849e-08,9.72773618393733e-07,7.304853201058164e-06,3.0562855260825685e-05,5.381126139707078e-05,1.5222794553053966e-05
43649,E01964N3926E02184N3685-PS-Str_PYes_Hom-M707_E02015N3756_S000,0.04119873,9.134149228246408e-06,2.2917133758639592e-05,0.0001457767283615,0.000316893936461956,0.00039897259920670497,0.00016747020245966223
43656,E02020N3739E02658N3366-PS-Mur_PYes_Var-M861_E02168N3560_S005,2.2323952,0.0,0.0,6.736707931327245e-08,1.2270130283020321e-06,4.815629640219253e-06,8.516224577991466e-07
43718,E01849N3766E02950N3220-PS-Mur_PYes_Var-M809_E01996N3697_S000,0.2899208,0.0,0.0,4.975137061871812e-07,3.6665016171839156e-06,4.133936869316358e-05,4.440304111880081e-06
43769,E02020N3739E02658N3366-PS-Mur_PYes_Hom-M861_E02134N3641_S002,0.55695343,0.0,0.0,2.1148208206195047e-07,3.7669723503228737e-06,1.3432883301505743e-05,2.6263430212095964e-06
43790,E02020N3739E02658N3366-PS-Mur_PNo_Hom-M824_E02450N3491_S000,0.11444092,0.0,7.975324916488828e-09,4.284099094977549e-05,0.00023210519904003974,0.00114270023409,0.0001918733280732356
43792,E01964N3926E02184N3685-PS-Str_PNo_Var-M809_E02088N3719_S000,0.16937637,0.0,0.0,2.060827579619691e-06,1.492848454939124e-05,3.050956320240923e-05,8.12833050764026e-06
43819,E01548N3896E01854N3659-PS-Str_PYes_Hom-M754_E01647N3799_S000,0.12817764,7.552653785612419e-07,2.5933913922299565e-06,1.2337177102366349e-05,5.3252910100427926e-05,0.0001541064717459,3.3774709357491175e-05
43854,E01964N3926E02184N3685-PS-Mur_PNo_Hom-M792_E02066N3753_S000,0.15564346,1.533793166281733e-10,2.1394610420576355e-08,5.20089755428698e-06,2.5014069512896952e-05,4.691074205023321e-05,1.2678712815551266e-05
43860,E01548N3896E01854N3659-PS-Str_PYes_Hom-M754_E01634N3808_S000,0.119018555,8.778044106716052e-07,2.6944566548021905e-06,1.322222734063735e-05,5.788054992582219e-05,0.00015749140952077986,3.637384554978993e-05
43864,E02113N3823E02873N3483-PS-Mur_PNo_Hom-M809_E02293N3602_S000,0.14801407,0.0,0.0,8.753389470864136e-06,2.5886878386506864e-05,3.709668214917729e-05,1.316401561829192e-05
43868,E01964N3926E02184N3685-PS-Str_PYes_Hom-M809_E02037N3706_S000,0.24872208,0.0,0.0,1.7721744421381147e-09,9.706348394297078e-06,2.729059986408716e-05,4.8876428417031656e-06
43869,E01964N3926E02184N3685-PS-Str_PYes_Hom-M754_E02037N3774_S000,0.08850098,5.987433530812288e-06,1.1790174523767786e-05,3.976973545454292e-05,0.00012077905171932,0.00019556379160120993,6.279119266765146e-05
43926,E01964N3926E02184N3685-PS-Mur_PYes_Var-M792_E02105N3765_S000,0.1159668,2.2224643043041516e-10,2.843657583941882e-08,7.160778752914762e-06,3.525348067785381e-05,6.91337237013466e-05,1.7914559133752524e-05
43953,E01964N3926E02184N3685-PS-Str_PYes_Hom-M754_E02086N3789_S000,0.08850098,6.6873537790632e-06,1.2191735918143377e-05,4.1831995253726905e-05,0.000132724194563496,0.00021925482211879497,6.768602579857472e-05
43959,E02020N3739E02658N3366-PS-Str_PYes_Hom-M861_E02168N3560_S004,2.1179504,0.0,0.0,7.374695542572855e-08,1.3432150544064099e-06,5.271685043262643e-06,9.322738060649384e-07
44031,E02020N3739E02658N3366-PS-Str_PYes_Hom-M861_E02206N3471_S002,1.985199,0.0,0.0,6.425123608419294e-08,1.2706595913098614e-06,5.790866624137635e-06,1.0037202287158956e-06
44037,E01548N3896E01854N3659-PS-Mur_PYes_Hom-M792_E01774N3873_S000,0.24414444,0.0,0.0,1.7996826678087166e-06,1.4138467971266196e-05,2.71571360384837e-05,6.4892281118311905e-06
44038,E02020N3739E02658N3366-PS-Mur_PYes_Hom-M792_E02116N3712_S000,0.20599747,8.45306777691067e-09,1.1536964589959336e-06,5.023083884616644e-06,1.748608440263593e-05,3.982073377190567e-05,1.058805360002583e-05
44061,E02020N3739E02658N3366-PS-Mur_PYes_Var-M871_E02408N3442_S005,0.32196426,0.0,0.0,0.0,9.416554973277894e-06,2.3092195610776016e-05,3.785915860561928e-06
44081,E01517N3917E01678N3772-PS-Str_PNo_Var-M792_E01608N3844_S000,0.13580704,0.0,0.0,7.846182527340288e-07,2.011159985135453e-05,4.551839639350422e-05,1.1470124315205423e-05
44082,E02020N3739E02658N3366-PS-Str_PYes_Hom-M880_E02434N3452_S002,0.41657257,0.0,0.0,0.0,3.1455407132478655e-06,6.875304808183474e-06,1.1928834894235145e-06
44092,E01964N3926E02184N3685-PS-Str_PNo_Hom-M732_E02018N3773_S000,0.05493164,1.1317492630378663e-05,2.6482932469953484e-05,0.0001311447755742,0.000291622360915532,0.000400724448534,0.00015640135022494694
44096,E02113N3823E02873N3483-PS-Str_PNo_Hom-M809_E02235N3671_S000,0.17242813,3.0769371199348694e-07,3.068658336345411e-06,9.905086841107233e-06,1.6823396324344207e-05,2.307367025131708e-05,1.0471159446344901e-05
44105,E02020N3739E02658N3366-PS-Mur_PYes_Hom-M880_E02296N3512_S001,1.6205063,0.0,0.0,0.0,6.177664536503444e-07,1.3291132689992375e-06,2.328435209042376e-07
44116,E02113N3823E02873N3483-PS-Str_PYes_Hom-M792_E02167N3749_S000,0.0869751,5.2389835248350314e-06,8.132398302558115e-06,2.314682987740848e-05,3.668356777030664e-05,6.24076302285668e-05,2.686825047038463e-05
44170,E01964N3926E02184N3685-PS-Mur_PNo_Hom-M732_E02018N3773_S000,0.05493164,1.1317492630378663e-05,2.6482932469953484e-05,0.0001311447755742,0.000291622360915532,0.000400724448534,0.00015640135022494694
44172,E02020N3739E02658N3366-PS-Str_PNo_Hom-M809_E02173N3683_S000,0.18310928,2.4305817402582127e-17,2.935870656281416e-08,3.2648200783893237e-06,1.2608764583542634e-05,4.4931376409401424e-05,8.688877569413426e-06
44178,E01548N3896E01854N3659-PS-Str_PYes_Var-M774_E01727N3708_S000,0.24567032,0.0,0.0,0.0,9.694998606343644e-06,4.660810682686737e-05,8.145750063650842e-06
44186,E01548N3896E01854N3659-PS-Str_PYes_Var-M792_E01716N3841_S000,0.15411758,0.0,0.0,3.222727486988694e-06,2.1374789160119755e-05,4.042090229350309e-05,1.0107371473651463e-05
44227,E01964N3926E02184N3685-PS-Str_PNo_Var-M732_E02074N3729_S000,0.07171631,9.733300500887225e-06,2.2322770059262888e-05,0.0001062574240469,0.0002458658159706239,0.00034010365426433495,0.0001326087511195062
44256,E01964N3926E02184N3685-PS-Str_PNo_Var-M792_E02073N3766_S000,0.1159668,2.081752140955269e-10,2.8572834274288896e-08,6.970069899296967e-06,3.3344642447191825e-05,6.298519189001867e-05,1.7016610774204722e-05
44265,E02113N3823E02873N3483-PS-Mur_PYes_Hom-M792_E02176N3736_S000,0.09765625,4.8220514231977284e-06,7.346649410265215e-06,2.1252005675856208e-05,3.368065833357863e-05,5.692627887802487e-05,2.4459534402586826e-05
44282,E01964N3926E02184N3685-PS-Mur_PYes_Var-M754_E02074N3729_S000,0.10681152,5.0967491223490665e-06,9.972998009412686e-06,3.410008430448099e-05,0.00010213427273426396,0.00016397610552392497,5.4054821203940374e-05
44285,E01548N3896E01854N3659-PS-Mur_PYes_Hom-M809_E01713N3879_S000,0.19226456,0.0,0.0,1.0496560017992491e-06,7.885562943146425e-06,3.1116085573070844e-05,5.578157465385632e-06
44299,E02020N3739E02658N3366-PS-Str_PYes_Var-M880_E02498N3423_S005,0.46234894,0.0,0.0,0.0,2.8347082263293935e-06,6.1836355940187894e-06,1.0747734853035325e-06
44317,E01964N3926E02184N3685-PS-Mur_PNo_Var-M754_E02057N3724_S000,0.09613037,5.88813479183678e-06,1.0451379927226766e-05,3.8072065419045e-05,0.00011831411164842799,0.00019037357600148487,6.006097850048826e-05
44331,E01964N3926E02184N3685-PS-Mur_PNo_Hom-M774_E02117N3770_S000,0.105285645,1.2365164021996362e-07,1.6971631332379885e-06,1.2132102051770285e-05,5.3667838468616836e-05,0.00010289837291774496,2.661201861868385e-05
44335,E02020N3739E02658N3366-PS-Mur_PYes_Var-M880_E02425N3440_S003,0.49591827,0.0,0.0,0.0,2.420038376672427e-06,5.303129545460455e-06,9.191658191538009e-07
44339,E01964N3926E02184N3685-PS-Mur_PYes_Var-M792_E02103N3738_S000,0.16479874,1.5960593624362675e-10,2.143184012329961e-08,5.178119605806991e-06,2.5197297984214756e-05,4.801310713770808e-05,1.2761450677378888e-05
44363,E02020N3739E02658N3366-PS-Str_PYes_Var-M871_E02139N3548_S005,1.5014877,0.0,0.0,0.0,1.2976251776908613e-06,3.0929272703955336e-06,5.201846022717903e-07
44397,E01964N3926E02184N3685-PS-Mur_PYes_Var-M792_E02048N3695_S000,0.24414444,0.0,0.0,1.4031215678846714e-06,1.6317602902822718e-05,4.018873224056008e-05,8.082450757837443e-06
44400,E01964N3926E02184N3685-PS-Str_PYes_Var-M754_E02057N3724_S000,0.11291504,4.886483353730679e-06,8.673458717132614e-06,3.159549169462455e-05,9.818727959208009e-05,0.0001579884535611249,4.984379298828255e-05
44424,E01964N3926E02184N3685-PS-Str_PYes_Hom-M754_E02099N3777_S000,0.08850098,6.769524504848381e-06,1.2319360569622754e-05,4.2315404749218805e-05,0.000134398008643708,0.00022202747357881995,6.848878849255041e-05
44460,E02020N3739E02658N3366-PS-Str_PYes_Hom-M880_E02311N3485_S001,2.1011658,0.0,0.0,0.0,5.187635726052542e-07,1.1172223581631477e-06,1.9559187937758485e-07
44529,E01548N3896E01854N3659-PS-Mur_PYes_Var-M680_E01681N3673_S000,0.07476807,0.0,0.0,7.636372957356035e-07,1.4134172100592758e-05,8.860311975713111e-05,1.2602808151776331e-05
44543,E02020N3739E02658N3366-PS-Str_PYes_Hom-M880_E02270N3527_S005,2.4429703,0.0,0.0,0.0,1.2835691868763456e-07,1.3371131130593483e-06,1.6668211793397388e-07
44569,E02113N3823E02873N3483-PS-Mur_PYes_Hom-M792_E02306N3593_S000,0.14801407,3.93900291817854e-06,6.10856297676053e-06,1.77466529246984e-05,2.6972190206006763e-05,4.772381559373133e-05,2.0350129302997874e-05
44575,E01548N3896E01854N3659-PS-Mur_PYes_Var-M792_E01657N3828_S000,0.17547989,2.057039873034969e-12,2.6109139443810433e-07,2.256685905734581e-06,1.4005003335766344e-05,4.525480142942022e-05,8.87693530968217e-06
44581,E02020N3739E02658N3366-PS-Mur_PYes_Hom-M871_E02180N3508_S001,1.660183,0.0,0.0,0.0,1.4875915823958002e-06,3.5540637991231455e-06,5.965442942286416e-07
44590,E02020N3739E02658N3366-PS-Str_PYes_Var-M809_E02204N3672_S000,0.15564346,3.1168953929019416e-17,3.712765571216004e-08,4.169120143607089e-06,1.5924852657381765e-05,5.6767119573732474e-05,1.1026911275977715e-05
44621,E01964N3926E02184N3685-PS-Mur_PYes_Var-M774_E02031N3692_S000,0.1602211,0.0,0.0,3.1399844894732487e-06,3.3860893068437335e-05,6.852681471221071e-05,1.603240001204349e-05
44630,E01548N3896E01854N3659-PS-Str_PYes_Hom-M809_E01704N3687_S000,0.34485245,0.0,0.0,3.093639635437409e-07,4.1394094865893245e-06,1.3729180891964363e-05,3.109973528368675e-06
44633,E02020N3739E02658N3366-PS-Str_PYes_Hom-M871_E02118N3568_S004,1.797512,0.0,0.0,0.0,3.6166404276885935e-07,3.549774287630052e-06,4.3980293910239387e-07
44654,E01964N3926E02184N3685-PS-Str_PNo_Var-M754_E02061N3739_S000,0.09765625,5.563454334316455e-06,1.086547736675125e-05,3.7222601558399424e-05,0.00011181115633847597,0.00017805515616823493,5.912247676761056e-05
44661,E02020N3739E02658N3366-PS-Str_PYes_Hom-M850_E02219N3560_S000,0.88960266,0.0,0.0,2.0562525593566336e-06,2.4063450335541725e-05,3.6640076257007885e-05,9.380315762081694e-06
44664,E01548N3896E01854N3659-PS-Mur_PNo_Var-M754_E01611N3806_S000,0.13275528,7.5587130504557e-07,2.360980209941172e-06,1.181184280513334e-05,5.141251655018456e-05,0.0001408452464916,3.261009684231983e-05
44680,E01964N3926E02184N3685-PS-Mur_PYes_Var-M707_E02015N3756_S000,0.038146973,9.995791122955967e-06,2.507895113863631e-05,0.0001595281280038,0.000346787152021716,0.00043660845315739497,0.00018326798930865895
44685,E02113N3823E02873N3483-PS-Mur_PNo_Hom-M809_E02218N3671_S000,0.17090225,3.090987168146316e-07,2.9906185607007425e-06,9.740957023786365e-06,1.6443176190330736e-05,2.3179030278776105e-05,1.0250806121280122e-05
44689,E01548N3896E01854N3659-PS-Mur_PYes_Var-M754_E01628N3741_S000,0.25940323,0.0,0.0,5.51889759944609e-06,3.451264421395536e-05,6.455048377916489e-05,1.6688930732009797e-05
44697,E01964N3926E02184N3685-PS-Str_PYes_Hom-M754_E02065N3777_S000,0.0869751,6.476883044381791e-06,1.2366128245110518e-05,4.1721954477662085e-05,0.00012816867488331596,0.00021172312586326,6.638315711997501e-05
44705,E01517N3917E01678N3772-PS-Mur_PNo_Var-M792_E01630N3865_S000,0.06561279,3.6605840586243825e-11,2.9504953118613753e-06,1.3467509373281373e-05,3.611936053466522e-05,0.000103918789557595,2.3741158266246647e-05
44722,E01964N3926E02184N3685-PS-Mur_PYes_Var-M774_E02037N3706_S000,0.14343643,0.0,0.0,3.488554809362204e-06,3.6168421863323066e-05,7.640145706117034e-05,1.7210617983581608e-05
44736,E01964N3926E02184N3685-PS-Mur_PNo_Var-M732_E02033N3761_S000,0.04119873,1.557327843068901e-05,3.650458667513467e-05,0.0001870056765878,0.00041409822094527196,0.0005560892628791949,0.00021968645624014657
44750,E01964N3926E02184N3685-PS-Mur_PYes_Var-M754_E02061N3739_S000,0.091552734,5.859546778318544e-06,1.1443748626915381e-05,3.9203624571307213e-05,0.00011776185469196798,0.00018753142454197493,6.226903241265365e-05
44778,E01964N3926E02184N3685-PS-Mur_PYes_Var-M792_E02029N3745_S000,0.15716934,0.0,0.0,2.262788495897086e-06,2.381693942824607e-05,6.451721991653914e-05,1.1897095672059708e-05
44793,E01964N3926E02184N3685-PS-Mur_PYes_Hom-M809_E02061N3739_S000,0.27466202,0.0,0.0,1.9515837581940916e-09,9.471131166584299e-06,3.018374779692993e-05,4.751270698621902e-06
44807,E02113N3823E02873N3483-PS-Mur_PNo_Hom-M809_E02259N3628_S000,0.14801407,3.808430735819024e-07,3.647946055161504e-06,1.2005240984032435e-05,2.0055658973786512e-05,2.828020140216576e-05,1.256077881901579e-05
44814,E02113N3823E02873N3483-PS-Str_PYes_Var-M824_E02261N3660_S000,0.16174698,0.0,0.0,5.948023496924846e-05,0.000214533182212276,0.0003134065998075,0.00010308578887741735
44817,E02020N3739E02658N3366-PS-Mur_PYes_Hom-M880_E02229N3514_S001,1.934845,0.0,0.0,0.0,4.6003161963938845e-07,1.0018433728582075e-06,1.7377542148633437e-07
44829,E02113N3823E02873N3483-PS-Mur_PYes_Var-M809_E02173N3709_S000,0.10681152,4.1908209434738377e-07,4.380700923766856e-06,1.4193839816785543e-05,2.4175677147424363e-05,3.3144032676317266e-05,1.4894894566835082e-05
44851,E02113N3823E02873N3483-PS-Str_PYes_Hom-M809_E02349N3553_S000,0.18768692,3.5017511803228874e-07,3.287760801468659e-06,1.0912408686623876e-05,1.8193373783876982e-05,2.564396563869895e-05,1.1428969750816595e-05
44864,E02113N3823E02873N3483-PS-Mur_PYes_Hom-M792_E02252N3671_S000,0.10681152,5.033593168692833e-06,7.578115403900015e-06,2.1958260217191974e-05,3.443534619571261e-05,5.8145372886188574e-05,2.5281558609192835e-05
44872,E01964N3926E02184N3685-PS-Mur_PYes_Hom-M754_E02091N3733_S000,0.10223389,5.419968431886036e-06,1.0751007546719254e-05,3.66341480481137e-05,0.00010982933554843995,0.00017659839856090496,5.788201265465397e-05
44892,E01964N3926E02184N3685-PS-Mur_PYes_Var-M732_E02033N3761_S000,0.047302246,1.356382302186624e-05,3.179431712799581e-05,0.0001628759103365,0.00036066618904739595,0.00048433580505372493,0.00019133981492749073
44903,E02113N3823E02873N3483-PS-Str_PYes_Hom-M809_E02389N3541_S000,0.13580704,5.097443029070725e-07,4.928032467555944e-06,1.618123879797552e-05,2.7135262921581103e-05,3.822525940346173e-05,1.698034295589079e-05
44908,E02020N3739E02658N3366-PS-Mur_PYes_Hom-M861_E02218N3525_S004,1.3992538,0.0,0.0,1.1052956500717414e-07,2.0131675242396836e-06,8.067934222062553e-06,1.4111370194855896e-06
44920,E01964N3926E02184N3685-PS-Str_PYes_Var-M754_E02029N3787_S000,0.06561279,7.931557050055874e-06,1.5865744470082567e-05,5.309975894676519e-05,0.00015922589354826,0.00025771615972910994,8.358601544245281e-05
44956,E01964N3926E02184N3685-PS-Str_PYes_Var-M792_E02037N3706_S000,0.20294571,0.0,0.0,1.4909454371425425e-06,1.8387090913387657e-05,4.679983019077519e-05,9.339401251376851e-06
44996,E01964N3926E02184N3685-PS-Str_PYes_Var-M809_E02066N3753_S000,0.20752335,0.0,0.0,2.5083812820510376e-09,1.2538521630896254e-05,3.928949395418759e-05,6.288360703830533e-06
44997,E01964N3926E02184N3685-PS-Str_PYes_Hom-M732_E02024N3715_S000,0.07476807,0.0,0.0,4.457892192510625e-05,0.00025530450895600395,0.0004066575814957149,0.00011490708310740902
45008,E02113N3823E02873N3483-PS-Mur_PNo_Hom-M792_E02260N3683_S000,0.09307861,5.808699890117891e-06,8.691351517970705e-06,2.5205963586917828e-05,3.990886233179028e-05,6.728270865920078e-05,2.9011622491144698e-05
45028,E02020N3739E02658N3366-PS-Mur_PYes_Var-M809_E02041N3679_S000,0.23193741,0.0,0.0,2.177544376892474e-06,1.5226352321328297e-05,2.3199311073774388e-05,5.78178386102901e-06
45056,E01964N3926E02184N3685-PS-Str_PYes_Var-M774_E02074N3729_S000,0.1602211,8.108219449840423e-08,1.0482336407371283e-06,7.909829534811337e-06,3.316874191287273e-05,5.858437679936919e-05,1.6447613435345184e-05
45060,E01964N3926E02184N3685-PS-Str_PNo_Hom-M754_E02099N3777_S000,0.08850098,6.769524504848381e-06,1.2319360569622754e-05,4.2315404749218805e-05,0.000134398008643708,0.00022202747357881995,6.848878849255041e-05
45068,E02113N3823E02873N3483-PS-Str_PYes_Var-M809_E02226N3659_S000,0.1602211,3.378054724554697e-07,3.243560454507187e-06,1.054895255340825e-05,1.752447874428773e-05,2.4692694127705347e-05,1.1046632877203986e-05
45072,E02020N3739E02658N3366-PS-Mur_PYes_Hom-M880_E02284N3476_S002,1.997406,0.0,0.0,0.0,5.312279385088191e-07,1.1665051284211464e-06,2.0202207533505123e-07
45101,E01964N3926E02184N3685-PS-Str_PNo_Hom-M754_E02083N3755_S000,0.090026855,6.344236816072876e-06,1.2400244030959197e-05,4.137433143336956e-05,0.00012697902456797598,0.00020860012418315494,6.573043001375744e-05
45109,E02020N3739E02658N3366-PS-Str_PYes_Hom-M792_E02142N3694_S000,0.1892128,9.383670285408832e-09,1.2808658716416138e-06,5.575749973579508e-06,1.9450981980473236e-05,4.4327951893531016e-05,1.1800754682760087e-05
45115,E01964N3926E02184N3685-PS-Str_PNo_Var-M792_E02105N3765_S000,0.12665176,2.0600060427071403e-10,2.6357911778224826e-08,6.6373383243659755e-06,3.267651277106841e-05,6.408016916348628e-05,1.6605036128811993e-05
45132,E02113N3823E02873N3483-PS-Mur_PNo_Hom-M792_E02226N3707_S000,0.12054443,4.309105369587036e-06,6.399762086197004e-06,1.8594978068158594e-05,2.8845510742674583e-05,4.869949139771628e-05,2.1325644692887728e-05
45201,E02113N3823E02873N3483-PS-Str_PYes_Hom-M809_E02272N3638_S000,0.2182045,2.5875728740202833e-07,2.562329038078758e-06,8.27839296497071e-06,1.4020753495739832e-05,1.940397249575924e-05,8.76622613784829e-06
45217,E01964N3926E02184N3685-PS-Mur_PNo_Var-M792_E02078N3742_S000,0.12359619,1.8193405068821472e-10,2.5972566122888716e-08,6.630132165926236e-06,3.242540115207286e-05,5.95218411082196e-05,1.5966269971244944e-05
45234,E02020N3739E02658N3366-PS-Mur_PYes_Hom-M880_E02279N3514_S003,2.009613,0.0,0.0,0.0,5.352983011845809e-07,1.1440170927797507e-06,2.0079559797302972e-07
45272,E02020N3739E02658N3366-PS-Str_PYes_Var-M880_E02253N3579_S005,2.2034035,0.0,0.0,0.0,1.2853843838202238e-07,1.3061194307242685e-06,1.627760366439438e-07
45304,E02020N3739E02658N3366-PS-Str_PYes_Var-M809_E02173N3683_S000,0.14648819,3.0381215621768206e-17,3.669710751494091e-08,4.080883235685249e-06,1.5760407855941015e-05,5.616226816267597e-05,1.086071941441662e-05
45324,E02113N3823E02873N3483-PS-Mur_PYes_Var-M792_E02119N3739_S000,0.1388588,3.0769444696112537e-06,4.7054320692552416e-06,1.362481018763611e-05,2.085119727765732e-05,3.526458482673771e-05,1.5522523690043792e-05
45339,E01964N3926E02184N3685-PS-Str_PYes_Hom-M774_E02033N3761_S000,0.14801407,0.0,0.0,3.892059241534963e-06,3.5924262365751334e-05,9.203480462699293e-05,1.6900354947049973e-05
45366,E02020N3739E02658N3366-PS-Mur_PNo_Hom-M792_E02106N3725_S000,0.22430801,7.94780122232178e-09,1.0225703265124756e-06,4.462083227881384e-06,1.6441609430183568e-05,3.669297988541134e-05,9.723392981639068e-06
45392,E01964N3926E02184N3685-PS-Str_PNo_Var-M732_E02061N3739_S000,0.06713867,1.0126825078499549e-05,2.360925385779827e-05,0.000115047799055,0.000262863305659872,0.00035953937547554494,0.00013992933305479951
45393,E01964N3926E02184N3685-PS-Mur_PYes_Hom-M809_E02057N3724_S000,0.32043839,0.0,0.0,1.6015317846147643e-09,7.808612834430706e-06,2.4743636644431567e-05,4.017620369254916e-06
45399,E01964N3926E02184N3685-PS-Mur_PNo_Var-M754_E02037N3774_S000,0.062561035,8.47003813279603e-06,1.6678803579984867e-05,5.6259693589531964e-05,0.00017085837670539599,0.00027665155090780987,8.882667232325595e-05
45411,E02113N3823E02873N3483-PS-Mur_PNo_Var-M850_E02320N3583_S000,0.20904922,0.0,0.0,0.0,0.0001113520561472,0.0002211464565053,4.114402721136783e-05
45455,E02020N3739E02658N3366-PS-Str_PNo_Hom-M809_E02116N3712_S000,0.28686905,1.4602739012512654e-17,1.7554476451134584e-08,1.962909482773267e-06,7.516766591138245e-06,2.6615576195034975e-05,5.1719905676742695e-06
45475,E02113N3823E02873N3483-PS-Mur_PNo_Hom-M809_E02364N3550_S000,0.14496231,4.6221970477638664e-07,4.373191484734589e-06,1.4470029604929863e-05,2.4068713563057133e-05,3.398950851095666e-05,1.5167602100230932e-05
45498,E02113N3823E02873N3483-PS-Mur_PYes_Hom-M809_E02255N3645_S000,0.16632462,3.344532597425602e-07,3.239205426217663e-06,1.0553080875234781e-05,1.7622531384464322e-05,2.496470212320729e-05,1.1069584365920474e-05
45510,E01964N3926E02184N3685-PS-Mur_PYes_Hom-M792_E02073N3766_S000,0.16632462,1.432198549741021e-10,1.9657465941574068e-08,4.7952509835229025e-06,2.294036240673052e-05,4.3332392317680334e-05,1.1707044653808393e-05
45519,E01964N3926E02184N3685-PS-Mur_PYes_Var-M792_E02074N3729_S000,0.19226456,1.1974371665419387e-10,1.7090093378503226e-08,4.339134185341424e-06,2.095396437562153e-05,3.770614630186966e-05,1.0400000435153687e-05
45522,E01964N3926E02184N3685-PS-Mur_PYes_Hom-M774_E02091N3733_S000,0.14801407,8.972069056921873e-08,1.1640062607428687e-06,8.424778678859401e-06,3.606825029285832e-05,6.523636125801448e-05,1.780409717075484e-05
45546,E02113N3823E02873N3483-PS-Mur_PNo_Hom-M792_E02320N3583_S000,0.15106583,3.908993042603449e-06,6.153637866333239e-06,1.769649854544904e-05,2.730478979848088e-05,4.708853359140875e-05,2.0281593123948743e-05
45581,E01964N3926E02184N3685-PS-Mur_PYes_Var-M774_E02040N3720_S000,0.1312294,0.0,0.0,4.651695337175369e-06,4.106707692448646e-05,9.46823647960814e-05,1.90618747007071e-05
45621,E02020N3739E02658N3366-PS-Mur_PNo_Hom-M792_E02146N3723_S000,0.16174698,1.1259072434994093e-08,1.3870217542083872e-06,6.2154310095742485e-06,2.3596627607263813e-05,5.256004197056481e-05,1.3804260333519621e-05
45627,E01964N3926E02184N3685-PS-Str_PYes_Hom-M774_E02088N3719_S000,0.17395401,7.572546318149932e-08,9.749610720090525e-07,7.303628486236364e-06,3.089042293661242e-05,5.467556205947686e-05,1.5342560142129403e-05
45636,E01964N3926E02184N3685-PS-Mur_PYes_Var-M754_E02029N3787_S000,0.064086914,8.120403286985163e-06,1.6243499571678374e-05,5.436403651492293e-05,0.00016301697903479197,0.00026385224708918995,8.557615487870664e-05
45639,E02113N3823E02873N3483-PS-Mur_PYes_Hom-M792_E02187N3749_S000,0.08544922,5.356269706542028e-06,8.404301215520172e-06,2.376385442975109e-05,3.764428958530377e-05,6.435723637000347e-05,2.7654509534906665e-05
45641,E01964N3926E02184N3685-PS-Mur_PYes_Hom-M774_E02024N3715_S000,0.16632462,0.0,0.0,3.284994196705689e-06,3.055536062360365e-05,6.975560091410141e-05,1.4442633579764848e-05
45644,E01964N3926E02184N3685-PS-Mur_PNo_Hom-M732_E02048N3750_S000,0.048828125,1.2893265821788187e-05,3.094500942923488e-05,0.00014738853203115002,0.0003368111881301,0.00046987082733289495,0.0001806840751168295
45656,E02020N3739E02658N3366-PS-Mur_PYes_Hom-M850_E02304N3498_S000,0.6698723,0.0,0.0,3.0874845409878326e-06,3.613152021416054e-05,5.5652153551123085e-05,1.4255187631709769e-05
45662,E01964N3926E02184N3685-PS-Str_PYes_Hom-M774_E02067N3699_S000,0.17090225,0.0,0.0,3.697753047428099e-06,3.144491240174131e-05,7.532562555398001e-05,1.5030640555211946e-05
45706,E01577N3897E01966N3571-PS-Str_PYes_Hom-M809_E01728N3688_S000,0.36163712,0.0,0.0,6.500376740785983e-08,1.0213382589761372e-06,8.275016729248845e-06,2.9656302723930205e-06
45738,E02113N3823E02873N3483-PS-Str_PYes_Hom-M809_E02356N3540_S000,0.1388588,4.819704485791046e-07,4.531477405338744e-06,1.4896623096289643e-05,2.5172505862424505e-05,3.5408870645290926e-05,1.570753569606269e-05
45739,E01964N3926E02184N3685-PS-Mur_PNo_Hom-M754_E02053N3767_S000,0.090026855,5.949061282121702e-06,1.1799674794114422e-05,3.9531345069189e-05,0.00011981813879103999,0.000192957479542105,6.251608164182656e-05
45747,E01964N3926E02184N3685-PS-Str_PNo_Var-M792_E02117N3755_S000,0.1159668,2.384216500617219e-10,3.012551891254471e-08,7.630359246066072e-06,3.729663208125347e-05,7.368722515764513e-05,1.9032937297627933e-05
45760,E01964N3926E02184N3685-PS-Mur_PYes_Var-M792_E02090N3766_S000,0.12970352,1.9460457149921515e-10,2.553254026111682e-08,6.372737533744016e-06,3.093629715465721e-05,6.0677755353557834e-05,1.5815330707837593e-05
45773,E01577N3897E01966N3571-PS-Mur_PYes_Var-M650_E01798N3880_S000,0.050354004,0.0,0.0,4.339058987892847e-07,3.907491127789432e-06,1.980355427816539e-05,3.784439731041204e-06
45786,E02113N3823E02873N3483-PS-Mur_PNo_Hom-M809_E02243N3633_S000,0.15716934,3.5731195544857887e-07,3.3382297283712443e-06,1.09034210578025e-05,1.8324293387069656e-05,2.6216600796521437e-05,1.1487715231680505e-05
45801,E02020N3739E02658N3366-PS-Str_PYes_Var-M837_E02220N3597_S000,0.43488312,0.0,0.0,4.189343481312837e-06,3.684411482266212e-05,6.677094017078992e-05,1.552943927114047e-05
45814,E02020N3739E02658N3366-PS-Mur_PYes_Hom-M792_E02106N3725_S000,0.22430801,7.94780122232178e-09,1.0225703265124756e-06,4.462083227881384e-06,1.6441609430183568e-05,3.669297988541134e-05,9.723392981639068e-06
45822,E01964N3926E02184N3685-PS-Str_PNo_Hom-M792_E02081N3777_S000,0.17853165,0.0,0.0,6.916155478957636e-09,2.0426330223308514e-05,6.244682561329906e-05,1.1343127510439473e-05
45825,E01964N3926E02184N3685-PS-Mur_PYes_Hom-M732_E01981N3745_S000,0.07019043,0.0,0.0,4.771940996984027e-05,0.00025106875870600385,0.0004371348494232349,0.0001158949724634084
45849,E01548N3896E01854N3659-PS-Mur_PYes_Var-M774_E01634N3808_S000,0.20294571,1.3386604069126823e-09,4.847895658232481e-07,3.548041297052697e-06,1.7383044735255044e-05,4.734650211074896e-05,9.860612598202958e-06
45854,E02020N3739E02658N3366-PS-Str_PYes_Var-M792_E02239N3477_S000,0.32806778,0.0,0.0,7.718310758842068e-07,1.1601867650710334e-05,5.736866667970304e-05,9.25926434273284e-06
45869,E01964N3926E02184N3685-PS-Mur_PNo_Hom-M754_E02090N3766_S000,0.0793457,7.480753152974387e-06,1.4022479138368152e-05,4.73191184871034e-05,0.00014872644444113598,0.00024501494798534495,7.639139124155676e-05
45871,E02020N3739E02658N3366-PS-Mur_PYes_Hom-M861_E02254N3467_S001,1.1184845,0.0,0.0,1.4314339681475838e-07,2.6071905535692728e-06,1.0669897474765278e-05,1.8470636676242318e-06
45887,E01548N3896E01854N3659-PS-Mur_PYes_Var-M774_E01650N3761_S000,0.2914467,0.0,0.0,2.237592361421306e-06,1.5466010715085734e-05,2.964599552499103e-05,6.8663293314947e-06
45897,E02020N3739E02658N3366-PS-Mur_PYes_Hom-M850_E02250N3552_S000,0.7324333,0.0,0.0,2.5859581035647055e-06,2.9932021672531703e-05,4.703106416333755e-05,1.209557132080556e-05
45910,E01964N3926E02184N3685-PS-Str_PYes_Hom-M792_E02048N3695_S000,0.1602211,0.0,0.0,2.0259585695949624e-06,2.356088609346968e-05,5.8028262374064214e-05,1.1670200751639972e-05
45933,E02020N3739E02658N3366-PS-Str_PYes_Hom-M837_E02218N3623_S000,0.39063263,0.0,0.0,4.442069697329354e-06,3.834262122173579e-05,7.173033899442377e-05,1.6425350861213797e-05
45946,E02020N3739E02658N3366-PS-Str_PYes_Hom-M809_E02142N3694_S000,0.3051796,1.3853636244995192e-17,1.661593543621915e-08,1.858139224270031e-06,7.119672581017013e-06,2.5377593455720375e-05,4.92054729786033e-06
45977,E01964N3926E02184N3685-PS-Str_PYes_Var-M774_E02040N3720_S000,0.13733292,0.0,0.0,4.4449579542992325e-06,3.924191439978493e-05,9.04743539777393e-05,1.8214699251179998e-05
46003,E01964N3926E02184N3685-PS-Str_PYes_Var-M732_E02011N3740_S000,0.07476807,0.0,0.0,4.4957056742893014e-05,0.0002542065452647,0.00041010700072435487,0.00011339852600721211
46007,E02113N3823E02873N3483-PS-Str_PNo_Hom-M809_E02243N3683_S000,0.16479874,3.1489034042046154e-07,3.2485488706643397e-06,1.0567450166485266e-05,1.777921491268328e-05,2.463820953409732e-05,1.106531797129502e-05
46025,E01964N3926E02184N3685-PS-Str_PYes_Var-M732_E02057N3724_S000,0.07171631,9.370910392702671e-06,2.015729498303942e-05,0.00010130751821455,0.00023317031279814,0.00034208023171147995,0.000126202685151758
46048,E02113N3823E02873N3483-PS-Mur_PYes_Var-M809_E02119N3739_S000,0.21210098,1.9703889771311055e-07,2.003604089587741e-06,6.491288928359495e-06,1.0902707779473385e-05,1.5121627095964186e-05,6.826765793920544e-06
46066,E01964N3926E02184N3685-PS-Mur_PYes_Var-M792_E02043N3735_S000,0.18463516,0.0,0.0,1.9820401712538667e-06,2.1036678765499207e-05,5.6528216500139795e-05,1.040759897966666e-05
46067,E01964N3926E02184N3685-PS-Str_PYes_Hom-M707_E02078N3742_S000,0.038146973,1.1095982332766766e-05,2.7465430515556427e-05,0.0001733114008191,0.000381330889788404,0.0004678271823073249,0.00019755445140696672
46081,E01964N3926E02184N3685-PS-Mur_PYes_Var-M792_E02083N3755_S000,0.1312294,1.8828447637656058e-10,2.4802011083075502e-08,6.07686610118229e-06,2.9735223235326463e-05,5.7025244697396396e-05,1.5037511303595334e-05
46086,E02113N3823E02873N3483-PS-Mur_PNo_Hom-M809_E02390N3528_S000,0.105285645,6.732478766422764e-07,6.319302624798521e-06,2.0923178087831404e-05,3.482424783112254e-05,4.946605441131416e-05,2.1902812219376203e-05
46163,E01964N3926E02184N3685-PS-Mur_PYes_Hom-M809_E02067N3699_S000,0.28534317,0.0,0.0,1.762481502021141e-09,8.909855055686124e-06,2.720088845731192e-05,4.511668386236732e-06
46171,E02020N3739E02658N3366-PS-Mur_PYes_Hom-M850_E02213N3635_S000,0.53406525,0.0,0.0,2.8955482595137914e-06,3.5672312272617425e-05,5.8469094275580424e-05,1.4333699714076486e-05
46214,E01964N3926E02184N3685-PS-Str_PNo_Hom-M774_E02103N3738_S000,0.15106583,8.759659785855685e-08,1.2624910453526853e-06,8.835357473922468e-06,3.826552375081055e-05,6.89027771582435e-05,1.8547380869180507e-05
46240,E02113N3823E02873N3483-PS-Str_PYes_Hom-M809_E02422N3500_S000,0.09765625,7.494764960454332e-07,7.054677177745502e-06,2.3281130603375306e-05,3.911372224189915e-05,5.527319408145549e-05,2.452829919572311e-05
46243,E01964N3926E02184N3685-PS-Str_PYes_Var-M809_E02067N3699_S000,0.2258339,0.0,0.0,2.288543083842465e-09,1.1569248892738004e-05,3.531974950203184e-05,5.858301190720192e-06
46259,E01964N3926E02184N3685-PS-Mur_PYes_Var-M792_E02088N3719_S000,0.1968422,1.1746032124210933e-10,1.6840992314542518e-08,4.253288975110571e-06,2.0804220133535457e-05,3.75135134651363e-05,1.0288054758892367e-05
46313,E02113N3823E02873N3483-PS-Mur_PNo_Hom-M792_E02192N3708_S000,0.11138916,4.440099890164233e-06,6.67262312086528e-06,1.9286915335817702e-05,2.9962354790230884e-05,5.0601829098578514e-05,2.214377975308234e-05
46319,E01964N3926E02184N3685-PS-Str_PYes_Var-M792_E02103N3738_S000,0.17090225,1.5773893731713765e-10,2.118114003378784e-08,5.117548276363973e-06,2.4902551251141203e-05,4.745147126379749e-05,1.2612172929471389e-05
46354,E02020N3739E02658N3366-PS-Mur_PNo_Hom-M809_E02154N3709_S000,0.22888565,1.8056576866074262e-17,2.293110063644098e-08,2.4974244019136423e-06,9.585271724663665e-06,3.362304920036993e-05,6.560925563673769e-06
46355,E01964N3926E02184N3685-PS-Str_PYes_Var-M754_E02088N3719_S000,0.09765625,5.498333499084102e-06,1.0949789522786178e-05,3.733542956157109e-05,0.0001123423119366,0.00018142084603089,5.9849968665782456e-05
46395,E01548N3896E01854N3659-PS-Mur_PYes_Hom-M809_E01714N3860_S000,0.19989395,0.0,0.0,1.041849546698238e-06,7.305091252073659e-06,3.1995323354968684e-05,5.36525487986548e-06
46419,E01964N3926E02184N3685-PS-Mur_PNo_Hom-M774_E02073N3766_S000,0.1159668,1.0444513851041094e-07,1.4997156710391719e-06,1.0541761405828425e-05,4.548628737602177e-05,8.243630890594966e-05,2.2150929997875665e-05
46427,E02020N3739E02658N3366-PS-Str_PYes_Var-M837_E02147N3521_S000,1.02388,0.0,0.0,9.861255926173217e-07,1.2046085849839778e-05,3.0884709386277284e-05,6.00317090495713e-06
46440,E01964N3926E02184N3685-PS-Str_PNo_Hom-M754_E02078N3742_S000,0.13275528,4.107931659198754e-06,8.156250269675233e-06,2.7894215149066986e-05,8.359446830700472e-05,0.000133647020042395,4.402629788071786e-05
46444,E02020N3739E02658N3366-PS-Str_PYes_Hom-M861_E02217N3548_S005,1.5014877,0.0,0.0,9.627606060340717e-08,1.7004028967622403e-06,6.464870549128709e-06,1.1811269711924386e-06
46459,E01964N3926E02184N3685-PS-Mur_PNo_Hom-M754_E02050N3785_S000,0.08544922,6.388332839296885e-06,1.2206178232451047e-05,4.214367057797081e-05,0.000127043353994416,0.0002061328302244799,6.58651766845003e-05
46479,E02113N3823E02873N3483-PS-Str_PYes_Var-M809_E02165N3722_S000,0.11138916,3.9314900940659043e-07,4.159541717089841e-06,1.3392054325010265e-05,2.2857283054629995e-05,3.141085334943771e-05,1.412457932874028e-05
46492,E02113N3823E02873N3483-PS-Str_PYes_Hom-M792_E02148N3750_S000,0.10681152,4.2540653235033436e-06,6.534093660112036e-06,1.8696155395215188e-05,2.9688060877404847e-05,5.057224085777553e-05,2.163327283022117e-05
46496,E01964N3926E02184N3685-PS-Mur_PYes_Hom-M809_E02029N3745_S000,0.2105751,0.0,0.0,2.391651800291797e-09,1.1434364829732198e-05,3.6753943733577585e-05,5.773199066164467e-06
46497,E02020N3739E02658N3366-PS-Mur_PYes_Hom-M871_E02401N3455_S001,0.32043839,0.0,0.0,0.0,9.36160138636836e-06,2.3064261504925585e-05,3.774680001376181e-06
46508,E02020N3739E02658N3366-PS-Mur_PYes_Var-M880_E02152N3603_S005,1.6708641,0.0,0.0,0.0,4.57348488397485e-07,9.896015637719277e-07,1.7217123408089198e-07
46513,E02020N3739E02658N3366-PS-Mur_PYes_Hom-M732_E02164N3695_S000,0.035095215,4.377704981335611e-05,7.534312815720762e-05,0.0002265755235134,0.000599276131284648,0.0007950255996815699,0.00031010008117591257
46518,E01964N3926E02184N3685-PS-Str_PYes_Hom-M774_E02074N3729_S000,0.17242813,7.534195091327334e-08,9.74023557140068e-07,7.349850262819962e-06,3.082054871003612e-05,5.4436874438439794e-05,1.5283198632601028e-05
46524,E01964N3926E02184N3685-PS-Mur_PYes_Var-M824_E02083N3755_S000,0.21667862,0.0,0.0,5.305044971633109e-11,0.0001116656306585,0.00034328852300935986,5.561982347899969e-05
46535,E02020N3739E02658N3366-PS-Mur_PNo_Hom-M732_E02164N3695_S000,0.035095215,4.377704981335611e-05,7.534312815720762e-05,0.0002265755235134,0.000599276131284648,0.0007950255996815699,0.00031010008117591257
46561,E02113N3823E02873N3483-PS-Str_PYes_Hom-M792_E02305N3578_S000,0.15869522,3.761236997168811e-06,5.753441481579637e-06,1.6698618460928895e-05,2.5658943578969486e-05,4.525350676085148e-05,1.93065445243725e-05
46575,E01517N3917E01678N3772-PS-Mur_PNo_Var-M707_E01564N3784_S000,0.07019043,9.2240677203719e-06,2.269494716827581e-05,6.35660418872176e-05,0.000125634280642884,0.00019720284125936992,7.759340625603638e-05
46582,E02113N3823E02873N3483-PS-Str_PYes_Hom-M809_E02261N3660_S000,0.14953995,3.5392898131889134e-07,3.6487247030901737e-06,1.1853904213081234e-05,1.9926323352079628e-05,2.7763367424077706e-05,1.2432623456745208e-05
46596,E01964N3926E02184N3685-PS-Str_PYes_Hom-M754_E02091N3733_S000,0.105285645,5.262866481625318e-06,1.0439381330795048e-05,3.5572279113483056e-05,0.00010664584785334396,0.00017147955826222997,5.620425803535355e-05
46611,E01964N3926E02184N3685-PS-Mur_PYes_Hom-M809_E02048N3695_S000,0.19379044,0.0,0.0,2.3731738218676428e-09,1.3014599782401136e-05,3.691186072123013e-05,6.550096249161294e-06
46612,E02113N3823E02873N3483-PS-Str_PYes_Hom-M792_E02320N3583_S000,0.15411758,3.831588291140298e-06,6.031785306237477e-06,1.734607759131857e-05,2.6764108235461944e-05,4.6156100046584715e-05,1.987998287345019e-05
46618,E01964N3926E02184N3685-PS-Mur_PNo_Hom-M754_E02074N3729_S000,0.13580704,4.108421198504945e-06,8.03910011086328e-06,2.748762120015144e-05,8.232906920132158e-05,0.000132178942265125,4.357286732867613e-05
46623,E02113N3823E02873N3483-PS-Str_PNo_Var-M809_E02173N3709_S000,0.11291504,3.9643047826273617e-07,4.143921646281012e-06,1.342665502260461e-05,2.2868968593858926e-05,3.13525796082732e-05,1.4089817380527071e-05
46684,E02113N3823E02873N3483-PS-Str_PYes_Hom-M792_E02349N3553_S000,0.1083374,5.597525860390931e-06,8.816576859040528e-06,2.5397580099950617e-05,3.877326075627607e-05,6.923730836619403e-05,2.924180512015146e-05
46736,E01964N3926E02184N3685-PS-Mur_PNo_Var-M732_E02061N3739_S000,0.06713867,1.0126826107476676e-05,2.3609256256712248e-05,0.00011504781074489999,0.00026286333236913195,0.00035953941200806495,0.00013992934727288716
46765,E01964N3926E02184N3685-PS-Str_PYes_Var-M792_E02066N3753_S000,0.16479874,1.4293633570023024e-10,1.993793742519145e-08,4.846789352727629e-06,2.331096210183262e-05,4.3716778253055505e-05,1.1815470241295618e-05
46768,E01964N3926E02184N3685-PS-Str_PYes_Var-M792_E02033N3761_S000,0.16937637,0.0,0.0,2.0560093222118595e-06,2.349347405866645e-05,6.191120187521371e-05,1.119060315615981e-05
46772,E01964N3926E02184N3685-PS-Str_PNo_Hom-M774_E02074N3729_S000,0.16632462,8.007743127630109e-08,1.0352440242510492e-06,7.811811642488011e-06,3.275771786247975e-05,5.7858404499754175e-05,1.6243796096983356e-05
46773,E01964N3926E02184N3685-PS-Str_PYes_Hom-M792_E02065N3777_S000,0.18310928,0.0,0.0,6.550984001334535e-09,1.969142566324667e-05,5.746959621819414e-05,1.0633918289799669e-05
46774,E01964N3926E02184N3685-PS-Mur_PYes_Var-M792_E02053N3767_S000,0.14953995,0.0,0.0,2.3435121799190315e-06,2.6343147322760367e-05,7.02147410195516e-05,1.2675032596312361e-05
46779,E01964N3926E02184N3685-PS-Mur_PNo_Var-M774_E02091N3733_S000,0.1525917,9.033590261747816e-08,1.1719878162939368e-06,8.482547130197333e-06,3.631556918885683e-05,6.568368500436453e-05,1.7926179323915937e-05
46786,E02020N3739E02658N3366-PS-Mur_PYes_Var-M850_E02137N3572_S000,0.7339592,0.0,0.0,2.2205449631250474e-06,2.4718076012404625e-05,3.902835237813077e-05,9.610508489073828e-06
46788,E01964N3926E02184N3685-PS-Str_PNo_Var-M774_E02091N3733_S000,0.16632462,8.287702594372446e-08,1.0752188425903735e-06,7.78215812549165e-06,3.331705648163512e-05,6.0260298601731194e-05,1.6446046210343198e-05
46836,E02020N3739E02658N3366-PS-Str_PYes_Var-M792_E02100N3712_S000,0.20904922,8.026429251353893e-09,1.0729611097516935e-06,4.768542912428621e-06,1.6540008750692283e-05,3.791781334451165e-05,1.006028362410934e-05
46841,E01964N3926E02184N3685-PS-Mur_PYes_Hom-M774_E02074N3729_S000,0.16479874,7.883003505019708e-08,1.019117639221393e-06,7.690124118218501e-06,3.224743858670671e-05,5.6957122399778135e-05,1.5990760383599118e-05
46849,E01964N3926E02184N3685-PS-Mur_PNo_Var-M809_E02099N3756_S000,0.16174698,0.0,0.0,2.922628913258795e-12,1.6698165398602775e-05,4.4453650885473567e-05,8.511340039569683e-06
46883,E02020N3739E02658N3366-PS-Str_PYes_Var-M809_E02116N3712_S000,0.2761879,1.516688901524025e-17,1.8232661408717077e-08,2.0387428856103432e-06,7.807163063283623e-06,2.7643820099836632e-05,5.3718009245094e-06
46887,E02020N3739E02658N3366-PS-Str_PYes_Var-M809_E02127N3724_S000,0.27008438,1.4791642564563118e-17,1.880384831409982e-08,2.055275727248409e-06,7.987950761415603e-06,2.7570481444120504e-05,5.428127816926504e-06
46890,E01548N3896E01854N3659-PS-Str_PYes_Var-M732_E01591N3748_S000,0.21515274,0.0,0.0,1.0984908319129576e-05,7.017327804291377e-05,0.0001279372899862,3.1944752324395955e-05
46899,E01964N3926E02184N3685-PS-Mur_PYes_Hom-M809_E02048N3750_S000,0.23804092,0.0,0.0,2.113194977037136e-09,1.0135179998575236e-05,3.2535237696270394e-05,5.107069831804659e-06
46900,E01964N3926E02184N3685-PS-Str_PYes_Hom-M792_E02024N3715_S000,0.22430801,0.0,0.0,1.513541629442687e-06,1.6064199665869383e-05,4.122058511445374e-05,7.988644389680591e-06
46909,E01964N3926E02184N3685-PS-Mur_PYes_Hom-M754_E02050N3785_S000,0.08544922,6.388332839296885e-06,1.2206178232451047e-05,4.214367057797081e-05,0.000127043353994416,0.0002061328302244799,6.58651766845003e-05
46910,E01964N3926E02184N3685-PS-Str_PNo_Hom-M774_E02053N3767_S000,0.12359619,9.93968652280179e-08,1.39214060830438e-06,9.922293620661606e-06,4.2917865378812814e-05,7.678834647854828e-05,2.0783593844116744e-05
46916,E02020N3739E02658N3366-PS-Str_PYes_Hom-M850_E02180N3508_S000,0.86060715,0.0,0.0,1.6864820499106225e-06,2.1258340750523926e-05,4.2343719646315654e-05,8.995508632900471e-06
46925,E01548N3896E01854N3659-PS-Mur_PYes_Var-M754_E01636N3789_S000,0.16327286,5.91022175528777e-07,2.005899282745585e-06,9.719502905274417e-06,4.152922232512952e-05,0.00012062099038464984,2.6514893762069227e-05
46929,E02020N3739E02658N3366-PS-Str_PYes_Var-M792_E02218N3461_S000,0.40283966,0.0,0.0,4.743922369075662e-07,9.554470910447632e-06,4.744754727652392e-05,7.412173183275791e-06
46946,E01964N3926E02184N3685-PS-Str_PNo_Var-M792_E02083N3755_S000,0.12665176,2.0020588880158785e-10,2.6372374231336877e-08,6.461628713788626e-06,3.161793744820519e-05,6.0635852824835163e-05,1.598962577179814e-05
46948,E02020N3739E02658N3366-PS-Str_PYes_Hom-M850_E02225N3486_S000,0.78736496,0.0,0.0,2.3643743279021023e-06,2.9322642423107615e-05,5.3706702291452054e-05,1.1800084437978013e-05
46979,E01964N3926E02184N3685-PS-Mur_PYes_Hom-M792_E02048N3750_S000,0.17547989,0.0,0.0,1.9984694401423533e-06,2.1034853982763057e-05,5.700636493374453e-05,1.0506444340165874e-05
46983,E01964N3926E02184N3685-PS-Mur_PNo_Hom-M774_E02078N3742_S000,0.1388588,9.273516950291386e-08,1.2164646645555662e-06,9.100060771365676e-06,3.810385932861833e-05,6.739772392005813e-05,1.8977964880018635e-05
46986,E01964N3926E02184N3685-PS-Mur_PNo_Var-M774_E02088N3719_S000,0.14648819,9.216392421750601e-08,1.1866053316873437e-06,8.889097986828304e-06,3.759610676468216e-05,6.65445168175649e-05,1.8673118536792858e-05
46990,E02020N3739E02658N3366-PS-Str_PYes_Var-M792_E02206N3471_S000,0.49286652,0.0,0.0,3.6768064048813054e-07,7.831353968701777e-06,3.891828660132601e-05,6.0582694338943e-06
47008,E02020N3739E02658N3366-PS-Mur_PYes_Var-M809_E02184N3552_S000,0.61341095,0.0,0.0,8.146746327438025e-07,6.905644180931318e-06,1.3640006676329631e-05,3.0014761002074465e-06
47019,E02113N3823E02873N3483-PS-Str_PNo_Var-M809_E02157N3736_S000,0.14343643,2.9731407551186653e-07,3.1567730018568913e-06,1.0335657184527151e-05,1.7588889793041953e-05,2.4247304698264615e-05,1.0842994544097585e-05
47038,E01964N3926E02184N3685-PS-Str_PYes_Hom-M774_E02053N3710_S000,0.1678505,0.0,0.0,3.7538882920794746e-06,3.3053845861371536e-05,7.985909137697104e-05,1.5499578609865785e-05
47042,E02113N3823E02873N3483-PS-Str_PYes_Var-M809_E02132N3749_S000,0.20752335,2.0089095038317907e-07,2.072834457655225e-06,6.74388232147089e-06,1.1345459144976524e-05,1.5728507237556312e-05,7.064203723783932e-06
47046,E02113N3823E02873N3483-PS-Str_PNo_Hom-M792_E02318N3569_S000,0.15411758,3.880174239572094e-06,5.989936150818609e-06,1.737574925360219e-05,2.647032664112728e-05,4.729166438574967e-05,2.0049907328840506e-05
47063,E02020N3739E02658N3366-PS-Str_PYes_Var-M792_E02314N3423_S000,0.16479874,0.0,0.0,1.7993474717588109e-06,2.6647633899035775e-05,0.00013176664938620498,2.1270166958265136e-05
47065,E01964N3926E02184N3685-PS-Mur_PNo_Hom-M754_E02065N3777_S000,0.08544922,6.592541751386503e-06,1.2586952118829309e-05,4.246698990219112e-05,0.00013045740282757195,0.000215503898622685,6.756857147233858e-05
47066,E01964N3926E02184N3685-PS-Str_PYes_Hom-M792_E02009N3723_S000,0.19531631,0.0,0.0,1.7684757043939796e-06,1.8769980466335016e-05,4.6950076383825056e-05,9.040376174746826e-06
47076,E02113N3823E02873N3483-PS-Str_PYes_Var-M809_E02332N3558_S000,0.1525917,4.2278549091900855e-07,3.974552610593789e-06,1.3108445430033363e-05,2.224419680977216e-05,3.1066055808441e-05,1.3824111708175748e-05
47117,E02020N3739E02658N3366-PS-Mur_PYes_Var-M837_E02183N3593_S000,0.61951447,0.0,0.0,2.5670482097512827e-06,2.579501444117746e-05,3.985518562588033e-05,9.811724827855812e-06
47118,E02113N3823E02873N3483-PS-Mur_PYes_Hom-M792_E02318N3569_S000,0.14038467,4.259747065258968e-06,6.575893597590616e-06,1.9075508551871153e-05,2.905975073903461e-05,5.1917907841330646e-05,2.2011262543756927e-05
47122,E01849N3766E02950N3220-PS-Mur_PYes_Var-M792_E02003N3622_S000,0.5798416,0.0,0.0,5.133961870563868e-07,3.854640755926271e-06,1.877655363680853e-05,3.6274425131487523e-06
47125,E02113N3823E02873N3483-PS-Mur_PNo_Hom-M792_E02333N3573_S000,0.14343643,4.212809348589738e-06,6.496382412625953e-06,1.8833754216175192e-05,2.873954432166501e-05,5.1122712931736625e-05,2.1721170823250355e-05
47126,E02020N3739E02658N3366-PS-Mur_PYes_Var-M850_E02144N3587_S000,0.5539017,0.0,0.0,2.960417674289662e-06,3.226991985392417e-05,5.0622465641259015e-05,1.2734675162356643e-05
47143,E02020N3739E02658N3366-PS-Mur_PNo_Var-M809_E02127N3724_S000,0.24261856,1.6466082972506105e-17,2.093247759272986e-08,2.2879366174874635e-06,8.892201082040374e-06,3.069150928095299e-05,6.042601599433672e-06
47149,E02113N3823E02873N3483-PS-Str_PYes_Var-M792_E02243N3633_S000,0.13275528,4.068545384635201e-06,6.17178163691911e-06,1.7682770268651452e-05,2.765406039719356e-05,4.7662008901778415e-05,2.073072350335157e-05
47150,E01964N3926E02184N3685-PS-Str_PNo_Hom-M754_E02091N3733_S000,0.1159668,4.77812913796716e-06,9.477860077426413e-06,3.2295887408403896e-05,9.68232112387131e-05,0.00015568540010637996,5.102755388801179e-05
47165,E01964N3926E02184N3685-PS-Mur_PYes_Hom-M792_E02037N3706_S000,0.20752335,0.0,0.0,1.4182597553218872e-06,1.7490694434721495e-05,4.451827280995861e-05,8.88409233742096e-06
47195,E01577N3897E01966N3571-PS-Str_PYes_Hom-M774_E01773N3729_S000,0.28076553,0.0,0.0,2.6347811663905144e-07,3.2108298231840028e-06,2.9373765758892997e-05,7.127545268028647e-06
47228,E02020N3739E02658N3366-PS-Mur_PNo_Hom-M774_E02100N3712_S000,0.17853165,5.858109648231765e-07,2.611699713015599e-06,8.957291032109286e-06,3.034814203319329e-05,5.381341658832995e-05,1.5694105136635803e-05
47250,E02020N3739E02658N3366-PS-Str_PYes_Hom-M850_E02188N3566_S000,0.8926544,0.0,0.0,2.04043394944401e-06,2.270714816382443e-05,3.525216648652362e-05,8.769294842417347e-06
47255,E01964N3926E02184N3685-PS-Str_PYes_Hom-M774_E02023N3703_S000,0.17700577,0.0,0.0,2.9940008553576125e-06,2.9387251313857272e-05,6.580852041399017e-05,1.3756605661014687e-05
47258,E01964N3926E02184N3685-PS-Mur_PYes_Hom-M774_E02061N3739_S000,0.14191055,8.79812892395074e-08,1.1567193060933805e-06,8.686157360840332e-06,3.6342108853558165e-05,6.39866498908645e-05,1.810133418429389e-05
47265,E02113N3823E02873N3483-PS-Str_PYes_Var-M792_E02276N3623_S000,0.12970352,4.237146804103616e-06,6.717808778576056e-06,1.9406927809750263e-05,2.9670950983753217e-05,5.227238779657596e-05,2.2218374618883254e-05
47268,E02113N3823E02873N3483-PS-Mur_PYes_Hom-M792_E02219N3719_S000,0.10986328,4.634129026026342e-06,7.048391395711154e-06,2.0184779532955766e-05,3.2340430664830334e-05,5.477867963760585e-05,2.3398938060235204e-05
47279,E02113N3823E02873N3483-PS-Str_PYes_Var-M809_E02317N3557_S000,0.1602211,4.072005988534601e-07,3.7968218332137125e-06,1.2554806993294999e-05,2.0917630231245873e-05,3.002927299774218e-05,1.3165834054235128e-05
47285,E02020N3739E02658N3366-PS-Mur_PNo_Var-M792_E02127N3724_S000,0.17090225,1.04093601518357e-08,1.364396972170597e-06,5.885938274148725e-06,2.153342256899429e-05,4.856257741781722e-05,1.2762001618678249e-05
47286,E02020N3739E02658N3366-PS-Str_PNo_Var-M809_E02135N3710_S000,0.24261856,1.6896086227351486e-17,2.1572303555217534e-08,2.351826899680067e-06,9.11658148863904e-06,3.1490295342675045e-05,6.189518697700919e-06
47293,E01964N3926E02184N3685-PS-Mur_PYes_Hom-M792_E02067N3699_S000,0.21515274,0.0,0.0,1.755148957336123e-06,1.8734177401767457e-05,4.823352715784776e-05,9.05015052149409e-06
47339,E02113N3823E02873N3483-PS-Str_PYes_Var-M824_E02276N3623_S000,0.21362686,0.0,0.0,4.5764054063118265e-05,0.0001696731250506,0.0002496486299038,8.191056554127369e-05
47361,E01964N3926E02184N3685-PS-Str_PYes_Hom-M774_E02011N3740_S000,0.1602211,0.0,0.0,3.399636796511614e-06,3.111986260611606e-05,6.990893444052945e-05,1.4572900235545642e-05
47380,E01964N3926E02184N3685-PS-Mur_PNo_Var-M792_E02066N3753_S000,0.1083374,2.2035369377630422e-10,3.0736748192116104e-08,7.471913503288969e-06,3.5936674740221306e-05,6.739471472294691e-05,1.8214980107182895e-05
47391,E01964N3926E02184N3685-PS-Mur_PYes_Var-M792_E02117N3755_S000,0.12665176,2.1571701682205767e-10,2.725669866116726e-08,6.903728471872697e-06,3.3744914557864404e-05,6.667007121537612e-05,1.7220451473860647e-05
47395,E02113N3823E02873N3483-PS-Str_PYes_Var-M809_E02318N3569_S000,0.15869522,4.0545171855487345e-07,3.8284722910942115e-06,1.2549521570380203e-05,2.089439933589667e-05,2.971868822070721e-05,1.3178814048202405e-05
47402,E02020N3739E02658N3366-PS-Mur_PYes_Hom-M809_E02212N3584_S000,0.20904922,0.0,0.0,3.3078989600570398e-06,2.1050691462234384e-05,3.59183591823168e-05,8.550535528300781e-06
47410,E01964N3926E02184N3685-PS-Str_PYes_Hom-M774_E02103N3738_S000,0.15106583,8.759659785855685e-08,1.2624910453526853e-06,8.835357473922468e-06,3.826552375081055e-05,6.89027771582435e-05,1.8547380869180507e-05
47421,E01548N3896E01854N3659-PS-Mur_PYes_Hom-M732_E01618N3711_S000,0.15106583,0.0,0.0,1.3277872341396667e-05,9.014979991178969e-05,0.0001803486448923,4.549672809009834e-05
47432,E02113N3823E02873N3483-PS-Mur_PNo_Hom-M792_E02305N3578_S000,0.1388588,4.261802179392809e-06,6.519139704214864e-06,1.8920958345141385e-05,2.9073770610063284e-05,5.127608121576393e-05,2.187596091191534e-05
47448,E02020N3739E02658N3366-PS-Str_PYes_Hom-M792_E02154N3709_S000,0.14648819,1.2703180393512663e-08,1.674169228158271e-06,7.210604253629484e-06,2.6302247661124424e-05,5.92572347107986e-05,1.5600358887275377e-05
47457,E01964N3926E02184N3685-PS-Str_PNo_Var-M809_E02083N3755_S000,0.17547989,0.0,9.195647650261967e-14,2.6821758133601217e-06,1.5894659928483876e-05,3.078827273778323e-05,7.63973465582892e-06
47458,E01964N3926E02184N3685-PS-Mur_PNo_Var-M792_E02091N3733_S000,0.1388588,1.6891446545221654e-10,2.4400368733429704e-08,6.014912239730995e-06,2.9430132007392276e-05,5.5113741941297265e-05,1.4584071849841114e-05
47478,E02020N3739E02658N3366-PS-Str_PYes_Hom-M792_E02126N3687_S000,0.21515274,7.992965985200463e-09,1.0819435877050025e-06,4.951367680594217e-06,1.659212828260267e-05,3.913907720279653e-05,1.0137103695457267e-05
47479,E01964N3926E02184N3685-PS-Str_PNo_Hom-M774_E02090N3766_S000,0.12970352,9.956768376119975e-08,1.388984512721119e-06,9.818720762527922e-06,4.2486028108344956e-05,8.019293032314576e-05,2.1089483210531576e-05
47483,E01964N3926E02184N3685-PS-Mur_PYes_Hom-M774_E02040N3720_S000,0.1602211,0.0,0.0,3.7599669299263375e-06,3.319453230541371e-05,7.653178780548897e-05,1.5407719831579157e-05
47484,E01964N3926E02184N3685-PS-Mur_PNo_Hom-M754_E02069N3788_S000,0.08087158,7.01454191787348e-06,1.3283370412743656e-05,4.48580875256281e-05,0.00013826800175484398,0.00022805097470953996,7.139321786588053e-05
47502,E02113N3823E02873N3483-PS-Str_PNo_Hom-M809_E02333N3573_S000,0.19073868,0.0,0.0,7.318668109604749e-06,2.1511699714060403e-05,3.0815619822612366e-05,1.0964780026115104e-05
47509,E02113N3823E02873N3483-PS-Mur_PNo_Hom-M809_E02340N3543_S000,0.1525917,4.267000910418705e-07,4.004002800249716e-06,1.3171594509924373e-05,2.1873540227507167e-05,3.1477257940767626e-05,1.3824077385948161e-05
47526,E02020N3739E02658N3366-PS-Str_PYes_Var-M792_E02116N3712_S000,0.19073868,9.129246642974732e-09,1.245983091969211e-06,5.424891045624178e-06,1.8884833476382977e-05,4.300607894106112e-05,1.1435014521911176e-05
47539,E01964N3926E02184N3685-PS-Str_PYes_Hom-M792_E02029N3745_S000,0.19226456,0.0,0.0,1.8238410534256255e-06,1.919680605365878e-05,5.2001835147223233e-05,9.589235380407244e-06
47574,E01577N3897E01966N3571-PS-Mur_PYes_Hom-M809_E01786N3720_S000,0.33569717,0.0,0.0,7.079153406716214e-08,1.216638059919256e-06,9.22773634006236e-06,3.1947900862343928e-06
47595,E02113N3823E02873N3483-PS-Str_PNo_Var-M809_E02320N3583_S000,0.14953995,4.1336842069700005e-07,3.992153762744919e-06,1.3147390904524555e-05,2.1912352307708837e-05,3.099812007751409e-05,1.3747393455081855e-05
47616,E01964N3926E02184N3685-PS-Str_PNo_Hom-M754_E02050N3785_S000,0.08087158,6.749936853197429e-06,1.289709449405985e-05,4.452916313523929e-05,0.00013423449257457198,0.00021780073493144988,6.95933969987064e-05
47620,E02020N3739E02658N3366-PS-Mur_PYes_Hom-M850_E02206N3471_S000,0.7476921,0.0,0.0,1.5241867496097204e-06,2.1181624218044417e-05,5.339988655468967e-05,1.0354141305904148e-05
47632,E01849N3766E02950N3220-PS-Mur_PYes_Var-M774_E02014N3634_S000,0.40894318,0.0,0.0,1.0037006287398767e-06,7.000028316978654e-06,3.536398558002169e-05,6.68856790312943e-06
47636,E02113N3823E02873N3483-PS-Mur_PNo_Var-M809_E02209N3683_S000,0.1159668,4.243869079725455e-07,4.199397063953242e-06,1.3591159137324106e-05,2.286581505534709e-05,3.1824386368161585e-05,1.433730389545381e-05
47650,E02113N3823E02873N3483-PS-Mur_PNo_Var-M809_E02200N3695_S000,0.11138916,4.395179225481076e-07,4.375595805556849e-06,1.4290853168253903e-05,2.4432360209390028e-05,3.349550791935184e-05,1.5088058002776544e-05
47769,E02020N3739E02658N3366-PS-Mur_PYes_Var-M809_E02195N3500_S000,0.49286652,0.0,0.0,5.263327071239102e-07,5.408141625971539e-06,2.4421483286947414e-05,3.917616055312368e-06
47785,E02020N3739E02658N3366-PS-Mur_PYes_Var-M809_E02191N3680_S000,0.12970352,3.4429891127105887e-17,4.513637167537318e-08,4.913159974007784e-06,1.894196929729386e-05,6.486166456869818e-05,1.2818818387815359e-05
47793,E02020N3739E02658N3366-PS-Str_PYes_Hom-M792_E02105N3701_S000,0.22888565,7.3378629025784835e-09,1.001199815732039e-06,4.588687777638958e-06,1.51720389537088e-05,3.572750042544253e-05,9.302947116808739e-06
47841,E02020N3739E02658N3366-PS-Mur_PYes_Hom-M809_E02277N3598_S000,0.23498917,2.336688399153245e-17,2.7865543391766796e-08,3.1301076929455618e-06,1.2035924191889333e-05,4.305477608822927e-05,8.291710400404283e-06
47861,E02113N3823E02873N3483-PS-Mur_PYes_Var-M792_E02259N3628_S000,0.12970352,4.130317021109689e-06,6.518346094677682e-06,1.8862265017649546e-05,2.8609691315693303e-05,5.108373974934534e-05,2.162229835006539e-05
47874,E02113N3823E02873N3483-PS-Str_PNo_Var-M809_E02235N3671_S000,0.12817764,4.1391891571608057e-07,4.128052286327157e-06,1.3324623304071635e-05,2.2631343098041105e-05,3.10394011958805e-05,1.4086121345284502e-05
47876,E02113N3823E02873N3483-PS-Str_PYes_Hom-M792_E02306N3593_S000,0.15106583,3.892182747760703e-06,6.035954764601026e-06,1.7535710883897684e-05,2.6651590661345477e-05,4.715655600405802e-05,2.0108241560900973e-05
47880,E02113N3823E02873N3483-PS-Mur_PYes_Var-M809_E02235N3695_S000,0.12207031,4.012718420951052e-07,4.260558856321794e-06,1.3757869202482763e-05,2.340405753343619e-05,3.242743324287324e-05,1.4499017782868082e-05
47927,E02020N3739E02658N3366-PS-Str_PYes_Hom-M809_E02109N3622_S000,0.26703262,0.0,0.0,2.1347240794632566e-06,1.4612008076073586e-05,2.307404511175254e-05,5.690665379400545e-06
47929,E02020N3739E02658N3366-PS-Mur_PNo_Hom-M792_E02105N3701_S000,0.18768692,9.056227316278813e-09,1.2356585617182469e-06,5.663256475277844e-06,1.872499329034095e-05,4.409408701020562e-05,1.1481490581070436e-05
47950,E01964N3926E02184N3685-PS-Str_PYes_Hom-M732_E02057N3724_S000,0.07019043,9.574626950577422e-06,2.059549944535169e-05,0.0001035098676163,0.000238239260374292,0.00034951679917403497,0.0001289462367957566
47997,E01964N3926E02184N3685-PS-Str_PNo_Var-M792_E02066N3753_S000,0.117492676,2.0318318398330206e-10,2.8341664058089555e-08,6.8896833541954374e-06,3.3136399351230954e-05,6.21431503433559e-05,1.679562339502762e-05
48005,E01964N3926E02184N3685-PS-Mur_PNo_Var-M792_E02074N3729_S000,0.12207031,1.8860341011564266e-10,2.6917904174369742e-08,6.834392043034107e-06,3.300372868913702e-05,5.9389402413398966e-05,1.638061354767012e-05
48026,E01964N3926E02184N3685-PS-Mur_PNo_Var-M792_E02088N3719_S000,0.10223389,2.2330746585327478e-10,3.201693368829944e-08,8.086059807514942e-06,3.9551549220588965e-05,7.131810588092559e-05,1.9558940521134547e-05
48027,E02113N3823E02873N3483-PS-Str_PNo_Hom-M792_E02219N3719_S000,0.09918213,5.184230579586404e-06,7.885081750059096e-06,2.258084544242558e-05,3.6179452205147595e-05,6.128126871127583e-05,2.617654569832633e-05
48046,E02020N3739E02658N3366-PS-Str_PYes_Var-M809_E02152N3603_S000,0.36621475,0.0,0.0,1.6729303598783764e-06,1.1764574948762404e-05,1.7654852567416405e-05,4.393068099428012e-06
48056,E02113N3823E02873N3483-PS-Mur_PYes_Hom-M809_E02235N3671_S000,0.1602211,3.2783064016994523e-07,3.2694858154535494e-06,1.0553322455051727e-05,1.7924398750661525e-05,2.458372009149025e-05,1.1156441522241719e-05
48080,E02020N3739E02658N3366-PS-Mur_PYes_Var-M792_E02094N3692_S000,0.21362686,0.0,0.0,3.601844949526045e-06,2.222168371197723e-05,3.748824983944477e-05,9.96716946029096e-06
48090,E02020N3739E02658N3366-PS-Mur_PYes_Hom-M837_E02174N3531_S000,0.58441925,0.0,0.0,2.3222510698029445e-06,2.456459657893777e-05,4.583195654950465e-05,1.0401183258707848e-05
48143,E02020N3739E02658N3366-PS-Mur_PYes_Hom-M861_E02183N3593_S004,1.3229561,0.0,0.0,9.879948390769839e-08,1.7579023848076664e-06,6.522131722891862e-06,1.2160945146967578e-06
48148,E01964N3926E02184N3685-PS-Mur_PYes_Var-M732_E02015N3756_S000,0.06561279,0.0,8.066654793671328e-06,8.754504103853313e-05,0.0002698359723387,0.0003916987213871849,0.0001309406982549324
48159,E02113N3823E02873N3483-PS-Str_PYes_Var-M792_E02318N3569_S000,0.11444092,5.268670533524439e-06,8.133397663861389e-06,2.359355339167938e-05,3.594256890954832e-05,6.42146932705796e-05,2.7224642353949836e-05
48187,E02020N3739E02658N3366-PS-Str_PYes_Var-M774_E02240N3443_S000,0.19073868,0.0,0.0,1.1875851398897758e-06,3.3085120263954434e-05,0.0001546182945707,2.203431916283546e-05
48189,E02113N3823E02873N3483-PS-Str_PYes_Var-M809_E02340N3543_S000,0.13580704,4.87535992513914e-07,4.5748653919473474e-06,1.5049507926532568e-05,2.4992115934571704e-05,3.596506425460956e-05,1.579501722741852e-05
48209,E01964N3926E02184N3685-PS-Mur_PNo_Var-M774_E02093N3745_S000,0.10681152,1.2030886350431415e-07,1.7249553319753782e-06,1.2147718311898351e-05,5.2410874086107505e-05,9.628154967295759e-05,2.5609477957681193e-05
48254,E02020N3739E02658N3366-PS-Mur_PYes_Var-M861_E02175N3577_S001,1.3061714,0.0,0.0,1.0019990068282356e-07,1.7926600639231159e-06,6.835342187160601e-06,1.2315611114548284e-06
48265,E02113N3823E02873N3483-PS-Str_PYes_Hom-M809_E02243N3633_S000,0.1892128,3.056209918547948e-07,2.85530071151175e-06,9.32606454243206e-06,1.567338745484666e-05,2.2423944724813853e-05,9.82583109721021e-06
48268,E01964N3926E02184N3685-PS-Str_PYes_Hom-M754_E02066N3753_S000,0.090026855,6.017371943915418e-06,1.201743201941033e-05,4.0139902636667474e-05,0.00012075381209716798,0.00019524145544903,6.332447240463172e-05
48320,E02020N3739E02658N3366-PS-Mur_PNo_Var-M792_E02116N3712_S000,0.15564346,1.1187718590040587e-08,1.5269286443944722e-06,6.648101072696839e-06,2.314300520253076e-05,5.270313396822466e-05,1.4013393388009242e-05
48379,E02020N3739E02658N3366-PS-Mur_PNo_Hom-M792_E02142N3694_S000,0.17242813,1.0179296731492862e-08,1.3894684472190165e-06,6.0485089261857486e-06,2.1100199738052847e-05,4.808644827655875e-05,1.280132186210296e-05
48385,E02020N3739E02658N3366-PS-Mur_PNo_Hom-M809_E02142N3694_S000,0.24109268,1.753677825457677e-17,2.103346515559105e-08,2.3521460334233097e-06,9.0125160709046e-06,3.2124506605877135e-05,6.228729073560544e-06
48396,E02020N3739E02658N3366-PS-Mur_PYes_Var-M809_E02144N3587_S000,0.363163,0.0,0.0,1.5361746053426127e-06,1.1519266834391367e-05,1.916273477619902e-05,4.429954525091215e-06
48413,E02113N3823E02873N3483-PS-Mur_PNo_Hom-M809_E02318N3569_S000,0.16327286,3.839719718452009e-07,3.6256500774141037e-06,1.188468151095188e-05,1.9787469990559412e-05,2.814427167167949e-05,1.248063575782983e-05
48414,E01964N3926E02184N3685-PS-Str_PNo_Var-M774_E02083N3755_S000,0.10070801,1.259312621261294e-07,1.805567734076936e-06,1.2735412865051328e-05,5.4860193426733614e-05,0.00010088449718212998,2.682748805430579e-05
48423,E02113N3823E02873N3483-PS-Mur_PYes_Hom-M792_E02227N3683_S000,0.1159668,4.482695356956227e-06,6.829885774161291e-06,1.9768329898043146e-05,3.069756058119929e-05,5.185633908623338e-05,2.2613639150360223e-05
48425,E02020N3739E02658N3366-PS-Str_PYes_Hom-M861_E02218N3525_S004,1.6678123,0.0,0.0,9.357890363035296e-08,1.7044309342061893e-06,6.830646976792264e-06,1.1947269958684281e-06
48439,E02020N3739E02658N3366-PS-Str_PNo_Var-M809_E02146N3723_S000,0.19379044,2.0568806764628273e-17,2.827569085715599e-08,2.9935426282662024e-06,1.1796619526515934e-05,3.9193312845544394e-05,7.841962873516301e-06
48441,E02020N3739E02658N3366-PS-Mur_PYes_Hom-M861_E02139N3548_S002,1.64645,0.0,0.0,6.843596628010421e-08,1.227076925299388e-06,5.192706783629212e-06,9.438027678036652e-07
48444,E02020N3739E02658N3366-PS-Str_PNo_Var-M809_E02116N3712_S000,0.23651505,1.77114070152346e-17,2.129151778299826e-08,2.3807786165096213e-06,9.11695486854142e-06,3.228156735057205e-05,6.273016996642966e-06
48521,E01964N3926E02184N3685-PS-Mur_PNo_Hom-M754_E02066N3753_S000,0.091552734,5.917082404944253e-06,1.1817141472627249e-05,3.947090421554621e-05,0.00011874124843036397,0.00019198743097836998,6.2269064462053e-05
48527,E01964N3926E02184N3685-PS-Str_PNo_Hom-M774_E02117N3755_S000,0.10681152,1.2573654389302424e-07,1.7463347338095134e-06,1.2459014282863399e-05,5.496489371115546e-05,0.00010458777194549496,2.716928956336008e-05
48528,E02020N3739E02658N3366-PS-Str_PYes_Hom-M809_E02253N3503_S000,0.39521027,0.0,0.0,1.100777764848007e-06,9.802874111866746e-06,2.7097878724431227e-05,5.111601656043674e-06
48538,E01964N3926E02184N3685-PS-Str_PNo_Var-M754_E02091N3733_S000,0.091552734,6.052301302363249e-06,1.2005298147849844e-05,4.090815375199747e-05,0.00012264282328041596,0.00019720164997968996,6.463494851966508e-05
48545,E01964N3926E02184N3685-PS-Str_PNo_Var-M774_E02053N3767_S000,0.10070801,1.2198727693562978e-07,1.7085392132738283e-06,1.2177381821485201e-05,5.267201855351425e-05,9.424040955234614e-05,2.550718286903567e-05
48554,E02113N3823E02873N3483-PS-Str_PNo_Hom-M792_E02306N3593_S000,0.15106583,3.892182747760703e-06,6.035954764601026e-06,1.7535710883897684e-05,2.6651590661345477e-05,4.715655600405802e-05,2.0108241560900973e-05
48585,E02113N3823E02873N3483-PS-Str_PYes_Hom-M792_E02219N3719_S000,0.09918213,5.184230579586404e-06,7.885081750059096e-06,2.258084544242558e-05,3.6179452205147595e-05,6.128126871127583e-05,2.617654569832633e-05
48588,E01964N3926E02184N3685-PS-Mur_PNo_Var-M809_E02093N3745_S000,0.14801407,0.0,1.1006566523663567e-13,3.2079750587065364e-06,1.9087889772141957e-05,3.709950807673785e-05,9.179276484931292e-06
48597,E02113N3823E02873N3483-PS-Str_PYes_Var-M809_E02276N3623_S000,0.1815834,3.232913237496039e-07,3.065967404377887e-06,1.0167657318926668e-05,1.6948744557837088e-05,2.398516144727851e-05,1.0633497303244447e-05
48627,E01964N3926E02184N3685-PS-Mur_PNo_Hom-M732_E02053N3767_S000,0.0579834,1.1096021682540796e-05,2.637261162643512e-05,0.00013250644491559998,0.00030189010341338,0.0004102696437886999,0.00015808556192042493
48630,E02113N3823E02873N3483-PS-Mur_PYes_Var-M809_E02209N3683_S000,0.117492676,4.1887536266813563e-07,4.144859172386896e-06,1.3414649711803256e-05,2.2568854962487784e-05,3.141108062296053e-05,1.4151104230764863e-05
48633,E02113N3823E02873N3483-PS-Mur_PNo_Var-M792_E02318N3569_S000,0.1083374,5.519833148860384e-06,8.521124589624608e-06,2.4718280879803106e-05,3.765598589999653e-05,6.727586974806287e-05,2.852246736154786e-05
48666,E01964N3926E02184N3685-PS-Mur_PYes_Hom-M754_E02093N3745_S000,0.091552734,6.404776747896541e-06,1.2444072559712099e-05,4.1624008963566346e-05,0.000128107695183208,0.00021046349653838496,6.620588925013777e-05
48691,E01964N3926E02184N3685-PS-Str_PNo_Hom-M754_E02057N3724_S000,0.12054443,4.695593601700367e-06,8.334631330665711e-06,3.036121846820334e-05,9.435160798592321e-05,0.00015181665790751488,4.789665256130887e-05
48718,E02020N3739E02658N3366-PS-Str_PYes_Hom-M861_E02180N3508_S001,1.6876488,0.0,0.0,7.910550312223956e-08,1.4500655680257057e-06,6.190981541250166e-06,1.1700073196617582e-06
48781,E02113N3823E02873N3483-PS-Str_PNo_Hom-M792_E02321N3597_S000,0.14496231,4.088079323200327e-06,6.334960092512428e-06,1.8214690318729058e-05,2.8030753398567038e-05,4.72511403959393e-05,2.0778523129112508e-05
48794,E02113N3823E02873N3483-PS-Str_PYes_Var-M792_E02226N3659_S000,0.10223389,4.925910945921045e-06,7.419002370095495e-06,2.1687616121678657e-05,3.375774481500964e-05,5.79973156679727e-05,2.5145153293029302e-05
48826,E02113N3823E02873N3483-PS-Str_PNo_Hom-M792_E02276N3623_S000,0.16937637,3.244676729797209e-06,5.144291389187399e-06,1.4861228551289804e-05,2.2721101877966324e-05,4.0028587192264305e-05,1.701414806538874e-05
48841,E01964N3926E02184N3685-PS-Str_PNo_Hom-M774_E02050N3785_S000,0.10681152,0.0,0.0,1.4659887170858032e-06,4.738376747447618e-05,0.00013354460501955497,2.3734625202575088e-05
48908,E01548N3896E01854N3659-PS-Str_PNo_Var-M732_E01600N3777_S000,0.1159668,2.1682936937791517e-06,5.772361288217602e-06,2.6514462476694816e-05,9.654284813056172e-05,0.0002745032535921,5.926697116084203e-05
48913,E01548N3896E01854N3659-PS-Mur_PYes_Var-M680_E01586N3743_S000,0.08239746,0.0,0.0,3.4769099242558426e-06,2.7713909293624686e-05,5.1679584230044847e-05,1.1435882150842139e-05
48921,E02113N3823E02873N3483-PS-Str_PYes_Hom-M792_E02291N3588_S000,0.14801407,3.9483204482469995e-06,6.0287431732579954e-06,1.7429977141529774e-05,2.702869796330884e-05,4.70058225622459e-05,2.0173213568459163e-05
48941,E02113N3823E02873N3483-PS-Mur_PNo_Hom-M809_E02244N3659_S000,0.1525917,3.439904301044104e-07,3.45648492038854e-06,1.1207124095323135e-05,1.887969039363587e-05,2.6081266409994264e-05,1.183236789061112e-05
48950,E02020N3739E02658N3366-PS-Str_PYes_Var-M809_E02193N3666_S000,0.14038467,3.359880955924734e-17,3.9812771835377784e-08,4.489789244108496e-06,1.7288319413256425e-05,6.201149844535914e-05,1.1968866331571386e-05
48959,E01964N3926E02184N3685-PS-Str_PNo_Hom-M732_E02053N3767_S000,0.0579834,1.1096021682540796e-05,2.637261162643512e-05,0.00013250644491559998,0.00030189010341338,0.0004102696437886999,0.00015808556192042493
48969,E02113N3823E02873N3483-PS-Str_PNo_Var-M809_E02200N3695_S000,0.119018555,4.1565261510013375e-07,4.1380060877990966e-06,1.3514876610626952e-05,2.310571171984427e-05,3.1676741144183805e-05,1.4268794158104276e-05
49008,E02113N3823E02873N3483-PS-Str_PYes_Hom-M792_E02321N3597_S000,0.14496231,4.088079323200327e-06,6.334960092512428e-06,1.8214690318729058e-05,2.8030753398567038e-05,4.72511403959393e-05,2.0778523129112508e-05
49024,E02113N3823E02873N3483-PS-Mur_PYes_Hom-M792_E02259N3628_S000,0.1602211,3.3436021013124624e-06,5.276775508479152e-06,1.5269508036838576e-05,2.3160310337474355e-05,4.13536536531814e-05,1.7503828841462598e-05
49033,E01964N3926E02184N3685-PS-Str_PYes_Var-M792_E02117N3755_S000,0.1159668,2.384216500617219e-10,3.012551891254471e-08,7.630359246066072e-06,3.729663208125347e-05,7.368722515764513e-05,1.9032937297627933e-05
49040,E02113N3823E02873N3483-PS-Str_PYes_Var-M792_E02320N3583_S000,0.10986328,5.375013208300246e-06,8.461484696992109e-06,2.4333354494564165e-05,3.754511819723008e-05,6.474851381284179e-05,2.7887957266352987e-05
49061,E02113N3823E02873N3483-PS-Mur_PYes_Hom-M774_E02119N3739_S000,0.119018555,4.736356281499277e-06,9.34708854982043e-06,2.2817880660919313e-05,3.209879645425522e-05,5.268050035480238e-05,2.3824132690849862e-05
49077,E01964N3926E02184N3685-PS-Mur_PYes_Hom-M774_E02029N3745_S000,0.13580704,0.0,0.0,4.142446057053463e-06,3.757757468698358e-05,9.497472041285963e-05,1.792991647292084e-05
49084,E02020N3739E02658N3366-PS-Str_PYes_Var-M824_E02165N3634_S000,0.4287796,0.0,0.0,1.0930478302489868e-05,8.7422322697386e-05,0.00014462002846507495,3.50402483662683e-05
49092,E02113N3823E02873N3483-PS-Str_PNo_Hom-M792_E02214N3733_S000,0.09460449,5.2686737622531506e-06,8.241390979705334e-06,2.3333264615816745e-05,3.69423898667774e-05,6.326063002763492e-05,2.7172927167018213e-05
49099,E01548N3896E01854N3659-PS-Str_PYes_Hom-M754_E01622N3816_S000,0.1159668,8.936342555421312e-07,2.794238686797108e-06,1.3633830580743207e-05,5.944270877278078e-05,0.0001596854831714,3.7331051103671e-05
49127,E01964N3926E02184N3685-PS-Str_PNo_Var-M732_E02067N3699_S000,0.07019043,1.0121358262378269e-05,2.174847969734609e-05,0.0001088913035272,0.00024737946714863595,0.00036711008119357994,0.00013549163153391211
49158,E02113N3823E02873N3483-PS-Mur_PNo_Hom-M809_E02356N3540_S000,0.1388588,4.7400220601606953e-07,4.456560133458069e-06,1.4650342631270912e-05,2.475633795581829e-05,3.482346863357712e-05,1.5447848707238473e-05
49210,E01964N3926E02184N3685-PS-Mur_PNo_Var-M774_E02099N3777_S000,0.08392334,1.51137323335088e-07,2.117925444863203e-06,1.5007191706426159e-05,6.606326725346644e-05,0.00012522201815516997,3.2593860586290724e-05
49218,E02020N3739E02658N3366-PS-Mur_PYes_Hom-M809_E02304N3564_S000,0.30365372,0.0,0.0,1.954960257002007e-06,1.115081431668976e-05,3.143073807246693e-05,6.652817124326491e-06
49230,E02113N3823E02873N3483-PS-Mur_PYes_Hom-M792_E02317N3557_S000,0.12512589,4.893885732911818e-06,7.353987405108089e-06,2.131553916316246e-05,3.346285300728811e-05,5.761446324700357e-05,2.4899790686388915e-05
49234,E02113N3823E02873N3483-PS-Mur_PYes_Var-M809_E02176N3736_S000,0.105285645,4.1498902374985523e-07,4.406202915166743e-06,1.460259162301811e-05,2.4799013356776803e-05,3.406556593441878e-05,1.5281772003426682e-05
49254,E02113N3823E02873N3483-PS-Str_PYes_Var-M792_E02255N3645_S000,0.117492676,4.550023507004286e-06,7.0872143767261505e-06,2.0548450718845303e-05,3.130687618221999e-05,5.577257316507693e-05,2.3646588119557368e-05
49291,E02113N3823E02873N3483-PS-Mur_PNo_Hom-M809_E02332N3558_S000,0.15106583,4.1984141379516184e-07,3.946875716117256e-06,1.30171644491372e-05,2.208929880032618e-05,3.0849726567730855e-05,1.372784716761861e-05
49314,E02113N3823E02873N3483-PS-Str_PNo_Hom-M792_E02294N3618_S000,0.1525917,3.723466047640213e-06,5.891776378927849e-06,1.6786814052898232e-05,2.6142863629727904e-05,4.408055945691498e-05,1.922886910425906e-05
49322,E02020N3739E02658N3366-PS-Str_PNo_Hom-M792_E02218N3646_S000,0.12359619,1.6690876013209926e-08,2.2563043832796312e-06,9.905135587437234e-06,3.469112982798434e-05,7.880596124171799e-05,2.100583973735265e-05
49337,E02113N3823E02873N3483-PS-Mur_PNo_Var-M792_E02306N3593_S000,0.10986328,5.306861801164313e-06,8.229823687555766e-06,2.39093589065308e-05,3.633855797298692e-05,6.429639663666355e-05,2.7416918974199187e-05
49338,E02113N3823E02873N3483-PS-Mur_PYes_Var-M809_E02192N3708_S000,0.09765625,4.7204708822995496e-07,4.956086358326644e-06,1.6014685221006142e-05,2.74373795107788e-05,3.739640886585892e-05,1.684047568343947e-05
49350,E02113N3823E02873N3483-PS-Mur_PYes_Hom-M792_E02272N3638_S000,0.15869522,3.497456460092144e-06,5.407095637279487e-06,1.5597969567943916e-05,2.399224865082501e-05,4.083958771775088e-05,1.7833210361152803e-05
49358,E02113N3823E02873N3483-PS-Str_PNo_Var-M792_E02226N3707_S000,0.08392334,6.189442062086764e-06,9.192385250828063e-06,2.6709149470084e-05,4.143264139075714e-05,6.995017633744812e-05,3.06313795886421e-05
49363,E01849N3766E02950N3220-PS-Str_PYes_Var-M732_E01993N3713_S000,0.09613037,0.0,0.0,1.6007645546261335e-05,0.00011346203001255198,0.0005932269510934249,8.699692993457193e-05
49371,E02113N3823E02873N3483-PS-Str_PYes_Var-M792_E02259N3628_S000,0.13275528,4.072152624262723e-06,6.426552736662067e-06,1.859664079018421e-05,2.8206800827905004e-05,5.036436278723269e-05,2.1317806482843482e-05
49391,E01964N3926E02184N3685-PS-Str_PNo_Var-M754_E02066N3753_S000,0.061035156,8.875633642509302e-06,1.7725732250255945e-05,5.920642326411285e-05,0.00017811207402511998,0.00028798147206911495,9.340370229847792e-05
49403,E02113N3823E02873N3483-PS-Mur_PYes_Var-M792_E02272N3638_S000,0.12359619,4.490680076071413e-06,6.9426272849452215e-06,2.0027552012495552e-05,3.080567670414189e-05,5.243739985664979e-05,2.2897566667379878e-05
49412,E02113N3823E02873N3483-PS-Mur_PNo_Hom-M792_E02356N3540_S000,0.09307861,6.726322677064528e-06,1.0184075833250679e-05,2.9284929653230343e-05,4.565437122008941e-05,7.886298672484546e-05,3.431021193562934e-05
49416,E02113N3823E02873N3483-PS-Str_PNo_Hom-M792_E02236N3646_S000,0.1312294,3.986358472791722e-06,6.245496329483083e-06,1.8082343071881864e-05,2.7582909845650157e-05,4.930688443270184e-05,2.0776945054988746e-05
49419,E01548N3896E01854N3659-PS-Str_PNo_Var-M774_E01622N3816_S000,0.119018555,2.256756801419352e-09,8.490638087086816e-07,6.120556713196963e-06,3.001085310775636e-05,7.98159640302614e-05,1.6813924726082684e-05
49434,E01964N3926E02184N3685-PS-Str_PNo_Var-M774_E02081N3777_S000,0.08087158,1.5446265152144492e-07,2.15758550401305e-06,1.5313028335676057e-05,6.676460781337865e-05,0.00012581634701256994,3.300172975873943e-05
49439,E01517N3917E01678N3772-PS-Str_PYes_Var-M707_E01564N3784_S000,0.06561279,9.867607819177072e-06,2.4278316781965243e-05,6.800088539843854e-05,0.00013439946969278,0.00021096118950618493,8.300690384109445e-05
49441,E02113N3823E02873N3483-PS-Str_PNo_Var-M792_E02138N3737_S000,0.12665176,3.530954650957005e-06,5.306351259099949e-06,1.533969192668686e-05,2.3952567561865324e-05,4.0437086786189874e-05,1.762909744239254e-05
49445,E02113N3823E02873N3483-PS-Mur_PYes_Hom-M774_E02272N3638_S000,0.10986328,6.749315396980858e-06,1.3429594119555322e-05,3.258128614438537e-05,4.549854785935445e-05,7.562142677380973e-05,3.400426716108292e-05
49449,E02020N3739E02658N3366-PS-Str_PYes_Var-M837_E02210N3611_S000,0.31738663,0.0,0.0,5.49921003608386e-06,4.763643348135909e-05,8.882433336654273e-05,2.0215907513796843e-05
49452,E02113N3823E02873N3483-PS-Str_PYes_Var-M809_E02210N3708_S000,0.11444092,4.144006330994601e-07,4.399955596682023e-06,1.4456029113479346e-05,2.455181692040581e-05,3.391129180755689e-05,1.515058260505324e-05
49466,E02113N3823E02873N3483-PS-Str_PYes_Var-M809_E02287N3633_S000,0.16479874,3.431345584693374e-07,3.447026576305264e-06,1.1233228609475638e-05,1.8899724428810477e-05,2.605067421028404e-05,1.1823312163717945e-05
49477,E02020N3739E02658N3366-PS-Mur_PYes_Var-M809_E02277N3598_S000,0.20141983,2.7261364652450388e-17,3.250980061855539e-08,3.6517923078554623e-06,1.4041911554970053e-05,5.023057209494211e-05,9.673662132265855e-06
49485,E01964N3926E02184N3685-PS-Mur_PNo_Hom-M754_E02093N3745_S000,0.091552734,6.404776747896541e-06,1.2444072559712099e-05,4.1624008963566346e-05,0.000128107695183208,0.00021046349653838496,6.620588925013777e-05
49493,E02020N3739E02658N3366-PS-Mur_PYes_Var-M792_E02226N3538_S000,0.262455,0.0,0.0,3.825089916649692e-06,2.455804154941133e-05,3.71343395567309e-05,1.0685582728754692e-05
49556,E01548N3896E01854N3659-PS-Mur_PYes_Hom-M792_E01686N3772_S000,0.1968422,0.0,0.0,2.5039696146890903e-06,1.693994433558305e-05,3.1040414191702936e-05,7.913565443183384e-06
49558,E02020N3739E02658N3366-PS-Str_PNo_Var-M809_E02156N3678_S000,0.14953995,2.998684009610285e-17,3.2752664875001116e-08,4.007123880114637e-06,1.427628474819859e-05,5.3775511051593926e-05,1.028037288910333e-05
49560,E01964N3926E02184N3685-PS-Mur_PNo_Var-M792_E02090N3766_S000,0.09918213,2.512415668002234e-10,3.296343641967653e-08,8.227435514231459e-06,3.993988274918154e-05,7.83371850286158e-05,2.041816610930186e-05
49584,E02113N3823E02873N3483-PS-Mur_PYes_Var-M792_E02320N3583_S000,0.10986328,5.375013572667563e-06,8.461485270588555e-06,2.433335614410041e-05,3.754512074237992e-05,6.474851820208537e-05,2.7887959156852666e-05
49589,E01964N3926E02184N3685-PS-Mur_PYes_Var-M774_E02083N3755_S000,0.09460449,1.307571169582633e-07,1.874759510821881e-06,1.3223450963585372e-05,5.6962509603593964e-05,0.00010475052639511,2.7855553370852247e-05
49592,E02020N3739E02658N3366-PS-Str_PYes_Var-M792_E02209N3537_S000,0.33874893,0.0,0.0,2.372715838273004e-06,1.6882403374737077e-05,3.5560661738089074e-05,8.35441035784497e-06
49609,E01517N3917E01678N3772-PS-Mur_PNo_Var-M754_E01609N3825_S000,0.09765625,5.289511699362995e-06,1.0060016073267322e-05,2.961255746493012e-05,7.464761579183779e-05,0.00014574610133658998,4.4330624380202764e-05
49626,E02020N3739E02658N3366-PS-Str_PNo_Var-M809_E02164N3695_S000,0.14648819,2.9690485819061127e-17,3.595504349642367e-08,3.9946532661100784e-06,1.5431783852246347e-05,5.49819323034835e-05,1.061763977223391e-05
49631,E02113N3823E02873N3483-PS-Str_PNo_Hom-M792_E02291N3588_S000,0.14953995,3.908031908626322e-06,5.9672260645576305e-06,1.7252122194379832e-05,2.675289796605341e-05,4.652617660404046e-05,1.996736672173476e-05
49644,E02020N3739E02658N3366-PS-Str_PYes_Hom-M809_E02289N3573_S000,0.2838173,0.0,0.0,2.0898963236329526e-06,1.1786444230142694e-05,3.3222384561536506e-05,7.054265065963705e-06
49652,E02113N3823E02873N3483-PS-Str_PYes_Hom-M774_E02272N3638_S000,0.11291504,6.626036306333275e-06,1.318429692221802e-05,3.198617521953436e-05,4.466749770449047e-05,7.424016953839911e-05,3.3383164888157756e-05
49667,E02113N3823E02873N3483-PS-Str_PNo_Var-M792_E02321N3597_S000,0.10070801,5.884528639398465e-06,9.118769756319866e-06,2.6218881377875535e-05,4.0348476171116765e-05,6.801499357563158e-05,2.9909354680023044e-05
49680,E02113N3823E02873N3483-PS-Str_PNo_Var-M792_E02272N3638_S000,0.12665176,4.422888421075801e-06,6.8378208445639535e-06,1.9725214532773435e-05,3.034063181747508e-05,5.164580079821523e-05,2.255190322365688e-05
49723,E01517N3917E01678N3772-PS-Mur_PNo_Hom-M732_E01598N3815_S000,0.076293945,1.0882088265742246e-05,2.518981606940398e-05,6.745358675342542e-05,0.00014868266524090397,0.000253434224688575,9.008579896104504e-05
49737,E02113N3823E02873N3483-PS-Mur_PYes_Var-M809_E02272N3638_S000,0.1602211,3.490804331290929e-07,3.456748752517544e-06,1.1168091267454517e-05,1.891490961367505e-05,2.6177222644634764e-05,1.1826209989414452e-05
49743,E02113N3823E02873N3483-PS-Str_PYes_Var-M792_E02317N3557_S000,0.10986328,5.5737709823314295e-06,8.37564337217043e-06,2.4276809910249878e-05,3.81116947262825e-05,6.561857814724248e-05,2.8359005168546534e-05
49759,E02113N3823E02873N3483-PS-Str_PYes_Var-M792_E02308N3607_S000,0.10986328,5.304535196751611e-06,8.178166638570757e-06,2.3768024055487545e-05,3.628798539231942e-05,6.292173002115391e-05,2.7178554547490057e-05
49775,E02113N3823E02873N3483-PS-Mur_PYes_Var-M809_E02236N3646_S000,0.12207031,4.4252386456156057e-07,4.288585289824571e-06,1.3970546722937091e-05,2.3341276323445298e-05,3.307705880313482e-05,1.464314745576635e-05
49779,E01964N3926E02184N3685-PS-Str_PNo_Var-M792_E02074N3729_S000,0.117492676,1.959498308233138e-10,2.7966401911035514e-08,7.100603132210614e-06,3.4289279548072024e-05,6.170271973591445e-05,1.7018666054234433e-05
49788,E01548N3896E01854N3659-PS-Mur_PYes_Var-M754_E01647N3799_S000,0.10986328,8.81169156770912e-07,3.02571330705173e-06,1.4393801507140122e-05,6.213024351544041e-05,0.0001797962327096,3.940499989741072e-05
49789,E01849N3766E02950N3220-PS-Str_PYes_Var-M792_E02069N3575_S000,0.22735977,0.0,0.0,1.195441171705896e-06,1.0962750327290132e-05,4.346867795198942e-05,9.707336689789378e-06
49795,E01964N3926E02184N3685-PS-Mur_PYes_Hom-M792_E02009N3708_S000,0.18005753,0.0,0.0,1.6799871817242386e-06,2.015481228942628e-05,4.7252616382809784e-05,9.806468387915351e-06
49797,E02113N3823E02873N3483-PS-Str_PNo_Var-M792_E02255N3645_S000,0.117492676,4.550023507004286e-06,7.0872143767261505e-06,2.0548450718845303e-05,3.130687618221999e-05,5.577257316507693e-05,2.3646588119557368e-05
49799,E02113N3823E02873N3483-PS-Str_PNo_Hom-M792_E02227N3683_S000,0.10681152,4.866926289874496e-06,7.415304405980404e-06,2.1462757744266163e-05,3.332877939068763e-05,5.6301167020817494e-05,2.4551950584782688e-05
49829,E02113N3823E02873N3483-PS-Mur_PNo_Hom-M774_E02119N3739_S000,0.119018555,4.736356281499277e-06,9.34708854982043e-06,2.2817880660919313e-05,3.209879645425522e-05,5.268050035480238e-05,2.3824132690849862e-05
49833,E02113N3823E02873N3483-PS-Mur_PYes_Var-M809_E02276N3623_S000,0.16174698,3.62939394483997e-07,3.441974069537478e-06,1.1414606949087814e-05,1.9027318814932688e-05,2.6926673661735834e-05,1.193757700554899e-05
49858,E01964N3926E02184N3685-PS-Str_PYes_Hom-M732_E02037N3774_S000,0.05645752,1.1239687603383023e-05,2.674666745657116e-05,0.0001344334823468,0.000305958775879384,0.000416815384110435,0.00016031163643969796
49859,E02020N3739E02658N3366-PS-Str_PYes_Var-M792_E02086N3704_S000,0.21362686,0.0,0.0,3.6141335347886077e-06,2.1998963186100524e-05,3.681062396479725e-05,9.844686072448714e-06
49860,E02113N3823E02873N3483-PS-Str_PNo_Hom-M774_E02308N3607_S000,0.10070801,7.6194756482302365e-06,1.5163674103574126e-05,3.6965661100170046e-05,5.2175828825471506e-05,8.637951528792476e-05,3.874990309178428e-05
49863,E02113N3823E02873N3483-PS-Mur_PYes_Var-M809_E02280N3610_S000,0.16327286,3.665627891774842e-07,3.430277335190689e-06,1.1287701860573738e-05,1.873696986225135e-05,2.690893733893891e-05,1.1826013393560863e-05
49867,E02113N3823E02873N3483-PS-Mur_PYes_Hom-M809_E02306N3593_S000,0.1815834,3.3837079617606555e-07,3.250294721981982e-06,1.0623236327949933e-05,1.7622026034492123e-05,2.483863825813594e-05,1.1125184817573129e-05
49883,E02113N3823E02873N3483-PS-Mur_PNo_Var-M809_E02226N3707_S000,0.105285645,4.5087737161794623e-07,4.787252374181393e-06,1.5526044911092342e-05,2.642172510054247e-05,3.655295472307568e-05,1.630090824964319e-05
49889,E02113N3823E02873N3483-PS-Mur_PNo_Var-M792_E02333N3573_S000,0.10681152,5.657362816011374e-06,8.723962861524554e-06,2.5291764229528916e-05,3.859420541993584e-05,6.865246235043807e-05,2.916926306594512e-05
49898,E02020N3739E02658N3366-PS-Mur_PYes_Var-M792_E02218N3525_S000,0.32349014,0.0,0.0,2.1918048037052338e-06,1.55412288392497e-05,4.0000768696025e-05,8.669456716613894e-06
49914,E02113N3823E02873N3483-PS-Mur_PNo_Var-M792_E02305N3578_S000,0.103759766,5.703462848802636e-06,8.724400979690957e-06,2.532144347456105e-05,3.890869720582172e-05,6.862149202053357e-05,2.9276049213702675e-05
49915,E02113N3823E02873N3483-PS-Str_PYes_Hom-M792_E02308N3607_S000,0.15106583,3.857735850425292e-06,5.947591157786378e-06,1.728535207924996e-05,2.639052376792345e-05,4.575997795660456e-05,1.9765668499060617e-05
49962,E02113N3823E02873N3483-PS-Str_PNo_Hom-M809_E02294N3618_S000,0.20141983,0.0,0.0,6.496035985984727e-06,1.9341339251788364e-05,2.7616865590298136e-05,9.852638298960213e-06
49983,E02020N3739E02658N3366-PS-Str_PYes_Hom-M792_E02094N3692_S000,0.2395668,0.0,0.0,3.2118759447145626e-06,1.9815758969565543e-05,3.342942562938648e-05,8.888031626851244e-06
49986,E02020N3739E02658N3366-PS-Str_PNo_Hom-M792_E02201N3643_S000,0.14953995,0.0,5.712766243178587e-10,7.108363424207707e-06,3.1793897677487925e-05,7.163094273775459e-05,1.719064297923772e-05
50029,E01964N3926E02184N3685-PS-Str_PNo_Var-M774_E02103N3738_S000,0.10986328,1.1903657569629711e-07,1.715621548780754e-06,1.2006524505057342e-05,5.199970119703525e-05,9.363321007199524e-05,2.5204365931735886e-05
50037,E02020N3739E02658N3366-PS-Str_PYes_Hom-M809_E02166N3518_S000,0.37384415,0.0,0.0,4.981830699924465e-07,5.820787323531448e-06,3.106496373689938e-05,4.734297468154959e-06
50042,E01849N3766E02950N3220-PS-Str_PYes_Var-M774_E02110N3553_S000,0.1602211,0.0,0.0,2.5124964551650537e-06,2.3299437011330957e-05,8.619783136705379e-05,1.9572075020191138e-05
50063,E02113N3823E02873N3483-PS-Str_PYes_Hom-M792_E02244N3659_S000,0.12665176,4.2428827964174216e-06,6.526985333466698e-06,1.8812493950820068e-05,2.896139916245514e-05,4.912237756328363e-05,2.152790525129401e-05
50080,E02113N3823E02873N3483-PS-Str_PYes_Var-M809_E02255N3645_S000,0.15564346,3.644060472351398e-07,3.529300466257011e-06,1.1498188090189783e-05,1.920076069532968e-05,2.7200477663525108e-05,1.206094832631007e-05
50081,E02113N3823E02873N3483-PS-Mur_PNo_Hom-M809_E02317N3557_S000,0.14496231,4.3476625119973034e-07,4.0538496248470995e-06,1.3404711059807035e-05,2.233365988465476e-05,3.2062119958178243e-05,1.405710190946323e-05
50110,E01964N3926E02184N3685-PS-Mur_PYes_Hom-M754_E02083N3755_S000,0.08544922,6.68410651292375e-06,1.3064542559192219e-05,4.359081260980385e-05,0.00013378146965906,0.00021977512647658497,6.925170167657587e-05
50112,E02020N3739E02658N3366-PS-Str_PYes_Hom-M774_E02094N3692_S000,0.17395401,0.0,1.2833356735834772e-07,8.477265090758229e-06,3.324818315782749e-05,5.731636117364775e-05,1.5913959754448822e-05
50127,E02020N3739E02658N3366-PS-Mur_PYes_Hom-M792_E02226N3538_S000,0.2609291,0.0,0.0,3.847464355182533e-06,2.4701691085267344e-05,3.735155275066215e-05,1.074808685785011e-05
50145,E02113N3823E02873N3483-PS-Str_PNo_Hom-M792_E02349N3553_S000,0.11291504,5.370598623441418e-06,8.459147259629019e-06,2.4367946147195068e-05,3.720136825405363e-05,6.64303841155101e-05,2.8056323854886173e-05
50147,E02113N3823E02873N3483-PS-Str_PYes_Var-M792_E02291N3588_S000,0.11291504,5.175645503478649e-06,7.902762175788921e-06,2.284803981863905e-05,3.543049783124659e-05,6.161745921347865e-05,2.6444004093605513e-05
50150,E02113N3823E02873N3483-PS-Str_PNo_Var-M792_E02320N3583_S000,0.10986328,5.375013208300246e-06,8.461484696992109e-06,2.4333354494564165e-05,3.754511819723008e-05,6.474851381284179e-05,2.7887957266352987e-05
50153,E01964N3926E02184N3685-PS-Str_PNo_Hom-M732_E02067N3699_S000,0.07476807,9.501681936746412e-06,2.0416937266225426e-05,0.0001022244747169,0.00023223375298006397,0.00034463390553423495,0.00012719620771763416
50161,E01964N3926E02184N3685-PS-Mur_PNo_Hom-M732_E02073N3766_S000,0.05493164,1.201623907680697e-05,2.7908015051221826e-05,0.00013974424661009999,0.00032370082649216394,0.00043628387291248495,0.00016892139610869193
50206,E02020N3739E02658N3366-PS-Str_PYes_Var-M792_E02253N3527_S000,0.21667862,0.0,0.0,5.251167587596262e-06,3.0900057821904415e-05,4.726501433467226e-05,1.3420736049408155e-05
50221,E02020N3739E02658N3366-PS-Str_PYes_Var-M774_E02243N3430_S000,0.14496231,0.0,0.0,1.5608236401238857e-06,4.648689615295095e-05,0.0002172494627709,3.083235292208394e-05
50240,E01964N3926E02184N3685-PS-Mur_PNo_Var-M774_E02065N3777_S000,0.08850098,1.3603731898665884e-07,1.953344138751952e-06,1.3794350914516946e-05,5.9955405180324884e-05,0.00010878287657542499,2.902541750689225e-05
50254,E02113N3823E02873N3483-PS-Str_PYes_Var-M792_E02306N3593_S000,0.11138916,5.278585885963635e-06,8.185973705132101e-06,2.378196553729037e-05,3.614493959318783e-05,6.395381385853116e-05,2.7270836693366197e-05
50274,E02113N3823E02873N3483-PS-Mur_PNo_Var-M792_E02350N3576_S000,0.09613037,6.339058008485508e-06,9.903567604487483e-06,2.8477608135249263e-05,4.394922771435428e-05,7.430554986441541e-05,3.241029162119582e-05
50318,E02113N3823E02873N3483-PS-Mur_PYes_Var-M792_E02202N3721_S000,0.07476807,6.63651614814485e-06,1.0179392932244114e-05,2.910973855508913e-05,4.631459097053749e-05,7.889115755619289e-05,3.368999573703845e-05
50334,E02020N3739E02658N3366-PS-Mur_PYes_Hom-M809_E02270N3527_S000,0.41657257,0.0,0.0,1.8277796259545775e-06,1.282804823198605e-05,1.971832077054408e-05,4.891724170907598e-06
50335,E01849N3766E02950N3220-PS-Mur_PYes_Var-M809_E02072N3616_S000,0.25635147,0.0,0.0,7.423453796313807e-07,4.667017655237313e-06,4.724712659948431e-05,5.649579136780031e-06
50368,E01964N3926E02184N3685-PS-Mur_PNo_Hom-M792_E02061N3739_S000,0.17242813,1.317211937767516e-10,1.8850169229750862e-08,4.722479781043736e-06,2.304857146014455e-05,4.127140661519294e-05,1.1444664943587867e-05
50370,E02020N3739E02658N3366-PS-Mur_PYes_Hom-M792_E02112N3663_S000,0.2471962,0.0,0.0,3.2568868842218138e-06,1.898445266729997e-05,3.150272662886913e-05,8.613562429852781e-06
50374,E02113N3823E02873N3483-PS-Str_PYes_Hom-M774_E02148N3750_S000,0.0579834,1.0050489478184894e-05,1.968855825726736e-05,4.862694834303538e-05,7.106110089243231e-05,0.00011558538863939986,5.17754233401795e-05
50402,E02020N3739E02658N3366-PS-Mur_PNo_Var-M792_E02191N3680_S000,0.0869751,2.2912065735309164e-08,2.9734754889028054e-06,1.2816044781259383e-05,4.74077385731445e-05,0.000106721310056235,2.8065976530158582e-05
50413,E02113N3823E02873N3483-PS-Str_PYes_Hom-M792_E02236N3646_S000,0.1312294,3.986358472791722e-06,6.245496329483083e-06,1.8082343071881864e-05,2.7582909845650157e-05,4.930688443270184e-05,2.0776945054988746e-05
50421,E01964N3926E02184N3685-PS-Mur_PYes_Hom-M732_E02066N3753_S000,0.051879883,1.2366030173155083e-05,2.968134349039161e-05,0.00014782966786095,0.00033279222880344,0.00045534050962811986,0.00017668388510932033
50422,E01964N3926E02184N3685-PS-Str_PYes_Hom-M754_E02040N3720_S000,0.10070801,0.0,0.0,2.117732699511533e-05,0.00011694348404698794,0.00022652005971439485,5.445734767910045e-05
50436,E02113N3823E02873N3483-PS-Str_PNo_Var-M809_E02318N3569_S000,0.13428116,4.7100482509599043e-07,4.4474566004524845e-06,1.457851808684667e-05,2.4272588952802452e-05,3.452358174079867e-05,1.5309554064465222e-05
50437,E02113N3823E02873N3483-PS-Str_PNo_Var-M792_E02317N3557_S000,0.105285645,5.816108371339808e-06,8.739801058683073e-06,2.5332321294867597e-05,3.976872165112908e-05,6.84715541573895e-05,2.9592002952130487e-05
50440,E01548N3896E01854N3659-PS-Mur_PYes_Hom-M754_E01650N3761_S000,0.14496231,0.0,0.0,9.661404394739698e-06,6.276371717209109e-05,0.0001182330464873,2.986405595446896e-05
50441,E02113N3823E02873N3483-PS-Str_PNo_Var-M809_E02259N3628_S000,0.14953995,3.841822748854364e-07,3.6799309514812658e-06,1.2110501967161484e-05,2.0231505371513104e-05,2.8528159923501462e-05,1.2670910713003988e-05
50470,E02113N3823E02873N3483-PS-Mur_PNo_Var-M809_E02218N3695_S000,0.105285645,4.6164661343803955e-07,4.853077005924014e-06,1.5643047452286325e-05,2.6791304134926283e-05,3.661704676626994e-05,1.6468044143853282e-05
50490,E01964N3926E02184N3685-PS-Mur_PNo_Var-M774_E02081N3777_S000,0.08544922,1.4618787603223427e-07,2.04200069779208e-06,1.4492688465231398e-05,6.318793646377277e-05,0.00011907619323334994,3.123378196152566e-05
50502,E02113N3823E02873N3483-PS-Str_PNo_Hom-M774_E02148N3750_S000,0.0579834,1.0050489478184894e-05,1.968855825726736e-05,4.862694834303538e-05,7.106110089243231e-05,0.00011558538863939986,5.17754233401795e-05
50509,E02113N3823E02873N3483-PS-Str_PYes_Var-M792_E02192N3708_S000,0.0869751,5.8071673788717605e-06,8.727064768257062e-06,2.5225185997578813e-05,3.918749884826914e-05,6.618168476422267e-05,2.8961653703305695e-05
50523,E02020N3739E02658N3366-PS-Mur_PYes_Hom-M792_E02140N3614_S000,0.19379044,0.0,0.0,4.6040115111084645e-06,2.8486858257183863e-05,4.1776039103954634e-05,1.1923462098714234e-05
50526,E02113N3823E02873N3483-PS-Str_PNo_Hom-M774_E02209N3683_S000,0.09307861,6.698668056538021e-06,1.333355892338811e-05,3.313584277741586e-05,4.775332214327097e-05,7.899702134533516e-05,3.511936435650976e-05
50531,E02113N3823E02873N3483-PS-Mur_PNo_Var-M809_E02318N3569_S000,0.12665176,4.949983502538661e-07,4.6740151326496225e-06,1.5321164492666427e-05,2.5509062429623306e-05,3.628225252908415e-05,1.6089440280124948e-05
50553,E01964N3926E02184N3685-PS-Mur_PNo_Var-M732_E02067N3699_S000,0.06713867,1.0581420344197813e-05,2.2737047692529392e-05,0.0001138409119191,0.00025862399675674396,0.00038379691549313995,0.0001416503466447401
50562,E02020N3739E02658N3366-PS-Str_PNo_Var-M809_E02142N3694_S000,0.2105751,2.0078203026021044e-17,2.4081628769211376e-08,2.6930183480878512e-06,1.0318607261836941e-05,3.677998070000238e-05,7.13139466768302e-06
50564,E02020N3739E02658N3366-PS-Mur_PNo_Var-M809_E02182N3695_S000,0.1083374,3.876883192302385e-17,5.3233242361527885e-08,5.693765574007169e-06,2.2214988948954166e-05,7.387297550135075e-05,1.4851616777821552e-05
50586,E02113N3823E02873N3483-PS-Mur_PYes_Var-M809_E02233N3717_S000,0.11138916,0.0,0.0,1.4539234473429697e-05,2.8221544591869772e-05,3.943803708779854e-05,1.5727477965437926e-05
50612,E02020N3739E02658N3366-PS-Str_PYes_Var-M792_E02201N3643_S000,0.12207031,0.0,7.067887495294062e-10,8.794533299512208e-06,3.9335705725698294e-05,8.862246815311781e-05,2.1268423278143754e-05
50616,E02113N3823E02873N3483-PS-Mur_PYes_Var-M792_E02138N3737_S000,0.11291504,3.91517382091428e-06,5.883759376114575e-06,1.7008873290393843e-05,2.6558954937718797e-05,4.483722936980227e-05,1.9547399390727207e-05
50630,E01548N3896E01854N3659-PS-Mur_PYes_Hom-M707_E01793N3787_S000,0.07476807,0.0,0.0,1.0914767612290013e-05,9.456962951168723e-05,0.0004488653188732,7.284278636958631e-05
50642,E02113N3823E02873N3483-PS-Str_PYes_Var-M809_E02348N3529_S000,0.13428116,4.814297568930293e-07,4.620146917983762e-06,1.513899969767174e-05,2.617531485695122e-05,3.739636647564356e-05,1.624303751277688e-05
50644,E01964N3926E02184N3685-PS-Str_PNo_Var-M774_E02093N3745_S000,0.09765625,1.315877761810682e-07,1.8866692738575896e-06,1.3286562533935196e-05,5.732437467875802e-05,0.00010530791032092499,2.801035730412686e-05
50662,E02113N3823E02873N3483-PS-Mur_PYes_Hom-M792_E02349N3553_S000,0.11138916,5.444170691735856e-06,8.575029492418058e-06,2.4701763720214104e-05,3.77109914446394e-05,6.734041688832605e-05,2.844066867740407e-05
50676,E01964N3926E02184N3685-PS-Str_PYes_Var-M774_E02093N3745_S000,0.09765625,1.315877761810682e-07,1.8866692738575896e-06,1.3286562533935196e-05,5.732437467875802e-05,0.00010530791032092499,2.801035730412686e-05
50724,E02020N3739E02658N3366-PS-Mur_PYes_Hom-M809_E02289N3573_S000,0.3189125,0.0,0.0,1.8431624247379504e-06,1.039493245698626e-05,2.93001380937272e-05,6.221436038091918e-06
50725,E02113N3823E02873N3483-PS-Mur_PYes_Hom-M792_E02287N3633_S000,0.15106583,3.758835771791641e-06,5.806332161810823e-06,1.6707374381520693e-05,2.576668986153634e-05,4.356891632129397e-05,1.9076410528205487e-05
50732,E02020N3739E02658N3366-PS-Str_PYes_Var-M809_E02245N3574_S000,0.23651505,0.0,0.0,3.006513092861395e-06,2.083925451382209e-05,3.542074622097756e-05,8.238229848132866e-06
50736,E02020N3739E02658N3366-PS-Str_PNo_Hom-M809_E02218N3646_S000,0.19073868,0.0,0.0,2.8998866610165067e-06,1.5955633583219596e-05,4.243105033612195e-05,9.279187789289324e-06
50754,E02113N3823E02873N3483-PS-Str_PYes_Var-M792_E02333N3573_S000,0.10681152,5.657362438873955e-06,8.723962279958027e-06,2.529176254350117e-05,3.859420284712595e-05,6.865245777385117e-05,2.9169261121431462e-05
50780,E02113N3823E02873N3483-PS-Str_PNo_Var-M792_E02244N3659_S000,0.09460449,5.680170296948223e-06,8.738018464964165e-06,2.518527484218854e-05,3.877214789424376e-05,6.576270977507075e-05,2.8820538730687395e-05
50791,E02113N3823E02873N3483-PS-Mur_PNo_Var-M792_E02294N3618_S000,0.10681152,5.271913063258756e-06,8.341940670455233e-06,2.376780751151385e-05,3.701468000974563e-05,6.241197697611433e-05,2.7225419790434982e-05
50814,E02020N3739E02658N3366-PS-Str_PYes_Var-M774_E02092N3679_S000,0.1602211,0.0,0.0,8.079095352281526e-06,4.152019390015261e-05,6.816042888046957e-05,1.728248722430411e-05
50829,E02113N3823E02873N3483-PS-Mur_PNo_Var-M792_E02236N3646_S000,0.08544922,6.004500769975872e-06,9.40735455058058e-06,2.7236748435733407e-05,4.154709229910111e-05,7.426909234631147e-05,3.1295525335196e-05
50840,E02113N3823E02873N3483-PS-Mur_PNo_Var-M809_E02235N3671_S000,0.117492676,4.4265105604627556e-07,4.414600624848829e-06,1.4249550704302305e-05,2.420229552631749e-05,3.319399814002449e-05,1.506390805624139e-05
50844,E01964N3926E02184N3685-PS-Str_PYes_Var-M774_E02099N3777_S000,0.08544922,1.502640362069394e-07,2.1056878520002084e-06,1.4920478596403534e-05,6.568154684408759e-05,0.00012449847234798,3.2405529879628814e-05
50853,E02020N3739E02658N3366-PS-Mur_PYes_Var-M792_E02109N3687_S000,0.20752335,0.0,0.0,3.819250288640998e-06,2.276883681152797e-05,3.814201396325771e-05,1.0260256789403613e-05
50854,E02113N3823E02873N3483-PS-Str_PYes_Var-M792_E02226N3707_S000,0.08392334,6.189442062086764e-06,9.192385250828063e-06,2.6709149470084e-05,4.143264139075714e-05,6.995017633744812e-05,3.06313795886421e-05
50858,E01964N3926E02184N3685-PS-Mur_PYes_Var-M732_E02074N3729_S000,0.06561279,1.0509471989210167e-05,2.4102875138604637e-05,0.0001147308070437,0.0002654721187136799,0.00036722485117900497,0.00014318349210399453
50875,E02113N3823E02873N3483-PS-Mur_PYes_Var-M792_E02210N3708_S000,0.07476807,6.74717697099312e-06,1.0219676340105574e-05,2.950621933388366e-05,4.703623939913816e-05,7.929796180854718e-05,3.403191220302433e-05
50881,E02113N3823E02873N3483-PS-Mur_PYes_Var-M809_E02320N3583_S000,0.13275528,4.615484161563015e-07,4.457457691471662e-06,1.4679779936598117e-05,2.4466338006248397e-05,3.4611093903776056e-05,1.534971555101326e-05
50884,E01548N3896E01854N3659-PS-Str_PYes_Var-M680_E01720N3688_S000,0.14953995,0.0,0.0,3.310165613999756e-07,7.127081787645662e-06,4.4677656155265985e-05,6.301243527824619e-06
50899,E02113N3823E02873N3483-PS-Mur_PNo_Var-M792_E02272N3638_S000,0.117492676,4.723962095401902e-06,7.303283151107e-06,2.1067944045901914e-05,3.2405971168821576e-05,5.516141989810889e-05,2.4087050331198277e-05
50922,E02113N3823E02873N3483-PS-Mur_PYes_Hom-M792_E02293N3602_S000,0.13580704,4.119699829361641e-06,6.384531975142429e-06,1.8517981198209615e-05,2.8476364262232455e-05,5.033246440441825e-05,2.141260847119279e-05
50938,E02020N3739E02658N3366-PS-Mur_PYes_Var-M774_E02183N3593_S000,0.18005753,0.0,0.0,8.29910274630326e-06,4.7332912234293794e-05,6.898540599873137e-05,1.889730231620048e-05
50954,E02020N3739E02658N3366-PS-Mur_PNo_Hom-M774_E02116N3712_S000,0.1312294,7.960279633529284e-07,3.5967420568561804e-06,1.229017505284094e-05,4.2179004134683756e-05,7.499961030461536e-05,2.1607970284623448e-05
50962,E01964N3926E02184N3685-PS-Mur_PYes_Hom-M754_E02103N3738_S000,0.08239746,7.180533014559651e-06,1.3848526408719268e-05,4.7714440130632567e-05,0.000143717377598032,0.00023356202417234496,7.444541998540204e-05
50969,E02020N3739E02658N3366-PS-Mur_PYes_Hom-M809_E02166N3518_S000,0.34637833,0.0,0.0,5.322089366893246e-07,6.218346665610981e-06,3.318669845396056e-05,5.057649633769997e-06
50977,E02020N3739E02658N3366-PS-Str_PNo_Var-M809_E02193N3666_S000,0.12817764,3.679880138794623e-17,4.360458905218741e-08,4.917402278087942e-06,1.8934880156928092e-05,6.791754960948163e-05,1.3108795839855685e-05
50987,E02020N3739E02658N3366-PS-Str_PYes_Var-M774_E02219N3560_S000,0.21973038,0.0,0.0,7.5167576524871345e-06,4.1575816358286026e-05,5.905907352610584e-05,1.6396724662254882e-05
50999,E02113N3823E02873N3483-PS-Str_PNo_Hom-M774_E02306N3593_S000,0.105285645,7.365795254145926e-06,1.4660356065740378e-05,3.592869867986942e-05,5.1444722603593326e-05,8.337802859175649e-05,3.770418464888511e-05
51001,E01964N3926E02184N3685-PS-Str_PYes_Var-M732_E02048N3750_S000,0.05493164,1.1460682051310338e-05,2.7506678218325465e-05,0.00013101204357115,0.0002993877572864,0.00041766300576445996,0.00016060808528043128
51008,E01964N3926E02184N3685-PS-Mur_PNo_Var-M774_E02053N3767_S000,0.08239746,1.4714295744467587e-07,2.0608666663161064e-06,1.4688548020396192e-05,6.353381089598888e-05,0.000113674252927575,3.076716209848955e-05
51020,E02113N3823E02873N3483-PS-Mur_PYes_Hom-M792_E02280N3610_S000,0.14648819,3.7697665317885294e-06,5.818546351603922e-06,1.6828102700776705e-05,2.610929985971694e-05,4.592657363887659e-05,1.9498045344587235e-05
51029,E02113N3823E02873N3483-PS-Str_PNo_Var-M792_E02195N3735_S000,0.06561279,7.403672682168834e-06,1.1490230440453413e-05,3.2710840037920284e-05,5.1843273867883746e-05,8.814787945286064e-05,3.7991784690600565e-05
51030,E02113N3823E02873N3483-PS-Str_PYes_Hom-M792_E02270N3650_S000,0.12054443,4.480063077827625e-06,6.9746009294515266e-06,1.9983327718995633e-05,3.0947549472949434e-05,5.193356996737753e-05,2.2830655519140976e-05
51044,E02113N3823E02873N3483-PS-Str_PYes_Var-M809_E02233N3717_S000,0.10681152,0.0,0.0,1.5470702841688647e-05,3.0029581743947912e-05,4.196466832967314e-05,1.6735072159208352e-05
51051,E02020N3739E02658N3366-PS-Mur_PYes_Var-M792_E02184N3638_S000,0.1159668,0.0,0.0,8.345047213984193e-06,4.848688564395533e-05,8.079527594606986e-05,2.1941513294722765e-05
51062,E01964N3926E02184N3685-PS-Mur_PYes_Var-M754_E02069N3788_S000,0.051879883,1.0796617093012707e-05,2.044544971434501e-05,6.904450785374748e-05,0.00021281883958228795,0.00035101066904367996,0.00010988675317085173
51071,E02113N3823E02873N3483-PS-Str_PYes_Hom-M774_E02287N3633_S000,0.105285645,7.222762154055369e-06,1.414143017198991e-05,3.464731532454424e-05,4.848813389218857e-05,8.037321080862048e-05,3.61141465778458e-05
51093,E02113N3823E02873N3483-PS-Mur_PNo_Hom-M792_E02291N3588_S000,0.12665176,4.573814857885519e-06,6.9838189330518875e-06,2.019124067245583e-05,3.1310594455110526e-05,5.44525026426834e-05,2.3369061645359183e-05
51097,E02113N3823E02873N3483-PS-Mur_PNo_Hom-M774_E02291N3588_S000,0.09613037,7.919831211881083e-06,1.571440697022104e-05,3.813019967653784e-05,5.565118513441898e-05,8.988191814285022e-05,4.0595163243645794e-05
51099,E02020N3739E02658N3366-PS-Str_PYes_Hom-M754_E02256N3567_S000,0.12359619,8.856894752311088e-06,1.661488449361713e-05,4.406598379169937e-05,0.00011478689468446799,0.000205062145457,6.655223432591682e-05
51117,E02020N3739E02658N3366-PS-Str_PYes_Var-M774_E02122N3652_S000,0.12207031,0.0,0.0,1.1037946440024218e-05,5.8922272008588806e-05,9.282374993902677e-05,2.404853562933338e-05
51129,E02113N3823E02873N3483-PS-Mur_PNo_Var-M809_E02356N3540_S000,0.10986328,5.991040703117666e-07,5.632765589815342e-06,1.8516960027732112e-05,3.129019790857598e-05,4.401431372250387e-05,1.952494929475746e-05
51131,E02113N3823E02873N3483-PS-Str_PYes_Hom-M792_E02340N3543_S000,0.105285645,5.825267537076661e-06,8.931350569941859e-06,2.5929981901101966e-05,4.034377554875871e-05,7.043233124740652e-05,3.0089402917314594e-05
51144,E02113N3823E02873N3483-PS-Mur_PYes_Hom-M809_E02243N3633_S000,0.15869522,3.608592367440854e-07,3.3713706286265657e-06,1.1011666810528062e-05,1.850621123838734e-05,2.647687100640151e-05,1.16017616741464e-05
51147,E02020N3739E02658N3366-PS-Str_PYes_Var-M792_E02136N3678_S000,0.15869522,1.1021217377655221e-08,1.5257169229727392e-06,6.933985613733199e-06,2.2904027725643802e-05,5.4013494870217456e-05,1.4069551584250846e-05
51150,E02113N3823E02873N3483-PS-Mur_PYes_Hom-M792_E02340N3543_S000,0.10070801,6.090053534404621e-06,9.33732275114995e-06,2.7108622379788852e-05,4.2177591210728166e-05,7.363381426166765e-05,3.145710877970688e-05
51153,E01964N3926E02184N3685-PS-Str_PYes_Var-M774_E02067N3699_S000,0.14038467,0.0,0.0,4.559137765238504e-06,3.876994645575584e-05,9.287259039438125e-05,1.853200040999247e-05
51169,E02113N3823E02873N3483-PS-Mur_PYes_Hom-M774_E02291N3588_S000,0.09613037,7.919831211881083e-06,1.571440697022104e-05,3.813019967653784e-05,5.565118513441898e-05,8.988191814285022e-05,4.0595163243645794e-05
51209,E01548N3896E01854N3659-PS-Str_PYes_Var-M680_E01764N3850_S000,0.07476807,0.0,0.0,3.863394420711503e-06,2.922538738061869e-05,5.6227300683948527e-05,1.281286608678809e-05
51219,E02020N3739E02658N3366-PS-Str_PYes_Var-M792_E02207N3659_S000,0.11444092,1.838704624471642e-08,2.46023371952692e-06,1.0939205516398243e-05,3.71808224704937e-05,8.628765870031355e-05,2.2686332117587585e-05
51229,E02113N3823E02873N3483-PS-Str_PYes_Var-M792_E02263N3611_S000,0.13733292,4.003209225714773e-06,6.250473629008876e-06,1.754090975142665e-05,2.7253298132511413e-05,4.683736117653641e-05,2.0607221406041837e-05
51252,E02020N3739E02658N3366-PS-Str_PYes_Var-M792_E02227N3634_S000,0.11291504,1.8860800425628387e-08,2.6090212737375534e-06,1.1653161508295202e-05,3.904772415184166e-05,9.094297886735551e-05,2.391499066079955e-05
51258,E02020N3739E02658N3366-PS-Mur_PNo_Hom-M792_E02218N3623_S000,0.14038467,0.0,0.0,3.3619309762576764e-06,3.2621331066430894e-05,9.174154585952424e-05,1.8493784762027775e-05
51303,E02113N3823E02873N3483-PS-Mur_PYes_Var-M792_E02195N3735_S000,0.06561279,7.403674558501214e-06,1.149023335245295e-05,3.271084832791512e-05,5.184328700666197e-05,8.814790179241123e-05,3.799179431895881e-05
51354,E02113N3823E02873N3483-PS-Mur_PNo_Hom-M809_E02291N3588_S000,0.15869522,3.844960747009388e-07,3.589191972769573e-06,1.1818883051791755e-05,1.956144560482446e-05,2.8164928998536515e-05,1.2391609205843754e-05
51369,E02020N3739E02658N3366-PS-Mur_PNo_Var-M792_E02146N3723_S000,0.1083374,1.680963204183053e-08,2.070803386057933e-06,9.279548457970392e-06,3.5229423187063176e-05,7.847138125538024e-05,2.0609560703675898e-05
51384,E02020N3739E02658N3366-PS-Str_PYes_Hom-M792_E02112N3663_S000,0.23041153,0.0,0.0,3.4941458793248492e-06,2.0367439649207678e-05,3.379764982659542e-05,9.241046662192966e-06
51391,E01964N3926E02184N3685-PS-Str_PNo_Var-M774_E02037N3774_S000,0.08850098,0.0,3.950225662338489e-08,1.1462182246530216e-05,5.960174788304484e-05,0.000119147735100875,2.864528741177512e-05
51398,E02113N3823E02873N3483-PS-Str_PYes_Hom-M774_E02333N3573_S000,0.0869751,8.939826770910687e-06,1.7795078060300436e-05,4.400809148742373e-05,6.301275891133137e-05,0.0001027954017529,4.640630484371743e-05
51416,E02020N3739E02658N3366-PS-Str_PYes_Var-M774_E02156N3678_S000,0.08544922,1.4077544166976165e-06,6.087746490512537e-06,2.0222104796722407e-05,6.736527624780605e-05,0.00012329642163715998,3.552815723697144e-05
51429,E02113N3823E02873N3483-PS-Str_PNo_Hom-M774_E02218N3671_S000,0.0869751,7.499108932797403e-06,1.4879616311419923e-05,3.656088211953746e-05,5.283504083257199e-05,8.550844518047131e-05,3.8734923123196074e-05
51442,E01964N3926E02184N3685-PS-Mur_PYes_Hom-M809_E02037N3706_S000,0.2182045,0.0,0.0,2.0200189553219985e-09,1.106381362761537e-05,3.110728138086287e-05,5.571196013397204e-06
51452,E02020N3739E02658N3366-PS-Str_PYes_Var-M861_E02172N3465_S002,2.247654,0.0,0.0,0.0,8.718512035360374e-07,3.6808680491609174e-06,8.865141612827813e-07
51486,E02020N3739E02658N3366-PS-Mur_PYes_Var-M774_E02164N3590_S000,0.19989395,0.0,0.0,7.164087732058642e-06,4.056468759555535e-05,5.7314731460072254e-05,1.6188430934061657e-05
51510,E02113N3823E02873N3483-PS-Mur_PYes_Hom-M774_E02200N3695_S000,0.0869751,7.306552332664047e-06,1.454123785288853e-05,3.565237160512237e-05,5.0635850250727205e-05,8.377599678602963e-05,3.758387255231451e-05
51542,E02020N3739E02658N3366-PS-Str_PNo_Var-M824_E02277N3598_S000,0.15716934,0.0,4.414013961769075e-09,2.428493852013307e-05,0.0001368055267179679,0.0006670237738804,0.00011133400178503484
51555,E01548N3896E01854N3659-PS-Str_PYes_Hom-M680_E01586N3743_S000,0.07324219,0.0,0.0,3.9115234867700415e-06,3.117814653637567e-05,5.813952961280585e-05,1.286536683418008e-05
51559,E02020N3739E02658N3366-PS-Str_PYes_Var-M809_E02126N3687_S000,0.2822914,0.0,0.0,1.7635918186531138e-06,1.2804391341341885e-05,2.2961045289189556e-05,5.2569620314898136e-06
51602,E02020N3739E02658N3366-PS-Mur_PYes_Var-M809_E02109N3687_S000,0.26398087,0.0,0.0,1.9111684661806782e-06,1.3220611722878866e-05,2.3298694106637695e-05,5.418297898145564e-06
51612,E02113N3823E02873N3483-PS-Str_PNo_Var-M792_E02291N3588_S000,0.11291504,5.1756451434685685e-06,7.902761626084728e-06,2.2848038229363928e-05,3.543049536675471e-05,6.16174549274613e-05,2.644400225420051e-05
51621,E02020N3739E02658N3366-PS-Str_PYes_Hom-M871_E02235N3464_S003,2.0172424,0.0,0.0,0.0,4.1098558295990026e-07,4.29589288862832e-06,5.145732327410826e-07
51623,E02113N3823E02873N3483-PS-Mur_PYes_Hom-M774_E02306N3593_S000,0.1083374,7.158309232953418e-06,1.424739061606489e-05,3.491662836315586e-05,4.999558365306876e-05,8.102936496339384e-05,3.664210092470084e-05
51638,E02113N3823E02873N3483-PS-Mur_PYes_Var-M809_E02218N3695_S000,0.105285645,4.6164661343803955e-07,4.853077005924014e-06,1.5643047452286325e-05,2.6791304134926283e-05,3.661704676626994e-05,1.6468044143853282e-05
51642,E01964N3926E02184N3685-PS-Mur_PNo_Var-M732_E02091N3733_S000,0.048828125,1.4069439824006934e-05,3.293016662130844e-05,0.0001630318047519,0.000362533312455592,0.00049650791066714,0.0001947692211971527
51653,E02020N3739E02658N3366-PS-Mur_PYes_Var-M792_E02233N3624_S000,0.11291504,1.8965694415403772e-08,2.5894241170488186e-06,1.1552261969101347e-05,3.9250622658970207e-05,9.136559100821359e-05,2.3914988821394593e-05
51654,E02113N3823E02873N3483-PS-Mur_PYes_Hom-M774_E02259N3628_S000,0.12054443,5.880980205786317e-06,1.1705892054251524e-05,2.9049416032134242e-05,4.1901049741753255e-05,6.879642247032474e-05,3.071215756624331e-05
51667,E02113N3823E02873N3483-PS-Str_PNo_Var-M809_E02148N3750_S000,0.1312294,0.0,0.0,4.353183849739503e-06,2.8318867471881866e-05,4.215257374076992e-05,1.1851558118520442e-05
51702,E01964N3926E02184N3685-PS-Mur_PYes_Hom-M754_E02053N3710_S000,0.10070801,0.0,0.0,2.284680984880327e-05,0.000120780309933752,0.00025043328326357497,5.660814558067487e-05
51703,E01964N3926E02184N3685-PS-Str_PNo_Hom-M754_E02105N3765_S000,0.07476807,8.141163748151713e-06,1.4778321262338212e-05,5.070393219440696e-05,0.000160262452647928,0.00026559673159435,8.204177652334249e-05
51714,E02020N3739E02658N3366-PS-Str_PYes_Var-M809_E02257N3592_S000,0.21362686,0.0,0.0,2.948089268006689e-06,2.207336413464049e-05,4.0967002772300336e-05,9.120887290373337e-06
51715,E02113N3823E02873N3483-PS-Str_PNo_Hom-M792_E02356N3540_S000,0.103759766,6.083383303614581e-06,9.210625160459809e-06,2.6485713019307166e-05,4.129047221661405e-05,7.132482334678526e-05,3.103065084052383e-05
51725,E01964N3926E02184N3685-PS-Str_PYes_Var-M754_E02083N3755_S000,0.059509277,9.597704003726976e-06,1.875936779056097e-05,6.259201823039521e-05,0.00019209672145242398,0.0003155749548911999,9.943847141888972e-05
51734,E02113N3823E02873N3483-PS-Mur_PNo_Var-M792_E02276N3623_S000,0.10681152,5.099617359685831e-06,8.085217683063916e-06,2.335720486741766e-05,3.5710468320000905e-05,6.291242398811392e-05,2.6740921225747454e-05
51772,E01964N3926E02184N3685-PS-Mur_PYes_Hom-M732_E02073N3766_S000,0.05493164,1.201623907680697e-05,2.7908015051221826e-05,0.00013974424661009999,0.00032370082649216394,0.00043628387291248495,0.00016892139610869193
51776,E02113N3823E02873N3483-PS-Str_PNo_Var-M792_E02284N3647_S000,0.11291504,0.0,0.0,1.1846446950363924e-05,4.961143704532538e-05,7.36543498751241e-05,2.552185788929639e-05
51780,E02113N3823E02873N3483-PS-Mur_PYes_Var-M792_E02209N3683_S000,0.08392334,5.737519992827077e-06,8.940957089231665e-06,2.5872173375373993e-05,3.948425944103411e-05,6.960092821274699e-05,2.9702973717462473e-05
51785,E02113N3823E02873N3483-PS-Mur_PNo_Var-M792_E02287N3633_S000,0.10986328,5.168543898310784e-06,7.983930261520486e-06,2.297328299481486e-05,3.543019055605928e-05,5.9908937309357825e-05,2.6230798902457038e-05
51786,E01548N3896E01854N3659-PS-Mur_PYes_Hom-M732_E01787N3864_S000,0.12359619,0.0,0.0,1.566921598819177e-05,0.0001100543298465,0.0002399958514533097,5.7470202191636606e-05
51802,E01849N3766E02950N3220-PS-Str_PYes_Var-M792_E02050N3638_S000,0.2548256,0.0,0.0,1.189656502258781e-06,7.264966337330114e-06,6.464081975309682e-05,8.25460669719866e-06
51805,E02113N3823E02873N3483-PS-Str_PYes_Var-M792_E02236N3646_S000,0.10223389,5.11697641128015e-06,8.016854884683982e-06,2.3210888732416534e-05,3.540602281455512e-05,6.329138894003173e-05,2.666973842680729e-05
51807,E02113N3823E02873N3483-PS-Mur_PNo_Var-M792_E02227N3683_S000,0.08087158,6.428021494067095e-06,9.793806864480295e-06,2.8347063399979187e-05,4.401918121095791e-05,7.436009715286004e-05,3.242713299533585e-05
51823,E02113N3823E02873N3483-PS-Mur_PYes_Hom-M792_E02348N3529_S000,0.08850098,6.958299564265098e-06,1.0766013970560963e-05,3.038566582421956e-05,4.765910023437665e-05,7.96346781483787e-05,3.608489690914407e-05
51838,E02113N3823E02873N3483-PS-Str_PNo_Var-M809_E02266N3671_S000,0.12054443,4.33257762065204e-07,4.537828256286681e-06,1.4673953760083582e-05,2.4869898302659077e-05,3.425644783355974e-05,1.542319893324047e-05
51846,E02113N3823E02873N3483-PS-Str_PNo_Hom-M774_E02259N3628_S000,0.12970352,5.465690935187099e-06,1.087927281684273e-05,2.69980724851098e-05,3.8942179659607206e-05,6.393831802041921e-05,2.85433984363176e-05
51853,E01964N3926E02184N3685-PS-Str_PNo_Var-M732_E02015N3756_S000,0.047302246,0.0,1.1189230358737093e-05,0.00012143343876735,0.000374288590599,0.0005433240093851949,0.00018162741230204435
51907,E01964N3926E02184N3685-PS-Mur_PYes_Var-M774_E02067N3699_S000,0.14038467,0.0,0.0,4.55914156438996e-06,3.8769978762938936e-05,9.28726677855581e-05,1.85320158527975e-05
51919,E02020N3739E02658N3366-PS-Str_PYes_Var-M809_E02140N3614_S000,0.35095596,0.0,0.0,1.7233287915015045e-06,1.130922481524501e-05,1.846818001060948e-05,4.48275817234036e-06
51932,E02113N3823E02873N3483-PS-Str_PNo_Hom-M774_E02276N3623_S000,0.117492676,6.225607223440972e-06,1.2388997333826828e-05,3.0375483932595507e-05,4.327871389682989e-05,7.150105040863032e-05,3.208253385105269e-05
51956,E02020N3739E02658N3366-PS-Str_PYes_Hom-M774_E02191N3680_S000,0.09307861,1.2149917052636732e-06,5.875780879466083e-06,2.0073817799351603e-05,6.889472540191941e-05,0.0001201710444324,3.4758039881154255e-05
51968,E02020N3739E02658N3366-PS-Mur_PNo_Var-M792_E02142N3694_S000,0.13580704,1.2924065834449336e-08,1.764127931470081e-06,7.679442855853828e-06,2.6789706374404143e-05,6.105258935505507e-05,1.6253099882817578e-05
51977,E02113N3823E02873N3483-PS-Mur_PNo_Hom-M792_E02259N3628_S000,0.14191055,3.77502283628783e-06,5.957631154333214e-06,1.7239713276684362e-05,2.6148655782085933e-05,4.6689463092339635e-05,1.976232565862356e-05
51987,E02113N3823E02873N3483-PS-Str_PNo_Hom-M774_E02202N3721_S000,0.064086914,1.0101882295410236e-05,1.959009803736572e-05,4.863692501878704e-05,7.02430640515171e-05,0.00011495615187741492,5.153146203309646e-05
51992,E01849N3766E02950N3220-PS-Str_PYes_Hom-M837_E02061N3560_S000,0.54016876,0.0,0.0,0.0,7.117361121378885e-06,3.2020723015312024e-05,9.628754212838035e-06
52008,E02020N3739E02658N3366-PS-Mur_PNo_Hom-M774_E02204N3672_S000,0.10223389,1.2224643571217611e-06,5.360147429368052e-06,1.82752917113945e-05,6.172994456707307e-05,0.0001100519406067,3.1974384300850714e-05
52054,E01964N3926E02184N3685-PS-Mur_PYes_Var-M774_E02103N3738_S000,0.10070801,1.2985824355612878e-07,1.871589464234263e-06,1.3098042969736278e-05,5.672701708186469e-05,0.00010214544670277996,2.7495706010492114e-05
52059,E01548N3896E01854N3659-PS-Str_PYes_Var-M680_E01784N3854_S000,0.06866455,0.0,0.0,4.234631886937257e-06,3.10234121635717e-05,6.595056367777193e-05,1.4182487293781067e-05
52089,E02113N3823E02873N3483-PS-Mur_PNo_Var-M861_E02404N3535_S004,0.3707924,0.0,0.0,0.0,0.0,2.0093485367404555e-05,5.2756435450157114e-06
52095,E01548N3896E01854N3659-PS-Mur_PYes_Var-M680_E01699N3697_S000,0.0869751,0.0,0.0,1.4023588029705356e-06,1.3482789477755275e-05,6.996491155893452e-05,1.0833993201371987e-05
52134,E02113N3823E02873N3483-PS-Str_PNo_Var-M792_E02176N3736_S000,0.07019043,6.856044482097951e-06,1.0445545003697819e-05,3.0216329827284317e-05,4.788752160760386e-05,8.09383944581065e-05,3.4776828606347335e-05
52135,E01964N3926E02184N3685-PS-Mur_PNo_Hom-M707_E02053N3767_S000,0.02746582,1.3982736337745139e-05,3.764209088462231e-05,0.0002353135874319,0.00052662886572846,0.0006344936921056848,0.00026771417252492583
52167,E02113N3823E02873N3483-PS-Mur_PNo_Hom-M774_E02243N3633_S000,0.103759766,6.715394427565151e-06,1.3136593851482757e-05,3.237224371698142e-05,4.886246945272194e-05,7.330212732011915e-05,3.439883452088019e-05
52178,E01964N3926E02184N3685-PS-Mur_PYes_Hom-M707_E02033N3761_S000,0.032043457,1.2824475346553416e-05,3.136761634866268e-05,0.0002010988559879,0.000442351793229972,0.000535170816466195,0.0002266800378303217
52186,E01964N3926E02184N3685-PS-Str_PYes_Hom-M707_E02048N3750_S000,0.036621094,1.0839862010387757e-05,2.6109928975088495e-05,0.0001678591411208,0.000368646819436468,0.000474680335294405,0.00019584485077073143
52211,E02020N3739E02658N3366-PS-Mur_PYes_Hom-M792_E02195N3484_S000,0.22735977,0.0,0.0,7.916215247016738e-07,1.5879640011159963e-05,7.885836664590291e-05,1.2335031364728643e-05
52213,E02113N3823E02873N3483-PS-Str_PYes_Var-M809_E02293N3602_S000,0.1602211,0.0,0.0,8.234380704035592e-06,2.4351985317582893e-05,3.4897133811957664e-05,1.238349059592172e-05
52234,E01964N3926E02184N3685-PS-Str_PYes_Var-M732_E02018N3773_S000,0.045776367,1.3580995524129363e-05,3.177952918430349e-05,0.0001573737813008,0.00034994694564223597,0.0004808694928894,0.00018768168062873938
52245,E02113N3823E02873N3483-PS-Str_PNo_Var-M774_E02259N3628_S000,0.09765625,7.259343226982312e-06,1.4449476996404037e-05,3.5857913841162036e-05,5.172166730759737e-05,8.492068091118341e-05,3.791036276489383e-05
52252,E01548N3896E01854N3659-PS-Str_PYes_Hom-M754_E01653N3723_S000,0.10223389,0.0,0.0,1.2950490533185341e-05,8.188855388016875e-05,0.00016282143980430442,4.234566969063891e-05
52255,E02113N3823E02873N3483-PS-Str_PNo_Hom-M792_E02280N3610_S000,0.1388588,4.012482567681214e-06,6.193172868447953e-06,1.79115783867868e-05,2.779034448368661e-05,4.888355142563436e-05,2.0753425016985245e-05
52260,E02113N3823E02873N3483-PS-Mur_PNo_Hom-M824_E02308N3607_S000,0.17853165,0.0,0.0,0.0,0.0,0.0008243608542334537,9.801174674198482e-05
52264,E02020N3739E02658N3366-PS-Mur_PYes_Hom-M774_E02106N3725_S000,0.12817764,7.567390377439762e-07,3.6666396000811405e-06,1.276619972222079e-05,4.441719777349782e-05,7.574093346852523e-05,2.212193956411048e-05
52266,E02020N3739E02658N3366-PS-Mur_PNo_Hom-M792_E02126N3687_S000,0.15106583,1.1384312815516414e-08,1.5410029611012984e-06,7.0521904690814e-06,2.3632025832972267e-05,5.57454515648246e-05,1.443818974409399e-05
52317,E02020N3739E02658N3366-PS-Str_PNo_Hom-M792_E02136N3678_S000,0.14343643,1.2194292026328016e-08,1.6881109473405955e-06,7.67202411338421e-06,2.5341883123716696e-05,5.9762574971562e-05,1.55670843627204e-05
52320,E01964N3926E02184N3685-PS-Str_PYes_Var-M754_E02099N3777_S000,0.050354004,1.1897969878959424e-05,2.165224173137029e-05,7.437264031788274e-05,0.0002362150336394,0.0003902306862247149,0.0001203744135865322
52331,E02113N3823E02873N3483-PS-Mur_PYes_Var-M792_E02280N3610_S000,0.119018555,4.639841715811765e-06,7.161487020456859e-06,2.0712087141371112e-05,3.213541677931916e-05,5.6526586046393984e-05,2.3998261803147425e-05
52341,E02020N3739E02658N3366-PS-Str_PNo_Hom-M774_E02116N3712_S000,0.117492676,8.993939009963873e-07,4.0637867239839975e-06,1.3886080632323591e-05,4.765603824901915e-05,8.473847049412038e-05,2.4413811551347803e-05
52348,E02020N3739E02658N3366-PS-Mur_PNo_Hom-M774_E02156N3678_S000,0.08850098,1.3291064244099685e-06,5.747638135421632e-06,1.9092342443837355e-05,6.360173364126153e-05,0.00011640813494239497,3.3543281037525554e-05
52349,E02020N3739E02658N3366-PS-Str_PYes_Var-M792_E02113N3596_S000,0.15869522,0.0,0.0,4.163126871697708e-06,2.951088082865287e-05,5.910698438770536e-05,1.4233019443006664e-05
52369,E02113N3823E02873N3483-PS-Str_PNo_Var-M792_E02293N3602_S000,0.11291504,5.043099964522565e-06,7.815577423349097e-06,2.2668649220055232e-05,3.485912992424227e-05,6.16141126698512e-05,2.6212085708715948e-05
52387,E01964N3926E02184N3685-PS-Str_PNo_Var-M707_E02074N3729_S000,0.035095215,1.1652699859768445e-05,2.9235628736768467e-05,0.0001879540742742,0.00040607508325936,0.0005107254966615449,0.00021473310033437296
52430,E02113N3823E02873N3483-PS-Mur_PNo_Var-M809_E02272N3638_S000,0.13275528,4.213018297025732e-07,4.171916945339539e-06,1.3478662333170411e-05,2.282822316183253e-05,3.1593039168247564e-05,1.42729395123233e-05
52447,E01964N3926E02184N3685-PS-Str_PYes_Hom-M774_E02031N3692_S000,0.14038467,0.0,0.0,3.4440179105891368e-06,3.7139521735600996e-05,7.516202007229297e-05,1.7584759726144174e-05
52458,E02020N3739E02658N3366-PS-Str_PNo_Var-M792_E02218N3623_S000,0.119018555,0.0,0.0,3.96546146589035e-06,3.8477479824400994e-05,0.0001082108965044699,2.1813770523605467e-05
52500,E02113N3823E02873N3483-PS-Str_PNo_Var-M792_E02340N3543_S000,0.08392334,7.367046491456186e-06,1.1295219397472537e-05,3.279289422712084e-05,5.102159998950574e-05,8.907372159282468e-05,3.805319305613477e-05
52506,E02113N3823E02873N3483-PS-Mur_PYes_Var-M792_E02244N3659_S000,0.0793457,6.707465566349064e-06,1.031834520936084e-05,2.974019350683507e-05,4.578433978885404e-05,7.765631808663973e-05,3.403291821084576e-05
52516,E01964N3926E02184N3685-PS-Mur_PNo_Hom-M707_E02078N3742_S000,0.038146973,1.1095982332766766e-05,2.7465430515556427e-05,0.0001733114008191,0.000381330889788404,0.0004678271823073249,0.00019755445140696672
52518,E02113N3823E02873N3483-PS-Str_PNo_Var-M809_E02362N3528_S000,0.10070801,6.676163524830162e-07,6.25100907215323e-06,2.0626810137133426e-05,3.437441401825815e-05,4.922922114839211e-05,2.1657999816864557e-05
52521,E02113N3823E02873N3483-PS-Mur_PNo_Hom-M774_E02236N3646_S000,0.09460449,7.168605238017534e-06,1.4223835976462631e-05,3.5345102409397634e-05,5.100729107687348e-05,8.321036991816144e-05,3.7372152342390256e-05
52530,E02113N3823E02873N3483-PS-Str_PNo_Var-M792_E02349N3553_S000,0.08239746,7.359724086145233e-06,1.1592188171203823e-05,3.339317881746329e-05,5.097975573558586e-05,9.10344139092472e-05,3.844763254923338e-05
52561,E02113N3823E02873N3483-PS-Mur_PNo_Hom-M792_E02321N3597_S000,0.12512589,4.6949954605530735e-06,7.275448083489465e-06,2.0918842713371275e-05,3.219219823237904e-05,5.426604332403754e-05,2.3863302068172682e-05
52564,E01849N3766E02950N3220-PS-Mur_PYes_Var-M707_E01996N3697_S000,0.06713867,0.0,0.0,1.7330934340254646e-05,0.00013993275798751182,0.0005425390441879649,9.870710402683579e-05
52575,E02113N3823E02873N3483-PS-Str_PNo_Var-M792_E02235N3671_S000,0.08087158,6.402150268538944e-06,1.0120036161487248e-05,2.8863350631271913e-05,4.4904407140079e-05,7.589101474536688e-05,3.306699759005162e-05
52581,E02113N3823E02873N3483-PS-Str_PYes_Var-M809_E02226N3707_S000,0.09918213,4.786233442474689e-07,5.0818490465937e-06,1.6481482562802516e-05,2.8047658242482474e-05,3.88023407981303e-05,1.730402923685965e-05
52593,E01964N3926E02184N3685-PS-Mur_PYes_Hom-M774_E01991N3732_S000,0.14038467,0.0,0.0,3.7532471474205908e-06,3.4785778332027084e-05,7.794898534561327e-05,1.6398137347293733e-05
52609,E01964N3926E02184N3685-PS-Mur_PYes_Hom-M754_E02117N3770_S000,0.06866455,9.05558750753593e-06,1.5939761472139064e-05,5.5930765716887854e-05,0.00017783053329568,0.000295309521387515,9.036904775352332e-05
52610,E02020N3739E02658N3366-PS-Mur_PYes_Var-M792_E02146N3723_S000,0.1083374,1.680963204183053e-08,2.070803386057933e-06,9.279548457970392e-06,3.5229423187063176e-05,7.847138125538024e-05,2.0609560703675898e-05
52624,E02113N3823E02873N3483-PS-Mur_PYes_Hom-M809_E02362N3528_S000,0.12665176,5.351425756828757e-07,5.010633851384282e-06,1.6533873479661416e-05,2.7553567834137467e-05,3.946076531263911e-05,1.736044625484363e-05
52632,E02113N3823E02873N3483-PS-Str_PNo_Hom-M774_E02293N3602_S000,0.10070801,7.303343796084848e-06,1.4491182145769143e-05,3.5895830158582835e-05,5.166654765241188e-05,8.428584329389616e-05,3.80897732956033e-05
52658,E01964N3926E02184N3685-PS-Mur_PNo_Var-M774_E02048N3750_S000,0.0869751,1.3882562757934068e-07,1.854937981482266e-06,1.3988156271867661e-05,5.7913451760874585e-05,0.00010240387395886998,2.8761009490134262e-05
52678,E02020N3739E02658N3366-PS-Str_PYes_Hom-M774_E02120N3675_S000,0.14191055,8.052290697331294e-07,3.5590351827406855e-06,1.1789919442028046e-05,3.7771510468924565e-05,7.106220850006487e-05,2.0212715929321668e-05
52685,E01548N3896E01854N3659-PS-Mur_PYes_Hom-M680_E01707N3697_S000,0.08850098,0.0,0.0,1.2065953502205562e-06,1.147213879953343e-05,7.067714280027887e-05,1.0647200088503381e-05
52728,E02113N3823E02873N3483-PS-Str_PYes_Var-M792_E02176N3736_S000,0.07019043,6.856044482097951e-06,1.0445545003697819e-05,3.0216329827284317e-05,4.788752160760386e-05,8.09383944581065e-05,3.4776828606347335e-05
52735,E01964N3926E02184N3685-PS-Str_PYes_Hom-M707_E02037N3774_S000,0.02746582,1.3784960395610758e-05,3.711885987382399e-05,0.0002319939672026,0.000520619670121184,0.000629191949736155,0.00026446002044720214
52741,E01964N3926E02184N3685-PS-Mur_PNo_Hom-M754_E02117N3755_S000,0.05340576,1.183945872686996e-05,2.1120616180846047e-05,7.345198871171424e-05,0.00023376431491872,0.000387057853794935,0.00011891433103077069
52742,E01964N3926E02184N3685-PS-Mur_PYes_Var-M732_E02040N3720_S000,0.061035156,0.0,0.0,5.9315149020453547e-05,0.00032601752474045595,0.0005078438256424549,0.00014639504366460195
52753,E02113N3823E02873N3483-PS-Str_PNo_Var-M792_E02278N3662_S000,0.08544922,6.598320799574104e-06,9.799640450594587e-06,2.8563549037149848e-05,4.467537329656442e-05,7.537339976144512e-05,3.282053175250955e-05
52792,E02113N3823E02873N3483-PS-Str_PYes_Var-M792_E02235N3671_S000,0.08087158,6.402150268538944e-06,1.0120036161487248e-05,2.8863350631271913e-05,4.4904407140079e-05,7.589101474536688e-05,3.306699759005162e-05
52802,E01964N3926E02184N3685-PS-Mur_PNo_Hom-M754_E02117N3770_S000,0.06866455,9.05558750753593e-06,1.5939761472139064e-05,5.5930765716887854e-05,0.00017783053329568,0.000295309521387515,9.036904775352332e-05
52810,E02113N3823E02873N3483-PS-Str_PNo_Var-M774_E02119N3739_S000,0.08087158,6.97048879144443e-06,1.375609690167516e-05,3.358104245931165e-05,4.723975300954698e-05,7.752981731657139e-05,3.506194213812015e-05
52826,E02113N3823E02873N3483-PS-Str_PYes_Var-M809_E02148N3750_S000,0.13275528,0.0,0.0,4.303144237800666e-06,2.7993343628241517e-05,4.166803219485347e-05,1.1715325101585765e-05
52829,E02020N3739E02658N3366-PS-Str_PYes_Hom-M774_E02127N3724_S000,0.12817764,0.0,0.0,5.08324136164134e-06,4.6948254797982116e-05,0.000101212432191,2.21219522275531e-05
52832,E02020N3739E02658N3366-PS-Mur_PYes_Hom-M809_E02194N3513_S000,0.36468887,0.0,0.0,7.43983737592549e-07,7.284881786243658e-06,3.224754776896635e-05,5.24512583030378e-06
52833,E02113N3823E02873N3483-PS-Mur_PYes_Hom-M774_E02236N3646_S000,0.09460449,7.168605238017534e-06,1.4223835976462631e-05,3.5345102409397634e-05,5.100729107687348e-05,8.321036991816144e-05,3.7372152342390256e-05
52836,E01964N3926E02184N3685-PS-Mur_PYes_Var-M732_E02088N3719_S000,0.0579834,1.182890590496186e-05,2.659861752961321e-05,0.0001326593619815,0.00029843823190026396,0.00041249592017340495,0.0001620234293830003
52840,E01849N3766E02950N3220-PS-Str_PYes_Var-M754_E02027N3669_S000,0.23346329,0.0,0.0,4.92243242460683e-06,2.548952142209184e-05,0.00017256204852387496,2.4418572402168337e-05
52892,E02113N3823E02873N3483-PS-Mur_PYes_Var-M792_E02263N3611_S000,0.10681152,5.100634956541474e-06,7.963956538237369e-06,2.234951320379493e-05,3.472442165720532e-05,5.967719102829169e-05,2.625641277644711e-05
52896,E02020N3739E02658N3366-PS-Str_PYes_Hom-M809_E02239N3505_S000,0.28534317,0.0,0.0,1.2114947955562353e-06,1.0896944735298633e-05,4.0620083761501926e-05,7.016561825350946e-06
52921,E02020N3739E02658N3366-PS-Mur_PYes_Hom-M792_E02174N3531_S000,0.17700577,0.0,0.0,2.052160950901157e-06,1.848601531157215e-05,8.237757777620606e-05,1.4667535276196967e-05
52925,E01964N3926E02184N3685-PS-Mur_PNo_Var-M754_E02103N3738_S000,0.0579834,1.0203919826384094e-05,1.967949355592512e-05,6.780476054724139e-05,0.000204230047504188,0.00033190407513068997,0.00010579090652912113
52929,E02020N3739E02658N3366-PS-Mur_PYes_Hom-M809_E02123N3540_S000,0.2532997,0.0,0.0,8.002363143498719e-07,8.189983651848167e-06,3.739917312277708e-05,5.999253614052373e-06
52949,E02020N3739E02658N3366-PS-Str_PYes_Hom-M754_E02136N3678_S000,0.06713867,1.3228238589365302e-05,2.3882584022718383e-05,6.273860722846754e-05,0.0001781426831491,0.0002821788512371,9.565247282133064e-05
53011,E02020N3739E02658N3366-PS-Str_PNo_Hom-M774_E02109N3687_S000,0.12665176,8.799467462588192e-07,3.883162410473832e-06,1.2883522864930384e-05,4.124868414297481e-05,7.821193492798742e-05,2.212362035404742e-05
53014,E02113N3823E02873N3483-PS-Mur_PNo_Hom-M774_E02200N3695_S000,0.0869751,7.306552332664047e-06,1.454123785288853e-05,3.565237160512237e-05,5.0635850250727205e-05,8.377599678602963e-05,3.758387255231451e-05
53018,E02113N3823E02873N3483-PS-Mur_PNo_Var-M792_E02358N3562_S000,0.07324219,8.541200293994972e-06,1.3487929732418142e-05,3.8603345471092945e-05,5.9848352171527306e-05,0.00010254945178407482,4.430919336530821e-05
53022,E02020N3739E02658N3366-PS-Mur_PYes_Hom-M754_E02116N3637_S000,0.10070801,0.0,0.0,3.483117320782932e-05,0.000159241857062968,0.000217289875317555,6.521033415064518e-05
53040,E02020N3739E02658N3366-PS-Str_PYes_Hom-M809_E02277N3598_S000,0.20752335,2.670432163336423e-17,3.1845514082744673e-08,3.5771736877615285e-06,1.3754987224290292e-05,4.920418952433678e-05,9.475996093588937e-06
53044,E02113N3823E02873N3483-PS-Str_PNo_Var-M809_E02364N3550_S000,0.10681152,6.324599284020726e-07,5.9838824367339945e-06,1.9799488843378582e-05,3.293346583782158e-05,4.650819057932879e-05,2.0753984391435725e-05
53046,E02020N3739E02658N3366-PS-Str_PYes_Hom-M754_E02142N3694_S000,0.062561035,1.2840996883946855e-05,2.4910826889229767e-05,6.625915800131482e-05,0.000201482328428472,0.00030442032636237,0.00010381359002539348
53054,E02020N3739E02658N3366-PS-Str_PNo_Hom-M774_E02136N3678_S000,0.0869751,1.3271492158799125e-06,5.7408366422808625e-06,1.9008112084317927e-05,6.29141884409805e-05,0.00011565327588090498,3.336751173168451e-05
53057,E02113N3823E02873N3483-PS-Mur_PYes_Hom-M754_E02280N3610_S000,0.07019043,1.9986151110041395e-05,4.309322614012371e-05,0.0001116470882576,0.0001640180460899,0.0002693384390628,0.00011718975169673405
53067,E02020N3739E02658N3366-PS-Str_PYes_Var-M754_E02079N3688_S000,0.11291504,0.0,0.0,2.807539478033507e-05,0.00012866218647798798,0.00017674285451042495,5.240643363217288e-05
53068,E02020N3739E02658N3366-PS-Mur_PNo_Var-M792_E02126N3687_S000,0.12817764,1.3417029435156794e-08,1.8161554784913917e-06,8.311388543104192e-06,2.785162278580552e-05,6.56990348597893e-05,1.701618884917308e-05
53073,E02020N3739E02658N3366-PS-Str_PNo_Var-M792_E02156N3678_S000,0.09765625,1.835276757489706e-08,2.5324881286590963e-06,1.1512082739019294e-05,3.827408513169407e-05,8.942890593631186e-05,2.340083184809379e-05
53080,E02113N3823E02873N3483-PS-Str_PYes_Var-M792_E02244N3659_S000,0.09613037,5.590008798009777e-06,8.599319658173765e-06,2.478550828375129e-05,3.815671652714437e-05,6.471885647884828e-05,2.8363069528827743e-05
53095,E02020N3739E02658N3366-PS-Mur_PYes_Hom-M809_E02086N3704_S000,0.2532997,0.0,0.0,1.8917763073015558e-06,1.353254246021105e-05,2.378847989527531e-05,5.435034340422443e-06
53103,E02113N3823E02873N3483-PS-Str_PYes_Var-M774_E02119N3739_S000,0.08087158,6.97048879144443e-06,1.375609690167516e-05,3.358104245931165e-05,4.723975300954698e-05,7.752981731657139e-05,3.506194213812015e-05
53105,E01964N3926E02184N3685-PS-Mur_PNo_Hom-M707_E02003N3766_S000,0.036621094,1.0267531809321166e-05,2.576066780174649e-05,0.0001642498896856,0.0003563253397133199,0.0004481974010949699,0.00018840399499298678
53126,E01964N3926E02184N3685-PS-Mur_PYes_Var-M732_E02078N3742_S000,0.05340576,1.245551982211867e-05,2.9152713130590327e-05,0.0001461185982376,0.00032540775723909196,0.00044710921256138994,0.00017591123236994615
53128,E02020N3739E02658N3366-PS-Str_PNo_Var-M774_E02086N3704_S000,0.12970352,0.0,1.7311503844954707e-07,1.1266880083844126e-05,4.388785092432929e-05,7.733186333487529e-05,2.134341760495915e-05
53158,E02113N3823E02873N3483-PS-Mur_PNo_Var-M809_E02263N3611_S000,0.09765625,5.847134538682156e-07,5.4306999645610905e-06,1.8071783572224463e-05,3.068411278342881e-05,4.294605560079711e-05,1.9037979377342836e-05
53168,E02113N3823E02873N3483-PS-Str_PNo_Hom-M792_E02270N3650_S000,0.12054443,4.480063077827625e-06,6.9746009294515266e-06,1.9983327718995633e-05,3.0947549472949434e-05,5.193356996737753e-05,2.2830655519140976e-05
53199,E02113N3823E02873N3483-PS-Str_PYes_Var-M792_E02278N3662_S000,0.08544922,6.598320799574104e-06,9.799640450594587e-06,2.8563549037149848e-05,4.467537329656442e-05,7.537339976144512e-05,3.282053175250955e-05
53207,E01964N3926E02184N3685-PS-Mur_PYes_Hom-M732_E02088N3719_S000,0.06561279,1.0453448363439708e-05,2.350574745615837e-05,0.0001172338170193,0.000263736026975856,0.00036453116089575996,0.00014318344962167278
53265,E02113N3823E02873N3483-PS-Mur_PYes_Hom-M754_E02255N3645_S000,0.06866455,1.9862419651410322e-05,4.256059660996473e-05,0.0001109958737276,0.00016326449619207198,0.000270662509789,0.0001156048117984785
53278,E01548N3896E01854N3659-PS-Mur_PYes_Var-M650_E01586N3743_S000,0.03967285,0.0,0.0,1.030313231359587e-06,9.501646596387644e-06,1.8334169087161394e-05,4.175516289520837e-06
53290,E01849N3766E02950N3220-PS-Str_PYes_Hom-M754_E01962N3711_S000,0.16937637,0.0,0.0,5.7027712601531116e-06,2.8955235096611225e-05,0.00019376804002834997,2.940235167908591e-05
53312,E02020N3739E02658N3366-PS-Str_PYes_Hom-M792_E02164N3503_S000,0.25787735,0.0,0.0,8.598616505455587e-07,1.3562831054013607e-05,6.706519651801006e-05,1.077373238415094e-05
53333,E01517N3917E01678N3772-PS-Mur_PYes_Var-M792_E01643N3856_S000,0.08544922,3.002444728736482e-11,2.3153152308133834e-06,1.0065223026415604e-05,2.776814454312727e-05,7.849326535075485e-05,1.8229816862928076e-05
53344,E02020N3739E02658N3366-PS-Mur_PYes_Var-M754_E02129N3665_S000,0.06866455,1.2792895396912231e-05,2.38576144686774e-05,6.140426427029306e-05,0.000172418852119896,0.00028285267753719,9.458483562601255e-05
53371,E02020N3739E02658N3366-PS-Str_PNo_Var-M774_E02204N3672_S000,0.076293945,1.6549580136074908e-06,7.256505182070261e-06,2.4740877140988427e-05,8.356928023763092e-05,0.0001489870358666,4.32865491910519e-05
53406,E02113N3823E02873N3483-PS-Str_PNo_Var-M809_E02291N3588_S000,0.12512589,4.920166247884742e-07,4.592874248543424e-06,1.5123917591188044e-05,2.503161170099084e-05,3.604097470707708e-05,1.5856800987888343e-05
53415,E02020N3739E02658N3366-PS-Str_PNo_Hom-M754_E02175N3668_S000,0.06561279,1.3799473270969057e-05,2.677021830333201e-05,6.835647748352435e-05,0.00020637422294997201,0.000318072216176525,0.00010777760930978207
53419,E02020N3739E02658N3366-PS-Mur_PYes_Var-M754_E02243N3584_S000,0.1159668,9.366259456568526e-06,1.707279324476505e-05,4.5603303028096367e-05,0.00011640596412383999,0.00020981659980640497,6.906289002566588e-05
53455,E02113N3823E02873N3483-PS-Mur_PNo_Hom-M774_E02202N3721_S000,0.062561035,1.034827052030356e-05,2.006790695849181e-05,4.98231955839364e-05,7.195631543938814e-05,0.00011775997015333491,5.278833130608893e-05
53482,E02020N3739E02658N3366-PS-Mur_PYes_Hom-M774_E02057N3668_S000,0.17395401,0.0,0.0,6.90343325384224e-06,3.875981051042515e-05,5.402604703345194e-05,1.5148993188230744e-05
53495,E02020N3739E02658N3366-PS-Str_PYes_Var-M880_E02195N3484_S001,2.6733818,0.0,0.0,0.0,9.102046728919141e-08,1.0462022493814594e-06,1.229886926546178e-07
