id	0	1	2	3	4	5	6	7	8	9	10	11	12	13	14	15	16	17	18	19	20	21	22	23	24	25	26	27	28	29	30	31	32	33	34	35	36	37	38	39	40	41	42	43	44	45	46	47	48	49	50	51	52	53	54	55	56	57	58	59	60	61	62	63	64	65	66	67	68	69	70	71	72	73	74	75	76	77	78	79	80	81	82	83	84	85	86
BS_4-8_manning003_extreme/E01522N3585E03578N2685-BS-M809_E01719N3535_D010_S067D70R090_A006995_S075	15	16	16	15	16	18	12	29	16	0	0	28	0	13	14	11	11	11	22	13	13	10	17	0	13	21	22	18	14	14	21	11	19	10	20	21	19	11	11	18	17	16	15	12	16	14	11	15	18	18	20	23	24	11	12	16	26	23	14	26	22	24	28	29	22	17	20	20	17	18	25	12	18	16	23	23	22	20	15	10	10	31	19	14	14	16	17
BS_4-8_manning003_extreme/E01470N3877E01631N3641-BS-M809_E01559N3737_D010_S067D90R090_A012497_S042	29	31	32	30	18	24	29	29	33	0	0	29	0	12	12	11	11	10	12	14	10	11	20	0	14	21	22	17	16	15	16	14	18	21	21	21	19	24	26	16	16	14	18	13	13	14	16	11	12	14	25	26	24	19	20	23	43	27	38	17	37	25	25	36	38	36	20	10	11	11	16	16	13	39	39	39	37	39	43	38	49	49	35	13	13	14	13
BS_4-8_manning003_extreme/E00979N4372E01586N3827-BS-M809_E01517N3827_D010_S157D70R090_A006995_S075	22	20	24	10	21	18	14	21	21	0	0	19	0	20	12	12	10	11	10	16	20	15	16	0	22	19	18	13	14	13	16	19	19	17	10	18	27	26	27	27	28	11	28	28	30	30	13	11	12	31	30	31	12	12	13	12	12	11	13	12	35	35	11	12	11	13	12	12	12	11	13	13	10	12	10	34	13	11	10	10	10	32	10	32	13	11	10
BS_4-8_manning003_extreme/E01522N3585E03578N2685-BS-M809_E01882N3378_D010_S067D30R090_A006995_S075	32	15	16	15	17	16	13	14	17	0	0	18	0	13	12	10	16	11	12	11	13	18	10	0	14	13	20	17	10	13	17	13	10	24	13	12	18	23	10	12	20	19	15	12	12	11	11	10	12	14	14	10	12	10	13	11	10	17	10	11	22	21	27	12	12	16	16	14	11	11	12	14	11	18	16	24	25	13	13	13	13	12	15	10	12	11	10
BS_4-8_manning003_extreme/E01522N3585E03578N2685-BS-M809_E01758N3445_D010_S067D50R090_A006995_S075	16	17	16	15	16	18	12	14	15	0	0	27	0	13	17	11	16	10	12	15	13	11	10	0	12	14	22	17	14	12	17	17	10	25	19	13	19	10	10	18	18	16	15	13	12	13	11	10	16	15	12	17	13	10	14	10	10	24	13	12	23	25	15	28	12	17	19	21	13	11	12	15	21	17	25	14	26	16	15	14	13	12	14	16	13	13	11
BS_4-8_manning003_extreme/E01267N3753E01646N3535-BS-M809_E01547N3670_D010_S022D70R090_A006995_S075	34	34	35	34	35	18	35	34	33	0	0	37	0	13	34	35	12	11	12	23	14	11	28	0	11	18	19	21	19	15	17	15	15	16	19	15	20	19	19	17	17	16	15	13	12	14	12	15	15	15	12	10	12	10	12	10	18	22	25	25	22	22	25	26	20	15	17	18	16	12	10	12	16	14	15	15	16	21	23	22	23	25	23	12	13	14	16
BS_4-8_manning003_extreme/E01522N3585E03578N2685-BS-M792_E01794N3490_D010_S067D30R090_A004781_S062	32	16	15	15	16	14	13	14	16	0	0	19	0	14	13	10	11	10	12	15	13	18	17	0	12	14	20	10	11	14	18	14	10	10	10	13	19	13	10	10	10	10	19	12	14	13	12	10	12	11	11	11	10	10	14	11	10	10	13	14	14	19	20	31	41	18	20	24	13	20	14	17	20	43	42	43	44	19	19	16	13	14	16	18	14	12	14
BS_4-8_manning003_extreme/E01522N3585E03578N2685-BS-M809_E01739N3490_D010_S247D30R090_A006995_S075	16	17	17	16	16	20	14	22	18	0	0	10	0	11	10	10	10	10	11	11	11	12	12	0	21	11	11	12	14	17	11	12	12	11	22	17	12	12	12	13	13	20	19	13	17	16	15	12	19	19	13	20	13	13	17	13	13	21	14	14	24	24	17	29	14	17	19	16	14	14	14	14	14	14	14	14	26	16	15	15	15	15	16	16	16	15	14
BS_4-8_manning003_extreme/E01522N3585E03578N2685-BS-M809_E01859N3400_D010_S067D30R090_A006995_S075	32	16	16	14	17	15	13	14	16	0	0	19	0	14	14	10	12	11	14	15	13	18	10	0	13	13	20	17	10	14	17	14	10	10	13	13	18	10	10	10	10	10	16	12	13	11	11	10	12	14	12	10	13	10	14	10	10	18	11	22	22	21	17	13	12	14	16	14	12	12	12	14	11	16	25	25	25	14	13	15	14	13	15	15	12	12	11
BS_4-8_manning003_extreme/E01522N3585E03578N2685-BS-M809_E01640N3557_D010_S067D70R270_A006995_S075	16	16	16	15	17	17	28	29	22	0	0	18	0	12	14	14	10	10	12	14	14	11	10	0	14	14	22	10	13	23	16	14	19	24	20	21	21	10	11	19	18	16	16	14	15	15	12	12	16	18	20	19	11	13	12	10	23	25	18	26	25	25	30	30	32	18	18	20	18	12	16	13	19	17	14	27	19	16	16	15	14	16	16	14	11	13	14
BS_4-8_manning003_extreme/E01522N3585E03578N2685-BS-M792_E01844N3467_D010_S067D70R270_A004781_S062	15	15	15	14	15	17	11	13	15	0	0	27	0	13	17	10	17	11	13	14	13	11	10	0	15	13	22	21	14	12	16	17	16	25	20	21	10	10	10	11	18	16	15	13	15	13	12	13	16	19	13	17	10	10	13	10	10	26	18	21	23	25	28	31	23	16	19	22	19	13	11	13	19	18	14	14	30	15	14	25	15	14	20	16	13	15	14
BS_4-8_manning003_extreme/E01522N3585E03578N2685-BS-M809_E01824N3355_D010_S067D30R090_A006995_S075	32	32	16	15	17	18	13	14	17	0	0	18	0	13	17	10	10	15	13	14	12	17	10	0	22	24	22	10	11	13	17	17	10	24	10	13	18	13	12	18	18	16	15	12	12	10	12	10	16	14	13	17	13	10	13	11	14	28	11	20	23	20	26	14	13	17	16	14	12	12	11	13	11	17	16	24	25	18	13	13	12	11	15	15	13	10	10
BS_4-8_manning003_extreme/E01522N3585E03578N2685-BS-M809_E01762N3467_D010_S067D50R090_A006995_S075	16	16	16	15	15	18	12	20	23	0	0	26	0	13	17	11	16	10	13	12	14	10	10	0	12	14	22	10	14	14	18	15	21	23	10	13	19	11	11	10	18	17	16	13	14	13	12	10	16	15	15	17	13	12	14	10	10	18	11	14	22	24	18	29	12	17	19	18	13	11	12	15	21	26	24	23	25	15	14	14	13	12	15	17	14	12	11
BS_4-8_manning003_extreme/E01267N3753E01646N3535-BS-M809_E01589N3580_D010_S067D70R090_A006995_S075	28	15	15	14	16	18	27	29	14	0	0	26	0	13	14	11	11	10	14	15	10	11	10	0	11	14	20	16	13	15	16	15	19	24	13	21	18	10	18	18	17	16	16	12	13	14	11	10	15	18	12	24	25	11	12	10	20	26	10	27	22	24	29	29	34	17	20	24	17	11	14	12	18	14	13	26	25	11	19	19	12	11	23	13	11	15	14
BS_4-8_manning003_extreme/E01548N3896E01854N3659-BS-M732_E01591N3760_D010_S337D30R090_A002108_S017	27	28	27	27	27	27	27	29	11	0	0	46	0	12	10	11	12	13	12	19	16	17	17	0	0	19	18	16	19	19	20	14	15	26	13	19	18	11	13	13	14	14	21	16	18	18	13	13	16	20	18	21	24	17	20	18	16	48	14	37	49	25	10	49	11	19	20	26	22	19	19	21	21	23	21	21	87	21	20	87	86	88	86	85	22	22	21
BS_4-8_manning003_extreme/E01522N3585E03578N2685-BS-M809_E01688N3512_D010_S067D30R090_A006995_S075	32	33	34	30	31	18	12	14	18	0	0	10	0	13	10	10	12	10	12	15	12	18	18	0	14	25	22	10	11	14	18	15	10	10	10	12	18	10	10	10	18	11	16	12	14	12	12	12	16	18	12	19	11	11	13	10	10	18	11	21	22	25	27	13	13	17	17	21	12	12	14	13	19	17	12	24	24	14	13	12	16	14	17	14	12	11	12
BS_4-8_manning003_extreme/E01522N3585E03578N2685-BS-M809_E01790N3467_D010_S067D30R090_A006995_S075	32	16	16	15	17	16	13	14	16	0	0	18	0	13	17	10	16	10	14	15	13	18	18	0	11	13	21	10	11	15	18	16	11	10	10	13	19	11	11	10	10	11	16	12	14	12	12	10	13	15	12	12	10	11	13	10	10	19	12	12	23	19	20	13	13	15	17	15	14	12	13	12	10	17	14	41	44	16	16	15	14	13	16	13	14	12	11
BS_4-8_manning003_extreme/E01108N3882E01527N3690-BS-M809_E01445N3737_D010_S067D90R270_A012497_S042	20	30	30	30	28	21	28	28	15	0	0	28	0	31	30	23	23	22	21	20	10	11	10	0	0	15	14	14	14	16	12	15	16	16	14	24	20	11	10	11	27	32	26	21	10	19	11	20	20	21	15	14	14	19	13	17	20	27	27	27	22	25	27	27	26	37	21	23	21	23	16	13	12	17	16	16	16	14	39	15	42	42	16	24	23	24	23
BS_4-8_manning003_extreme/E01522N3585E03578N2685-BS-M809_E01851N3355_D010_S067D70R090_A006995_S075	15	16	15	15	16	19	12	20	17	0	0	17	0	18	17	10	12	11	14	13	12	18	11	0	10	13	22	17	13	13	17	17	18	24	19	20	17	20	17	17	16	16	15	12	12	13	10	13	15	13	13	15	13	12	12	16	20	37	23	26	23	25	26	27	21	16	17	21	17	11	10	13	19	15	14	23	24	21	11	11	10	15	11	14	12	10	17
BS_4-8_manning003_extreme/E01522N3585E03578N2685-BS-M809_E01786N3445_D010_S067D30R090_A006995_S075	31	16	16	15	17	16	13	14	15	0	0	20	0	13	17	10	16	10	14	15	13	10	18	0	14	14	21	10	11	14	18	16	10	24	10	13	19	10	10	10	10	10	16	12	14	12	11	10	15	15	12	10	10	10	14	11	10	18	11	22	22	21	17	13	12	15	16	13	12	12	13	12	12	16	15	14	24	15	15	15	14	12	16	13	14	12	11
BS_4-8_manning003_extreme/E01522N3585E03578N2685-BS-M809_E01758N3445_D010_S247D50R090_A006995_S075	32	33	33	31	17	23	17	18	20	0	0	12	0	13	20	12	13	13	13	13	14	13	13	0	13	13	21	22	16	20	14	15	14	14	18	17	13	14	14	13	13	14	14	14	19	17	18	15	20	20	14	14	14	14	19	14	14	23	15	26	16	26	19	17	15	19	21	18	15	16	17	13	19	15	28	28	27	17	17	18	18	17	19	16	13	15	15
BS_4-8_manning003_extreme/E01522N3585E03578N2685-BS-M809_E01886N3400_D010_S067D70R090_A006995_S075	16	16	16	15	15	19	12	20	15	0	0	17	0	13	17	23	16	11	12	15	14	11	17	0	12	14	20	17	13	13	18	17	11	24	13	13	18	20	17	18	17	16	15	12	11	13	11	10	16	13	13	16	13	10	13	16	20	16	24	10	23	25	26	27	22	16	18	20	12	13	11	13	19	15	15	23	27	16	14	11	15	14	12	14	13	15	13
BS_4-8_manning003_extreme/E01522N3585E03578N2685-BS-M809_E01766N3490_D010_S067D30R090_A006995_S075	32	15	16	15	17	16	13	14	17	0	0	18	0	12	17	10	12	11	12	12	14	18	11	0	11	10	10	17	13	15	18	11	11	10	11	13	19	11	11	10	11	11	16	12	15	13	12	11	16	12	12	12	11	11	14	10	10	19	13	21	22	22	21	15	13	14	17	16	14	14	12	15	20	16	13	46	44	16	15	15	15	16	16	15	14	13	14
BS_4-8_manning003_extreme/E01522N3585E03578N2685-BS-M809_E01790N3467_D010_S067D70R090_A006995_S075	16	16	16	15	15	19	12	13	22	0	0	26	0	13	17	11	16	10	12	15	14	11	10	0	12	14	21	17	14	14	17	15	21	24	10	21	19	10	11	19	18	16	15	13	14	14	12	10	16	18	15	17	24	10	14	10	10	26	15	28	25	25	29	29	23	17	19	21	19	11	11	15	21	17	29	29	25	14	14	13	13	14	18	14	13	15	14
BS_4-8_manning003_extreme/E01522N3585E03578N2685-BS-M809_E01778N3400_D010_S247D50R090_A006995_S075	33	33	33	31	31	23	17	18	30	0	0	21	0	14	13	13	13	13	13	13	14	21	13	0	22	14	21	14	14	20	14	14	15	14	14	17	13	13	13	13	13	14	14	14	19	18	18	15	20	20	14	14	14	14	19	14	14	22	15	25	26	24	30	20	18	19	18	18	15	15	18	15	19	15	27	27	27	22	17	17	18	17	18	15	15	18	18
BS_4-8_manning003_extreme/E01267N3753E01646N3535-BS-M809_E01575N3670_D010_S157D90R270_A006995_S075	19	19	19	18	17	18	23	23	38	0	0	20	0	12	17	12	11	13	20	10	17	12	11	0	0	17	19	18	20	19	12	11	17	25	15	17	23	14	11	20	19	16	16	14	13	14	12	20	20	17	18	20	21	15	11	26	10	26	26	24	21	21	26	26	33	14	19	20	19	19	23	10	12	11	19	12	33	21	13	17	21	19	45	19	19	19	16
BS_4-8_manning003_extreme/E01522N3585E03578N2685-BS-M809_E01609N3535_D010_S247D50R090_A006995_S075	29	31	32	30	29	22	16	17	20	0	0	12	0	12	12	12	12	12	12	12	13	13	13	0	12	12	20	21	15	19	13	15	14	13	12	17	12	12	13	12	12	12	13	13	18	17	18	13	19	20	13	13	14	17	17	23	13	21	14	24	25	27	29	28	16	19	18	17	14	14	17	14	19	14	26	26	26	16	17	17	17	16	19	21	13	13	16
BS_4-8_manning003_extreme/E01470N3877E01631N3641-BS-M809_E01583N3715_D010_S157D90R270_A012497_S042	18	18	18	17	17	17	20	20	14	0	0	20	0	20	18	19	18	12	12	16	13	16	17	0	13	20	18	17	13	14	14	19	27	16	27	19	27	24	27	20	20	18	31	13	13	15	11	13	16	17	18	14	13	16	12	16	33	28	27	16	21	22	27	27	26	17	19	21	19	18	23	11	12	11	23	17	50	18	13	13	37	43	19	19	20	17	12
BS_4-8_manning003_extreme/E01522N3585E03578N2685-BS-M809_E01855N3378_D010_S247D30R090_A006995_S075	16	16	16	15	15	20	14	15	18	0	0	20	0	15	10	12	10	12	11	11	10	10	20	0	21	10	17	11	12	16	10	11	11	11	11	14	10	10	10	11	11	10	10	11	16	14	13	10	17	11	11	11	10	11	15	20	11	19	12	14	23	25	18	30	11	17	17	14	12	12	15	11	11	19	24	24	23	13	13	13	13	13	15	11	11	11	14
BS_4-8_manning003_extreme/E01522N3585E03578N2685-BS-M774_E01832N3400_D010_S247D30R090_A003139_S050	32	32	15	13	14	18	11	14	18	0	0	20	0	13	13	15	10	12	10	15	12	11	10	0	0	22	10	17	11	15	17	12	17	16	11	12	20	11	10	18	17	18	19	17	14	12	13	13	15	20	21	16	23	13	14	10	14	34	10	12	24	27	17	28	12	16	19	13	10	10	13	13	19	17	10	23	15	11	11	11	12	11	12	19	13	15	10
BS_4-8_manning003_extreme/E01522N3585E03578N2685-BS-M809_E01640N3557_D010_S067D30R090_A006995_S075	32	32	32	13	17	18	12	13	16	0	0	20	0	13	14	10	10	11	13	13	14	17	17	0	15	23	15	17	13	15	19	10	10	23	10	12	19	10	11	10	10	16	16	12	15	13	12	10	16	18	12	12	11	11	12	10	11	18	13	15	23	24	16	14	13	15	17	16	13	14	15	13	19	15	13	56	39	16	16	16	14	12	16	14	13	13	14
BS_4-8_manning003_extreme/E01267N3753E01646N3535-BS-M809_E01575N3670_D010_S112D10R090_A006995_S075	29	30	30	29	29	28	12	12	44	0	0	10	0	14	11	26	10	12	10	11	20	11	10	0	0	22	18	18	16	16	19	16	21	13	23	23	24	14	16	17	18	18	19	17	15	15	13	19	18	21	19	44	13	14	20	19	33	26	34	38	47	42	42	10	41	19	19	10	12	14	14	22	20	31	27	27	27	21	34	34	32	31	36	23	27	12	15
BS_4-8_manning003_extreme/E01267N3753E01646N3535-BS-M809_E01561N3580_D010_S067D90R090_A006995_S075	28	30	30	28	29	15	27	29	34	0	0	26	0	13	14	11	12	10	13	13	10	10	11	0	11	14	15	17	13	15	12	17	19	23	18	11	19	25	17	18	17	16	15	13	14	13	11	10	19	19	20	23	23	10	12	17	21	27	27	27	22	24	28	30	34	16	19	24	19	17	12	12	18	16	13	10	22	10	18	15	15	11	12	13	22	21	21
BS_4-8_manning003_extreme/E01522N3585E03578N2685-BS-M792_E01708N3467_D010_S247D50R090_A004781_S062	32	33	34	31	32	21	15	17	20	0	0	11	0	12	12	12	17	12	13	13	13	13	13	0	23	12	21	21	15	19	12	15	13	13	12	15	11	15	10	18	17	17	17	17	16	15	11	15	19	20	18	22	24	11	15	10	37	22	14	24	27	18	31	19	14	18	21	15	15	16	11	15	18	17	14	13	45	22	17	17	16	16	17	17	14	15	16
BS_4-8_manning003_extreme/E01446N4259E02038N3783-BS-M809_E01970N3805_D010_S157D90R270_A006995_S075	16	18	18	16	16	20	21	21	18	0	0	21	0	15	11	17	12	17	14	15	12	12	14	0	12	19	16	18	20	16	18	10	11	17	23	15	21	10	19	20	13	16	15	13	12	15	11	15	15	14	13	14	22	13	12	21	10	27	21	24	10	21	24	25	11	15	19	20	19	18	13	11	13	12	13	13	13	14	14	14	14	14	18	14	12	13	12
BS_4-8_manning003_extreme/E01522N3585E03578N2685-BS-M809_E01684N3490_D010_S067D30R090_A006995_S075	32	33	16	15	16	15	13	15	18	0	0	18	0	12	11	11	11	10	14	13	13	10	11	0	11	14	21	16	10	15	18	15	11	10	10	13	19	11	10	10	10	11	15	12	13	12	12	11	16	15	12	18	10	11	13	10	10	17	10	21	22	22	16	13	13	14	17	15	13	11	12	13	12	16	15	14	24	16	13	13	13	12	14	15	13	13	12
BS_4-8_manning003_extreme/E01470N3877E01631N3641-BS-M809_E01559N3737_D010_S022D90R090_A012497_S042	25	22	21	16	26	10	11	23	11	0	0	40	0	35	11	13	15	16	12	13	12	15	14	0	10	20	18	21	19	16	17	11	15	23	19	20	21	23	24	37	17	15	15	13	16	15	12	15	18	17	12	22	12	14	11	16	23	24	25	26	26	28	27	29	31	32	20	21	44	49	55	18	20	22	25	38	39	14	45	21	48	11	17	24	10	23	29
BS_4-8_manning003_extreme/E01470N3877E01631N3641-BS-M809_E01603N3670_D010_S337D70R090_A012497_S042	50	51	19	17	18	20	17	51	14	0	0	20	0	13	17	16	14	16	15	16	16	12	13	0	0	30	31	39	17	21	22	12	28	26	19	19	18	23	22	19	19	17	16	13	12	15	11	11	20	18	16	14	21	16	12	18	34	27	25	25	25	23	24	27	26	34	20	20	21	19	24	11	13	22	20	23	21	22	22	18	34	34	24	19	19	19	18
BS_4-8_manning003_extreme/E01522N3585E03578N2685-BS-M809_E01855N3378_D010_S067D50R090_A006995_S075	15	16	16	14	15	18	12	14	23	0	0	17	0	14	17	16	16	11	12	15	13	18	17	0	12	13	20	17	10	13	17	17	11	24	13	13	18	11	13	18	17	16	15	12	11	10	11	10	16	13	13	16	13	10	12	10	14	16	13	11	22	25	15	27	13	16	18	17	12	10	11	13	10	16	15	24	25	16	12	12	12	11	13	15	13	12	10
BS_4-8_manning003_extreme/E01470N3877E01631N3641-BS-M809_E01603N3670_D010_S022D70R090_A012497_S042	36	18	19	18	19	19	20	21	33	0	0	39	0	12	34	14	18	14	12	13	15	11	16	0	11	18	20	21	10	15	16	12	15	16	19	16	20	20	20	18	18	16	15	12	16	15	11	15	16	18	13	22	12	10	12	17	20	24	23	26	23	23	27	27	28	17	20	21	19	19	25	12	18	34	14	23	31	24	15	15	14	17	21	18	12	13	14
BS_4-8_manning003_extreme/E01522N3585E03578N2685-BS-M792_E01867N3445_D010_S067D70R270_A004781_S062	14	15	16	15	14	17	12	12	15	0	0	27	0	13	17	10	10	10	13	14	12	11	10	0	15	13	22	10	14	12	17	18	16	25	10	13	20	10	10	10	17	16	15	12	15	13	12	13	15	19	13	17	23	10	13	10	21	25	18	21	23	25	18	30	22	15	18	22	11	12	11	13	19	18	14	14	27	20	17	12	15	14	16	15	13	15	13
BS_4-8_manning003_extreme/E01267N3753E01646N3535-BS-M809_E01547N3670_D010_S202D70R270_A006995_S075	34	34	34	34	33	34	33	35	14	0	0	12	0	13	13	10	11	11	12	13	14	10	20	0	12	18	19	21	19	15	17	10	15	16	19	20	21	19	19	19	17	16	15	12	16	14	11	13	15	17	12	21	12	10	12	17	20	27	22	33	28	24	31	30	27	14	19	20	18	18	15	12	16	13	48	13	39	15	33	33	54	51	68	12	10	12	11
BS_4-8_manning003_extreme/E01522N3585E03578N2685-BS-M809_E01878N3355_D010_S067D70R090_A006995_S075	16	17	16	15	16	19	12	20	17	0	0	18	0	17	16	15	17	16	22	12	13	18	10	0	11	13	22	17	13	14	18	17	16	24	19	13	18	20	17	18	17	16	15	12	11	13	11	15	15	13	13	15	14	11	12	16	20	36	13	10	23	24	26	27	28	16	17	10	17	11	10	13	19	15	14	23	23	21	11	11	10	15	11	14	11	10	19
BS_4-8_manning003_extreme/E01522N3585E03578N2685-BS-M809_E01660N3512_D010_S067D50R090_A006995_S075	16	17	16	15	15	19	12	29	29	0	0	26	0	13	16	24	12	10	12	15	10	11	10	0	11	14	21	16	14	13	16	15	19	24	13	21	18	20	18	18	17	16	16	12	13	13	11	10	15	18	12	24	11	11	12	17	21	23	15	12	22	24	26	27	22	15	18	21	20	12	12	12	18	15	14	23	23	12	12	12	10	13	11	14	11	12	11
BS_4-8_manning003_extreme/E01522N3585E03578N2685-BS-M809_E01817N3467_D010_S067D30R090_A006995_S075	33	16	17	15	16	15	21	14	15	0	0	20	0	13	17	11	11	11	14	15	13	10	18	0	11	14	22	10	11	15	18	11	11	10	10	13	19	11	11	11	11	11	16	12	14	13	12	11	16	15	12	13	12	11	14	11	10	20	14	22	22	22	21	15	14	15	17	16	14	14	14	13	19	16	14	43	44	17	16	16	14	13	17	18	14	16	15
BS_4-8_manning003_extreme/E01267N3753E01646N3535-BS-M809_E01592N3602_D010_S022D70R090_A006995_S075	13	33	33	33	34	33	35	33	33	0	0	37	0	31	29	29	27	11	12	14	10	10	22	0	10	22	23	16	16	15	16	13	18	21	10	21	20	24	19	18	18	16	15	12	16	15	11	11	15	18	12	10	10	16	12	17	20	25	22	26	21	23	25	26	28	15	17	16	16	11	13	12	18	17	14	13	13	23	15	14	14	10	14	14	11	13	12
BS_4-8_manning003_extreme/E01267N3753E01646N3535-BS-M809_E01575N3670_D010_S157D90R090_A006995_S075	19	18	18	18	18	20	19	21	39	0	0	20	0	12	17	12	17	13	20	10	17	12	11	0	24	17	19	17	20	19	12	11	17	25	15	17	22	14	11	20	20	18	16	13	11	15	13	21	17	19	20	22	11	12	13	18	25	16	26	17	21	22	26	27	36	18	20	21	20	18	21	11	13	13	18	22	35	19	29	27	21	21	44	17	16	17	18
BS_4-8_manning003_extreme/E01522N3585E03578N2685-BS-M809_E01977N3310_D010_S067D50R090_A006995_S075	33	18	18	17	16	20	30	21	18	0	0	20	0	12	11	11	14	10	10	11	13	10	19	0	22	11	18	12	13	15	16	11	11	23	10	14	19	12	11	11	18	17	15	13	13	14	12	11	16	14	12	17	10	11	13	11	21	25	14	26	24	24	28	27	29	16	18	20	12	12	10	12	18	18	15	24	24	21	17	17	15	13	17	14	12	14	13
BS_4-8_manning003_extreme/E01522N3585E03578N2685-BS-M809_E01851N3355_D010_S067D50R090_A006995_S075	16	17	16	15	16	19	12	21	17	0	0	18	0	13	16	14	16	11	12	13	12	18	27	0	13	13	22	17	13	13	17	17	11	24	19	13	18	10	10	18	17	16	15	11	11	10	11	15	16	13	13	16	12	10	12	16	14	36	13	10	23	24	26	27	12	17	17	17	11	12	11	13	19	15	15	24	25	10	11	12	11	10	13	15	13	10	16
BS_4-8_manning003_extreme/E01522N3585E03578N2685-BS-M809_E01664N3535_D010_S067D30R090_A006995_S075	32	33	33	15	17	18	12	14	15	0	0	20	0	13	14	10	11	11	14	16	14	11	18	0	15	24	20	16	14	14	18	10	10	10	13	12	18	11	11	10	10	17	15	12	14	12	12	11	16	18	13	11	11	11	12	10	11	19	13	22	23	24	27	14	12	15	17	15	12	13	15	13	19	14	12	56	42	16	16	16	15	14	16	14	12	13	12
BS_4-8_manning003_extreme/E01522N3585E03578N2685-BS-M809_E01636N3535_D010_S247D50R090_A006995_S075	32	31	32	13	30	22	16	17	20	0	0	12	0	12	13	12	12	13	12	12	14	13	13	0	21	12	20	13	15	19	13	15	14	14	12	17	12	14	14	13	13	13	13	14	19	17	18	14	20	20	13	15	15	15	18	15	14	22	14	25	25	27	20	18	15	19	18	16	15	14	17	14	18	14	29	26	26	17	17	17	18	17	19	16	16	16	16
BS_4-8_manning003_extreme/E01522N3585E03578N2685-BS-M809_E01828N3378_D010_S067D70R090_A006995_S075	15	16	16	14	16	18	11	21	16	0	0	17	0	13	17	23	17	11	13	15	13	18	10	0	11	13	20	17	14	12	16	17	19	23	19	20	17	10	17	17	17	16	15	12	11	13	10	15	15	13	13	16	13	10	13	16	20	36	24	10	23	25	26	27	21	16	18	20	12	12	11	13	19	15	14	23	24	21	15	11	11	10	12	14	13	14	15
BS_4-8_manning003_extreme/E01522N3585E03578N2685-BS-M792_E01905N3355_D010_S067D70R270_A004781_S062	15	15	16	14	14	17	12	13	17	0	0	18	0	18	16	14	11	16	12	12	12	11	10	0	14	10	12	17	10	13	17	14	10	24	10	10	19	10	18	18	17	16	15	11	11	14	12	14	14	19	12	11	13	11	11	10	21	13	15	22	23	25	27	27	22	16	18	10	18	10	10	13	19	15	14	14	13	10	10	11	11	13	12	14	12	11	12
BS_4-8_manning003_extreme/E01522N3585E03578N2685-BS-M809_E01786N3445_D010_S067D70R090_A006995_S075	16	16	16	15	16	18	12	13	22	0	0	27	0	13	17	11	17	10	13	16	13	11	22	0	12	14	21	17	14	12	17	12	17	24	19	21	19	10	10	19	18	16	15	13	13	14	12	10	16	18	14	10	13	10	14	18	10	10	25	12	23	26	28	28	30	16	19	20	19	10	13	14	17	16	15	22	24	17	14	13	12	11	13	16	13	15	11
BS_4-8_manning003_extreme/E01522N3585E03578N2685-BS-M792_E01798N3512_D010_S067D30R090_A004781_S062	32	16	16	15	16	15	13	14	15	0	0	18	0	12	17	10	11	11	12	13	13	10	11	0	25	14	21	10	13	16	10	11	12	11	11	13	19	12	12	12	13	13	14	12	13	13	13	13	15	14	13	14	14	13	14	10	22	21	16	25	27	30	33	34	41	20	21	24	20	20	16	19	17	16	14	56	44	27	16	16	15	17	26	17	19	17	15
BS_4-8_manning003_extreme/E01522N3585E03578N2685-BS-M809_E01919N3288_D010_S067D50R090_A006995_S075	33	18	18	16	17	20	21	22	18	0	0	20	0	17	12	10	11	14	11	12	10	10	10	0	25	10	18	13	13	16	18	10	11	22	11	15	19	10	10	18	19	18	16	14	14	14	12	13	15	15	13	17	13	11	13	17	14	14	15	27	23	24	16	28	12	15	18	19	12	12	11	13	19	15	14	14	24	21	17	17	12	10	13	14	13	14	15
BS_4-8_manning003_extreme/E01522N3585E03578N2685-BS-M809_E01688N3512_D010_S067D50R090_A006995_S075	16	17	16	15	16	19	12	13	29	0	0	26	0	13	17	11	11	10	12	15	13	17	10	0	15	14	22	17	13	14	19	16	19	25	19	21	18	10	19	18	17	17	16	13	13	14	11	16	15	18	13	19	10	11	13	18	25	24	15	28	23	24	26	27	29	17	19	19	18	11	14	12	18	17	14	24	24	20	17	16	15	13	16	14	12	14	14
BS_4-8_manning003_extreme/E01522N3585E03578N2685-BS-M792_E01859N3400_D010_S067D70R270_A004781_S062	15	15	16	14	15	17	12	12	15	0	0	27	0	13	17	10	17	10	13	15	12	11	10	0	14	13	22	10	14	12	16	14	11	23	11	11	19	22	18	18	18	16	15	12	11	13	12	10	14	20	19	17	13	10	11	19	22	14	14	20	23	25	17	28	30	16	18	11	19	20	11	14	10	16	15	14	14	11	11	11	11	11	12	15	13	13	10
BS_4-8_manning003_extreme/E01522N3585E03578N2685-BS-M809_E01959N3355_D010_S067D30R090_A006995_S075	33	16	17	15	17	16	21	15	18	0	0	18	0	18	17	10	16	10	13	13	13	11	10	0	76	23	22	17	13	13	17	17	10	23	10	13	19	11	11	11	18	16	15	12	12	13	11	15	15	14	13	16	14	11	12	11	14	35	14	19	22	25	16	13	22	16	15	17	12	12	10	14	16	15	13	13	13	17	17	12	12	10	25	15	12	13	18
BS_4-8_manning003_extreme/E01522N3585E03578N2685-BS-M792_E01692N3535_D010_S067D70R270_A004781_S062	15	15	15	14	15	17	11	29	22	0	0	27	0	20	14	10	12	10	13	13	13	11	19	0	15	13	20	17	13	13	16	14	18	24	10	21	20	10	20	19	18	16	14	13	12	14	12	12	15	20	20	25	10	11	12	10	22	25	11	27	24	24	17	30	31	17	19	21	12	12	15	12	18	17	15	14	23	20	15	11	11	13	12	14	11	12	13
BS_4-8_manning003_extreme/E01446N4259E02038N3783-BS-M809_E01875N3895_D010_S112D90R270_A006995_S075	25	25	24	24	25	24	24	23	41	0	0	20	0	41	42	19	17	18	18	15	12	17	25	0	11	17	16	16	10	16	16	12	26	16	19	17	16	30	20	19	20	17	16	13	12	15	12	12	17	17	17	14	14	17	12	18	11	19	28	19	21	24	26	27	11	16	19	20	21	10	17	11	12	12	22	22	17	13	13	14	13	19	23	19	20	14	13
BS_4-8_manning003_extreme/E01522N3585E03578N2685-BS-M809_E01668N3557_D010_S247D30R090_A006995_S075	15	16	16	14	15	19	12	13	18	0	0	10	0	14	13	12	10	10	13	10	10	11	19	0	11	10	11	19	15	16	17	11	20	11	23	16	21	13	13	14	21	19	17	14	15	14	15	15	18	20	15	20	15	14	15	13	24	24	26	28	24	27	17	29	16	16	21	21	17	17	17	17	19	26	23	23	23	17	19	19	19	13	19	17	17	18	17
BS_4-8_manning003_extreme/E01522N3585E03578N2685-BS-M792_E01909N3378_D010_S067D90R090_A004781_S062	15	16	15	13	16	19	12	20	17	0	0	18	0	13	17	10	12	16	12	12	13	11	10	0	12	14	19	17	13	13	18	17	16	24	19	21	17	20	17	17	17	16	15	11	11	13	10	13	15	13	13	15	14	12	13	16	21	11	23	26	22	25	29	30	12	16	20	24	18	12	10	12	18	14	14	13	26	15	10	10	17	13	10	14	12	10	17
BS_4-8_manning003_extreme/E01267N3753E01646N3535-BS-M809_E01564N3602_D010_S067D90R090_A006995_S075	28	30	31	29	29	15	27	29	28	0	0	26	0	13	13	11	12	10	12	13	11	11	11	0	25	14	15	17	13	15	16	14	18	24	20	11	19	25	17	18	17	16	15	12	16	14	12	15	16	18	19	23	24	10	11	17	21	25	27	27	25	25	29	29	34	17	20	24	17	10	13	12	18	14	12	22	15	14	12	12	11	10	12	13	18	17	17
BS_4-8_manning003_extreme/E01522N3585E03578N2685-BS-M792_E01747N3535_D010_S067D70R270_A004781_S062	16	16	16	14	15	17	12	12	15	0	0	26	0	13	14	10	11	10	13	14	13	11	10	0	20	21	22	10	13	15	16	11	16	24	14	20	20	11	12	17	18	16	15	13	16	14	12	16	18	19	12	17	15	11	12	16	22	14	14	26	25	26	29	30	29	17	20	21	17	15	18	12	18	16	14	27	23	16	16	15	17	16	19	14	14	13	14
BS_4-8_manning003_extreme/E01522N3585E03578N2685-BS-M792_E01882N3378_D010_S067D90R090_A004781_S062	15	16	15	13	16	18	11	21	16	0	0	17	0	14	17	15	16	11	12	13	13	11	27	0	12	13	22	17	13	12	16	17	10	24	19	20	17	20	17	17	16	16	15	12	11	13	11	13	15	19	13	23	13	12	13	16	21	11	15	26	22	25	29	30	12	16	18	21	18	12	10	12	18	14	14	13	23	20	10	10	12	14	11	14	12	11	18
BS_4-8_manning003_extreme/E01446N4259E02038N3783-BS-M809_E01899N3872_D010_S112D90R270_A006995_S075	26	26	25	24	26	27	26	27	35	0	0	21	0	12	12	15	11	21	11	15	12	17	15	0	12	18	10	14	10	12	16	12	11	16	19	17	16	22	20	19	20	17	16	14	11	16	12	20	16	18	18	15	22	17	13	17	35	29	28	19	23	23	29	27	26	17	20	20	20	19	16	14	12	11	21	20	21	21	17	17	21	17	22	24	20	17	16
BS_4-8_manning003_extreme/E01522N3585E03578N2685-BS-M809_E01851N3355_D010_S247D50R090_A006995_S075	31	33	16	15	16	19	19	18	22	0	0	22	0	15	15	14	15	15	15	14	14	14	23	0	21	15	15	14	15	20	14	14	14	14	14	17	13	14	13	13	13	14	14	14	19	17	14	15	20	14	14	14	13	14	19	14	14	15	15	18	15	28	29	16	13	19	19	18	15	15	18	14	19	15	14	15	27	17	17	17	18	17	18	14	12	13	18
BS_4-8_manning003_extreme/E01522N3585E03578N2685-BS-M809_E01878N3355_D010_S247D50R090_A006995_S075	32	16	16	15	16	18	17	18	21	0	0	23	0	15	15	15	15	15	14	15	14	13	23	0	10	13	14	16	15	20	14	14	14	14	14	17	13	14	13	14	14	14	14	15	19	17	14	14	20	14	14	14	13	14	18	14	14	15	15	18	15	23	13	21	13	14	19	17	15	15	18	13	19	15	14	15	15	16	16	17	18	17	18	14	12	13	18
BS_4-8_manning003_extreme/E01522N3585E03578N2685-BS-M774_E01859N3400_D010_S067D30R090_A003139_S050	32	32	15	13	18	13	12	13	17	0	0	20	0	14	17	10	16	10	14	22	11	17	22	0	23	13	22	17	10	13	16	13	17	16	21	12	15	11	11	18	18	16	17	14	11	11	11	16	12	18	12	11	13	10	13	10	20	27	15	20	24	27	28	31	12	17	21	23	22	19	11	11	17	16	13	13	13	14	14	10	18	14	10	14	14	12	10
BS_4-8_manning003_extreme/E01522N3585E03578N2685-BS-M809_E01853N3512_D010_S067D50R090_A006995_S075	17	18	18	18	16	19	28	14	22	0	0	20	0	13	16	10	17	10	13	16	13	11	17	0	13	19	15	17	14	15	17	14	16	16	19	19	19	20	17	18	17	16	15	17	16	15	12	16	19	18	21	19	20	11	12	17	20	26	28	26	22	25	28	30	22	20	21	24	21	21	25	21	22	30	27	28	27	24	25	25	24	13	16	14	12	14	13
BS_4-8_manning003_extreme/E01522N3585E03578N2685-BS-M809_E01836N3422_D010_S247D30R090_A006995_S075	16	16	16	15	15	19	13	15	19	0	0	10	0	10	10	10	11	10	10	10	10	11	11	0	22	10	18	11	14	17	10	11	11	11	11	15	11	11	10	11	11	11	11	12	16	14	14	11	17	17	11	12	12	13	15	20	11	19	12	14	24	24	19	13	13	17	18	15	12	12	14	13	13	20	27	16	25	14	14	14	14	13	16	14	14	15	14
BS_4-8_manning003_extreme/E00979N4372E01586N3827-BS-M809_E01517N3827_D010_S157D70R270_A006995_S075	23	20	15	10	22	18	14	21	21	0	0	12	0	10	20	12	10	11	10	16	19	14	16	0	13	11	22	17	15	16	14	19	19	10	19	19	27	27	28	29	28	19	20	21	33	29	12	11	12	30	31	21	12	12	13	12	12	10	12	12	34	35	11	12	11	13	12	12	12	11	12	13	10	12	35	34	13	11	10	31	31	35	31	11	13	11	12
BS_4-8_manning003_extreme/E01522N3585E03578N2685-BS-M809_E01932N3355_D010_S247D50R090_A006995_S075	32	15	15	15	17	18	17	18	21	0	0	23	0	16	16	15	15	16	15	15	13	22	15	0	23	16	15	16	15	20	16	16	14	15	14	17	23	14	15	14	14	14	14	15	19	17	17	14	19	14	13	15	15	16	18	13	13	15	15	17	15	23	29	19	13	17	19	17	14	15	18	12	18	17	14	26	20	16	16	16	17	16	18	15	12	13	12
BS_4-8_manning003_extreme/E01522N3585E03578N2685-BS-M809_E01847N3333_D010_S067D50R090_A006995_S075	17	17	17	16	17	19	12	21	17	0	0	18	0	23	11	14	11	14	14	14	12	18	27	0	12	23	16	17	13	14	17	17	17	24	19	14	18	20	17	18	17	16	15	12	12	13	11	13	15	13	13	15	13	10	13	16	14	16	15	10	23	24	16	27	12	15	17	19	12	12	11	13	19	15	14	14	24	21	17	16	11	15	17	14	11	13	19
BS_4-8_manning003_extreme/E01522N3585E03578N2685-BS-M792_E01778N3400_D010_S247D50R090_A004781_S062	33	33	33	31	17	21	16	17	21	0	0	12	0	19	19	11	12	12	12	12	13	12	12	0	17	12	20	21	15	19	12	13	13	13	17	16	12	12	10	17	17	17	15	16	17	15	11	12	19	20	13	12	23	10	18	17	36	13	14	25	25	25	20	19	16	17	21	24	13	13	14	12	10	15	14	13	27	15	16	16	16	15	17	19	15	15	13
BS_4-8_manning003_extreme/E01522N3585E03578N2685-BS-M809_E01973N3288_D010_S067D50R090_A006995_S075	33	18	18	16	16	20	16	21	18	0	0	20	0	15	14	10	12	11	10	11	13	19	26	0	22	10	22	12	13	15	17	16	10	24	10	14	19	10	10	10	18	17	16	13	13	13	11	11	16	15	13	17	13	10	12	16	14	36	24	10	22	24	26	27	30	16	18	19	12	12	11	13	19	15	15	15	24	20	21	12	11	14	13	15	12	10	18
BS_4-8_manning003_extreme/E01522N3585E03578N2685-BS-M809_E01731N3445_D010_S247D50R090_A006995_S075	32	33	32	33	31	23	17	18	21	0	0	12	0	13	13	12	13	13	13	14	14	15	14	0	14	13	21	22	14	20	14	15	15	14	18	17	23	14	14	13	13	14	14	14	19	17	18	15	20	20	14	15	15	15	19	14	14	23	15	26	26	24	30	31	15	19	24	23	15	16	17	13	20	15	28	28	27	23	18	18	18	17	19	16	13	15	16
BS_4-8_manning003_extreme/E01522N3585E03578N2685-BS-M792_E01905N3355_D010_S247D70R270_A004781_S062	31	15	15	13	16	19	19	19	17	0	0	18	0	12	15	14	11	16	13	11	19	18	15	0	11	13	12	17	13	16	18	17	16	24	19	10	18	25	18	17	18	16	15	12	11	14	11	13	15	19	13	23	13	12	12	10	20	12	23	26	22	24	20	30	11	16	19	24	17	11	10	12	18	14	13	13	12	20	10	10	20	10	11	14	12	13	14
BS_4-8_manning003_extreme/E01522N3585E03578N2685-BS-M774_E01801N3378_D010_S067D50R090_A003139_S050	33	33	35	35	17	17	12	14	22	0	0	20	0	13	11	17	12	11	13	16	11	17	17	0	11	23	20	10	10	13	17	17	15	24	13	13	19	13	10	18	17	16	14	12	11	14	11	10	12	14	12	16	14	10	13	10	13	35	16	20	22	24	15	27	12	16	16	10	12	11	11	13	18	16	14	13	13	10	12	11	10	10	11	14	12	11	10
BS_4-8_manning003_extreme/E01267N3753E01646N3535-BS-M792_E01551N3692_D125_S292D10R270_A004781_S062	30	31	31	32	20	31	29	31	32	0	0	34	0	29	30	29	30	29	29	31	31	25	26	0	0	23	22	18	20	21	25	21	27	29	27	13	28	30	30	32	34	15	15	36	38	39	40	24	24	29	29	27	27	22	19	18	10	36	34	35	37	39	38	36	11	39	40	55	44	42	17	49	50	24	22	20	56	57	39	56	25	22	10	23	23	20	20
BS_4-8_manning003_extreme/E01522N3585E03578N2685-BS-M792_E01731N3445_D010_S247D50R090_A004781_S062	32	33	34	34	32	21	15	17	20	0	0	11	0	12	18	11	11	11	12	11	12	12	12	0	0	12	19	21	16	19	12	19	13	13	12	15	21	13	27	17	17	17	19	17	17	15	11	12	23	20	16	12	23	11	18	18	36	22	14	15	25	25	21	18	16	18	21	24	14	13	16	12	18	16	14	13	42	21	16	17	16	16	17	16	18	15	16
BS_4-8_manning003_extreme/E01522N3585E03578N2685-BS-M774_E01882N3378_D010_S247D70R270_A003139_S050	32	16	15	12	16	19	18	27	17	0	0	17	0	14	17	15	12	11	12	13	13	11	16	0	12	14	12	17	13	12	16	17	11	24	19	20	19	25	17	17	16	16	15	11	11	15	10	16	18	19	12	15	22	12	12	16	21	12	15	26	22	24	20	30	21	16	20	24	18	19	10	12	18	14	13	13	12	20	20	10	17	10	10	14	12	10	15
BS_4-8_manning003_extreme/E01522N3585E03578N2685-BS-M809_E01794N3490_D010_S247D30R090_A006995_S075	16	17	17	16	16	20	13	14	18	0	0	10	0	10	11	10	10	11	12	10	11	11	11	0	22	11	18	11	13	17	11	12	13	11	11	17	11	13	14	14	14	13	15	16	16	15	15	16	18	17	15	16	14	15	16	13	13	22	17	16	24	26	17	29	16	17	18	20	18	17	17	17	20	18	25	31	18	20	15	15	14	13	15	18	17	15	16
BS_4-8_manning003_extreme/E01267N3753E01646N3535-BS-M809_E01519N3670_D010_S337D10R270_A006995_S075	41	41	41	44	46	40	41	42	42	0	0	42	0	42	44	37	39	10	10	45	11	12	10	0	0	11	12	11	12	12	13	14	15	22	23	17	25	18	17	38	39	14	13	14	15	16	13	15	12	14	15	13	26	23	19	15	32	31	12	31	36	39	33	11	11	18	19	11	24	21	16	19	11	10	19	47	55	51	12	10	10	12	12	15	25	28	24
BS_4-8_manning003_extreme/E01267N3753E01646N3535-BS-M809_E01575N3670_D010_S112D90R090_A006995_S075	28	30	29	29	30	19	28	29	28	0	0	31	0	13	26	11	11	12	13	26	17	19	10	0	21	22	17	25	28	16	20	16	23	24	22	21	20	26	16	17	18	16	16	15	16	15	12	11	11	18	20	16	24	10	12	15	13	28	10	29	24	24	26	10	18	46	12	22	19	10	12	10	11	12	15	17	27	15	18	25	33	34	28	26	14	11	12
BS_4-8_manning003_extreme/E01522N3585E03578N2685-BS-M809_E01660N3512_D010_S247D50R090_A006995_S075	31	31	32	13	13	22	16	17	32	0	0	12	0	12	12	12	12	12	14	12	13	13	13	0	35	13	14	13	15	19	13	16	15	14	13	17	12	14	14	15	15	15	13	15	19	17	18	15	21	14	15	14	15	14	19	24	15	23	16	25	27	27	31	29	15	19	19	18	16	15	17	16	18	15	27	27	26	17	17	18	18	18	19	15	16	16	16
BS_4-8_manning003_extreme/E01522N3585E03578N2685-BS-M809_E01909N3378_D010_S067D70R090_A006995_S075	15	16	16	14	16	19	11	21	17	0	0	18	0	13	16	24	17	11	13	13	13	17	10	0	11	13	21	17	13	13	16	17	16	24	13	13	18	20	17	18	17	16	15	12	11	12	11	15	16	13	13	16	14	10	12	16	20	16	24	10	22	24	26	27	21	15	17	21	17	11	11	13	19	15	14	23	27	20	17	11	10	14	11	14	12	10	18
BS_4-8_manning003_extreme/E01522N3585E03578N2685-BS-M809_E01825N3512_D010_S247D50R090_A006995_S075	34	33	17	15	17	22	25	18	21	0	0	13	0	13	20	13	13	13	14	13	14	14	13	0	12	14	21	23	17	20	14	15	16	14	15	18	13	14	13	14	14	23	21	19	20	17	17	22	20	23	21	23	10	20	20	18	36	23	16	26	27	29	31	30	35	18	21	23	19	18	10	14	20	19	12	12	12	10	21	25	12	16	23	19	13	18	10
BS_4-8_manning003_extreme/E01267N3753E01646N3535-BS-M809_E01575N3670_D010_S022D10R270_A006995_S075	34	16	17	17	18	19	18	18	15	0	0	19	0	16	15	17	17	15	14	15	15	11	12	0	11	11	21	21	11	16	19	11	18	17	23	21	11	14	14	12	21	19	18	16	17	16	15	14	16	21	16	25	11	14	16	17	12	26	26	35	30	25	26	29	11	19	21	24	10	11	12	14	16	15	16	14	14	15	15	16	13	11	13	16	15	15	12
BS_4-8_manning003_extreme/E01108N3882E01527N3690-BS-M809_E01509N3782_D010_S112D90R270_A012497_S042	18	18	18	19	18	22	24	27	35	0	0	29	0	13	20	12	11	11	14	12	18	15	15	0	0	15	14	12	16	14	10	11	13	23	23	21	17	15	24	22	21	19	18	18	17	16	12	21	17	20	24	23	22	17	11	18	23	27	29	26	22	21	28	22	21	18	17	17	16	27	25	10	34	11	11	20	16	13	50	12	56	26	28	25	23	11	10
BS_4-8_manning003_extreme/E01522N3585E03578N2685-BS-M809_E01747N3535_D010_S247D30R090_A006995_S075	16	16	16	15	16	20	14	20	18	0	0	20	0	13	12	12	14	13	11	13	10	11	10	0	22	11	17	13	14	16	12	12	19	11	22	17	21	16	16	16	20	18	17	16	16	16	15	16	18	18	17	19	17	14	17	20	18	26	27	29	25	27	28	19	31	19	19	20	20	19	19	20	20	28	25	25	27	19	21	21	14	13	21	20	19	21	19
BS_4-8_manning003_extreme/E01522N3585E03578N2685-BS-M809_E01644N3580_D010_S067D70R270_A006995_S075	16	16	17	15	17	16	27	29	22	0	0	18	0	13	14	11	12	11	12	13	14	11	11	0	20	20	20	16	14	14	16	14	19	24	10	21	21	11	11	19	18	16	15	14	16	15	12	15	17	18	20	18	13	12	12	17	25	14	18	26	25	27	29	30	32	18	20	21	18	15	17	12	18	27	23	32	24	16	16	12	11	11	13	15	15	16	17
BS_4-8_manning003_extreme/E01522N3585E03578N2685-BS-M809_E01828N3378_D010_S067D30R090_A006995_S075	32	16	17	15	17	16	13	14	16	0	0	20	0	13	17	11	10	11	14	15	13	18	10	0	12	24	21	10	11	12	17	17	10	24	10	13	18	13	12	10	10	16	15	12	12	10	11	10	16	15	12	16	13	10	13	10	10	28	11	20	23	19	15	13	12	17	16	15	12	11	11	14	12	17	24	24	25	13	13	13	14	12	15	15	13	12	11
BS_4-8_manning003_extreme/E01267N3753E01646N3535-BS-M809_E01519N3670_D010_S067D90R090_A006995_S075	29	31	31	29	30	19	27	29	29	0	0	28	0	13	12	11	11	11	13	13	10	11	10	0	25	14	20	17	13	15	16	15	18	24	20	21	19	24	17	18	16	16	15	14	11	14	11	15	17	18	11	23	13	10	12	15	21	24	26	29	22	24	26	28	32	16	18	42	51	10	11	25	21	15	11	10	10	11	55	10	73	68	11	20	23	22	23
BS_4-8_manning003_extreme/E01108N3882E01527N3690-BS-M809_E01442N3715_D010_S067D70R090_A012497_S042	28	29	29	29	28	24	29	28	29	0	0	31	0	24	31	25	23	22	21	19	18	13	20	0	12	14	16	18	15	15	12	15	19	26	11	15	17	21	19	16	19	17	23	18	22	23	21	20	22	26	28	35	31	20	11	19	40	27	16	23	22	25	30	28	27	31	36	17	18	11	16	10	13	13	22	21	12	23	48	49	51	53	60	21	20	21	19
BS_4-8_manning003_extreme/E01522N3585E03578N2685-BS-M774_E01855N3378_D010_S247D30R090_A003139_S050	32	32	15	14	13	19	12	13	18	0	0	10	0	15	14	15	11	12	13	15	12	11	10	0	0	23	22	17	14	15	18	13	17	16	11	11	20	11	10	18	17	17	16	17	14	12	13	16	15	19	21	16	23	12	13	10	14	34	10	12	24	26	16	28	21	18	21	12	20	10	13	13	18	17	10	21	14	11	11	11	11	11	12	19	12	14	13
BS_4-8_manning003_extreme/E01522N3585E03578N2685-BS-M809_E01664N3535_D010_S247D30R090_A006995_S075	15	16	16	15	15	19	13	14	29	0	0	20	0	10	17	12	11	12	11	15	10	10	20	0	23	10	18	19	14	17	10	12	11	11	11	16	10	11	11	12	12	19	17	16	16	14	15	12	17	18	16	12	12	14	16	13	13	20	12	14	25	25	30	30	14	17	20	15	15	14	14	15	12	30	28	28	27	17	15	15	15	14	15	14	15	15	14
BS_4-8_manning003_extreme/E01522N3585E03578N2685-BS-M792_E01636N3535_D010_S067D70R270_A004781_S062	29	30	16	14	16	17	28	28	14	0	0	26	0	13	14	14	11	10	14	13	18	11	10	0	15	13	20	17	13	12	16	18	19	25	10	10	20	10	17	18	17	16	14	13	11	15	11	15	15	20	18	16	23	11	12	17	21	25	17	21	22	24	29	30	31	17	17	21	20	12	10	12	18	16	14	14	30	16	11	11	11	14	11	15	12	13	11
BS_4-8_manning003_extreme/E01522N3585E03578N2685-BS-M809_E01758N3445_D010_S067D30R090_A006995_S075	32	33	17	15	17	19	13	14	15	0	0	10	0	14	17	16	11	10	14	15	12	11	17	0	14	13	22	10	11	12	18	16	10	24	19	13	19	10	11	10	10	17	15	13	13	12	12	11	16	15	13	17	10	11	13	11	10	18	10	12	23	19	27	15	12	14	17	15	12	12	13	12	12	16	26	25	24	16	15	15	14	13	16	12	15	13	11
BS_4-8_manning003_extreme/E01522N3585E03578N2685-BS-M809_E01874N3333_D010_S067D50R270_A006995_S075	17	17	17	15	16	19	13	14	17	0	0	18	0	16	11	10	11	10	10	10	12	18	10	0	13	23	22	17	12	14	18	14	10	24	11	11	20	10	19	18	18	16	15	13	12	13	12	10	15	19	13	17	15	10	11	10	13	32	28	10	23	25	26	28	18	16	17	10	11	20	11	13	19	18	14	14	13	11	11	11	12	10	13	14	12	11	17
BS_4-8_manning003_extreme/E01522N3585E03578N2685-BS-M809_E01805N3400_D010_S067D30R090_A006995_S075	32	33	17	15	17	16	13	14	15	0	0	11	0	13	17	11	17	11	14	16	13	10	10	0	13	14	21	10	10	13	17	17	10	23	10	13	19	13	10	10	10	10	15	12	13	11	11	10	16	15	12	17	13	10	14	10	10	18	12	12	22	19	15	15	12	16	16	14	12	12	12	14	12	17	25	25	24	13	14	15	14	13	16	15	14	12	11
BS_4-8_manning003_extreme/E01548N3896E01854N3659-BS-M754_E01619N3760_D010_S337D30R090_A003524_S022	26	27	26	27	26	25	27	28	44	0	0	48	0	11	10	11	18	25	24	18	16	17	19	0	0	28	22	13	14	12	15	11	11	17	14	17	17	23	10	10	10	10	16	14	12	11	12	12	12	18	13	14	24	18	12	19	11	18	30	39	10	25	11	11	11	19	21	10	21	19	23	30	11	10	10	53	52	54	11	11	53	11	52	10	30	10	31
BS_4-8_manning003_extreme/E01522N3585E03578N2685-BS-M809_E01794N3490_D010_S067D70R090_A006995_S075	16	16	16	15	16	19	12	13	22	0	0	26	0	13	17	11	16	10	13	15	14	10	18	0	12	14	21	10	14	14	18	12	10	10	10	21	19	11	11	11	17	16	16	13	16	14	12	15	17	18	12	17	13	11	14	17	26	27	15	28	25	24	28	29	33	17	19	23	19	13	17	15	18	16	29	29	28	15	15	14	16	14	18	16	14	15	16
BS_4-8_manning003_extreme/E01108N3882E01527N3690-BS-M809_E01442N3715_D010_S247D70R270_A012497_S042	28	28	29	28	28	29	28	28	27	0	0	30	0	13	12	11	10	10	21	19	18	11	20	0	17	15	17	11	17	15	17	15	19	18	19	15	17	30	28	17	26	19	15	21	16	14	14	14	31	26	27	28	16	20	11	16	19	27	17	18	22	22	25	29	27	34	36	47	12	14	16	13	12	33	31	29	46	30	38	29	41	48	30	16	15	16	15
BS_4-8_manning003_extreme/E01522N3585E03578N2685-BS-M809_E01853N3512_D010_S247D50R090_A006995_S075	34	34	18	33	17	22	25	24	21	0	0	13	0	21	20	13	13	13	12	13	14	14	13	0	13	13	21	22	16	20	14	14	15	23	13	21	13	13	13	13	13	12	23	18	16	15	12	13	20	23	14	14	23	10	13	19	35	15	15	25	26	28	29	12	11	18	20	23	20	19	12	13	10	14	14	12	11	26	26	10	10	10	10	18	12	13	12
BS_4-8_manning003_extreme/E01522N3585E03578N2685-BS-M809_E01692N3535_D010_S067D30R090_A006995_S075	32	33	16	15	17	18	12	13	15	0	0	21	0	13	14	11	10	11	13	15	13	11	18	0	14	14	20	10	13	14	19	10	11	11	13	13	19	11	11	11	12	16	15	12	15	13	12	12	16	14	13	12	13	11	12	10	12	20	14	17	23	24	15	16	13	15	17	16	14	15	15	13	16	14	13	54	42	18	17	16	15	14	17	15	14	13	14
BS_4-8_manning003_extreme/E01522N3585E03578N2685-BS-M792_E01824N3355_D010_S067D30R090_A004781_S062	32	32	16	14	16	16	20	14	17	0	0	20	0	14	15	10	10	11	13	16	12	18	22	0	0	23	20	17	10	13	17	17	10	24	13	13	18	14	13	12	17	16	15	12	11	11	11	15	12	14	14	16	14	10	13	10	38	28	16	20	23	25	17	14	12	16	15	14	12	11	15	11	20	16	13	13	42	11	12	13	12	10	17	17	12	10	10
BS_4-8_manning003_extreme/E01522N3585E03578N2685-BS-M809_E01719N3535_D010_S067D70R270_A006995_S075	17	17	17	15	18	17	28	29	24	0	0	17	0	16	14	11	12	10	21	24	12	11	10	0	20	21	15	17	14	14	16	14	21	10	10	21	20	11	11	18	17	17	15	13	16	15	12	16	17	19	19	18	24	11	12	16	21	14	18	26	25	27	29	30	30	18	20	21	20	15	15	12	18	18	15	23	19	20	17	16	18	11	20	15	15	14	17
BS_4-8_manning003_extreme/E01522N3585E03578N2685-BS-M809_E01743N3512_D010_S067D30R090_A006995_S075	32	32	16	15	16	16	22	14	17	0	0	18	0	15	11	10	12	11	10	11	13	10	11	0	11	23	20	12	12	15	20	10	11	10	10	14	19	11	11	12	12	11	15	13	15	13	12	12	15	14	13	13	12	11	14	12	12	21	15	21	23	24	22	15	14	16	16	15	14	15	15	22	20	16	13	46	43	16	18	18	17	14	31	14	14	15	14
BS_4-8_manning003_extreme/E01522N3585E03578N2685-BS-M809_E01867N3445_D010_S067D70R090_A006995_S075	15	16	17	15	15	19	12	13	22	0	0	20	0	13	17	11	16	10	12	15	13	11	10	0	12	13	20	17	13	13	26	12	17	24	13	21	19	21	11	18	17	17	16	12	17	14	11	12	15	14	14	16	23	11	14	16	21	15	14	27	24	26	28	30	30	16	19	22	19	15	15	14	20	16	15	28	28	24	17	16	16	17	17	14	13	14	18
BS_4-8_manning003_extreme/E01522N3585E03578N2685-BS-M809_E01825N3512_D010_S067D50R090_A006995_S075	17	17	17	15	15	19	21	14	22	0	0	20	0	12	16	11	11	10	12	15	12	11	17	0	15	13	20	17	13	14	17	14	16	17	10	17	18	21	17	18	17	17	15	16	15	14	12	16	17	18	18	17	19	17	14	17	17	26	26	22	24	26	29	29	31	19	19	23	20	20	24	20	20	29	28	26	26	22	22	23	13	11	14	20	20	19	19
BS_4-8_manning003_extreme/E01522N3585E03578N2685-BS-M809_E01932N3355_D010_S067D30R090_A006995_S075	33	16	17	15	16	15	21	15	18	0	0	19	0	18	17	10	14	10	13	13	12	19	10	0	22	24	22	16	11	13	18	16	10	24	10	12	18	10	13	18	20	17	15	12	12	11	11	15	12	14	14	16	13	10	12	10	14	16	11	10	22	19	15	13	22	16	15	13	12	12	11	13	20	16	15	24	13	17	13	12	12	11	14	15	12	10	15
BS_4-8_manning003_extreme/E01522N3585E03578N2685-BS-M809_E01644N3580_D010_S067D30R090_A006995_S075	32	33	15	14	14	18	12	13	15	0	0	20	0	13	14	11	12	11	14	13	13	11	17	0	15	14	14	16	13	14	19	10	11	10	10	13	18	11	11	12	11	16	15	13	13	14	12	12	15	14	12	14	12	11	13	11	13	20	15	14	22	24	16	27	15	16	17	16	16	16	13	13	19	15	12	46	45	17	11	12	14	12	16	14	15	16	12
BS_4-8_manning003_extreme/E01522N3585E03578N2685-BS-M809_E01778N3400_D010_S067D50R090_A006995_S075	16	18	18	15	18	19	12	14	15	0	0	27	0	13	17	23	16	10	14	16	13	11	10	0	15	23	20	10	14	13	16	17	18	24	19	13	19	20	19	18	17	16	15	13	11	14	11	10	16	15	14	16	13	10	14	17	10	27	24	10	24	24	15	28	28	16	19	20	13	13	11	14	20	16	15	24	25	22	16	15	13	11	15	15	13	15	14
BS_4-8_manning003_extreme/E01470N3877E01631N3641-BS-M774_E01603N3670_D010_S067D90R270_A005608_S028	29	31	16	14	16	17	28	29	33	0	0	26	0	13	17	10	12	11	13	14	17	11	19	0	19	22	21	17	14	14	16	13	19	19	19	21	20	21	27	18	18	16	14	14	16	14	12	16	19	18	21	16	15	10	15	18	22	27	18	21	25	28	29	30	34	16	19	21	20	31	10	13	10	15	13	15	15	10	11	11	18	18	12	14	13	15	16
BS_4-8_manning003_extreme/E01470N3877E01631N3641-BS-M809_E01579N3692_D010_S112D90R090_A012497_S042	30	31	31	30	30	30	30	31	38	0	0	32	0	45	30	30	29	31	33	31	17	11	21	0	21	37	17	19	16	16	18	13	23	10	23	16	29	31	28	30	31	31	28	12	13	13	11	15	23	10	13	10	11	18	12	17	26	27	29	10	22	19	12	12	35	34	36	51	43	40	46	53	55	21	23	24	45	27	35	35	41	40	43	22	21	21	13
BS_4-8_manning003_extreme/E01522N3585E03578N2685-BS-M809_E01936N3378_D010_S067D30R090_A006995_S075	34	16	17	15	17	15	21	15	18	0	0	18	0	14	16	10	17	10	12	15	13	11	10	0	11	13	20	10	11	12	17	17	10	24	10	12	18	13	13	18	20	17	15	12	11	11	11	15	15	14	14	16	14	12	12	10	14	16	15	10	22	25	16	13	10	16	15	14	12	10	10	14	20	16	13	13	13	17	12	12	12	11	25	15	12	14	10
BS_4-8_manning003_extreme/E01522N3585E03578N2685-BS-M809_E01794N3490_D010_S067D30R090_A006995_S075	32	16	17	15	17	16	21	14	15	0	0	18	0	12	17	11	11	11	14	15	14	10	11	0	11	13	20	10	13	16	10	11	11	10	10	13	19	11	11	11	12	12	15	12	15	13	12	13	16	14	12	16	13	12	14	11	21	20	15	21	22	22	16	15	15	17	17	16	16	15	15	20	21	16	43	44	42	17	16	16	15	13	17	15	14	16	15
BS_4-8_manning003_extreme/E01522N3585E03578N2685-BS-M792_E01832N3400_D010_S247D70R270_A004781_S062	31	16	16	13	16	14	17	31	15	0	0	26	0	13	17	10	17	10	14	16	13	11	10	0	13	14	19	16	13	15	16	17	19	23	14	21	19	10	18	18	17	16	15	12	17	14	11	12	19	19	13	23	23	11	13	10	21	27	27	10	22	25	34	30	12	16	21	24	18	19	10	13	19	15	13	13	27	20	10	10	24	16	20	14	12	14	13
BS_4-8_manning003_extreme/E01522N3585E03578N2685-BS-M809_E01848N3490_D010_S067D30R090_A006995_S075	34	17	17	15	17	16	21	14	15	0	0	18	0	13	17	10	17	11	14	15	13	17	11	0	11	14	22	10	14	14	17	16	11	10	20	13	19	10	10	10	18	17	16	14	15	14	13	11	17	15	15	18	10	11	14	18	10	18	19	11	24	21	17	29	31	18	21	18	20	20	27	10	19	15	12	12	41	24	24	42	21	11	22	20	14	12	10
BS_4-8_manning003_extreme/E01522N3585E03578N2685-BS-M774_E01909N3378_D010_S247D30R090_A003139_S050	33	32	16	14	17	17	11	14	16	0	0	17	0	14	12	10	12	10	12	10	11	11	18	0	0	23	12	16	11	14	17	12	17	16	20	11	22	11	10	18	18	17	15	17	14	12	13	10	19	19	21	16	23	12	13	17	14	27	16	12	23	25	16	28	21	18	21	12	20	20	12	12	18	17	14	21	14	11	11	11	11	10	12	14	12	14	11
BS_4-8_manning003_extreme/E01522N3585E03578N2685-BS-M809_E01609N3535_D010_S067D30R090_A006995_S075	30	31	31	29	30	18	12	13	15	0	0	20	0	13	11	10	10	11	14	13	10	17	17	0	15	23	10	17	13	15	18	17	19	24	19	13	18	11	13	18	17	16	15	13	13	11	11	10	15	15	12	18	10	11	12	10	38	17	32	21	22	20	16	13	12	15	17	13	11	11	13	13	19	17	24	13	24	13	12	11	14	13	16	14	11	13	12
BS_4-8_manning003_extreme/E01522N3585E03578N2685-BS-M809_E01636N3535_D010_S067D30R090_A006995_S075	29	31	31	29	31	18	13	14	15	0	0	20	0	14	14	10	12	10	14	15	10	18	18	0	15	23	20	17	13	14	17	15	10	23	19	12	18	13	10	10	18	17	16	12	13	12	12	11	16	16	13	19	10	11	13	10	10	17	10	22	23	24	21	13	12	15	16	13	11	12	15	13	19	17	12	26	55	13	16	16	14	13	16	13	12	13	12
BS_4-8_manning003_extreme/E01446N4259E02038N3783-BS-M809_E01846N3895_D010_S292D70R090_A006995_S075	24	21	20	20	18	20	22	22	26	0	0	20	0	13	13	18	17	18	17	16	13	14	16	0	13	18	17	14	18	13	16	12	12	15	10	18	21	11	11	20	19	17	15	13	12	15	11	12	16	15	17	15	13	10	13	10	19	28	25	19	22	23	23	26	11	17	19	21	21	10	11	14	13	12	20	17	16	14	14	14	22	13	21	19	19	13	12
BS_4-8_manning003_extreme/E01522N3585E03578N2685-BS-M809_E01711N3490_D010_S067D70R090_A006995_S075	15	17	16	15	16	19	18	29	33	0	0	20	0	13	17	11	12	10	13	15	13	10	11	0	11	19	21	16	13	14	16	13	18	24	10	11	19	11	20	18	18	18	16	14	14	14	12	15	16	18	12	23	12	11	13	18	22	27	16	28	24	24	28	29	23	17	19	23	19	13	12	15	18	16	13	25	25	22	12	17	12	10	17	16	14	12	16
BS_4-8_manning003_extreme/E01522N3585E03578N2685-BS-M809_E01896N3310_D010_S067D50R090_A006995_S075	33	18	18	17	16	20	21	21	18	0	0	19	0	15	11	10	11	10	10	12	10	10	19	0	25	11	22	13	13	14	17	10	11	23	19	14	19	10	10	18	18	17	15	14	12	14	12	11	16	14	13	17	13	11	13	17	14	36	10	26	23	25	16	28	12	15	18	19	12	12	10	13	19	15	14	14	24	21	17	17	11	10	13	14	12	14	15
BS_4-8_manning003_extreme/E01522N3585E03578N2685-BS-M809_E01844N3467_D010_S247D30R090_A006995_S075	16	17	16	15	16	19	21	14	18	0	0	18	0	10	10	12	17	11	12	10	10	11	11	0	22	10	17	10	13	16	10	11	11	11	11	15	10	10	12	13	21	19	16	15	16	14	16	16	17	16	16	18	10	14	15	20	10	25	11	14	23	26	19	30	31	18	20	22	17	18	15	19	20	26	24	23	32	19	19	13	14	19	22	17	18	15	14
BS_4-8_manning003_extreme/E01522N3585E03578N2685-BS-M809_E01882N3378_D010_S247D30R090_A006995_S075	15	17	17	15	15	15	13	15	18	0	0	20	0	10	15	12	12	12	11	12	11	10	20	0	10	10	11	11	12	17	10	10	11	10	10	13	11	10	10	11	11	10	10	11	16	14	14	10	17	11	11	11	10	11	15	20	11	19	12	22	22	24	18	30	11	17	17	14	12	12	15	11	11	11	23	24	23	13	13	13	13	13	15	11	10	11	14
BS_4-8_manning003_extreme/E01522N3585E03578N2685-BS-M809_E01739N3490_D010_S067D70R090_A006995_S075	15	17	16	15	16	19	28	29	33	0	0	17	0	13	17	11	16	10	12	15	14	10	10	0	11	14	21	17	14	14	16	15	18	23	10	21	19	23	11	19	18	16	15	13	14	14	12	15	16	18	20	18	24	10	14	10	10	25	10	29	25	24	29	29	23	16	19	21	19	10	11	15	18	16	24	24	25	14	12	13	12	14	13	14	14	15	14
BS_4-8_manning003_extreme/E01522N3585E03578N2685-BS-M809_E01936N3378_D010_S067D70R090_A006995_S075	16	16	16	15	16	19	12	21	17	0	0	17	0	13	17	10	16	10	12	13	13	11	10	0	12	13	22	17	14	13	16	17	17	23	10	20	18	11	18	17	17	15	14	12	11	14	11	15	15	18	12	23	23	11	12	15	20	37	15	26	22	24	26	30	28	15	17	21	17	14	10	13	18	14	14	14	23	16	10	16	10	14	11	13	12	13	18
BS_4-8_manning003_extreme/E01522N3585E03578N2685-BS-M809_E01836N3422_D010_S067D70R270_A006995_S075	16	16	16	15	16	17	12	12	15	0	0	27	0	13	14	10	10	11	12	14	13	10	10	0	14	13	22	10	14	13	16	13	10	24	11	20	20	11	10	19	18	16	16	13	13	14	12	13	15	17	14	17	10	10	14	10	23	26	10	21	24	27	29	29	31	16	19	21	19	11	14	14	20	19	15	23	28	14	13	13	12	11	13	14	14	15	14
BS_4-8_manning003_extreme/E01522N3585E03578N2685-BS-M809_E01739N3490_D010_S067D50R090_A006995_S075	16	16	16	16	15	18	13	14	22	0	0	18	0	13	17	11	17	10	14	14	13	10	10	0	14	14	21	18	13	15	20	14	11	10	11	13	19	11	11	10	11	18	16	12	15	13	12	11	16	18	12	18	11	11	14	10	10	19	11	11	22	24	17	29	13	17	17	20	13	12	12	14	18	16	14	25	25	15	14	13	13	15	14	15	14	13	12
BS_4-8_manning003_extreme/E01522N3585E03578N2685-BS-M809_E01824N3355_D010_S247D50R090_A006995_S075	32	33	16	14	16	22	18	18	23	0	0	22	0	15	22	14	17	14	15	15	14	15	23	0	22	14	15	15	14	20	14	14	14	14	14	17	13	14	13	13	13	14	14	14	19	18	18	14	20	14	14	14	14	14	19	14	14	15	15	18	26	24	30	30	13	20	19	18	15	15	18	14	19	15	27	27	27	17	17	17	18	17	18	14	13	13	18
BS_4-8_manning003_extreme/E01522N3585E03578N2685-BS-M792_E01836N3422_D010_S067D70R270_A004781_S062	14	15	16	14	14	16	11	12	15	0	0	27	0	13	17	10	12	11	13	14	13	10	19	0	15	23	22	10	14	12	16	18	10	24	11	11	10	10	10	18	18	16	15	13	12	14	12	10	15	20	19	17	16	10	12	10	23	26	25	20	23	26	17	28	31	17	19	11	19	10	11	14	10	16	16	23	15	11	11	11	12	11	13	16	13	15	11
BS_4-8_manning003_extreme/E01522N3585E03578N2685-BS-M809_E01782N3422_D010_S067D30R090_A006995_S075	32	34	16	15	17	16	13	14	15	0	0	11	0	13	17	10	11	10	14	15	13	11	10	0	13	14	10	10	10	14	17	17	10	23	19	13	19	12	10	10	10	10	16	12	12	13	11	10	16	15	12	17	13	10	14	10	10	18	11	21	22	21	17	15	12	16	16	15	12	12	12	15	12	17	25	25	24	13	14	15	14	13	16	15	14	13	11
BS_4-8_manning003_extreme/E01267N3753E01646N3535-BS-M809_E01557N3557_D010_S067D70R270_A006995_S075	28	29	29	30	30	16	27	29	22	0	0	13	0	12	11	14	10	11	12	16	10	11	10	0	15	23	20	17	13	18	16	17	11	10	19	22	20	21	18	17	17	17	15	12	16	14	11	12	19	20	20	17	24	11	12	16	21	15	17	26	22	25	29	29	22	15	20	21	11	11	10	13	19	17	14	13	19	17	12	11	11	10	12	14	11	10	15
BS_4-8_manning003_extreme/E01522N3585E03578N2685-BS-M809_E01874N3333_D010_S067D30R090_A006995_S075	33	16	16	15	17	16	15	15	17	0	0	18	0	18	11	11	11	10	10	11	13	19	26	0	22	10	22	11	10	14	19	17	10	24	10	13	18	13	12	10	10	16	15	12	12	10	12	10	16	13	13	16	13	12	13	11	14	28	36	10	12	20	16	13	21	16	17	14	11	12	11	13	19	15	15	15	14	16	13	13	12	10	14	14	13	10	17
BS_4-8_manning003_extreme/E01267N3753E01646N3535-BS-M774_E01568N3625_D010_S067D90R270_A003139_S050	29	29	29	29	29	16	27	27	33	0	0	13	0	13	11	11	11	11	13	15	10	11	10	0	15	21	15	13	13	11	17	15	20	24	19	21	18	21	17	18	16	16	14	12	16	14	12	13	18	19	20	24	23	10	11	16	21	16	17	26	23	24	29	29	31	17	20	21	20	18	12	12	18	17	13	18	23	11	10	10	10	26	11	14	13	13	12
BS_4-8_manning003_extreme/E01267N3753E01646N3535-BS-M809_E01530N3737_D010_S157D90R270_A006995_S075	10	10	10	28	23	29	21	21	42	0	0	21	0	13	42	17	19	18	15	19	19	12	15	0	0	23	16	22	24	25	14	15	10	17	10	16	17	21	22	20	19	16	16	16	13	15	12	20	20	17	16	21	13	15	12	15	33	26	27	18	19	21	26	27	33	14	19	20	19	18	22	11	12	11	19	12	40	21	13	13	30	35	19	19	19	10	12
BS_4-8_manning003_extreme/E01522N3585E03578N2685-BS-M809_E01766N3490_D010_S247D30R090_A006995_S075	17	17	17	16	16	20	14	15	18	0	0	10	0	11	11	10	10	10	11	11	11	11	11	0	21	11	11	12	15	18	12	12	13	13	22	17	21	14	14	13	13	13	18	15	17	15	14	12	18	18	15	14	13	13	17	13	13	22	14	23	24	24	17	29	16	17	19	16	14	14	17	13	13	18	25	29	27	16	15	15	14	14	16	16	16	15	16
BS_4-8_manning003_extreme/E01522N3585E03578N2685-BS-M792_E01778N3400_D010_S067D30R090_A004781_S062	32	33	34	33	16	16	12	15	16	0	0	19	0	14	11	10	10	11	13	15	10	11	17	0	0	23	20	17	10	13	18	17	10	24	10	13	23	10	12	10	18	17	15	12	12	12	12	11	13	14	14	17	14	11	13	10	38	28	11	11	11	22	15	14	13	17	16	15	12	11	15	15	20	16	13	13	32	21	13	13	13	13	25	17	12	12	11
BS_4-8_manning003_extreme/E01470N3877E01631N3641-BS-M792_E01603N3670_D010_S022D90R090_A008541_S034	35	35	35	36	19	19	35	35	33	0	0	38	0	12	11	14	17	13	12	13	15	11	20	0	12	18	20	21	10	15	17	15	15	16	19	19	19	19	19	18	18	16	15	12	16	15	11	10	15	18	13	22	12	10	12	10	20	25	26	25	23	24	28	30	28	15	20	21	19	19	14	12	18	16	13	13	30	16	14	14	13	13	13	18	12	13	11
BS_4-8_manning003_extreme/E01522N3585E03578N2685-BS-M809_E01954N3333_D010_S247D50R090_A006995_S075	32	16	16	15	16	20	19	19	24	0	0	24	0	16	16	15	17	17	15	15	18	23	17	0	10	16	15	17	17	20	16	16	16	16	16	18	23	16	15	15	15	15	16	16	19	18	18	16	20	15	15	16	16	15	19	17	14	23	15	18	26	24	30	20	18	19	19	18	15	15	19	13	19	18	14	27	20	17	17	17	18	17	19	14	13	14	15
BS_4-8_manning003_extreme/E01522N3585E03578N2685-BS-M809_E01857N3535_D010_S022D70R090_A006995_S075	21	19	18	18	19	20	21	21	33	0	0	19	0	13	17	17	12	17	12	13	12	18	16	0	12	18	17	17	19	11	16	15	16	15	14	16	18	10	13	17	17	15	15	13	12	12	12	15	15	13	12	14	13	18	11	10	13	34	13	11	22	22	12	27	12	15	17	15	11	11	17	12	19	18	14	14	13	16	15	15	14	10	15	14	11	10	13
BS_4-8_manning003_extreme/E01522N3585E03578N2685-BS-M809_E01813N3445_D010_S067D70R090_A006995_S075	15	16	16	14	15	18	11	14	15	0	0	27	0	13	17	10	17	10	13	15	13	11	29	0	12	13	20	10	13	13	17	12	10	24	13	21	19	10	11	18	17	16	15	13	14	14	11	10	16	18	14	16	11	10	14	10	10	25	10	27	24	25	28	29	30	16	19	20	12	12	13	14	20	16	15	23	25	14	14	13	13	14	14	14	14	15	14
BS_4-8_manning003_extreme/E01522N3585E03578N2685-BS-M792_E01798N3512_D010_S247D30R090_A004781_S062	34	16	16	14	15	19	21	14	18	0	0	20	0	13	12	12	10	11	11	10	10	10	10	0	0	10	12	10	13	16	11	11	13	12	23	15	20	13	13	14	14	14	15	14	16	14	14	16	16	16	14	16	15	15	15	14	10	17	16	15	26	26	19	30	16	17	17	21	17	17	15	16	19	27	24	17	18	18	18	18	20	19	21	16	18	17	18
BS_4-8_manning003_extreme/E01522N3585E03578N2685-BS-M809_E01886N3400_D010_S067D30R090_A006995_S075	32	16	16	15	17	16	13	14	16	0	0	18	0	13	11	10	12	10	12	15	13	18	10	0	11	13	20	17	10	13	17	17	10	10	13	13	18	10	10	10	10	10	16	12	13	11	11	10	12	14	11	10	13	10	14	10	10	29	12	21	14	21	17	14	12	16	16	14	12	12	12	14	10	16	13	41	41	14	13	14	14	12	15	15	13	12	11
BS_4-8_manning003_extreme/E01522N3585E03578N2685-BS-M809_E01863N3422_D010_S067D70R090_A006995_S075	15	17	16	15	15	19	12	19	22	0	0	27	0	13	17	11	16	11	12	15	13	11	17	0	12	13	20	17	13	13	17	17	16	24	13	13	19	10	10	18	17	16	15	12	14	14	11	10	16	19	14	16	11	10	14	10	21	27	17	27	24	26	28	28	30	16	18	20	18	13	13	13	19	15	15	29	28	16	14	13	16	14	17	14	14	15	13
BS_4-8_manning003_extreme/E01267N3753E01646N3535-BS-M809_E01530N3737_D144_S067D10R270_A006995_S075	30	32	32	31	19	27	32	31	37	0	0	33	0	47	57	28	30	27	26	26	28	22	25	0	10	24	21	18	18	18	18	17	24	25	27	24	23	27	27	26	26	17	28	21	17	16	14	27	21	42	42	43	32	20	19	19	39	53	36	15	34	34	35	35	36	38	18	53	10	49	15	15	15	31	46	43	37	39	43	43	46	47	54	28	12	34	34
BS_4-8_manning003_extreme/E01522N3585E03578N2685-BS-M809_E01901N3333_D010_S067D70R090_A006995_S075	16	17	16	15	16	19	29	21	17	0	0	18	0	19	11	10	11	10	15	11	13	20	15	0	23	11	22	17	12	14	19	16	18	24	13	13	18	10	19	18	17	16	15	13	13	14	11	14	14	13	13	15	14	11	12	16	20	37	23	26	23	25	26	27	29	15	17	21	17	12	13	12	18	15	14	14	23	16	17	16	10	14	11	14	11	13	18
BS_4-8_manning003_extreme/E01522N3585E03578N2685-BS-M809_E01640N3557_D010_S067D70R090_A006995_S075	15	16	15	14	15	18	18	29	22	0	0	26	0	13	14	11	12	11	14	15	14	11	17	0	14	14	20	17	13	15	15	15	19	23	10	21	20	10	20	18	18	16	15	14	15	14	12	15	18	18	20	24	11	11	14	10	23	26	27	28	22	23	28	29	35	17	20	20	17	13	16	12	17	13	13	29	26	15	14	13	16	14	13	14	11	13	16
BS_4-8_manning003_extreme/E01522N3585E03578N2685-BS-M809_E01840N3445_D010_S067D30R090_A006995_S075	32	16	17	15	16	15	12	14	16	0	0	11	0	12	17	10	12	10	13	15	13	18	10	0	11	13	20	17	10	15	17	16	10	10	10	13	19	11	11	10	11	11	16	12	15	12	12	11	13	14	12	12	11	11	14	10	11	19	14	22	22	22	18	15	14	17	17	15	14	14	14	14	20	16	13	45	43	16	16	15	14	16	17	15	14	13	14
BS_4-8_manning003_extreme/E01446N4259E02038N3783-BS-M809_E01946N3827_D010_S337D70R090_A006995_S075	16	17	17	15	16	20	21	21	18	0	0	21	0	15	11	17	11	17	14	15	16	12	15	0	12	24	16	18	20	16	18	12	11	17	19	16	21	20	19	19	14	17	15	13	12	15	11	15	15	15	13	15	13	18	12	17	19	16	13	20	10	21	24	26	27	17	18	20	18	18	18	11	13	22	14	13	13	15	14	14	15	15	20	10	15	13	12
BS_4-8_manning003_extreme/E01267N3753E01646N3535-BS-M809_E01544N3647_D010_S067D90R090_A006995_S075	29	31	31	30	30	31	29	30	29	0	0	28	0	13	16	11	16	11	13	13	10	11	10	0	25	14	20	17	13	15	16	15	18	24	21	20	19	24	10	18	22	15	14	14	18	14	11	15	18	18	17	22	12	11	13	10	22	26	27	29	24	25	32	29	34	17	19	24	16	14	12	12	56	43	42	42	38	48	46	44	47	26	46	19	10	15	21
BS_4-8_manning003_extreme/E00979N4372E01586N3827-BS-M809_E01517N3827_D010_S337D70R090_A006995_S075	20	18	24	10	19	17	21	22	26	0	0	20	0	17	18	18	19	19	11	13	12	16	17	0	14	20	18	16	12	12	18	11	11	16	19	16	26	23	26	21	28	28	27	12	12	29	12	10	30	30	32	26	36	12	14	14	44	39	39	18	40	39	39	15	13	12	11	11	10	42	35	35	39	43	14	13	14	13	13	13	14	14	14	42	42	36	36
BS_4-8_manning003_extreme/E01522N3585E03578N2685-BS-M809_E01817N3467_D010_S067D70R090_A006995_S075	15	16	16	14	15	18	11	14	22	0	0	27	0	13	17	10	17	10	13	16	13	11	10	0	12	13	20	18	14	14	17	11	10	10	13	13	19	10	11	11	17	16	16	13	16	14	11	10	16	19	14	16	13	11	14	17	21	27	14	28	24	25	28	29	23	16	19	23	19	13	16	14	18	16	14	29	25	15	14	14	16	14	18	14	14	15	16
BS_4-8_manning003_extreme/E01267N3753E01646N3535-BS-M809_E01530N3737_D144_S067D90R090_A006995_S075	30	32	20	32	19	20	30	31	35	0	0	34	0	32	27	27	27	28	26	26	30	19	21	0	14	23	18	18	18	17	19	17	22	24	24	23	22	12	13	15	18	15	10	20	16	16	15	11	15	39	39	30	31	21	23	25	41	50	35	17	34	33	33	34	36	36	12	11	12	12	10	17	10	30	46	45	36	48	44	45	49	49	34	14	13	14	14
BS_4-8_manning003_extreme/E01522N3585E03578N2685-BS-M809_E01754N3422_D010_S247D50R090_A006995_S075	33	34	33	33	31	23	17	18	21	0	0	12	0	13	20	12	12	13	13	13	13	13	13	0	22	13	21	22	14	20	14	14	13	14	13	17	13	14	14	13	13	13	13	14	18	17	17	14	20	20	14	14	14	14	19	14	14	22	15	24	26	24	30	20	14	18	20	18	15	15	18	13	19	15	27	27	27	23	17	17	18	16	18	19	13	15	18
BS_4-8_manning003_extreme/E01522N3585E03578N2685-BS-M809_E01585N3557_D010_S067D30R090_A006995_S075	29	31	32	14	17	18	12	14	15	0	0	20	0	14	12	11	11	13	14	11	10	11	17	0	15	24	20	16	13	15	17	17	11	24	18	12	18	11	12	18	18	17	15	12	12	10	12	10	13	15	13	17	11	10	12	19	14	17	10	12	23	19	15	13	11	15	15	12	11	10	12	12	10	11	23	12	23	13	12	12	15	13	16	14	11	10	11
BS_4-8_manning003_extreme/E01522N3585E03578N2685-BS-M809_E01867N3445_D010_S067D50R270_A006995_S075	15	15	16	15	14	17	20	12	16	0	0	20	0	13	13	14	12	10	13	14	12	11	10	0	14	13	21	10	13	13	17	13	12	24	11	16	10	11	11	11	18	17	15	12	13	14	13	13	15	17	14	17	10	11	14	10	21	15	15	21	24	26	17	29	15	17	20	18	16	16	15	14	20	16	16	23	28	25	18	17	17	11	18	16	14	15	13
BS_4-8_manning003_extreme/E01522N3585E03578N2685-BS-M809_E01832N3400_D010_S247D30R090_A006995_S075	16	16	16	15	16	19	13	15	18	0	0	10	0	10	10	11	11	10	12	10	10	11	11	0	22	10	12	11	13	17	10	11	11	11	11	14	10	10	10	11	11	11	11	11	16	14	14	11	17	11	11	11	11	11	15	11	11	19	12	14	23	22	28	30	12	16	21	15	12	12	15	12	11	11	25	24	24	14	14	14	14	13	15	12	12	14	12
BS_4-8_manning003_extreme/E01267N3753E01646N3535-BS-M754_E01616N3580_D010_S067D90R090_A001972_S039	27	28	28	28	28	15	26	27	21	0	0	13	0	12	12	11	15	10	13	13	10	11	10	0	11	21	20	16	13	22	11	14	10	22	14	21	18	20	17	18	16	16	15	12	12	14	11	12	18	18	20	24	14	10	12	16	20	13	17	26	22	25	29	29	21	17	20	23	20	11	11	11	17	16	13	12	21	15	13	12	13	15	10	14	10	12	16
BS_4-8_manning003_extreme/E01522N3585E03578N2685-BS-M809_E01824N3355_D010_S067D50R090_A006995_S075	17	17	17	15	15	19	12	14	23	0	0	17	0	13	17	15	10	11	13	14	12	18	10	0	12	13	22	17	14	12	16	17	10	23	19	12	17	10	17	17	17	16	15	12	12	13	12	15	15	13	13	16	13	10	13	16	21	16	15	10	23	24	26	27	12	16	17	17	12	13	11	13	19	15	15	24	25	21	17	16	11	15	13	15	13	10	15
BS_4-8_manning003_extreme/E01522N3585E03578N2685-BS-M809_E01762N3467_D010_S067D30R090_A006995_S075	32	32	16	15	16	16	13	14	16	0	0	10	0	14	16	11	16	10	13	15	13	10	10	0	11	13	21	10	11	14	18	15	10	10	10	13	19	11	11	10	10	10	16	12	14	12	12	11	15	15	12	10	10	11	14	11	10	18	11	22	22	22	20	13	12	15	17	15	12	12	13	12	10	16	14	14	26	15	15	15	14	12	15	13	12	12	11
BS_4-8_manning003_extreme/E01522N3585E03578N2685-BS-M809_E01905N3355_D010_S067D30R090_A006995_S075	32	16	17	15	17	15	13	14	18	0	0	18	0	13	16	10	17	10	12	13	13	18	10	0	11	24	19	17	11	13	18	13	10	24	13	12	18	10	10	18	20	16	15	12	11	10	11	15	12	13	14	16	13	10	12	10	14	16	27	20	22	19	15	13	12	16	15	13	12	10	11	13	10	18	15	24	24	13	13	12	13	11	14	15	12	10	15
BS_4-8_manning003_extreme/E01446N4259E02038N3783-BS-M809_E01846N3895_D010_S112D90R270_A006995_S075	25	21	19	22	19	21	21	23	40	0	0	20	0	14	16	16	18	19	19	15	13	13	16	0	12	17	17	15	10	16	16	11	12	16	19	17	20	12	20	19	20	17	16	13	12	16	12	20	16	17	17	14	13	10	12	10	10	19	10	10	22	23	24	26	12	17	19	20	21	19	11	14	12	11	22	16	16	14	13	13	22	17	22	18	20	13	12
BS_4-8_manning003_extreme/E01522N3585E03578N2685-BS-M809_E01613N3557_D010_S067D50R270_A006995_S075	16	16	16	15	15	17	12	29	22	0	0	27	0	13	14	11	12	10	13	13	14	11	10	0	14	15	20	10	14	12	16	17	10	24	11	19	19	10	18	19	18	16	15	13	12	14	12	12	15	16	13	19	10	12	12	18	23	25	10	21	23	24	17	30	13	16	17	21	11	11	14	13	19	27	24	24	24	14	12	12	11	11	12	14	12	13	14
BS_4-8_manning003_extreme/E01548N3896E01854N3659-BS-M754_E01619N3760_D010_S157D50R270_A003524_S022	26	26	24	25	25	26	25	26	40	0	0	41	0	20	53	14	17	17	17	15	12	11	14	0	0	19	16	16	20	16	17	12	11	16	27	18	19	23	11	11	10	17	15	13	13	16	12	11	17	17	18	14	21	17	13	17	11	28	34	37	34	10	35	12	11	17	20	23	21	22	23	10	12	11	23	23	11	12	20	24	24	21	10	23	22	11	10
BS_4-8_manning003_extreme/E01267N3753E01646N3535-BS-M809_E01564N3602_D010_S067D10R090_A006995_S075	28	29	30	14	28	16	10	11	16	0	0	28	0	13	16	13	12	15	10	11	10	10	11	0	13	13	10	12	14	15	20	10	21	23	13	21	23	13	12	20	20	19	18	15	15	17	14	12	21	21	21	18	10	12	13	18	23	17	19	20	23	28	29	31	40	19	22	23	21	20	14	14	19	16	11	27	27	13	12	11	11	11	11	15	17	16	12
BS_4-8_manning003_extreme/E01522N3585E03578N2685-BS-M792_E01668N3557_D010_S067D70R270_A004781_S062	16	15	16	14	15	17	11	28	23	0	0	26	0	13	14	14	10	10	13	13	14	10	10	0	14	13	13	10	13	17	18	14	19	25	10	21	20	10	20	19	18	16	15	13	15	14	12	12	15	17	20	19	11	11	12	10	10	25	18	26	22	24	18	30	32	18	18	20	18	12	16	13	19	17	14	19	19	16	14	15	14	10	12	14	11	13	14
BS_4-8_manning003_extreme/E01522N3585E03578N2685-BS-M809_E01901N3333_D010_S067D30R090_A006995_S075	32	16	16	16	16	16	15	15	18	0	0	18	0	19	11	10	11	10	10	12	13	20	11	0	23	24	21	16	13	14	19	17	10	24	13	13	18	10	10	18	10	16	15	12	11	11	11	10	15	13	13	16	14	10	13	10	14	16	10	10	12	20	16	13	21	16	18	13	12	10	11	13	19	19	15	24	13	17	13	13	12	11	14	15	12	10	17
BS_4-8_manning003_extreme/E01522N3585E03578N2685-BS-M809_E01640N3557_D010_S247D30R090_A006995_S075	15	16	16	15	16	19	12	13	17	0	0	18	0	13	10	11	12	10	13	12	14	10	10	0	22	21	11	18	14	16	17	12	11	10	10	16	19	12	12	11	20	20	17	14	16	15	14	14	16	19	13	21	13	13	14	12	13	21	15	19	24	24	28	29	15	16	19	22	15	16	14	17	19	17	23	22	26	16	15	14	13	12	14	17	16	14	13
BS_4-8_manning003_extreme/E01267N3753E01646N3535-BS-M809_E01530N3737_D010_S112D90R270_A006995_S075	28	28	28	28	19	32	27	27	34	0	0	21	0	13	30	23	10	12	20	18	17	10	10	0	15	12	11	12	14	15	12	14	13	11	15	21	12	16	26	15	20	12	18	15	14	15	11	20	21	20	18	22	20	17	12	16	35	13	28	17	21	21	19	12	11	15	17	21	16	17	17	27	12	28	30	31	15	33	42	42	47	47	11	24	20	11	20
BS_4-8_manning003_extreme/E01522N3585E03578N2685-BS-M809_E01895N3445_D010_S247D70R270_A006995_S075	32	17	17	16	17	18	20	34	15	0	0	20	0	13	22	10	17	10	13	13	13	11	17	0	12	10	15	22	13	10	16	12	19	16	10	21	19	25	22	18	17	16	15	14	17	15	11	14	18	19	20	23	14	17	13	17	21	28	28	36	22	27	33	30	31	18	21	24	21	20	10	12	18	17	13	45	43	22	19	18	23	16	27	18	15	14	19
BS_4-8_manning003_extreme/E01522N3585E03578N2685-BS-M809_E01878N3355_D010_S067D50R270_A006995_S075	16	16	17	15	15	18	13	13	17	0	0	18	0	15	16	17	17	16	12	15	13	11	28	0	13	10	12	10	11	13	17	14	10	24	10	11	19	10	13	18	17	16	15	12	11	11	12	10	15	19	13	11	18	10	11	10	13	15	15	10	21	25	26	28	10	17	17	10	12	20	11	13	19	17	15	15	14	10	11	11	12	10	13	15	13	11	18
BS_4-8_manning003_extreme/E01522N3585E03578N2685-BS-M809_E01847N3333_D010_S067D30R090_A006995_S075	32	32	16	16	17	18	15	15	18	0	0	18	0	18	11	10	11	13	14	13	12	19	27	0	22	24	22	10	11	14	16	17	10	24	19	13	19	13	12	10	18	16	15	12	12	13	11	15	15	13	13	15	25	10	13	11	14	33	15	20	23	24	16	14	12	16	15	14	12	13	11	13	19	15	16	25	14	17	14	13	12	10	13	14	12	11	18
BS_4-8_manning003_extreme/E01108N3882E01527N3690-BS-M809_E01442N3715_D010_S247D30R270_A012497_S042	28	28	29	28	29	31	30	31	34	0	0	25	0	31	31	37	33	37	36	19	10	10	20	0	0	22	18	22	21	24	31	11	29	27	24	20	22	27	40	43	20	18	17	17	17	19	10	16	19	20	18	21	11	22	11	17	14	35	30	32	35	10	10	13	11	17	22	27	22	20	16	22	15	22	22	39	50	44	37	33	24	26	20	41	43	44	32
BS_4-8_manning003_extreme/E01522N3585E03578N2685-BS-M792_E01633N3512_D010_S067D30R090_A004781_S062	31	33	34	29	16	17	12	14	15	0	0	26	0	14	13	16	11	13	12	14	10	10	19	0	23	23	17	17	10	12	17	17	10	24	13	11	17	14	17	17	17	16	15	12	12	13	11	12	15	14	13	16	13	10	12	18	14	18	15	12	23	24	16	13	12	16	14	13	11	12	10	13	10	15	13	13	10	14	12	12	11	10	12	15	12	10	15
BS_4-8_manning003_extreme/E01522N3585E03578N2685-BS-M792_E01886N3400_D010_S067D90R090_A004781_S062	15	16	16	13	16	18	11	29	14	0	0	17	0	13	18	11	16	11	12	15	13	11	10	0	12	13	20	17	14	12	17	17	16	24	10	20	17	20	17	17	16	16	15	12	11	14	11	11	15	19	13	15	13	12	13	11	21	14	23	26	22	25	29	30	12	16	18	24	18	12	10	12	18	14	14	13	26	16	10	10	23	10	11	14	12	14	15
BS_4-8_manning003_extreme/E01267N3753E01646N3535-BS-M792_E01589N3580_D010_S067D90R270_A004781_S062	29	30	31	29	30	16	27	28	14	0	0	13	0	13	13	14	10	11	12	13	10	11	10	0	15	13	20	17	13	18	16	17	19	25	10	22	20	21	18	19	17	16	14	13	16	14	11	12	19	20	12	17	23	11	12	20	21	25	26	21	22	24	28	30	34	17	20	23	20	11	12	12	18	17	14	29	27	13	11	11	11	10	12	14	11	13	12
BS_4-8_manning003_extreme/E01267N3753E01646N3535-BS-M809_E01561N3580_D010_S067D90R270_A006995_S075	29	31	32	30	30	16	28	28	34	0	0	29	0	13	14	11	12	11	13	14	10	11	20	0	15	20	15	17	14	11	16	17	19	25	19	21	21	22	17	18	17	16	14	13	11	14	12	15	20	20	12	17	23	10	12	19	24	16	26	32	23	27	29	30	31	17	19	21	20	18	10	12	18	17	15	29	23	19	12	11	12	11	13	15	22	20	21
BS_4-8_manning003_extreme/E01522N3585E03578N2685-BS-M809_E01905N3355_D010_S067D70R090_A006995_S075	16	16	16	15	16	19	11	21	17	0	0	18	0	23	14	10	14	10	22	13	13	19	10	0	11	13	22	17	13	14	18	17	12	24	13	13	18	20	10	18	17	16	15	12	11	13	11	15	16	13	13	10	14	10	12	16	13	10	23	10	22	24	26	27	28	15	17	21	17	11	13	13	19	15	14	23	23	16	11	11	10	14	11	14	11	13	15
BS_4-8_manning003_extreme/E01470N3877E01631N3641-BS-M809_E01583N3715_D010_S022D90R090_A012497_S042	23	20	19	19	33	11	21	22	39	0	0	15	0	15	14	14	15	17	12	13	15	11	20	0	10	19	18	21	21	16	25	10	16	24	19	20	19	24	20	18	18	16	15	12	16	15	11	11	17	18	19	22	12	10	11	16	20	25	26	26	23	25	28	30	28	15	20	19	19	11	16	12	17	43	14	41	31	15	15	15	36	29	39	13	12	13	11
BS_4-8_manning003_extreme/E01522N3585E03578N2685-BS-M809_E01798N3512_D010_S247D50R090_A006995_S075	33	33	16	16	16	18	25	18	21	0	0	13	0	14	13	13	13	13	14	14	14	14	14	0	13	14	15	18	18	20	13	15	16	14	17	20	23	17	17	19	19	19	20	19	19	18	18	19	21	21	21	22	24	18	18	17	37	14	16	25	27	27	31	31	24	18	21	23	24	17	27	11	20	16	54	40	45	30	18	17	18	16	24	17	18	15	18
BS_4-8_manning003_extreme/E01267N3753E01646N3535-BS-M809_E01575N3670_D010_S202D70R270_A006995_S075	34	35	17	18	17	16	34	33	14	0	0	19	0	12	14	16	13	13	12	13	15	11	27	0	11	18	20	21	10	15	16	10	16	15	19	20	20	10	20	20	18	16	15	12	16	15	11	13	15	18	12	14	12	10	11	16	20	31	24	34	28	25	29	30	12	17	20	20	20	18	12	11	17	16	13	13	11	21	13	13	12	12	11	13	12	12	11
BS_4-8_manning003_extreme/E01267N3753E01646N3535-BS-M774_E01592N3602_D010_S067D90R090_A003139_S050	28	30	30	28	29	16	27	27	14	0	0	26	0	13	11	10	15	11	14	13	10	11	10	0	15	23	15	17	13	15	12	17	19	23	19	11	19	25	17	18	17	16	15	13	11	13	11	12	19	19	20	23	23	10	12	17	21	26	27	11	22	24	28	30	21	16	19	24	19	17	12	12	18	16	13	11	22	14	15	12	11	10	12	13	11	12	13
BS_4-8_manning003_extreme/E01522N3585E03578N2685-BS-M809_E01874N3333_D010_S247D50R090_A006995_S075	32	33	17	15	17	20	19	19	23	0	0	23	0	16	16	15	17	16	14	15	17	22	16	0	10	15	14	16	16	20	16	15	15	14	15	18	22	14	14	15	15	15	14	14	19	17	18	15	20	14	14	14	14	14	19	14	14	23	15	18	16	24	30	16	14	20	19	18	15	15	18	15	19	15	15	15	27	17	17	17	17	17	19	14	13	14	18
BS_4-8_manning003_extreme/E01470N3877E01631N3641-BS-M809_E01587N3737_D010_S157D90R270_A012497_S042	19	17	12	11	20	11	26	27	13	0	0	20	0	19	10	11	12	14	12	10	12	10	11	0	14	12	23	14	14	15	15	20	11	26	25	20	27	24	21	21	22	30	31	13	14	15	11	24	17	17	17	13	13	16	12	17	34	28	31	18	22	23	24	27	26	17	20	20	18	18	24	11	13	12	13	13	25	22	26	28	44	13	27	19	19	10	12
BS_4-8_manning003_extreme/E01522N3585E03578N2685-BS-M809_E01613N3557_D010_S067D30R090_A006995_S075	31	33	32	13	16	18	12	13	15	0	0	20	0	13	14	10	12	11	14	11	13	17	17	0	11	23	20	16	10	14	17	14	10	24	19	12	18	12	12	10	18	17	15	13	13	12	12	10	15	16	13	10	10	10	13	10	14	17	11	21	22	19	15	12	13	15	17	13	12	12	13	13	19	15	12	57	56	13	15	15	15	13	16	14	11	13	12
BS_4-8_manning003_extreme/E01522N3585E03578N2685-BS-M809_E01692N3535_D010_S067D50R270_A006995_S075	16	16	16	15	17	17	12	13	15	0	0	18	0	13	14	12	12	10	13	15	13	11	10	0	13	14	14	10	14	14	16	10	19	24	19	12	20	11	11	11	18	16	15	13	15	14	13	13	16	17	14	18	11	11	12	10	12	25	13	26	24	25	18	30	28	16	18	21	13	13	15	13	19	17	14	14	19	17	16	15	15	14	16	14	13	13	14
BS_4-8_manning003_extreme/E01522N3585E03578N2685-BS-M809_E01928N3333_D010_S067D30R090_A006995_S075	32	16	17	16	17	16	16	15	18	0	0	19	0	15	12	10	11	10	13	12	12	19	26	0	22	23	22	12	13	15	19	16	10	24	11	14	18	11	10	10	10	17	15	12	13	11	11	11	14	14	14	16	14	11	12	10	14	28	37	10	12	20	21	13	22	16	15	13	12	12	11	13	19	16	15	15	13	17	13	13	12	11	14	15	12	10	18
BS_4-8_manning003_extreme/E01522N3585E03578N2685-BS-M809_E01708N3467_D010_S247D50R090_A006995_S075	32	32	32	14	31	23	18	19	21	0	0	13	0	13	13	14	14	14	13	14	15	15	14	0	21	15	22	14	17	21	14	15	15	14	14	18	23	14	14	15	15	15	14	15	19	17	18	15	22	21	16	15	15	15	19	16	15	22	17	26	28	28	21	32	16	19	22	20	16	17	17	14	20	22	29	29	27	18	18	18	18	17	19	17	16	16	17
BS_4-8_manning003_extreme/E01522N3585E03578N2685-BS-M809_E01782N3422_D010_S247D50R090_A006995_S075	32	32	15	15	16	22	17	18	21	0	0	21	0	13	20	13	13	13	13	13	14	13	13	0	21	13	21	13	16	20	14	14	14	14	14	17	13	14	14	13	13	13	14	14	19	17	17	14	20	14	14	14	14	14	18	14	14	23	15	26	16	26	30	17	15	19	20	18	15	15	18	13	19	15	27	27	27	17	17	17	18	17	19	19	13	17	18
BS_4-8_manning003_extreme/E01522N3585E03578N2685-BS-M809_E01817N3467_D010_S247D30R090_A006995_S075	16	17	17	15	16	19	13	14	18	0	0	18	0	10	13	10	10	10	11	10	10	11	10	0	22	11	11	10	13	16	10	12	12	11	11	13	10	13	13	13	13	13	17	14	16	14	14	15	17	16	14	16	14	14	15	12	10	20	17	15	24	26	19	30	15	15	20	20	16	16	16	16	20	27	17	17	23	16	15	15	14	13	15	17	16	16	16
BS_4-8_manning003_extreme/E01446N4259E02038N3783-BS-M809_E01822N3917_D010_S292D70R090_A006995_S075	24	19	18	18	18	21	22	24	36	0	0	21	0	41	43	16	17	17	12	15	13	13	16	0	21	17	17	14	11	17	16	11	12	16	19	18	17	11	10	19	19	17	16	14	12	16	12	11	16	18	13	15	13	10	13	10	18	26	28	10	21	22	24	25	11	17	20	20	18	19	11	13	12	12	20	20	15	14	13	14	22	22	21	10	20	13	12
BS_4-8_manning003_extreme/E01522N3585E03578N2685-BS-M774_E01874N3333_D010_S067D70R090_A003139_S050	33	16	15	13	14	17	11	21	17	0	0	17	0	15	10	10	12	13	13	15	12	11	10	0	23	22	22	16	11	13	17	17	10	24	13	23	18	21	18	17	17	17	15	12	10	14	11	15	15	13	12	16	13	11	12	10	14	12	16	16	22	24	15	30	11	15	17	13	17	19	10	12	18	14	15	13	12	13	10	10	10	10	12	14	12	13	15
BS_4-8_manning003_extreme/E01548N3896E01854N3659-BS-M754_E01595N3782_D010_S337D50R090_A003524_S022	33	33	33	33	31	28	23	21	21	0	0	15	0	16	26	18	22	19	20	11	13	13	12	0	0	18	17	13	12	15	10	11	11	16	10	16	14	11	10	11	11	11	16	13	13	15	11	14	17	18	19	16	10	10	13	17	28	18	25	25	22	22	25	25	26	35	20	22	21	21	23	26	10	23	23	46	47	22	47	47	47	28	47	10	28	10	29
BS_4-8_manning003_extreme/E01522N3585E03578N2685-BS-M809_E01874N3333_D010_S067D50R090_A006995_S075	17	18	17	16	16	20	15	21	17	0	0	18	0	16	11	10	11	10	10	11	13	19	25	0	22	11	21	17	12	14	19	17	10	24	19	13	18	20	10	18	17	16	15	13	12	13	11	15	16	13	13	16	14	10	12	16	14	36	15	10	23	24	16	27	21	15	17	19	11	11	11	13	19	15	15	14	25	10	21	11	11	15	13	14	11	10	18
BS_4-8_manning003_extreme/E01108N3882E01527N3690-BS-M809_E01484N3805_D010_S157D90R270_A012497_S042	27	50	38	48	47	32	29	38	41	0	0	44	0	39	32	36	35	39	36	36	34	13	17	0	0	23	19	14	13	22	13	16	16	18	15	22	17	14	13	19	19	17	15	15	17	21	12	11	16	18	16	11	11	14	14	15	10	31	10	43	10	34	35	38	10	13	11	10	12	11	58	12	13	11	11	11	11	12	12	12	12	12	12	31	32	32	12
BS_4-8_manning003_extreme/E01267N3753E01646N3535-BS-M809_E01551N3692_D010_S022D70R090_A006995_S075	19	19	19	19	19	19	20	20	33	0	0	19	0	35	35	17	17	16	12	13	15	11	16	0	11	11	20	17	12	16	15	13	14	16	18	16	17	11	20	11	17	16	14	12	16	15	11	15	15	15	12	22	21	10	11	18	22	22	25	26	22	22	26	27	27	15	16	18	17	30	33	14	21	25	42	43	37	26	28	27	29	31	32	16	12	15	22
BS_4-8_manning003_extreme/E01522N3585E03578N2685-BS-M809_E01857N3535_D010_S247D50R090_A006995_S075	34	34	35	36	35	22	24	17	22	0	0	22	0	20	13	14	12	13	15	15	13	13	12	0	0	13	14	21	16	19	13	15	23	23	13	16	22	14	15	24	10	15	12	17	17	14	11	12	19	21	13	14	22	10	15	10	10	14	14	10	27	30	11	12	11	17	10	23	11	11	16	11	17	16	13	13	11	15	15	14	13	12	11	14	11	13	14
BS_4-8_manning003_extreme/E01267N3753E01646N3535-BS-M792_E01589N3580_D010_S067D90R090_A004781_S062	28	30	30	28	29	15	27	28	14	0	0	26	0	13	12	11	15	11	12	17	10	11	10	0	14	14	20	16	13	22	16	17	19	24	19	20	20	25	17	18	17	16	15	12	11	14	11	12	19	18	20	23	23	11	12	17	21	26	28	11	22	24	28	30	11	16	19	23	19	11	12	11	17	16	12	10	27	11	10	19	12	11	13	14	11	13	11
BS_4-8_manning003_extreme/E01522N3585E03578N2685-BS-M809_E01762N3467_D010_S067D70R090_A006995_S075	16	17	16	15	15	19	28	29	22	0	0	26	0	13	17	11	16	10	12	12	14	11	10	0	12	13	21	17	13	15	16	15	10	24	10	21	19	10	10	19	18	17	16	13	13	15	12	10	16	15	15	17	12	11	14	18	10	18	10	28	25	24	29	29	24	17	19	21	19	11	12	14	20	16	16	26	24	15	14	13	13	11	13	17	13	15	11
BS_4-8_manning003_extreme/E01522N3585E03578N2685-BS-M792_E01847N3333_D010_S067D30R090_A004781_S062	32	32	16	14	16	17	20	15	17	0	0	18	0	16	10	14	12	12	12	15	11	18	27	0	23	23	22	10	11	13	17	17	10	24	10	13	18	10	13	18	17	16	15	12	11	11	11	15	12	14	14	16	14	10	12	10	14	27	16	19	11	20	16	13	10	16	15	14	12	10	10	11	20	15	13	13	42	17	12	12	12	10	24	15	12	11	10
BS_4-8_manning003_extreme/E01522N3585E03578N2685-BS-M809_E01794N3490_D010_S247D50R090_A006995_S075	32	32	15	14	16	17	25	17	21	0	0	13	0	14	14	14	13	14	14	14	14	15	14	0	14	14	16	15	17	21	15	15	16	16	17	17	14	17	17	17	17	17	19	18	19	18	18	19	19	21	19	19	16	19	20	17	37	25	21	27	27	27	20	20	19	19	21	19	21	17	16	14	20	16	13	28	30	20	18	18	18	16	18	16	14	15	16
BS_4-8_manning003_extreme/E01446N4259E02038N3783-BS-M792_E01822N3917_D010_S112D90R270_A004781_S062	25	18	18	18	18	19	21	23	35	0	0	20	0	13	13	18	17	16	12	16	13	14	16	0	64	19	16	15	20	16	17	12	11	16	19	17	16	10	11	10	20	18	16	13	12	15	12	12	17	17	17	15	13	10	13	10	21	18	29	19	10	22	24	25	11	14	20	21	21	10	17	11	13	12	13	20	22	13	13	14	22	13	20	19	22	14	12
BS_4-8_manning003_extreme/E01522N3585E03578N2685-BS-M792_E01644N3580_D010_S247D70R090_A004781_S062	29	31	15	13	15	16	27	27	15	0	0	17	0	13	14	11	12	10	13	12	14	11	19	0	20	21	21	16	13	14	16	13	18	22	10	21	21	11	11	18	19	17	18	14	17	15	13	13	19	20	20	18	12	13	18	10	37	28	31	26	28	30	32	31	40	18	20	24	20	17	16	12	18	16	13	42	45	15	15	15	16	16	15	14	18	12	16
BS_4-8_manning003_extreme/E01522N3585E03578N2685-BS-M809_E01882N3378_D010_S067D70R090_A006995_S075	16	16	16	15	16	19	12	20	17	0	0	18	0	14	17	15	16	11	12	13	14	17	22	0	12	14	20	17	13	13	18	17	11	24	19	13	18	20	17	18	17	16	15	11	11	13	11	15	15	13	13	16	13	10	12	16	20	11	24	10	23	24	26	27	28	15	17	20	11	12	11	13	19	15	14	23	27	16	11	11	10	14	12	14	13	10	16
BS_4-8_manning003_extreme/E01522N3585E03578N2685-BS-M809_E01684N3490_D010_S067D50R090_A006995_S075	16	16	16	14	15	19	12	14	22	0	0	17	0	13	17	11	11	10	14	11	13	11	11	0	14	23	14	17	10	15	18	15	10	23	14	13	19	10	10	18	17	17	15	12	13	14	11	10	15	18	12	18	10	11	12	10	21	26	41	11	22	24	26	29	29	17	17	20	13	11	12	14	18	16	15	25	25	15	12	13	12	10	13	15	13	13	11
BS_4-8_manning003_extreme/E01522N3585E03578N2685-BS-M792_E01754N3422_D010_S247D50R090_A004781_S062	32	34	34	33	17	21	15	16	20	0	0	11	0	19	19	11	11	11	12	11	12	12	12	0	17	12	19	21	15	18	12	12	12	12	12	16	21	11	26	17	17	17	18	16	17	15	11	12	19	20	16	12	23	11	18	17	36	21	14	15	15	25	20	18	15	16	21	25	17	13	13	13	20	16	14	13	44	15	16	16	16	15	14	19	16	17	18
BS_4-8_manning003_extreme/E01267N3753E01646N3535-BS-M809_E01572N3647_D010_S067D90R090_A006995_S075	29	31	15	30	17	19	27	29	28	0	0	29	14	13	13	11	16	10	22	13	10	11	10	0	13	20	15	17	15	15	16	13	18	16	20	21	19	24	17	18	17	16	26	14	16	21	11	14	18	18	19	23	24	11	12	15	22	26	27	27	24	25	32	29	34	17	20	24	19	17	12	12	15	56	54	43	44	45	44	31	30	35	39	13	11	12	10
BS_4-8_manning003_extreme/E01267N3753E01646N3535-BS-M809_E01530N3737_D010_S292D70R090_A006995_S075	29	32	33	32	31	27	29	31	40	0	0	48	0	13	11	44	28	12	14	18	17	10	20	0	11	14	13	14	17	15	17	10	22	13	17	13	15	17	14	15	21	12	19	16	14	14	12	10	12	20	18	20	19	18	11	17	13	11	21	16	21	21	17	10	11	15	17	19	16	18	15	14	11	27	28	29	16	31	40	40	45	45	20	17	20	10	18
BS_4-8_manning003_extreme/E01522N3585E03578N2685-BS-M809_E01844N3467_D010_S067D30R090_A006995_S075	34	16	17	15	16	15	21	13	16	0	0	18	0	13	17	11	10	10	14	15	13	11	18	0	11	13	20	10	13	14	17	13	11	10	11	13	19	11	11	11	12	17	16	13	13	14	13	14	16	14	14	17	10	13	14	10	10	20	16	11	24	22	23	18	16	17	17	15	17	17	17	18	16	16	13	45	41	27	19	15	14	13	26	16	14	16	17
BS_4-8_manning003_extreme/E01522N3585E03578N2685-BS-M809_E01743N3512_D010_S247D30R090_A006995_S075	16	17	17	16	16	20	14	21	18	0	0	10	0	10	10	10	10	10	11	10	11	11	10	0	26	11	18	14	13	17	10	13	12	21	13	17	21	13	13	13	13	13	18	14	17	15	14	14	18	18	15	20	14	15	15	13	12	21	17	23	24	25	29	29	16	16	19	21	17	13	17	17	21	18	26	24	23	20	15	15	15	13	15	18	17	12	13
BS_4-8_manning003_extreme/E01522N3585E03578N2685-BS-M809_E01832N3400_D010_S067D30R090_A006995_S075	32	16	16	15	16	15	13	14	16	0	0	20	0	13	17	10	10	11	14	15	13	18	10	0	13	14	21	10	10	14	17	17	10	23	10	13	18	10	10	10	10	10	16	12	13	11	11	10	12	15	12	10	13	10	14	10	10	18	11	21	22	21	17	13	12	16	16	13	12	12	12	14	11	11	16	25	25	13	13	15	14	13	16	13	12	11	12
BS_4-8_manning003_extreme/E01522N3585E03578N2685-BS-M809_E01805N3400_D010_S247D50R090_A006995_S075	32	32	15	15	16	22	17	17	21	0	0	21	0	13	20	13	13	13	15	13	14	14	14	0	21	14	21	14	15	20	14	14	15	14	14	17	13	13	13	13	14	14	14	14	19	17	18	15	20	14	14	15	15	14	18	14	14	23	15	26	16	24	30	17	15	19	19	18	15	15	18	15	19	15	15	16	27	17	17	17	18	18	19	15	15	15	16
BS_4-8_manning003_extreme/E01522N3585E03578N2685-BS-M809_E01692N3535_D010_S247D30R090_A006995_S075	16	16	16	15	16	19	13	14	29	0	0	20	0	10	10	11	16	10	11	12	10	10	20	0	22	10	12	12	14	16	12	12	13	11	22	16	12	12	13	13	13	19	17	14	16	15	14	14	18	19	15	20	13	14	15	13	13	22	16	15	26	26	30	29	15	16	21	20	16	16	15	17	20	28	29	29	28	18	16	16	15	14	16	18	17	17	15
BS_4-8_manning003_extreme/E01522N3585E03578N2685-BS-M792_E01859N3400_D010_S247D70R270_A004781_S062	15	16	15	13	17	15	18	20	15	0	0	27	0	13	17	10	17	10	13	15	13	11	10	0	12	13	20	17	13	15	16	17	19	23	10	20	19	25	18	18	17	16	15	12	12	14	11	13	15	19	13	23	23	11	13	10	21	27	15	10	22	24	33	30	12	16	21	24	18	19	10	13	18	15	14	13	27	24	10	10	21	16	11	14	12	14	10
BS_4-8_manning003_extreme/E01522N3585E03578N2685-BS-M809_E01901N3333_D010_S247D50R090_A006995_S075	32	16	17	15	16	19	19	18	18	0	0	23	0	16	16	16	17	16	15	15	17	23	16	0	10	15	15	16	16	16	16	16	15	16	15	18	23	14	14	15	15	15	15	15	19	17	16	15	20	21	14	15	14	15	19	14	14	23	15	18	16	24	30	16	14	20	19	18	15	15	18	13	19	15	15	15	27	17	17	17	17	17	19	14	13	14	18
BS_4-8_manning003_extreme/E01522N3585E03578N2685-BS-M809_E01790N3467_D010_S247D30R090_A006995_S075	16	17	17	15	15	19	13	21	18	0	0	10	0	10	13	10	10	10	11	10	11	11	10	0	22	11	11	10	14	17	11	12	12	11	11	14	11	12	12	13	13	13	18	14	16	14	14	14	17	19	14	13	13	13	15	12	12	20	12	23	24	26	20	31	14	18	18	15	14	12	15	13	13	28	17	28	26	15	14	15	14	13	16	15	15	15	15
BS_4-8_manning003_extreme/E01267N3753E01646N3535-BS-M809_E01572N3647_D010_S022D70R090_A006995_S075	35	35	35	35	34	35	35	34	33	0	0	37	0	13	34	35	12	11	13	14	11	11	19	0	11	18	20	17	18	15	16	10	15	16	19	20	19	19	19	17	17	15	15	12	11	14	11	14	15	13	12	14	12	18	12	10	20	24	22	25	22	22	25	27	28	15	20	18	15	14	16	11	18	17	13	13	30	23	15	15	15	17	14	14	11	13	12
BS_4-8_manning003_extreme/E01522N3585E03578N2685-BS-M809_E01932N3355_D010_S067D70R090_A006995_S075	15	16	16	14	16	19	12	21	18	0	0	17	0	24	14	10	10	10	13	13	12	19	10	0	14	20	22	17	13	14	18	18	17	24	10	13	18	10	18	17	17	16	14	12	11	13	11	15	15	18	12	11	13	11	12	16	14	10	14	27	22	24	26	30	21	15	17	21	17	11	10	13	18	15	14	14	23	20	20	16	10	14	11	14	12	13	18
BS_4-8_manning003_extreme/E01522N3585E03578N2685-BS-M809_E01664N3535_D010_S067D50R270_A006995_S075	16	16	16	15	16	18	12	13	15	0	0	27	0	13	14	11	12	11	13	13	14	11	19	0	14	10	20	17	14	13	16	14	18	24	10	16	20	11	11	10	17	17	15	13	14	14	13	13	16	17	14	19	11	11	12	10	10	25	11	23	23	25	18	31	31	15	17	21	12	12	15	13	19	17	14	14	19	14	15	15	15	13	12	14	12	13	14
BS_4-8_manning003_extreme/E01470N3877E01631N3641-BS-M809_E01579N3692_D010_S157D90R270_A012497_S042	23	21	20	20	19	17	24	22	35	0	0	20	0	19	17	17	18	22	22	19	11	12	16	0	13	19	17	13	13	11	17	11	11	16	27	16	26	23	24	21	20	17	16	13	13	15	11	13	20	17	18	14	21	16	12	16	34	28	22	19	25	22	27	27	26	37	20	20	19	18	23	11	12	22	20	41	41	21	38	29	34	34	19	19	19	16	16
BS_4-8_manning003_extreme/E01470N3877E01631N3641-BS-M809_E01579N3692_D010_S022D90R090_A012497_S042	37	19	19	19	19	31	20	35	33	0	0	20	0	12	14	14	15	16	12	13	15	11	16	0	11	18	21	21	12	23	25	11	15	24	19	19	19	19	19	17	17	16	15	13	16	14	11	15	18	18	19	21	12	15	12	17	21	27	25	26	27	25	28	29	28	17	20	20	19	18	24	12	18	45	13	37	32	19	15	15	15	13	26	14	11	13	12
BS_4-8_manning003_extreme/E01522N3585E03578N2685-BS-M809_E01770N3512_D010_S067D30R090_A006995_S075	33	33	17	15	17	16	21	14	18	0	0	19	0	12	17	11	12	10	11	12	10	16	10	0	11	10	20	18	14	15	10	13	11	11	13	14	20	12	12	13	13	15	14	14	14	14	12	13	16	15	14	15	14	13	14	17	10	17	17	20	22	24	26	27	16	17	17	19	18	18	16	21	18	17	55	46	41	44	21	21	21	14	28	18	16	15	16
BS_4-8_manning003_extreme/E01522N3585E03578N2685-BS-M792_E01824N3355_D010_S247D50R090_A004781_S062	33	32	16	14	16	18	16	24	21	0	0	13	0	13	20	13	13	13	12	13	13	13	13	0	22	12	20	13	13	19	13	13	13	13	12	16	12	12	11	18	17	16	14	13	16	15	12	13	19	19	21	13	23	10	12	16	35	13	14	16	24	22	28	20	12	17	20	24	13	14	14	12	18	17	14	13	12	19	15	15	15	15	15	15	12	13	13
BS_4-8_manning003_extreme/E01522N3585E03578N2685-BS-M809_E01739N3490_D010_S247D50R090_A006995_S075	33	32	16	14	16	23	18	25	22	0	0	13	0	13	13	14	14	13	13	14	14	15	14	0	13	15	22	15	17	20	14	15	15	15	16	20	24	16	17	16	16	16	15	16	19	18	18	16	21	16	16	16	16	16	20	17	16	24	17	20	17	16	26	18	16	19	21	19	17	17	18	15	11	16	17	18	18	19	19	19	19	18	20	17	14	15	17
BS_4-8_manning003_extreme/E01522N3585E03578N2685-BS-M809_E01805N3400_D010_S067D50R090_A006995_S075	16	17	17	15	15	19	12	14	15	0	0	27	0	13	17	17	16	11	14	15	13	11	10	0	12	13	15	10	14	13	17	17	10	24	19	13	18	22	10	10	17	16	15	12	11	14	11	10	16	15	12	16	13	10	14	10	10	17	13	12	22	24	17	28	12	16	19	21	13	10	11	14	11	16	24	24	25	18	15	14	13	12	14	15	13	12	10
BS_4-8_manning003_extreme/E01522N3585E03578N2685-BS-M792_E01928N3333_D010_S247D50R090_A004781_S062	32	15	16	15	15	17	16	18	21	0	0	22	0	15	15	14	14	15	14	14	15	12	14	0	10	14	14	15	14	19	15	14	13	14	13	16	22	13	10	19	19	17	16	14	16	15	11	13	19	19	18	17	23	10	13	10	36	14	14	16	15	22	20	19	12	15	20	24	21	19	10	13	19	17	14	13	13	20	16	11	10	15	12	15	12	13	12
BS_4-8_manning003_extreme/E01522N3585E03578N2685-BS-M809_E01909N3378_D010_S247D30R090_A006995_S075	16	17	17	15	15	19	13	14	18	0	0	20	0	10	10	11	12	11	11	12	10	10	10	0	22	10	12	10	12	17	11	10	11	10	10	14	20	10	10	11	11	10	10	10	16	14	14	11	16	10	10	11	10	11	15	10	10	19	11	14	22	24	17	30	11	17	20	14	11	11	15	11	11	11	23	23	16	13	13	13	13	13	14	11	10	15	14
BS_4-8_manning003_extreme/E01522N3585E03578N2685-BS-M809_E01863N3422_D010_S247D30R090_A006995_S075	16	16	16	15	15	20	22	15	18	0	0	10	0	10	10	10	10	10	10	11	10	11	20	0	21	10	17	11	13	17	10	11	11	11	10	15	20	10	11	11	11	11	10	15	16	14	14	11	17	17	11	12	12	14	15	11	11	20	12	23	24	26	19	30	14	16	20	15	12	12	15	13	12	27	17	17	18	14	14	14	14	13	16	14	15	15	14
BS_4-8_manning003_extreme/E01517N3917E01678N3772-BS-M774_E01566N3782_D010_S337D30R090_A005608_S028	23	31	30	28	27	20	16	29	30	0	0	43	0	14	14	23	17	15	12	10	13	10	18	0	0	19	18	17	14	13	15	11	11	17	14	17	17	11	10	11	11	11	11	12	12	12	11	14	13	18	13	14	12	12	12	11	19	19	30	18	21	22	43	31	43	21	22	10	21	20	20	19	22	20	20	17	22	19	20	20	21	22	20	22	22	22	23
BS_4-8_manning003_extreme/E01522N3585E03578N2685-BS-M792_E01813N3445_D010_S067D70R270_A004781_S062	15	15	15	14	15	17	11	12	15	0	0	27	0	13	14	16	12	10	13	14	13	11	18	0	15	23	22	21	14	12	17	17	10	25	11	20	10	10	10	18	18	16	15	13	12	14	12	13	15	21	15	17	14	10	13	10	10	26	17	20	24	26	17	28	31	16	19	23	19	10	11	15	10	17	15	23	31	11	11	11	12	11	13	14	13	15	14
BS_4-8_manning003_extreme/E01522N3585E03578N2685-BS-M809_E01836N3422_D010_S067D70R090_A006995_S075	15	16	15	14	15	18	12	19	22	0	0	27	0	13	17	10	16	11	13	15	13	11	17	0	12	13	20	10	13	14	17	17	10	24	13	13	19	20	11	18	17	16	15	12	13	14	11	10	15	14	14	16	13	10	14	10	21	27	10	27	24	24	28	28	30	16	19	21	12	10	13	14	19	15	23	23	28	20	14	13	13	14	14	14	13	15	13
BS_4-8_manning003_extreme/E01267N3753E01646N3535-BS-M809_E01530N3737_D010_S337D70R090_A006995_S075	22	18	37	37	38	32	42	41	42	0	0	42	0	13	11	11	12	12	14	15	12	12	15	0	0	14	13	10	12	15	19	19	11	11	13	20	26	13	22	12	20	11	26	16	13	16	12	11	21	17	18	21	20	11	11	14	11	27	25	24	20	22	26	27	11	14	17	20	15	17	23	10	12	12	20	13	25	14	14	14	28	28	19	15	19	11	12
BS_4-8_manning003_extreme/E01522N3585E03578N2685-BS-M809_E02116N3333_D010_S202D50R090_A006995_S075	34	34	19	15	17	23	25	26	23	0	0	15	0	14	15	15	15	15	15	15	15	16	15	0	15	15	23	15	18	22	15	15	15	15	15	18	24	15	15	15	15	15	15	16	20	15	11	16	15	15	15	15	13	10	14	10	13	16	16	18	27	21	14	15	14	14	14	19	15	15	10	13	19	18	14	14	12	16	16	17	18	17	12	18	12	14	13
BS_4-8_manning003_extreme/E01522N3585E03578N2685-BS-M809_E01905N3355_D010_S247D50R090_A006995_S075	32	15	15	16	16	18	17	18	21	0	0	23	0	16	15	15	15	15	14	15	13	14	23	0	22	13	15	16	15	20	14	16	14	15	14	17	23	14	14	14	14	14	14	15	19	17	14	14	19	14	14	14	15	14	18	23	13	15	15	17	15	15	15	16	13	14	19	17	15	15	18	13	18	17	14	15	26	16	16	17	18	17	18	15	12	13	17
BS_4-8_manning003_extreme/E01522N3585E03578N2685-BS-M809_E01859N3400_D010_S067D70R090_A006995_S075	15	16	16	15	15	19	12	19	22	0	0	27	0	13	17	11	16	11	12	15	13	11	17	0	12	13	20	17	13	12	17	17	11	24	19	13	18	20	17	18	17	16	15	12	12	13	11	10	16	13	13	16	13	10	13	10	20	16	24	10	23	23	27	28	29	16	19	20	19	10	11	13	10	15	15	22	27	16	12	13	13	11	13	14	13	15	13
BS_4-8_manning003_extreme/E01470N3877E01631N3641-BS-M809_E01579N3692_D010_S067D90R270_A012497_S042	31	32	20	21	22	20	29	30	35	0	0	29	0	13	26	25	12	10	13	12	13	11	19	0	12	21	21	17	14	16	16	13	21	20	20	21	21	21	20	19	18	16	18	14	16	15	13	16	19	19	21	24	23	11	13	17	21	14	26	27	23	25	30	31	32	38	19	49	57	17	10	21	19	13	10	11	10	12	26	13	10	30	28	22	22	20	23
BS_4-8_manning003_extreme/E01108N3882E01527N3690-BS-M809_E01442N3715_D010_S067D70R270_A012497_S042	28	29	29	29	29	24	28	28	29	0	0	31	0	24	31	25	23	22	21	20	18	13	20	0	0	14	16	18	14	16	16	15	20	28	11	14	10	22	17	23	19	17	23	20	22	24	20	19	14	24	21	32	32	19	11	20	40	26	27	23	22	25	28	27	27	34	38	17	18	11	16	10	13	13	22	21	13	23	48	49	51	53	60	21	20	21	19
BS_4-8_manning003_extreme/E01446N4259E02038N3783-BS-M809_E01970N3805_D010_S337D70R090_A006995_S075	16	18	18	16	16	19	21	21	17	0	0	20	0	15	11	17	11	12	14	15	17	12	15	0	12	23	15	18	11	16	17	11	12	17	13	16	16	19	19	19	17	16	15	13	12	15	12	15	16	14	14	14	16	17	12	10	20	15	12	19	11	22	25	24	11	16	18	16	18	18	15	11	13	13	14	14	14	14	15	15	14	15	19	15	12	13	12
BS_4-8_manning003_extreme/E01522N3585E03578N2685-BS-M809_E01770N3512_D010_S247D30R090_A006995_S075	17	17	17	16	17	19	14	15	18	0	0	10	0	10	11	12	10	10	12	10	11	11	11	0	24	11	12	15	14	18	11	13	12	12	10	17	20	15	15	15	15	16	16	16	16	15	15	16	17	17	17	16	16	16	17	21	11	25	18	19	25	25	18	17	18	18	19	19	18	19	17	17	20	28	25	24	24	19	20	20	14	13	15	18	18	18	13
BS_4-8_manning003_extreme/E01522N3585E03578N2685-BS-M809_E01684N3490_D010_S247D50R090_A006995_S075	32	31	33	14	31	22	17	17	21	0	0	12	0	13	13	12	17	13	13	14	14	14	13	0	22	13	21	17	16	20	14	16	15	14	14	17	12	14	14	14	14	14	14	15	19	17	18	15	21	20	15	15	15	15	19	15	14	22	15	25	17	25	20	32	15	19	19	16	16	16	17	14	18	15	28	28	27	17	18	18	18	18	20	16	16	16	16
BS_4-8_manning003_extreme/E01522N3585E03578N2685-BS-M809_E01913N3400_D010_S067D70R090_A006995_S075	16	16	16	15	16	19	12	20	17	0	0	18	0	13	17	10	17	10	13	15	14	11	10	0	12	14	19	17	13	12	17	17	11	24	13	13	18	10	11	18	17	16	15	12	11	14	11	15	15	13	13	16	14	10	12	16	20	14	24	10	22	24	26	30	28	15	17	21	17	15	10	13	18	15	14	14	27	16	17	16	10	14	20	14	12	13	12
BS_4-8_manning003_extreme/E01522N3585E03578N2685-BS-M809_E01809N3422_D010_S067D70R090_A006995_S075	15	16	16	14	15	18	11	14	22	0	0	27	0	13	17	10	12	10	14	15	13	11	10	0	12	14	15	10	14	13	17	12	17	24	19	21	19	20	10	18	17	16	15	13	12	14	12	10	16	15	12	16	13	10	14	18	10	27	24	27	23	26	28	28	29	16	18	19	19	10	13	13	19	15	15	22	27	17	14	13	13	11	13	14	13	15	12
BS_4-8_manning003_extreme/E01522N3585E03578N2685-BS-M809_E01644N3580_D010_S022D50R090_A006995_S075	34	34	16	16	19	20	21	34	33	0	0	27	0	31	30	29	27	30	13	23	16	11	23	0	23	18	16	17	13	15	16	13	12	23	11	16	19	11	11	12	18	16	15	12	15	14	12	11	15	13	13	11	11	10	11	18	12	10	23	10	20	22	24	27	29	15	15	16	11	18	10	12	19	18	15	14	14	14	15	15	14	11	15	14	11	10	16
BS_4-8_manning003_extreme/E01267N3753E01646N3535-BS-M809_E01572N3647_D010_S022D90R090_A006995_S075	34	34	34	34	34	35	35	35	33	0	0	36	0	13	12	10	12	11	12	14	10	11	28	0	12	25	19	16	18	23	16	12	14	15	20	20	20	20	19	18	17	16	19	12	16	15	11	14	15	13	12	22	21	15	11	18	20	25	23	25	23	24	28	30	28	15	20	21	19	19	16	11	17	16	13	12	29	22	19	19	13	20	19	17	11	12	11
BS_4-8_manning003_extreme/E01108N3882E01527N3690-BS-M792_E01477N3760_D010_S292D10R270_A008541_S034	27	19	20	19	20	21	24	26	22	0	0	28	0	14	31	20	25	22	22	27	18	21	23	0	0	17	21	24	22	17	32	13	12	11	27	19	14	20	14	13	12	19	19	17	15	18	13	19	20	21	25	24	27	18	20	19	16	37	28	37	36	25	34	33	26	15	35	23	22	20	36	34	32	37	36	36	36	37	36	36	106	106	34	59	35	34	34
BS_4-8_manning003_extreme/E01267N3753E01646N3535-BS-M809_E01547N3670_D010_S022D90R090_A006995_S075	34	34	34	34	34	35	34	35	33	0	0	37	0	12	12	11	12	11	12	14	10	11	23	0	11	19	20	17	18	16	16	18	11	15	18	20	20	19	20	19	18	16	14	12	16	15	11	11	15	18	12	22	21	10	11	16	19	25	24	26	23	24	29	30	27	15	20	21	42	11	16	11	14	25	14	14	35	15	17	16	43	45	70	12	11	15	14
BS_4-8_manning003_extreme/E01522N3585E03578N2685-BS-M809_E01840N3445_D010_S247D30R090_A006995_S075	16	16	16	15	16	19	21	15	19	0	0	10	0	10	10	10	10	10	10	10	10	11	11	0	22	10	10	11	14	16	10	12	11	11	11	14	11	12	12	13	13	13	17	15	16	14	14	15	17	19	14	19	13	14	15	12	11	20	12	23	24	26	19	30	14	15	20	19	15	15	15	16	20	27	17	17	27	15	14	14	14	13	15	14	16	15	14
BS_4-8_manning003_extreme/E01522N3585E03578N2685-BS-M809_E01963N3378_D010_S067D30R090_A006995_S075	34	33	17	17	17	18	21	22	18	0	0	10	0	13	17	10	16	10	12	13	12	18	17	0	23	23	22	17	10	14	16	17	10	23	19	13	22	10	27	17	18	17	15	11	12	10	11	15	15	14	14	16	25	20	12	16	39	35	16	19	22	25	16	27	22	16	18	10	18	19	10	10	19	15	13	13	13	11	21	12	12	10	38	15	12	10	18
BS_4-8_manning003_extreme/E01522N3585E03578N2685-BS-M809_E01715N3512_D010_S067D70R090_A006995_S075	15	17	16	15	16	19	28	29	29	0	0	19	0	13	17	11	12	10	22	13	13	10	11	0	14	20	20	17	13	15	16	16	19	22	20	21	19	10	11	18	18	18	16	14	15	14	11	13	18	18	12	19	12	11	14	19	21	26	15	28	23	25	28	29	22	17	20	20	12	13	16	13	17	16	13	24	23	14	16	16	15	14	16	14	13	15	13
BS_4-8_manning003_extreme/E01522N3585E03578N2685-BS-M792_E01882N3378_D010_S247D70R270_A004781_S062	15	16	15	12	16	19	18	20	16	0	0	17	0	14	17	10	12	11	12	13	12	11	10	0	13	13	22	17	14	12	16	17	16	23	10	20	17	10	17	17	17	16	15	12	12	15	11	13	15	19	13	23	23	10	12	15	21	12	23	26	22	24	33	30	11	16	20	24	17	19	10	12	18	14	13	13	12	20	10	10	24	14	11	14	12	14	12
BS_4-8_manning003_extreme/E01522N3585E03578N2685-BS-M809_E01798N3512_D010_S247D30R090_A006995_S075	17	17	17	16	17	20	14	21	18	0	0	11	0	10	11	10	11	11	13	10	11	11	11	0	24	11	12	15	15	17	11	13	14	12	23	17	21	15	16	16	17	19	17	16	17	17	16	17	18	18	18	20	19	17	17	21	19	26	13	31	25	27	29	20	33	19	19	21	21	19	20	21	21	19	26	26	26	20	20	22	22	20	23	18	20	22	13
BS_4-8_manning003_extreme/E01522N3585E03578N2685-BS-M792_E01770N3512_D010_S067D70R270_A004781_S062	15	15	16	14	15	17	12	12	15	0	0	27	0	13	17	11	12	11	13	14	13	10	10	0	15	21	15	10	13	15	18	13	19	10	10	13	19	10	10	11	18	16	15	13	16	14	12	16	17	18	12	12	14	11	15	10	21	13	13	21	24	27	29	29	34	17	19	23	14	14	17	14	17	16	14	26	25	15	15	15	17	16	18	14	14	13	14
BS_4-8_manning003_extreme/E01522N3585E03578N2685-BS-M809_E01805N3400_D010_S247D30R090_A006995_S075	16	17	17	15	16	19	13	21	18	0	0	10	0	10	10	10	10	11	12	10	11	11	11	0	22	11	18	10	13	17	10	11	11	11	11	14	10	10	10	11	11	20	11	11	16	14	14	11	17	17	11	11	11	11	15	11	11	20	12	14	23	25	28	30	12	16	21	19	12	12	15	12	12	11	25	24	24	14	14	14	14	13	15	15	12	14	15
BS_4-8_manning003_extreme/E01522N3585E03578N2685-BS-M809_E01878N3355_D010_S067D30R090_A006995_S075	32	16	16	15	16	16	13	14	17	0	0	18	0	13	16	14	16	16	12	12	13	18	21	0	10	23	22	17	10	13	17	13	10	24	13	12	18	12	13	18	20	16	15	12	11	10	11	10	12	13	13	16	12	10	13	11	14	16	30	11	12	20	26	13	11	16	16	10	12	11	11	13	10	19	15	24	13	13	13	13	13	11	14	15	12	10	13
BS_4-8_manning003_extreme/E01522N3585E03578N2685-BS-M809_E01735N3467_D010_S247D50R090_A006995_S075	32	33	33	31	31	23	17	18	22	0	0	13	0	13	13	13	13	13	13	14	14	15	23	0	13	14	21	15	18	21	14	15	15	14	14	18	24	14	14	15	14	14	14	15	20	19	18	15	22	15	16	15	15	15	20	16	15	23	17	25	17	25	32	17	15	19	21	20	17	17	16	14	20	22	17	17	27	17	18	18	18	18	19	17	16	16	17
BS_4-8_manning003_extreme/E01522N3585E03578N2685-BS-M809_E01798N3512_D010_S067D50R090_A006995_S075	16	17	17	15	15	18	21	14	23	0	0	20	0	13	16	11	16	10	12	12	13	11	10	0	15	10	21	22	14	15	16	12	18	23	10	16	20	12	13	13	17	16	14	14	15	15	12	15	18	18	15	17	15	11	15	18	16	25	18	21	25	24	28	30	21	17	19	21	19	18	22	19	18	26	26	26	25	20	20	20	20	12	18	17	18	18	19
BS_4-8_manning003_extreme/E01522N3585E03578N2685-BS-M809_E01905N3355_D010_S067D50R090_A006995_S075	16	17	17	15	15	19	12	21	18	0	0	18	0	18	16	10	14	10	13	13	13	19	10	0	14	13	22	17	11	13	18	13	10	24	13	12	18	10	12	18	17	16	14	12	11	10	11	15	15	13	13	16	14	10	12	16	13	16	16	10	22	24	15	27	22	16	18	16	12	19	10	13	18	15	15	24	24	16	12	12	11	15	12	15	12	10	18
BS_4-8_manning003_extreme/E01446N4259E02038N3783-BS-M754_E01827N3940_D010_S112D90R270_A001972_S039	111	40	39	38	18	18	21	21	34	0	0	20	0	14	14	16	11	15	12	15	13	14	17	0	0	11	25	14	11	13	17	12	12	16	19	18	15	11	11	19	19	18	16	13	12	16	12	11	11	14	13	14	24	10	13	18	10	19	14	18	10	23	25	25	21	15	19	21	21	19	23	11	13	12	17	13	17	14	14	14	13	10	12	16	22	14	11
BS_4-8_manning003_extreme/E01522N3585E03578N2685-BS-M774_E01905N3355_D010_S247D30R090_A003139_S050	33	32	16	14	17	16	12	14	16	0	0	18	0	12	15	10	10	10	12	10	12	17	15	0	0	23	12	16	10	14	18	13	17	16	20	11	17	12	10	18	18	18	15	17	14	12	13	14	19	19	13	16	23	12	13	17	14	14	16	12	23	25	16	28	10	19	22	12	21	21	13	12	18	17	14	21	14	10	11	11	11	10	12	15	12	14	11
BS_4-8_manning003_extreme/E01108N3882E01527N3690-BS-M809_E01506N3760_D010_S022D90R090_A012497_S042	13	10	17	14	13	10	36	56	50	0	0	10	0	11	56	58	58	58	57	53	52	59	56	0	0	57	23	20	19	18	30	18	23	27	31	15	10	23	15	17	17	20	24	23	23	21	72	74	73	72	73	27	74	73	67	70	20	66	68	35	35	36	37	36	38	39	37	33	32	27	38	35	13	84	10	81	74	84	135	16	136	135	18	30	27	26	12
BS_4-8_manning003_extreme/E01267N3753E01646N3535-BS-M809_E01551N3692_D010_S202D10R270_A006995_S075	19	19	19	17	19	19	19	20	37	0	0	19	0	19	18	17	18	16	12	13	11	11	10	0	21	10	19	10	13	17	18	12	16	10	10	20	21	13	13	13	13	17	18	15	16	16	14	14	17	19	18	20	11	14	14	18	11	34	36	10	28	29	31	31	30	19	21	21	18	11	16	12	13	13	14	13	12	15	16	15	41	41	40	36	20	26	20
BS_4-8_manning003_extreme/E01522N3585E03578N2685-BS-M792_E02089N3333_D010_S022D50R090_A004781_S062	34	34	17	17	17	18	19	21	15	0	0	27	0	13	17	16	16	10	13	14	15	11	16	0	10	13	14	22	14	11	17	18	11	24	10	13	19	20	13	18	17	16	15	12	11	13	10	15	15	19	13	16	13	12	13	11	21	12	15	15	22	20	16	30	29	15	15	25	11	12	10	12	18	18	14	14	33	10	15	14	11	10	13	14	12	13	15
BS_4-8_manning003_extreme/E01267N3753E01646N3535-BS-M809_E01575N3670_D010_S022D90R090_A006995_S075	35	35	18	18	18	18	20	34	34	0	0	20	0	13	13	14	12	13	12	13	15	11	20	0	11	18	20	20	10	15	16	17	11	16	18	20	20	19	19	19	18	15	14	12	16	15	11	10	15	18	12	14	12	16	12	10	20	25	25	25	22	24	28	30	27	17	20	21	19	18	13	11	17	16	13	13	30	22	14	13	14	16	19	14	11	12	11
BS_4-8_manning003_extreme/E01522N3585E03578N2685-BS-M809_E01828N3378_D010_S067D50R090_A006995_S075	16	17	17	15	16	19	12	14	16	0	0	17	0	13	17	16	17	11	13	15	13	18	10	0	11	13	20	17	14	12	16	17	10	24	19	13	18	10	13	18	17	16	15	13	11	13	11	10	16	13	13	16	13	10	13	10	14	16	13	11	22	25	15	27	13	17	19	17	13	11	11	13	17	16	15	24	25	17	13	12	12	11	14	15	13	12	10
BS_4-8_manning003_extreme/E01267N3753E01646N3535-BS-M809_E01530N3737_D010_S022D10R270_A006995_S075	32	31	26	25	24	28	30	32	40	0	0	43	0	12	11	18	19	20	18	17	18	12	14	0	11	13	21	17	17	22	23	15	20	14	25	19	21	21	13	12	12	18	18	18	12	16	12	15	24	21	12	16	23	18	19	19	13	29	36	36	39	39	40	11	11	17	21	22	53	18	12	17	15	86	86	14	15	41	42	62	60	62	40	55	47	11	47
BS_4-8_manning003_extreme/E01522N3585E03578N2685-BS-M809_E01855N3378_D010_S067D30R090_A006995_S075	32	16	16	15	16	15	13	14	17	0	0	17	0	14	11	10	12	11	12	15	13	18	10	0	13	13	20	10	10	13	17	17	10	10	10	13	18	12	13	10	10	19	15	12	12	10	11	10	12	15	12	10	13	10	13	11	10	17	30	11	23	21	27	12	11	16	16	12	11	11	12	14	11	17	24	24	25	13	13	13	14	13	15	10	12	11	11
BS_4-8_manning003_extreme/E01522N3585E03578N2685-BS-M809_E01668N3557_D010_S067D70R270_A006995_S075	16	16	16	15	17	17	28	28	23	0	0	17	0	13	14	11	10	10	13	16	14	11	10	0	20	21	20	16	13	15	16	14	19	25	10	21	21	12	12	18	17	17	15	14	16	14	12	16	17	18	19	18	14	11	15	17	23	26	17	26	25	25	29	32	34	17	20	21	20	15	17	13	18	17	14	22	23	17	16	15	17	16	16	14	16	13	14
BS_4-8_manning003_extreme/E01522N3585E03578N2685-BS-M809_E01981N3333_D010_S067D50R090_A006995_S075	33	18	17	17	17	20	30	21	18	0	0	18	0	12	14	10	15	10	10	11	13	10	10	0	22	13	12	12	13	15	20	13	11	23	10	14	20	11	11	12	18	16	15	12	12	13	11	13	15	19	13	11	14	10	12	15	20	12	23	26	23	23	28	30	13	16	18	21	12	13	10	13	22	14	15	14	24	20	20	17	16	14	17	14	12	13	12
BS_4-8_manning003_extreme/E01522N3585E03578N2685-BS-M792_E01863N3422_D010_S067D70R270_A004781_S062	15	15	16	14	15	17	11	12	15	0	0	27	0	13	17	10	17	10	13	13	13	10	10	0	15	13	22	10	14	12	16	14	10	24	11	11	20	22	18	10	18	16	15	13	12	13	12	13	15	19	13	17	24	10	13	10	22	25	10	10	23	25	16	29	30	16	19	22	19	11	11	13	19	18	15	22	27	11	12	11	11	11	12	15	13	15	15
BS_4-8_manning003_extreme/E01522N3585E03578N2685-BS-M809_E01633N3512_D010_S247D50R090_A006995_S075	31	31	32	14	16	21	16	17	32	0	0	22	0	12	12	14	17	12	14	15	13	13	12	0	20	13	14	13	18	19	13	16	15	14	13	16	12	15	15	14	14	15	13	15	19	17	19	14	19	19	13	14	14	14	18	24	14	23	15	17	27	27	30	31	15	19	18	17	15	15	18	14	18	14	27	27	26	17	17	17	18	18	19	15	15	14	15
BS_4-8_manning003_extreme/E01522N3585E03578N2685-BS-M809_E01786N3445_D010_S247D30R090_A006995_S075	16	17	17	15	16	19	13	21	18	0	0	10	0	10	18	10	10	10	13	10	11	10	10	0	22	10	18	10	13	17	11	11	11	11	11	14	10	11	11	10	10	20	11	15	16	14	13	11	17	17	11	11	11	12	15	12	11	20	12	13	23	26	20	13	13	18	18	15	13	12	14	12	12	19	26	13	24	14	14	14	15	14	15	14	14	14	14
BS_4-8_manning003_extreme/E01522N3585E03578N2685-BS-M809_E01719N3535_D010_S247D30R090_A006995_S075	16	16	16	15	16	19	13	14	18	0	0	21	0	13	12	11	10	10	11	10	11	10	10	0	24	10	12	13	14	16	12	12	13	11	22	17	22	14	14	14	21	19	18	16	15	15	15	16	19	19	16	20	15	14	16	20	24	25	17	29	24	24	29	30	32	18	21	22	18	19	17	23	20	27	25	24	24	18	21	21	14	14	21	18	17	17	12
BS_4-8_manning003_extreme/E01522N3585E03578N2685-BS-M774_E01832N3400_D010_S067D30R090_A003139_S050	33	33	15	14	17	12	12	13	17	0	0	19	0	14	14	10	11	10	14	23	11	10	22	0	0	23	22	17	10	13	17	13	10	24	21	12	23	11	12	18	18	17	18	14	12	10	11	16	12	18	12	23	13	11	13	10	20	27	15	10	24	27	28	31	12	17	21	24	20	20	11	12	17	16	13	13	13	14	14	14	18	15	10	14	12	12	10
BS_4-8_manning003_extreme/E01522N3585E03578N2685-BS-M774_E01882N3378_D010_S247D30R090_A003139_S050	33	16	16	14	17	18	12	13	18	0	0	20	0	14	24	10	10	15	13	14	12	11	17	0	0	23	22	10	14	14	18	13	17	16	20	11	21	11	10	17	18	17	15	17	14	12	13	15	19	19	21	16	23	12	13	17	14	19	16	12	23	26	16	28	21	18	21	12	20	19	13	13	18	17	14	21	14	11	11	11	11	10	12	14	12	14	11
BS_4-8_manning003_extreme/E01522N3585E03578N2685-BS-M809_E01719N3535_D010_S022D30R090_A006995_S075	33	16	17	17	16	19	20	21	33	0	0	31	0	14	30	28	16	12	13	14	15	11	12	0	0	19	16	17	13	15	16	11	12	10	10	13	19	10	10	11	11	10	15	11	14	12	11	15	12	18	12	10	12	13	12	11	13	36	15	11	11	11	16	12	11	15	12	10	21	12	10	12	18	18	15	23	22	11	11	12	13	12	15	16	12	10	13
BS_4-8_manning003_extreme/E01522N3585E03578N2685-BS-M809_E01878N3355_D010_S067D50R090_A006995_S075	16	17	17	15	15	19	13	21	17	0	0	18	0	13	16	14	17	16	12	13	13	18	10	0	12	13	21	17	10	13	18	17	11	24	13	13	18	11	13	18	17	16	15	12	11	10	11	15	16	13	13	16	14	10	12	10	13	36	15	10	22	24	15	27	21	16	18	19	12	19	11	13	19	15	15	24	24	16	11	12	11	10	13	15	12	10	19
BS_4-8_manning003_extreme/E01522N3585E03578N2685-BS-M809_E01828N3378_D010_S247D50R090_A006995_S075	32	32	15	15	17	18	17	17	14	0	0	22	0	13	13	14	17	13	15	13	14	14	14	0	21	14	15	14	15	20	14	14	14	14	14	17	13	13	13	14	14	14	14	15	19	17	14	15	20	14	14	14	14	14	19	14	14	23	15	18	16	24	14	16	15	19	19	18	15	15	18	13	19	15	15	15	27	17	17	17	18	17	19	15	13	14	18
BS_4-8_manning003_extreme/E01522N3585E03578N2685-BS-M809_E01918N3422_D010_S247D30R270_A006995_S075	16	16	17	16	16	19	14	21	18	0	0	20	0	10	13	10	14	11	11	12	10	10	10	0	12	10	11	10	13	17	11	10	10	10	10	18	10	11	26	10	10	19	17	15	15	14	15	10	16	18	10	10	10	14	15	10	10	19	11	22	25	27	18	30	31	20	20	21	11	11	14	17	20	19	23	23	31	13	13	13	13	13	14	19	16	10	14
BS_4-8_manning003_extreme/E01522N3585E03578N2685-BS-M809_E01851N3355_D010_S067D30R090_A006995_S075	32	16	16	15	16	16	13	15	17	0	0	18	0	13	17	10	17	10	13	13	12	18	10	0	26	24	22	17	11	13	17	17	10	23	10	13	18	13	13	10	10	16	15	11	12	10	11	10	12	13	13	16	13	10	13	11	14	16	10	20	23	20	26	13	13	17	16	14	12	11	11	13	10	17	16	24	25	14	13	13	13	11	14	15	13	10	15
BS_4-8_manning003_extreme/E01522N3585E03578N2685-BS-M809_E01581N3535_D010_S247D50R090_A006995_S075	31	33	31	29	29	28	15	17	19	0	0	12	0	12	12	12	12	12	12	20	13	13	12	0	12	12	14	21	15	19	13	15	14	12	12	20	11	12	12	12	12	12	12	13	18	17	18	13	19	19	13	13	14	17	17	22	12	22	13	24	24	26	20	31	16	19	18	16	13	14	16	13	19	14	26	26	25	20	16	17	17	17	17	20	13	13	16
BS_4-8_manning003_extreme/E01470N3877E01631N3641-BS-M809_E01583N3715_D010_S067D90R270_A012497_S042	31	32	33	21	33	36	29	32	35	0	0	29	0	13	26	11	31	10	20	12	14	11	20	0	12	21	21	17	13	15	16	14	20	20	22	21	22	23	27	18	14	17	13	13	16	15	13	13	19	22	21	29	30	11	12	16	12	26	15	37	18	40	34	27	38	18	18	55	43	44	54	52	11	54	54	53	42	51	37	49	42	42	53	54	50	51	52
BS_4-8_manning003_extreme/E01522N3585E03578N2685-BS-M809_E01731N3445_D010_S067D50R090_A006995_S075	16	17	17	15	16	18	12	29	23	0	0	26	0	14	17	11	16	10	12	15	11	11	17	0	13	14	21	16	14	12	17	17	10	24	19	21	19	10	18	18	18	17	15	13	13	14	12	10	16	15	15	17	13	10	13	18	10	17	38	11	23	25	15	28	28	17	19	21	19	11	12	15	10	17	16	24	26	12	15	14	13	11	14	17	14	13	11
BS_4-8_manning003_extreme/E01522N3585E03578N2685-BS-M774_E01828N3378_D010_S067D70R090_A003139_S050	33	16	16	14	15	17	11	13	23	0	0	20	0	13	14	10	16	11	13	15	10	17	22	0	11	14	22	17	10	12	17	17	11	24	14	24	19	21	18	17	17	15	15	12	10	13	11	15	12	14	12	16	13	11	13	16	21	12	15	11	23	24	17	27	12	16	18	10	12	10	10	13	19	15	14	23	12	20	11	11	10	14	11	14	12	10	18
BS_4-8_manning003_extreme/E01522N3585E03578N2685-BS-M809_E01747N3535_D010_S022D50R090_A006995_S075	34	34	17	19	18	19	21	21	33	0	0	32	0	13	30	31	12	14	13	23	14	11	23	0	0	19	21	18	14	15	16	11	11	23	10	13	19	20	11	11	18	16	15	12	12	12	12	10	15	14	13	11	11	12	12	10	13	34	13	35	21	19	13	27	12	15	17	10	21	18	10	12	18	16	15	14	14	10	10	11	12	11	15	15	12	10	15
BS_4-8_manning003_extreme/E01267N3753E01646N3535-BS-M809_E01470N3715_D010_S067D10R270_A006995_S075	28	28	28	28	29	28	28	27	30	0	0	10	0	13	13	14	15	11	11	10	10	11	11	0	18	10	17	21	16	17	10	10	23	22	25	22	19	32	10	22	22	19	18	17	19	21	22	12	18	37	43	38	15	15	15	12	12	12	18	15	22	24	31	30	16	15	19	23	22	18	17	15	15	11	21	21	21	21	16	12	13	21	19	26	23	22	20
BS_4-8_manning003_extreme/E01522N3585E03578N2685-BS-M809_E01747N3535_D010_S067D30R090_A006995_S075	34	33	16	14	16	16	22	14	17	0	0	18	0	13	17	11	11	10	12	14	10	10	10	0	13	10	16	10	13	15	20	12	12	23	14	13	19	12	12	13	17	16	15	14	14	13	13	14	16	15	14	16	14	11	14	18	24	17	18	21	23	24	27	27	17	17	17	21	18	19	10	11	10	17	12	11	43	22	22	12	11	14	32	18	12	13	12
BS_4-8_manning003_extreme/E01522N3585E03578N2685-BS-M774_E01828N3378_D010_S067D30R090_A003139_S050	32	32	15	13	17	12	12	14	17	0	0	20	0	14	15	11	10	11	13	16	11	10	17	0	0	23	21	10	10	13	17	13	10	24	10	12	10	11	13	11	20	16	15	18	11	11	11	16	12	18	12	24	13	10	13	10	20	27	16	20	24	27	28	29	11	17	21	24	22	20	16	11	17	16	13	13	42	14	14	14	21	14	17	17	14	15	14
BS_4-8_manning003_extreme/E01522N3585E03578N2685-BS-M809_E01857N3535_D010_S022D50R090_A006995_S075	35	20	19	19	20	20	20	22	18	0	0	20	0	13	10	17	16	17	12	13	12	18	17	0	26	18	24	17	14	12	16	17	16	16	14	16	19	10	13	17	17	16	15	13	12	12	11	15	15	13	13	15	13	18	11	10	13	33	13	23	11	19	12	13	12	15	17	15	12	12	10	12	19	18	15	15	15	16	15	16	14	10	15	14	11	10	13
BS_4-8_manning003_extreme/E01522N3585E03578N2685-BS-M809_E01762N3467_D010_S247D30R090_A006995_S075	16	17	17	16	16	20	14	21	18	0	0	10	0	14	10	10	10	10	10	10	11	10	10	0	25	10	18	19	14	17	11	12	12	11	11	14	10	11	11	10	11	20	18	15	16	14	15	12	17	17	11	12	12	13	16	12	12	20	12	15	24	24	29	30	13	18	18	21	13	13	13	13	13	13	14	26	25	15	14	14	15	14	16	14	14	15	13
BS_4-8_manning003_extreme/E01522N3585E03578N2685-BS-M809_E01859N3400_D010_S247D30R090_A006995_S075	16	16	16	16	15	20	14	15	18	0	0	10	0	10	10	12	10	10	11	24	10	11	11	0	21	10	17	11	14	17	10	11	11	11	10	14	11	10	10	11	11	11	10	11	16	14	14	11	17	11	11	12	12	11	15	20	11	19	12	14	23	26	19	30	12	17	17	15	12	12	14	12	12	19	25	24	24	13	14	14	14	13	15	12	12	14	14
BS_4-8_manning003_extreme/E01470N3877E01631N3641-BS-M809_E01587N3737_D010_S022D90R090_A012497_S042	23	39	40	33	32	22	17	22	18	0	0	15	0	14	35	37	15	16	12	13	15	11	19	0	11	18	21	21	22	23	25	11	15	24	19	20	20	23	19	17	18	15	15	12	16	15	11	15	18	18	12	22	12	11	12	17	20	25	25	26	23	22	27	27	27	16	17	21	42	42	24	11	17	13	14	14	30	15	11	19	34	42	25	13	11	12	13
BS_4-8_manning003_extreme/E01522N3585E03578N2685-BS-M792_E01923N3310_D010_S067D50R090_A004781_S062	32	15	15	16	15	16	21	15	18	0	0	20	0	12	11	11	12	10	10	11	13	10	10	0	34	13	22	12	13	15	19	13	10	23	10	14	10	10	10	10	18	17	15	12	12	11	12	10	14	14	12	16	12	10	13	10	14	35	16	10	23	24	16	13	12	16	18	16	12	19	10	13	19	15	15	15	13	16	12	12	11	14	12	15	12	10	18
BS_4-8_manning003_extreme/E01522N3585E03578N2685-BS-M809_E01990N3378_D010_S202D50R090_A006995_S075	34	34	34	35	33	23	17	35	21	0	0	33	0	13	13	14	13	13	14	14	14	14	22	0	24	13	22	22	16	20	14	14	20	14	19	18	23	14	14	14	14	14	13	13	19	16	11	14	20	14	14	14	22	10	13	10	13	15	14	24	28	28	29	33	13	20	13	17	13	14	17	13	19	18	14	14	12	15	15	15	16	16	18	18	11	16	17
BS_4-8_manning003_extreme/E01267N3753E01646N3535-BS-M774_E01592N3602_D010_S067D90R270_A003139_S050	28	29	29	29	28	16	27	28	14	0	0	13	0	13	12	10	12	10	13	14	10	10	10	0	16	23	14	17	13	15	16	17	19	24	10	21	19	21	17	19	17	16	14	13	16	14	11	12	19	20	21	16	23	10	12	17	21	15	17	21	22	24	29	30	31	17	19	24	19	17	10	12	18	16	13	26	23	16	11	14	10	12	11	14	11	12	11
BS_4-8_manning003_extreme/E01446N4259E02038N3783-BS-M809_E01822N3917_D010_S112D90R270_A006995_S075	25	19	19	19	19	20	22	24	40	0	0	21	0	13	13	18	17	16	17	15	16	13	15	0	22	19	17	14	20	16	16	12	11	17	19	17	17	11	11	20	20	18	16	13	12	15	12	13	17	17	17	15	14	10	13	10	35	18	26	19	21	22	24	27	11	17	19	21	19	10	17	14	13	12	23	20	22	13	13	13	22	21	20	19	22	14	12
BS_4-8_manning003_extreme/E01522N3585E03578N2685-BS-M809_E01613N3557_D010_S067D70R090_A006995_S075	15	16	16	14	17	18	17	29	22	0	0	26	0	13	14	11	12	11	14	13	14	11	17	0	25	14	21	17	13	15	16	17	19	24	10	21	19	10	17	19	18	16	15	13	12	14	12	15	16	18	20	18	24	10	13	18	21	25	10	28	22	24	28	29	34	16	19	20	16	11	14	12	18	14	14	22	22	15	14	13	12	11	13	14	11	13	13
BS_4-8_manning003_extreme/E01267N3753E01646N3535-BS-M792_E01564N3602_D010_S067D90R270_A004781_S062	28	30	31	29	29	16	28	28	34	0	0	26	0	13	12	11	12	15	13	14	10	11	11	0	16	21	17	17	13	11	16	14	20	24	19	21	20	21	17	18	17	16	14	12	16	14	12	13	20	19	21	17	23	10	11	17	22	16	25	27	23	24	29	30	31	17	19	21	20	11	10	12	18	17	14	21	23	16	11	11	10	10	11	14	18	17	17
BS_4-8_manning003_extreme/E01522N3585E03578N2685-BS-M809_E01840N3445_D010_S067D70R090_A006995_S075	15	16	16	14	15	18	12	13	22	0	0	27	0	13	17	11	16	11	12	15	13	11	10	0	12	13	20	17	13	14	17	12	10	24	13	13	19	11	11	11	17	17	16	12	15	14	11	10	16	18	14	16	12	11	14	10	10	27	17	28	24	25	28	29	30	16	18	20	18	13	13	14	20	16	14	28	28	14	14	13	16	14	17	14	14	15	13
BS_4-8_manning003_extreme/E01522N3585E03578N2685-BS-M774_E01664N3535_D010_S067D90R270_A003139_S050	27	29	29	13	28	16	11	28	15	0	0	26	0	13	17	11	12	11	14	14	10	11	10	0	15	13	20	16	13	17	17	18	19	25	10	21	19	10	17	18	17	16	14	13	11	14	11	12	19	20	21	24	23	10	12	17	21	26	16	21	23	24	29	30	37	17	20	24	20	11	10	12	18	17	14	13	22	20	15	11	10	14	11	14	12	12	16
BS_4-8_manning003_extreme/E01522N3585E03578N2685-BS-M792_E01613N3557_D010_S067D70R270_A004781_S062	28	29	16	14	16	16	27	28	22	0	0	27	0	13	14	12	12	11	13	12	10	11	20	0	14	14	20	16	13	11	16	18	11	25	19	21	19	22	18	18	18	16	15	13	11	14	12	13	20	21	19	17	24	10	12	10	22	25	26	27	22	24	29	30	31	17	19	21	19	12	10	12	18	17	15	13	23	16	11	11	10	10	11	15	12	12	11
BS_4-8_manning003_extreme/E01267N3753E01646N3535-BS-M809_E01540N3625_D010_S067D90R090_A006995_S075	29	31	31	29	30	30	27	28	28	0	0	26	0	13	12	11	16	11	13	14	10	11	10	0	19	14	14	17	13	14	16	15	18	24	21	21	19	24	11	18	17	15	14	12	16	14	11	15	15	18	22	24	23	11	12	17	20	26	27	27	22	23	28	29	34	17	20	23	17	11	14	11	17	13	44	14	13	43	45	55	43	23	43	13	13	11	11
BS_4-8_manning003_extreme/E01522N3585E03578N2685-BS-M809_E01821N3490_D010_S247D30R090_A006995_S075	16	17	17	15	16	19	13	21	18	0	0	20	0	10	10	12	10	10	12	10	10	11	11	0	25	11	12	14	14	16	10	12	13	11	23	16	21	14	13	15	21	19	16	16	16	14	16	16	17	17	16	19	11	15	16	20	10	25	13	21	24	26	19	31	31	18	18	19	19	19	20	19	20	27	25	25	33	20	20	20	21	20	22	18	19	17	20
BS_4-8_manning003_extreme/E01522N3585E03578N2685-BS-M809_E01909N3378_D010_S067D30R090_A006995_S075	33	16	17	15	16	15	13	14	17	0	0	18	0	13	12	15	17	10	12	14	14	18	22	0	11	24	20	17	11	13	18	16	10	24	13	12	18	10	10	12	20	20	15	12	11	11	11	15	12	14	14	16	14	10	12	11	14	16	11	10	22	21	27	13	12	16	16	14	12	11	11	14	11	16	13	24	14	14	13	13	13	11	14	15	12	11	10
BS_4-8_manning003_extreme/E01522N3585E03578N2685-BS-M809_E01711N3490_D010_S247D50R090_A006995_S075	33	32	33	14	31	23	18	18	21	0	0	12	0	13	13	12	18	13	13	14	14	15	13	0	11	13	21	14	16	20	14	16	15	14	14	18	13	14	14	14	14	14	14	15	19	17	18	15	21	20	16	15	15	16	20	16	14	23	17	25	17	25	31	18	15	19	21	19	17	17	17	15	18	17	29	28	27	18	18	18	19	17	20	16	14	15	17
BS_4-8_manning003_extreme/E01267N3753E01646N3535-BS-M809_E01551N3692_D010_S157D90R270_A006995_S075	21	20	20	20	19	20	20	21	42	0	0	21	0	13	17	17	19	12	14	18	19	10	15	0	21	14	13	10	10	19	14	18	22	17	19	19	15	14	22	19	18	17	16	14	13	14	11	10	21	17	16	20	20	10	11	16	33	27	25	19	20	22	26	26	34	34	20	20	19	19	22	10	12	11	20	37	34	21	21	20	19	16	10	18	19	19	17
BS_4-8_manning003_extreme/E01522N3585E03578N2685-BS-M809_E01867N3445_D010_S247D30R090_A006995_S075	16	16	16	15	16	20	22	15	18	0	0	10	0	10	10	10	10	10	10	10	10	11	11	0	21	10	17	11	14	16	10	11	11	11	15	15	20	10	10	11	11	19	16	16	16	14	16	16	16	16	16	19	11	15	15	20	11	11	11	14	23	26	19	30	31	17	20	22	17	18	15	18	20	27	24	23	17	18	13	13	14	13	14	17	17	17	14
BS_4-8_manning003_extreme/E01446N4259E02038N3783-BS-M809_E01846N3895_D010_S112D70R270_A006995_S075	25	23	20	23	20	22	24	23	41	0	0	21	0	13	17	18	17	18	17	16	13	14	15	0	11	17	16	16	20	16	15	12	12	16	19	17	20	12	11	19	19	17	15	13	12	16	12	20	16	18	17	15	14	16	13	11	10	28	10	19	23	23	29	27	12	17	20	20	20	19	11	13	12	11	22	21	21	13	13	13	12	12	22	19	11	14	12
BS_4-8_manning003_extreme/E01522N3585E03578N2685-BS-M809_E01660N3512_D010_S067D30R090_A006995_S075	32	32	15	14	16	18	12	14	15	0	0	11	0	13	14	10	10	11	14	11	10	11	22	0	15	23	10	17	11	14	18	17	21	10	19	12	18	13	10	10	18	16	15	12	13	11	11	11	15	15	13	18	11	11	13	10	10	17	10	21	22	23	15	13	12	15	15	13	11	11	12	13	19	11	14	12	23	14	12	12	15	13	17	14	11	13	12
BS_4-8_manning003_extreme/E01522N3585E03578N2685-BS-M809_E01940N3400_D010_S067D70R090_A006995_S075	16	17	16	15	16	19	28	29	17	0	0	20	0	13	16	10	17	10	12	15	13	11	10	0	11	13	20	17	13	12	16	17	17	23	12	20	18	21	18	18	17	16	14	12	11	14	11	15	15	18	13	23	23	11	12	16	20	14	23	10	22	24	26	30	21	15	19	21	17	18	10	13	18	17	14	30	23	20	20	10	10	10	19	14	12	13	19
BS_4-8_manning003_extreme/E01267N3753E01646N3535-BS-M792_E01592N3602_D010_S067D90R090_A004781_S062	28	30	30	28	29	15	27	28	14	0	0	26	0	13	14	10	12	11	14	13	10	11	10	0	11	14	20	17	13	15	16	17	19	23	10	11	19	10	17	18	18	16	15	13	15	14	12	10	19	19	20	23	24	10	12	10	21	26	27	28	25	24	28	30	34	16	19	20	19	10	14	12	18	16	12	11	22	14	18	12	15	14	12	13	19	19	19
BS_4-8_manning003_extreme/E01522N3585E03578N2685-BS-M809_E01739N3490_D010_S067D30R090_A006995_S075	32	33	16	15	16	16	13	14	15	0	0	18	0	13	17	11	12	11	13	13	13	10	11	0	11	10	10	17	13	15	20	11	11	11	11	13	19	11	11	11	11	11	16	12	14	12	12	11	16	12	13	12	12	11	14	10	11	19	12	22	23	22	21	14	14	15	17	16	13	13	13	13	13	16	13	45	43	16	15	15	15	16	16	14	14	13	12
BS_4-8_manning003_extreme/E01267N3753E01646N3535-BS-M809_E01568N3625_D010_S067D90R270_A006995_S075	30	31	32	30	31	17	28	28	35	0	0	29	0	13	23	11	12	11	13	12	18	11	10	0	20	21	20	18	13	12	16	14	20	24	10	21	21	22	10	18	17	17	15	14	16	14	13	17	18	17	23	25	11	13	12	17	24	26	17	26	23	28	30	32	32	17	19	21	18	18	17	13	18	17	14	19	21	13	12	12	12	12	14	14	13	13	13
BS_4-8_manning003_extreme/E01267N3753E01646N3535-BS-M809_E01516N3647_D010_S067D90R090_A006995_S075	28	30	30	29	29	30	28	29	28	0	0	26	0	13	13	11	10	11	12	14	10	11	10	0	19	24	20	17	13	22	15	15	18	24	21	20	17	10	17	19	17	15	14	12	17	14	11	13	15	18	15	23	12	10	12	10	22	26	26	27	22	23	32	29	34	16	19	20	44	47	10	52	15	16	45	44	42	50	51	39	42	38	44	12	17	15	18
BS_4-8_manning003_extreme/E01522N3585E03578N2685-BS-M809_E01754N3422_D010_S067D50R090_A006995_S075	16	17	17	14	16	18	28	30	15	0	0	27	0	13	17	11	11	10	14	15	13	11	22	0	12	14	14	10	14	13	17	12	16	24	19	21	19	10	18	18	17	16	15	13	11	14	11	10	16	15	12	17	13	10	14	17	10	26	24	11	24	24	17	29	28	17	19	21	19	13	11	14	18	17	15	24	26	18	15	15	13	11	14	16	13	15	14
BS_4-8_manning003_extreme/E01446N4259E02038N3783-BS-M809_E01851N3917_D010_S292D70R090_A006995_S075	25	21	20	20	19	20	23	23	29	0	0	21	0	41	42	19	18	17	19	15	14	13	16	0	46	17	17	15	18	17	16	11	12	16	19	17	17	24	11	20	20	17	16	13	13	16	12	12	16	17	17	14	13	10	12	10	11	19	11	20	21	22	25	26	12	15	19	20	21	19	12	14	22	12	22	17	22	14	14	14	13	18	23	19	10	14	13
BS_4-8_manning003_extreme/E01522N3585E03578N2685-BS-M792_E01719N3535_D010_S067D70R270_A004781_S062	15	14	16	15	14	18	12	12	22	0	0	27	0	15	13	12	10	11	12	14	13	11	19	0	15	14	22	17	14	13	16	14	18	25	10	21	19	11	11	18	17	17	15	13	16	15	12	13	15	18	21	17	24	11	12	10	22	25	18	26	23	24	29	30	32	18	18	21	18	12	16	12	18	17	15	18	19	20	15	15	11	12	16	15	12	16	14
BS_4-8_manning003_extreme/E01548N3896E01854N3659-BS-M754_E01619N3760_D010_S337D50R090_A003524_S022	26	26	25	24	26	23	24	25	28	0	0	21	0	10	21	20	22	10	18	15	11	12	13	0	0	18	17	13	14	11	15	12	12	16	13	17	16	11	10	10	10	10	16	13	12	15	11	12	12	17	13	14	11	18	12	11	20	18	14	19	21	23	24	25	26	15	20	21	22	18	23	11	12	23	21	21	25	22	23	23	10	24	49	24	23	23	23
BS_4-8_manning003_extreme/E01522N3585E03578N2685-BS-M809_E01782N3422_D010_S067D70R090_A006995_S075	16	17	16	15	16	19	27	29	22	0	0	27	0	13	17	11	17	10	14	15	13	11	10	0	12	14	20	17	14	13	25	12	11	24	19	21	19	10	18	18	18	16	15	13	15	13	11	10	16	14	12	23	13	10	14	10	10	27	15	10	23	26	28	28	30	16	19	22	19	10	11	13	19	15	24	23	27	17	14	14	12	11	13	14	13	15	14
BS_4-8_manning003_extreme/E01522N3585E03578N2685-BS-M809_E01747N3535_D010_S022D30R090_A006995_S075	34	34	17	17	16	19	21	21	33	0	0	32	0	14	16	30	12	12	13	14	13	10	27	0	0	19	15	10	14	15	17	11	11	23	11	13	19	11	11	10	10	10	15	12	13	11	12	14	11	10	13	30	12	12	13	11	13	33	14	35	11	20	13	13	12	15	15	10	20	19	10	12	18	18	15	15	23	11	11	12	13	11	15	16	12	10	13
BS_4-8_manning003_extreme/E01522N3585E03578N2685-BS-M809_E01809N3422_D010_S067D30R090_A006995_S075	32	16	17	15	16	16	13	14	15	0	0	20	0	13	17	17	12	11	14	15	13	10	10	0	13	14	21	10	10	14	17	16	10	10	10	13	19	10	10	10	10	11	16	12	13	12	11	10	12	15	12	11	13	11	14	10	10	18	11	21	22	21	17	13	12	17	17	13	13	11	14	14	11	19	16	25	26	14	15	15	14	13	15	13	14	11	12
BS_4-8_manning003_extreme/E01522N3585E03578N2685-BS-M809_E01801N3378_D010_S247D50R090_A006995_S075	32	33	33	31	17	23	17	18	22	0	0	22	0	14	21	14	13	13	15	14	14	21	23	0	22	14	21	15	14	20	14	14	15	14	14	17	13	13	13	13	13	14	14	14	19	18	20	15	20	14	14	14	14	14	19	14	14	23	15	26	26	24	30	30	17	19	18	18	15	15	18	13	19	15	27	27	27	22	17	17	18	17	18	14	13	14	18
BS_4-8_manning003_extreme/E01522N3585E03578N2685-BS-M809_E01857N3535_D010_S202D50R270_A006995_S075	33	34	35	19	17	21	23	17	28	0	0	21	0	19	19	13	19	11	14	14	12	12	12	0	11	12	20	21	15	19	13	15	13	13	16	20	11	11	11	11	11	11	21	16	17	15	17	12	18	13	13	14	15	16	17	15	11	13	12	15	12	22	12	20	12	12	18	16	13	13	16	13	13	13	13	13	18	14	14	14	15	14	16	13	12	12	16
BS_4-8_manning003_extreme/E01267N3753E01646N3535-BS-M809_E01491N3670_D010_S202D10R270_A006995_S075	28	28	27	27	28	25	26	26	29	0	0	28	0	16	14	23	22	14	23	20	10	10	19	0	0	17	17	19	16	16	22	19	25	25	25	22	20	25	23	22	22	20	24	18	17	16	12	24	18	19	21	31	29	27	13	13	27	37	33	36	25	41	28	28	46	14	19	13	10	23	10	34	16	19	12	16	11	12	10	10	11	10	11	25	21	10	22
BS_4-8_manning003_extreme/E01522N3585E03578N2685-BS-M809_E01711N3490_D010_S067D30R090_A006995_S075	32	33	33	14	16	16	13	14	15	0	0	11	0	12	17	11	11	10	14	10	13	27	18	0	11	24	10	18	13	15	19	10	11	10	10	11	21	10	10	10	11	18	15	12	14	12	12	11	16	16	14	18	10	11	13	10	10	18	10	21	23	22	27	12	13	17	17	18	12	11	15	12	19	16	14	56	44	16	14	14	14	14	15	15	11	13	12
BS_4-8_manning003_extreme/E01267N3753E01646N3535-BS-M809_E01592N3602_D010_S067D10R090_A006995_S075	29	30	15	14	15	16	10	10	16	0	0	30	0	13	12	11	12	14	14	14	10	10	11	0	15	24	15	12	14	15	19	15	18	10	13	22	22	13	12	19	19	18	20	15	19	15	14	15	20	21	22	19	10	13	14	19	10	29	33	35	25	28	31	31	40	19	22	24	21	19	16	14	20	15	12	20	19	16	15	10	10	11	12	15	15	19	14
BS_4-8_manning003_extreme/E01522N3585E03578N2685-BS-M809_E01832N3400_D010_S067D70R090_A006995_S075	15	16	16	14	15	18	12	14	22	0	0	27	0	13	17	10	16	11	14	15	13	11	10	0	11	23	15	10	14	12	17	17	11	24	19	13	18	20	17	18	17	16	15	13	12	13	11	10	16	14	11	16	13	10	13	10	20	16	24	11	23	24	27	28	29	17	19	20	19	10	11	13	17	16	15	23	27	17	12	13	12	11	13	15	13	15	15
BS_4-8_manning003_extreme/E01522N3585E03578N2685-BS-M809_E01715N3512_D010_S067D30R090_A006995_S075	32	33	33	31	31	19	13	14	17	0	0	18	0	12	11	15	11	10	12	13	13	10	18	0	12	23	22	12	13	15	19	15	11	10	10	13	19	11	11	10	11	17	16	12	15	13	12	11	16	18	13	12	12	11	13	10	11	18	13	22	14	24	27	15	13	16	18	17	13	13	17	14	20	16	13	59	43	16	17	17	17	15	18	14	13	12	14
BS_4-8_manning003_extreme/E01522N3585E03578N2685-BS-M809_E02272N3310_D010_S022D30R090_A006995_S075	17	18	18	18	17	18	20	20	22	0	0	26	0	19	17	16	16	17	14	15	12	14	15	0	0	13	14	16	17	18	15	13	15	14	15	18	21	15	15	22	20	17	17	17	17	15	15	14	16	18	15	16	14	15	15	17	14	11	17	13	24	21	17	17	15	16	15	17	15	15	14	11	17	16	14	13	13	17	16	15	15	13	17	17	15	15	12
BS_4-8_manning003_extreme/E01522N3585E03578N2685-BS-M809_E01855N3378_D010_S067D70R090_A006995_S075	15	16	16	15	15	19	12	13	17	0	0	17	0	14	17	10	16	11	12	15	13	18	10	0	12	13	20	17	14	12	17	17	11	24	19	13	17	10	17	18	17	16	15	12	11	13	11	15	15	13	13	16	13	10	12	16	20	37	13	10	22	24	26	27	27	16	18	20	18	10	11	13	19	15	14	23	27	16	11	11	11	10	12	14	13	14	18
BS_4-8_manning003_extreme/E01522N3585E03578N2685-BS-M792_E01747N3535_D010_S067D30R090_A004781_S062	32	15	15	14	16	15	12	14	16	0	0	10	0	13	10	10	11	10	12	15	13	18	18	0	12	14	21	10	10	15	18	10	11	20	10	12	19	11	11	11	11	11	15	12	13	12	12	13	13	13	12	16	13	12	12	16	14	20	15	36	22	25	22	34	33	21	23	23	22	19	17	20	19	15	12	21	43	20	17	17	31	17	20	20	20	20	17
BS_4-8_manning003_extreme/E01522N3585E03578N2685-BS-M809_E01882N3378_D010_S067D50R090_A006995_S075	15	17	17	15	15	18	12	14	17	0	0	18	0	13	17	15	16	11	14	14	14	17	22	0	12	14	20	17	10	13	18	13	10	24	13	13	18	13	10	18	17	16	15	12	11	10	11	15	15	13	14	16	14	10	12	10	14	16	13	10	22	24	27	27	12	16	18	16	12	10	11	13	10	16	15	23	25	17	12	12	12	10	13	14	12	11	10
BS_4-8_manning003_extreme/E01522N3585E03578N2685-BS-M809_E01688N3512_D010_S067D70R090_A006995_S075	15	16	16	15	16	19	18	29	33	0	0	29	0	12	17	11	11	10	12	13	13	11	10	0	13	14	15	16	14	14	19	13	10	24	10	21	19	11	20	18	18	16	16	14	14	14	12	15	16	18	13	24	14	12	13	18	21	25	15	28	24	24	28	29	22	16	18	20	17	10	14	13	18	15	13	23	23	14	16	16	14	13	15	14	13	14	13
BS_4-8_manning003_extreme/E01522N3585E03578N2685-BS-M809_E01719N3535_D010_S067D30R090_A006995_S075	32	33	16	14	16	15	12	14	16	0	0	18	0	14	13	11	11	11	12	15	13	10	10	0	14	10	21	10	13	16	19	10	12	10	13	13	19	11	11	11	12	16	15	12	13	13	12	13	16	15	13	15	13	12	12	16	21	23	16	19	23	24	26	27	15	15	17	16	16	17	17	13	19	15	12	45	45	18	17	16	15	14	17	15	16	15	12
BS_4-8_manning003_extreme/E01522N3585E03578N2685-BS-M774_E01805N3400_D010_S067D70R090_A003139_S050	34	16	16	14	15	17	18	13	23	0	0	15	0	13	14	10	16	11	14	15	10	11	22	0	12	14	22	22	13	12	17	17	21	23	18	20	19	10	18	17	16	16	15	12	11	14	11	15	12	14	12	17	13	10	13	16	21	37	15	10	22	24	17	26	21	16	18	10	18	10	11	13	17	15	14	13	24	10	11	11	10	15	11	15	13	10	13
BS_4-8_manning003_extreme/E01522N3585E03578N2685-BS-M809_E01959N3355_D010_S247D50R090_A006995_S075	32	34	17	15	17	20	25	19	22	0	0	22	0	16	16	14	16	16	15	15	13	22	16	0	24	15	15	15	15	19	13	16	15	15	18	17	23	15	15	14	14	14	14	14	18	18	18	14	19	20	13	15	23	10	18	17	35	22	14	25	25	23	29	20	13	19	19	17	14	14	10	12	18	14	15	13	19	16	16	16	16	16	24	15	12	14	12
BS_4-8_manning003_extreme/E01267N3753E01646N3535-BS-M809_E01470N3715_D144_S067D10R270_A006995_S075	29	30	30	29	29	30	29	30	30	0	0	32	0	30	30	57	26	26	12	25	11	12	25	0	22	23	21	19	19	18	18	17	22	24	26	23	23	15	10	14	46	30	31	34	19	16	14	25	26	25	25	25	24	20	15	19	10	32	35	13	35	35	32	33	32	38	48	59	20	41	14	15	13	27	43	42	43	45	40	40	44	10	43	11	11	11	11
BS_4-8_manning003_extreme/E01522N3585E03578N2685-BS-M809_E01801N3378_D010_S067D50R090_A006995_S075	17	18	17	15	16	19	12	14	15	0	0	27	0	13	17	17	17	11	14	16	12	17	10	0	12	14	20	16	14	12	16	17	16	23	19	13	17	10	10	18	17	16	15	13	11	13	12	10	16	14	13	16	13	10	13	16	20	16	38	11	22	25	15	27	13	17	19	20	13	13	11	13	17	15	15	24	25	21	15	16	16	15	18	15	13	15	14
BS_4-8_manning003_extreme/E01267N3753E01646N3535-BS-M809_E01575N3670_D010_S022D70R090_A006995_S075	35	18	18	18	18	19	20	35	33	0	0	38	0	30	14	16	17	13	13	13	15	11	16	0	11	18	19	17	10	15	16	15	15	16	19	15	20	19	19	17	17	16	15	12	12	14	11	15	15	15	12	21	12	17	11	18	19	25	21	25	22	23	25	26	28	15	18	18	19	18	13	12	18	17	13	13	31	19	15	16	24	13	16	17	11	13	12
BS_4-8_manning003_extreme/E01522N3585E03578N2685-BS-M809_E01820N3333_D010_S067D50R090_A006995_S075	34	18	18	16	19	20	29	30	23	0	0	17	0	14	13	16	11	12	13	15	12	17	27	0	14	14	15	16	14	13	17	17	16	24	19	16	18	11	18	17	17	16	15	12	12	15	11	13	15	19	13	16	25	10	13	16	21	14	23	27	23	24	16	27	29	16	18	21	17	12	11	13	19	15	14	24	24	21	17	16	15	14	17	14	12	13	13
BS_4-8_manning003_extreme/E01446N4259E02038N3783-BS-M792_E01846N3895_D010_S112D90R270_A004781_S062	25	18	18	19	18	20	22	23	40	0	0	20	0	14	13	16	10	17	18	15	13	13	16	0	44	17	17	15	10	16	16	11	12	16	19	17	16	11	10	19	10	17	16	13	12	16	12	12	16	17	17	14	22	10	12	10	21	19	28	19	21	22	24	24	11	17	19	20	11	19	11	11	12	12	19	13	14	14	13	13	21	10	20	18	12	14	12
BS_4-8_manning003_extreme/E01522N3585E03578N2685-BS-M809_E01821N3490_D010_S067D30R090_A006995_S075	34	16	17	15	17	16	21	14	15	0	0	18	0	12	17	10	12	11	14	15	13	10	18	0	11	14	10	10	13	14	18	12	11	10	12	13	19	12	12	12	13	17	15	13	14	14	13	14	17	15	14	17	14	13	14	10	10	17	17	20	22	22	27	18	17	17	17	18	17	17	16	28	16	15	13	44	40	27	20	15	15	13	20	17	16	16	17
BS_4-8_manning003_extreme/E01522N3585E03578N2685-BS-M809_E01719N3535_D010_S067D50R270_A006995_S075	16	16	16	15	14	17	12	13	16	0	0	29	0	15	14	12	12	10	13	15	12	11	10	0	14	21	15	10	14	15	16	11	20	24	19	18	20	11	11	11	18	16	15	13	16	14	13	16	16	17	13	17	24	11	12	16	21	15	14	27	23	24	18	30	29	15	20	22	17	15	17	13	19	17	23	23	23	17	16	16	12	10	12	14	15	13	14
BS_4-8_manning003_extreme/E01522N3585E03578N2685-BS-M809_E01692N3535_D010_S067D70R270_A006995_S075	16	16	17	15	17	16	27	30	22	0	0	18	0	13	14	11	12	10	21	13	13	11	10	0	20	14	20	10	14	14	16	14	16	24	10	21	21	11	11	19	18	17	15	13	16	14	12	13	16	18	21	25	10	11	12	10	24	25	18	25	25	24	29	31	32	18	20	21	21	13	16	12	18	18	15	27	19	20	16	16	15	11	16	15	12	13	17
BS_4-8_manning003_extreme/E01522N3585E03578N2685-BS-M809_E01836N3422_D010_S067D30R090_A006995_S075	32	16	16	15	16	15	12	14	16	0	0	20	0	14	17	10	10	11	14	15	13	18	10	0	13	14	20	10	10	14	17	17	10	10	13	13	18	10	10	10	10	11	16	12	14	12	12	11	12	14	12	11	10	11	14	10	10	18	12	14	22	21	15	13	13	17	17	14	13	12	12	12	20	16	16	46	31	15	15	15	14	14	15	15	14	13	11
BS_4-8_manning003_extreme/E01522N3585E03578N2685-BS-M792_E01840N3445_D010_S067D70R270_A004781_S062	14	14	16	15	14	16	12	12	15	0	0	27	0	13	17	10	17	10	13	14	13	10	10	0	15	10	22	10	14	12	17	17	10	25	11	20	20	10	10	10	18	16	15	13	13	14	12	13	15	17	14	17	16	10	14	10	10	26	11	10	24	27	17	29	30	17	19	11	19	11	11	13	19	18	16	24	28	14	12	12	12	11	12	16	13	15	14
BS_4-8_manning003_extreme/E01446N4259E02038N3783-BS-M809_E01946N3827_D010_S157D90R270_A006995_S075	17	18	17	19	19	20	21	21	17	0	0	20	0	15	14	17	12	17	14	14	19	12	14	0	12	10	16	18	20	16	15	12	11	17	10	16	21	20	19	12	14	17	15	12	17	16	11	15	16	14	13	15	12	18	12	17	20	27	21	25	10	24	25	26	26	16	19	23	18	19	17	12	13	13	13	14	13	14	13	13	14	14	19	22	11	14	13
BS_4-8_manning003_extreme/E01522N3585E03578N2685-BS-M809_E01901N3333_D010_S067D50R090_A006995_S075	17	17	17	15	16	19	15	21	18	0	0	18	0	19	11	10	11	10	15	15	13	19	15	0	25	11	22	18	13	14	19	16	10	24	10	13	18	11	10	18	17	16	16	12	11	13	11	15	15	13	13	16	14	10	12	10	13	36	15	10	23	24	15	27	21	15	17	16	11	12	10	13	19	15	15	15	24	16	17	11	11	14	13	14	11	13	18
BS_4-8_manning003_extreme/E01522N3585E03578N2685-BS-M809_E01743N3512_D010_S067D70R090_A006995_S075	16	16	16	15	15	19	12	13	17	0	0	20	0	13	17	10	12	10	10	14	13	10	10	0	13	21	15	17	13	15	20	15	18	22	10	21	19	10	10	17	18	18	16	14	15	14	12	16	18	18	19	18	14	11	14	17	26	26	16	27	24	25	29	29	34	17	19	20	19	14	16	14	17	16	14	28	30	15	16	16	15	17	16	14	13	15	16
BS_4-8_manning003_extreme/E01522N3585E03578N2685-BS-M809_E01633N3512_D010_S067D30R090_A006995_S075	31	33	33	15	16	18	13	14	15	0	0	11	0	13	17	17	11	10	14	16	10	11	18	0	12	23	20	17	13	12	17	17	10	24	19	12	18	10	13	18	17	16	15	12	12	13	11	10	15	14	12	17	13	11	12	10	14	17	10	11	22	25	16	13	12	15	17	16	12	12	13	13	19	17	14	12	24	13	12	12	15	13	16	14	11	13	12
BS_4-8_manning003_extreme/E01522N3585E03578N2685-BS-M809_E01813N3445_D010_S247D30R090_A006995_S075	16	17	16	15	16	19	13	14	18	0	0	10	0	10	10	10	10	10	10	10	11	11	10	0	22	11	18	10	13	17	10	11	11	11	11	14	10	11	12	11	11	20	17	14	16	14	14	12	17	17	14	12	12	13	15	20	11	20	12	23	24	26	19	13	14	18	20	15	14	12	15	13	13	27	16	16	26	14	14	14	14	13	16	14	14	15	14
BS_4-8_manning003_extreme/E01522N3585E03578N2685-BS-M809_E01872N3467_D010_S067D30R090_A006995_S075	34	16	17	15	17	16	21	22	23	0	0	18	0	14	16	11	17	10	12	15	13	11	10	0	11	13	20	17	13	13	17	17	10	24	19	13	18	10	10	10	17	17	16	13	15	14	12	12	15	15	14	17	24	11	14	18	39	18	18	11	24	25	17	28	17	18	22	18	18	19	27	11	20	16	12	45	41	21	21	21	43	11	21	18	13	17	18
BS_4-8_manning003_extreme/E01522N3585E03578N2685-BS-M774_E01824N3355_D010_S067D50R090_A003139_S050	33	33	35	35	17	17	12	14	17	0	0	20	0	13	15	10	10	11	13	15	11	10	17	0	11	23	21	10	10	12	17	17	10	24	13	23	18	10	17	12	17	16	15	12	11	10	11	15	12	13	14	16	14	10	12	16	14	34	16	19	22	25	16	13	12	16	18	10	12	11	10	12	19	15	14	14	13	10	12	11	10	14	12	14	12	11	10
BS_4-8_manning003_extreme/E01267N3753E01646N3535-BS-M809_E01568N3625_D010_S067D90R090_A006995_S075	29	31	31	29	30	15	27	29	28	0	0	26	0	13	13	11	16	10	22	13	10	11	10	0	12	14	15	17	13	15	16	13	18	24	20	21	19	24	17	18	17	16	15	14	16	14	11	16	18	18	23	23	13	12	13	18	22	25	27	29	24	24	29	29	34	17	20	21	17	18	13	12	18	14	21	22	14	13	14	14	45	34	43	13	13	13	13
BS_4-8_manning003_extreme/E01522N3585E03578N2685-BS-M809_E01581N3535_D010_S067D50R090_A006995_S075	32	17	18	18	17	17	28	29	15	0	0	26	0	13	13	11	12	11	13	13	10	10	17	0	11	23	15	17	13	15	12	17	10	23	13	20	17	20	17	17	17	16	15	13	12	14	11	12	16	18	20	16	12	10	12	16	20	25	24	27	22	24	26	27	29	16	18	20	18	12	10	12	18	15	23	23	23	17	11	11	10	15	11	14	11	13	15
BS_4-8_manning003_extreme/E01267N3753E01646N3535-BS-M809_E01544N3647_D010_S202D70R270_A006995_S075	32	31	31	32	32	32	34	34	33	0	0	51	0	12	11	10	11	11	12	14	10	10	26	0	13	24	22	16	17	23	16	22	27	21	20	21	20	24	19	18	18	15	16	11	16	15	10	13	15	18	12	22	12	16	12	10	31	26	30	34	28	27	28	31	28	17	20	20	19	19	24	11	17	16	12	52	30	14	31	13	26	15	26	17	11	12	11
BS_4-8_manning003_extreme/E01522N3585E03578N2685-BS-M809_E01668N3557_D010_S067D30R090_A006995_S075	31	32	32	14	31	18	13	14	15	0	0	20	0	14	11	10	12	11	14	15	14	18	10	0	14	15	20	17	13	15	20	11	10	11	13	14	19	12	11	11	11	17	15	12	16	14	12	13	16	15	13	16	13	11	12	11	14	21	15	15	23	24	26	27	15	16	17	18	15	16	17	16	19	15	12	56	39	17	16	15	14	13	16	15	15	15	16
BS_4-8_manning003_extreme/E01522N3585E03578N2685-BS-M809_E01950N3310_D010_S067D50R090_A006995_S075	33	18	18	16	16	20	21	21	18	0	0	20	0	17	11	11	12	10	10	12	10	10	19	0	26	11	21	13	13	15	16	10	11	23	11	14	19	11	11	11	18	17	16	13	13	14	12	11	15	14	12	17	10	11	13	11	21	20	14	13	24	24	28	28	12	16	18	20	12	12	10	13	19	18	14	14	24	21	13	12	11	10	12	14	12	14	13
BS_4-8_manning003_extreme/E01522N3585E03578N2685-BS-M809_E01633N3512_D010_S067D50R090_A006995_S075	16	16	16	14	15	17	12	29	29	0	0	27	0	13	13	11	11	12	14	15	10	11	10	0	15	24	20	16	13	15	16	17	19	24	13	21	18	10	17	18	17	16	14	12	11	14	11	10	15	18	12	23	13	11	12	17	20	16	24	11	22	24	26	27	28	17	17	12	12	11	10	12	18	17	14	24	23	12	12	11	10	16	11	14	11	13	12
BS_4-8_manning003_extreme/E01522N3585E03578N2685-BS-M774_E01664N3535_D010_S067D70R270_A003139_S050	28	15	16	14	15	17	11	28	22	0	0	26	0	13	17	17	12	10	14	14	10	11	19	0	15	13	20	17	13	12	17	18	21	25	10	21	19	10	17	18	17	16	14	13	11	15	11	12	15	20	18	16	23	10	12	17	21	15	25	11	22	24	17	30	11	16	16	21	11	12	10	12	18	17	15	13	18	16	11	11	10	14	11	15	12	12	11
BS_4-8_manning003_extreme/E01267N3753E01646N3535-BS-M809_E01547N3670_D010_S067D90R090_A006995_S075	29	31	16	15	17	18	27	29	28	0	0	26	13	13	16	11	11	10	13	13	10	11	10	0	13	14	21	17	13	15	16	13	18	16	20	21	19	10	17	18	18	15	20	14	16	14	11	15	17	18	19	23	24	10	12	17	21	24	27	27	23	23	31	29	33	16	38	40	42	48	40	19	29	38	13	10	37	14	12	41	48	10	49	19	12	23	12
BS_4-8_manning003_extreme/E01522N3585E03578N2685-BS-M809_E01613N3557_D010_S247D30R090_A006995_S075	16	16	16	15	16	19	12	14	17	0	0	18	0	10	17	12	11	11	10	15	10	10	10	0	14	14	17	18	12	16	10	12	11	10	10	22	19	11	11	10	10	19	17	16	16	14	14	11	17	17	15	19	11	12	15	12	11	19	11	14	24	24	28	29	12	16	18	13	14	14	14	13	19	18	26	26	26	16	14	14	13	12	14	17	14	14	13
BS_4-8_manning003_extreme/E01522N3585E03578N2685-BS-M809_E01813N3445_D010_S067D30R090_A006995_S075	32	16	17	15	16	15	13	13	15	0	0	20	0	13	17	10	17	11	14	15	13	17	10	0	13	14	20	10	10	14	17	16	10	10	13	13	19	10	10	10	10	11	16	12	14	12	11	10	12	15	12	11	10	11	14	10	10	18	12	21	13	21	17	13	13	15	17	15	13	12	12	12	20	16	17	46	43	16	15	15	14	13	16	15	14	12	11
BS_4-8_manning003_extreme/E01577N3897E01966N3571-BS-M754_E01941N3805_D010_S337D50R090_A003524_S022	36	37	19	20	19	18	20	21	18	0	0	19	0	20	14	17	12	17	19	15	16	12	14	0	0	10	20	22	11	12	17	12	16	16	10	23	15	10	14	14	21	17	16	12	12	10	12	15	12	14	13	15	13	10	13	10	14	18	14	36	20	23	15	26	10	16	20	17	10	20	11	12	12	11	23	21	12	11	11	12	33	10	63	10	21	10	10
BS_4-8_manning003_extreme/E01522N3585E03578N2685-BS-M792_E01636N3535_D010_S067D50R270_A004781_S062	31	15	16	14	15	17	11	28	23	0	0	26	0	13	14	14	11	10	14	13	10	10	10	0	14	13	10	17	13	12	16	18	10	25	10	10	19	10	17	18	17	16	14	13	11	14	11	10	15	15	12	18	23	11	12	17	21	25	17	11	22	24	17	29	31	15	17	21	12	21	10	12	18	17	14	23	23	16	12	12	11	11	12	14	12	13	14
BS_4-8_manning003_extreme/E01267N3753E01646N3535-BS-M809_E01564N3602_D010_S067D70R090_A006995_S075	29	17	16	15	17	18	27	29	28	0	0	26	0	13	13	10	12	11	14	13	10	11	10	0	26	23	20	17	13	15	12	17	19	23	18	20	17	10	17	18	17	16	15	13	12	13	11	15	16	18	12	17	12	10	12	10	21	23	17	28	22	24	17	29	21	16	19	20	11	11	14	12	18	14	13	23	15	15	13	13	12	12	14	14	17	15	16
BS_4-8_manning003_extreme/E01522N3585E03578N2685-BS-M809_E01946N3288_D010_S067D50R090_A006995_S075	33	18	18	16	16	20	15	21	18	0	0	20	0	17	11	11	12	10	10	12	10	10	19	0	25	24	22	13	13	15	16	10	11	23	11	14	19	11	11	10	18	17	16	14	13	14	12	11	15	13	13	18	12	11	13	17	13	17	14	12	23	25	16	27	29	16	18	20	12	12	10	13	19	18	15	14	24	17	13	12	11	10	13	14	12	11	18
