id	0	1	2	3	4	5	6	7	8	9	10	11	12	13	14	15	16	17	18	19	20	21	22	23	24	25	26	27	28	29	30	31	32	33	34	35	36	37	38	39	40	41	42	43	44	45	46	47	48	49	50	51	52	53	54	55	56	57	58	59	60	61	62	63	64	65	66	67	68	69	70	71	72	73	74	75	76	77	78	79	80	81	82	83	84	85	86
BS_4-8_manning003_extreme/E01522N3585E03578N2685-BS-M809_E01719N3535_D010_S067D70R090_A006995_S075	0.59	0.7	0.91	1.18	1.08	3.74	4.77	4.25	2.47	8.11	7.05	2.82	4.2	4.46	3.87	3.28	4.7	4.09	5.54	4.41	7.7	8.26	3.97	12.38	4.31	3.65	5.98	4.59	4.54	4.94	4.55	5.25	2.88	4.4	3.24	3.67	1.96	1.62	1.88	1.68	1.57	1.45	2.1	2.4	3.08	1.99	3.02	2.53	1.89	2.04	2.54	2.08	1.93	2.03	2.06	2.47	1.36	2.79	3.04	2.09	1.62	1.6	1.71	1.36	1.21	1.24	1.37	1.86	2.22	2.67	1.59	1.33	1.19	1.26	1.03	1.14	1.19	1.89	2.51	2.87	3.74	5.05	3.16	1.11	1.79	1.97	2.02
BS_4-8_manning003_extreme/E01470N3877E01631N3641-BS-M809_E01559N3737_D010_S067D90R090_A012497_S042	0.81	0.95	1.23	1.48	1.31	5.74	5.03	4.85	3.49	7.92	6.85	2.76	3.97	3.72	3.01	2.1	3.96	3.73	4.46	3.38	6.76	6.34	2.97	11.97	2.75	3.43	4.8	4.8	4.31	4.91	4.19	5.69	2.5	4.41	3.33	3.34	2.62	1.29	1.44	1.55	1.72	2.52	2.59	1.92	1.89	1.3	2.02	1.91	1.86	1.7	1.63	1.52	1.4	1.27	1.52	1.1	0.92	0.93	0.89	1.09	1.17	1.13	1.13	1.2	1.51	1.58	1.4	1.59	1.59	1.15	1.15	1.05	0.88	0.79	0.77	0.76	0.73	0.72	0.64	0.55	0.5	0.53	0.47	0.8	0.71	0.72	0.7
BS_4-8_manning003_extreme/E00979N4372E01586N3827-BS-M809_E01517N3827_D010_S157D70R090_A006995_S075	2.73	2.42	2.82	3.99	3.39	5.4	5.79	5.35	3.97	7.04	5.87	4.15	3.23	4.32	3.61	2.66	3.84	2.74	2.81	4.0	7.19	4.02	3.72	14.97	3.57	5.06	3.82	6.62	7.47	7.29	6.54	3.67	2.67	4.66	2.76	2.83	2.52	2.13	1.99	1.83	1.86	1.98	2.09	3.1	1.78	2.29	1.37	1.93	1.04	1.44	1.19	1.67	1.3	1.26	1.05	0.89	0.39	0.54	0.47	0.63	0.84	0.92	0.69	0.63	0.61	0.54	0.43	0.52	0.46	0.44	0.36	0.31	0.33	0.28	0.24	0.24	0.22	0.25	0.26	0.28	0.26	0.26	0.26	0.26	0.27	0.28	0.33
BS_4-8_manning003_extreme/E01522N3585E03578N2685-BS-M809_E01882N3378_D010_S067D30R090_A006995_S075	0.4	0.51	0.58	0.68	0.74	2.57	2.63	2.44	1.56	8.11	7.05	1.76	4.2	2.84	2.5	2.1	3.33	3.09	3.16	3.07	5.08	5.46	3.08	12.37	2.9	3.11	3.68	4.39	3.18	4.34	4.62	4.01	2.5	3.66	3.51	2.48	2.24	2.31	2.13	1.87	1.71	1.64	2.2	2.28	1.71	1.7	2.31	2.53	2.02	2.28	2.81	1.91	1.84	2.07	1.97	1.9	1.61	2.16	2.64	1.24	1.18	1.14	1.17	1.12	1.24	1.21	1.1	1.2	1.69	1.82	1.01	1.07	0.94	0.84	0.8	0.78	0.78	1.32	1.55	1.59	1.78	2.42	1.4	0.99	1.3	1.23	1.33
BS_4-8_manning003_extreme/E01522N3585E03578N2685-BS-M809_E01758N3445_D010_S067D50R090_A006995_S075	0.38	0.48	0.59	0.72	0.79	2.91	3.23	2.97	2.03	8.11	7.05	2.25	4.2	4.31	3.98	2.55	4.5	4.22	3.79	3.73	7.15	7.17	3.56	12.38	3.81	3.96	3.75	5.23	3.36	5.84	5.54	3.83	2.69	4.04	3.47	2.71	2.08	2.7	2.43	1.91	1.82	1.93	2.4	2.55	2.21	2.23	2.57	2.94	2.11	2.35	2.58	2.3	2.32	2.5	2.03	2.13	1.79	2.64	2.84	1.76	1.5	1.41	1.48	1.43	1.56	1.45	1.32	1.6	2.08	2.1	1.41	1.29	1.16	0.99	0.95	0.95	1.29	1.82	2.19	2.31	2.66	3.47	2.21	1.42	1.78	2.05	2.07
BS_4-8_manning003_extreme/E01267N3753E01646N3535-BS-M809_E01547N3670_D010_S022D70R090_A006995_S075	0.4	0.41	0.55	0.86	1.1	1.83	2.0	1.82	1.85	8.05	6.99	1.87	4.14	1.68	1.92	1.68	1.98	1.89	1.75	2.23	3.22	3.47	1.9	12.28	2.03	2.19	3.82	3.39	3.47	4.84	5.24	6.55	4.08	7.03	5.77	5.01	3.94	5.97	4.3	4.12	3.74	3.37	5.02	5.49	5.06	3.36	4.8	6.11	4.19	4.76	6.67	5.65	4.6	4.45	6.1	4.84	3.72	6.02	9.68	5.91	3.53	3.78	3.07	3.1	3.47	3.56	3.23	4.14	5.71	7.02	4.12	3.04	2.39	4.1	6.32	5.86	5.68	4.74	4.25	4.08	3.82	3.6	3.89	3.86	3.73	3.33	4.28
BS_4-8_manning003_extreme/E01522N3585E03578N2685-BS-M792_E01794N3490_D010_S067D30R090_A004781_S062	0.29	0.37	0.4	0.53	0.51	2.22	1.96	1.81	1.26	8.11	7.05	1.53	4.2	2.36	2.09	1.97	2.99	2.83	2.12	2.25	3.8	3.77	2.09	12.37	1.93	1.96	2.21	2.68	1.95	2.74	2.59	2.35	1.38	2.0	1.73	1.72	1.2	1.03	1.01	0.87	0.79	0.95	1.04	1.21	0.97	0.97	1.19	1.22	0.93	0.98	1.1	1.01	0.98	0.96	0.9	0.92	0.81	1.23	1.11	0.79	0.7	0.69	0.65	0.61	0.64	0.6	0.55	0.65	0.78	0.84	0.56	0.5	0.46	0.43	0.4	0.4	0.54	0.72	0.84	0.88	1.01	1.3	0.83	0.53	0.62	0.76	0.78
BS_4-8_manning003_extreme/E01522N3585E03578N2685-BS-M809_E01739N3490_D010_S247D30R090_A006995_S075	0.39	0.48	0.6	0.73	0.73	2.49	3.24	2.95	1.7	8.11	7.06	1.67	4.2	2.0	1.72	1.8	3.36	2.21	2.23	2.38	3.68	5.4	2.36	12.38	2.1	1.95	2.59	3.22	3.49	2.33	2.42	3.03	2.1	2.76	2.68	2.83	1.76	1.8	1.75	1.61	1.54	1.57	1.72	2.15	1.73	1.94	2.18	2.06	1.91	1.84	2.01	1.81	1.64	1.99	1.96	1.87	1.42	2.04	2.22	1.62	1.52	1.37	1.32	1.32	1.4	1.38	1.29	1.47	1.77	1.76	1.29	1.09	0.96	0.85	0.86	1.02	1.18	1.6	1.95	2.04	2.27	2.64	2.0	1.15	1.41	1.45	1.64
BS_4-8_manning003_extreme/E01522N3585E03578N2685-BS-M809_E01859N3400_D010_S067D30R090_A006995_S075	0.43	0.55	0.62	0.72	0.73	2.77	2.78	2.55	1.8	8.11	7.05	2.16	4.2	3.08	3.18	2.8	4.17	4.29	2.75	3.46	6.21	5.7	3.43	12.37	3.14	3.52	3.33	4.25	3.2	4.68	4.75	3.66	2.38	3.54	3.16	2.57	1.99	1.92	1.76	1.67	1.59	1.65	2.01	2.13	1.67	1.67	1.97	2.33	1.84	2.0	2.38	1.84	1.75	1.81	1.71	1.68	1.42	1.96	2.35	1.32	1.18	1.16	1.12	1.1	1.18	1.13	1.04	1.1	1.53	1.59	0.96	0.96	0.85	0.77	0.78	0.74	0.83	1.27	1.49	1.54	1.71	2.23	1.39	0.95	1.19	1.12	1.29
BS_4-8_manning003_extreme/E01522N3585E03578N2685-BS-M809_E01640N3557_D010_S067D70R270_A006995_S075	0.51	0.63	0.79	0.88	0.81	5.2	4.73	3.85	3.5	8.09	7.04	2.45	4.19	3.22	2.76	2.44	4.8	4.33	2.88	3.44	9.4	10.4	2.45	12.36	2.61	2.26	2.73	4.0	2.67	3.81	3.45	2.53	1.71	2.76	2.33	2.16	2.02	1.51	1.92	1.29	1.06	1.28	1.45	1.64	1.76	1.3	2.62	1.18	1.45	1.12	1.12	1.04	0.92	1.19	1.67	1.18	0.99	1.56	1.34	1.29	1.65	1.33	1.37	1.56	1.01	1.6	1.2	1.76	1.3	1.32	1.32	0.93	1.1	1.34	0.97	1.03	1.48	1.3	1.24	1.41	1.19	1.35	1.38	0.9	1.41	1.25	1.37
BS_4-8_manning003_extreme/E01522N3585E03578N2685-BS-M792_E01844N3467_D010_S067D70R270_A004781_S062	0.36	0.45	0.49	0.56	0.61	1.54	1.83	1.94	1.78	8.1	7.04	1.76	4.19	1.7	1.86	1.32	2.97	1.78	1.74	2.19	4.31	6.18	1.64	12.37	1.48	1.33	1.88	3.17	1.6	2.83	1.97	1.81	1.63	2.14	1.49	1.11	1.25	1.07	1.51	0.64	0.52	1.1	1.16	1.1	1.18	0.87	1.71	1.1	0.82	0.69	0.67	0.64	0.6	1.34	1.03	1.01	0.52	1.0	0.81	0.74	0.92	0.69	0.61	0.81	0.47	0.66	0.55	0.77	0.55	0.67	0.62	0.5	0.34	0.36	0.39	0.37	0.39	0.4	0.46	0.44	0.58	0.84	0.45	0.4	0.57	0.61	0.61
BS_4-8_manning003_extreme/E01522N3585E03578N2685-BS-M809_E01824N3355_D010_S067D30R090_A006995_S075	0.32	0.4	0.49	0.6	0.59	2.36	2.2	2.02	1.35	8.11	7.05	1.4	4.2	1.98	1.81	1.61	2.18	2.36	2.32	2.24	3.9	3.76	2.11	12.37	2.3	2.53	2.61	3.3	2.31	3.89	3.91	3.04	2.0	3.1	2.54	1.9	1.83	1.83	1.6	1.55	1.47	1.43	1.99	1.92	1.74	1.56	1.97	2.44	1.76	1.81	2.32	1.69	1.65	1.81	1.61	1.55	1.34	2.04	2.42	1.12	1.03	1.01	1.04	0.99	1.14	1.13	1.03	1.1	1.62	1.79	0.96	0.99	0.88	0.8	0.73	0.72	0.97	1.21	1.45	1.49	1.72	2.35	1.38	1.11	1.28	1.17	1.3
BS_4-8_manning003_extreme/E01522N3585E03578N2685-BS-M809_E01762N3467_D010_S067D50R090_A006995_S075	0.44	0.56	0.69	0.84	0.84	3.29	3.76	3.45	2.29	8.11	7.05	2.39	4.2	4.75	4.04	3.46	5.51	5.1	3.9	4.5	7.31	8.09	4.32	12.38	4.25	3.79	4.09	5.52	3.82	5.66	5.11	4.41	3.01	4.26	3.01	3.27	2.27	2.48	2.34	2.15	1.98	1.82	2.2	2.56	1.93	2.15	2.54	2.72	2.34	2.56	2.91	2.35	2.32	2.61	2.25	2.5	1.83	2.61	3.16	2.05	1.75	1.65	1.63	1.56	1.71	1.7	1.56	1.88	2.17	2.24	1.64	1.38	1.23	1.02	1.0	1.1	1.24	1.94	2.33	2.47	2.78	3.63	2.41	1.57	1.92	2.36	2.26
BS_4-8_manning003_extreme/E01267N3753E01646N3535-BS-M809_E01589N3580_D010_S067D70R090_A006995_S075	0.42	0.49	0.64	0.85	0.84	2.9	3.24	3.0	2.5	8.11	7.05	2.65	4.31	5.26	4.79	2.97	5.79	5.92	5.15	5.52	10.33	9.83	5.12	12.38	4.81	5.31	6.68	6.96	4.01	8.01	8.15	5.78	2.86	4.68	4.34	3.07	2.65	2.93	2.61	1.92	1.71	1.83	2.67	2.8	2.65	2.1	2.68	2.88	2.09	2.44	2.44	2.41	2.41	2.35	2.1	3.1	1.7	3.39	3.38	2.3	1.74	1.63	1.36	1.4	1.57	1.6	1.56	2.23	2.44	2.81	1.85	1.71	1.44	1.39	1.39	1.4	1.61	2.2	3.61	4.17	4.99	6.03	4.41	1.36	2.08	1.94	2.6
BS_4-8_manning003_extreme/E01548N3896E01854N3659-BS-M732_E01591N3760_D010_S337D30R090_A002108_S017	0.07	0.1	0.15	0.19	0.18	0.44	0.56	0.53	0.34	8.08	7.02	0.31	4.17	0.35	0.33	0.32	0.4	0.39	0.45	0.5	0.66	0.68	0.43	12.36	0.91	0.53	0.74	0.96	0.93	1.35	0.89	1.16	0.86	1.3	1.1	0.75	0.67	0.72	0.92	0.81	0.76	1.06	0.75	1.23	0.72	0.62	0.84	0.93	0.55	0.51	0.68	0.6	0.4	0.52	0.42	0.36	0.27	0.22	0.37	0.37	0.24	0.2	0.17	0.16	0.2	0.19	0.16	0.16	0.15	0.22	0.25	0.15	0.14	0.12	0.11	0.11	0.11	0.1	0.11	0.11	0.11	0.13	0.09	0.13	0.17	0.19	0.18
BS_4-8_manning003_extreme/E01522N3585E03578N2685-BS-M809_E01688N3512_D010_S067D30R090_A006995_S075	0.33	0.41	0.49	0.61	0.61	2.75	2.92	2.71	1.93	8.11	7.06	1.88	4.21	2.77	2.7	2.45	3.7	3.57	2.97	2.75	4.99	5.03	2.84	12.38	2.89	2.65	3.83	3.7	3.16	3.87	3.51	3.36	2.11	3.28	2.68	2.26	1.53	1.78	1.57	1.51	1.46	1.43	1.67	1.93	1.4	1.54	1.81	2.07	1.64	1.81	1.93	1.83	1.71	1.68	1.51	1.82	1.39	2.38	2.44	1.72	1.42	1.35	1.33	1.31	1.27	1.25	1.15	1.36	1.84	2.03	1.21	1.3	1.15	1.04	0.97	1.07	1.24	1.73	2.1	2.24	2.68	3.41	2.24	1.14	1.46	1.37	1.58
BS_4-8_manning003_extreme/E01522N3585E03578N2685-BS-M809_E01790N3467_D010_S067D30R090_A006995_S075	0.45	0.58	0.68	0.77	0.79	3.2	3.17	2.96	2.03	8.11	7.05	2.2	4.2	3.65	3.13	2.74	4.14	3.88	3.01	3.45	5.38	5.95	3.34	12.38	3.24	2.95	3.41	4.31	3.11	4.27	3.9	3.32	2.29	3.26	2.51	2.82	1.83	2.0	1.86	1.67	1.54	1.46	1.7	2.01	1.58	1.71	1.97	2.11	1.72	1.9	2.11	1.8	1.75	1.9	1.61	1.75	1.36	2.02	2.1	1.45	1.29	1.18	1.25	1.18	1.28	1.18	1.1	1.31	1.54	1.47	1.11	0.95	0.86	0.79	0.85	0.79	1.02	1.37	1.59	1.67	1.85	2.33	1.59	1.08	1.29	1.56	1.5
BS_4-8_manning003_extreme/E01108N3882E01527N3690-BS-M809_E01445N3737_D010_S067D90R270_A012497_S042	0.5	0.51	0.57	0.67	0.81	5.34	4.19	4.09	2.19	8.27	7.23	1.45	4.43	1.52	1.16	0.85	1.14	1.1	1.09	1.24	1.75	4.19	1.64	13.37	2.02	2.04	3.16	2.88	3.06	2.52	1.94	2.25	1.1	2.91	2.75	2.31	1.63	1.48	1.6	2.76	1.72	2.04	1.54	3.64	2.35	1.59	1.6	2.17	1.5	0.94	1.06	1.75	0.99	1.12	1.25	1.02	0.71	0.57	0.72	0.94	0.75	0.75	0.63	0.59	0.57	0.54	0.47	0.49	0.54	0.71	0.74	0.59	0.48	0.53	0.48	0.55	0.6	0.63	0.59	0.63	0.64	0.63	0.81	0.41	0.37	0.36	0.42
BS_4-8_manning003_extreme/E01522N3585E03578N2685-BS-M809_E01851N3355_D010_S067D70R090_A006995_S075	0.39	0.46	0.59	0.75	0.83	2.57	3.17	2.75	1.7	8.1	7.05	1.95	4.2	2.56	2.35	2.44	2.9	2.9	4.88	4.22	5.33	6.09	3.01	12.37	3.41	3.13	5.61	4.78	3.71	5.61	5.86	5.29	3.42	5.03	4.9	2.77	3.09	2.95	2.87	2.65	2.37	2.06	3.26	3.0	3.1	2.23	3.26	3.88	2.85	3.35	4.44	2.44	2.49	3.25	2.94	2.8	2.32	3.33	4.28	1.94	1.19	1.17	1.25	1.2	1.52	1.55	1.38	1.59	2.52	2.97	1.31	1.58	1.33	1.08	1.16	0.87	0.87	1.79	2.24	2.33	2.86	4.21	2.18	1.35	2.09	2.1	1.94
BS_4-8_manning003_extreme/E01522N3585E03578N2685-BS-M809_E01786N3445_D010_S067D30R090_A006995_S075	0.4	0.5	0.62	0.75	0.73	3.02	2.86	2.7	1.82	8.11	7.05	2.02	4.2	3.57	3.21	2.44	3.85	3.38	3.1	3.21	5.5	5.77	3.18	12.38	3.19	3.1	3.28	4.36	3.07	4.53	4.22	3.3	2.36	3.38	2.69	2.55	1.92	2.15	1.98	1.67	1.52	1.57	1.92	2.12	1.76	1.78	2.07	2.33	1.74	1.95	2.13	1.87	1.79	1.91	1.61	1.74	1.43	2.07	2.31	1.51	1.38	1.31	1.26	1.26	1.32	1.25	1.16	1.34	1.69	1.7	1.16	1.06	0.97	0.86	0.9	0.86	1.05	1.47	1.73	1.8	2.03	2.61	1.67	1.13	1.34	1.51	1.58
BS_4-8_manning003_extreme/E01522N3585E03578N2685-BS-M809_E01758N3445_D010_S247D50R090_A006995_S075	0.41	0.5	0.62	0.7	0.72	2.69	2.94	2.8	2.02	8.11	7.05	1.98	4.2	1.97	2.73	1.98	2.29	2.25	2.48	2.4	4.6	6.52	2.24	12.38	2.37	2.26	3.06	3.13	3.16	3.14	2.45	2.78	2.06	2.61	2.44	2.65	1.93	1.8	1.74	1.66	1.58	1.53	1.71	2.03	1.64	1.79	1.97	1.99	1.84	1.79	1.95	1.8	1.64	1.77	1.76	1.73	1.46	2.12	2.2	1.59	1.61	1.5	1.47	1.44	1.46	1.41	1.32	1.44	1.76	1.76	1.31	1.25	1.06	0.94	1.09	1.03	1.22	1.57	1.81	1.85	1.99	2.34	1.73	1.54	1.73	1.45	1.75
BS_4-8_manning003_extreme/E01522N3585E03578N2685-BS-M809_E01886N3400_D010_S067D70R090_A006995_S075	0.43	0.51	0.66	0.88	0.83	3.03	3.55	3.24	2.02	8.1	7.05	2.07	4.2	4.56	4.03	2.81	5.13	4.4	4.36	4.37	7.96	8.85	4.47	12.37	4.52	4.08	5.33	6.67	4.13	7.12	6.57	5.24	3.48	5.49	4.87	3.22	2.52	2.97	2.66	2.29	2.09	1.89	2.66	2.84	2.72	2.2	3.13	3.49	2.39	2.98	3.69	2.36	2.28	2.95	2.53	2.49	2.01	2.66	3.44	1.71	1.12	1.09	1.09	1.03	1.24	1.22	1.09	1.39	1.95	2.19	1.06	1.24	1.07	0.88	0.77	0.71	0.88	1.53	1.9	1.99	2.38	3.36	1.84	1.07	1.61	1.59	1.59
BS_4-8_manning003_extreme/E01522N3585E03578N2685-BS-M809_E01766N3490_D010_S067D30R090_A006995_S075	0.47	0.6	0.72	0.77	0.84	3.22	3.3	3.14	2.13	8.11	7.06	1.98	4.2	3.44	3.13	2.27	3.44	3.36	3.39	3.12	5.35	5.13	2.69	12.38	2.95	2.98	3.22	3.68	3.25	3.77	3.6	3.79	2.11	2.97	2.68	2.99	1.7	1.63	1.51	1.46	1.42	1.39	1.55	1.85	1.62	1.52	1.77	2.0	1.61	1.7	1.85	1.71	1.68	1.74	1.65	1.76	1.48	2.04	2.06	1.54	1.37	1.3	1.26	1.22	1.31	1.22	1.14	1.26	1.57	1.64	1.08	1.02	0.94	0.86	0.88	0.84	0.86	1.46	1.69	1.78	2.1	2.76	1.76	1.07	1.45	1.37	1.65
BS_4-8_manning003_extreme/E01522N3585E03578N2685-BS-M809_E01790N3467_D010_S067D70R090_A006995_S075	0.51	0.6	0.78	1.03	1.01	3.46	4.17	3.84	2.16	8.11	7.05	2.65	4.38	5.57	5.05	3.11	5.51	5.48	4.45	4.39	9.29	9.41	4.56	12.37	4.87	4.63	4.78	6.12	4.12	6.77	6.27	4.87	3.17	4.59	3.57	3.71	1.91	2.71	2.71	1.87	1.9	2.21	2.35	2.48	2.2	2.15	2.61	3.04	2.04	2.38	2.61	2.12	2.24	2.24	2.13	2.22	1.83	2.36	2.86	1.81	1.51	1.32	1.24	1.19	1.38	1.33	1.23	1.69	1.93	1.94	1.37	1.14	1.01	0.92	0.83	0.87	1.31	1.71	2.15	2.32	2.77	3.49	2.31	1.32	1.61	1.97	2.02
BS_4-8_manning003_extreme/E01522N3585E03578N2685-BS-M809_E01778N3400_D010_S247D50R090_A006995_S075	0.33	0.43	0.53	0.59	0.59	2.38	2.52	2.4	1.69	8.11	7.05	1.62	4.2	2.17	2.0	1.61	2.13	1.82	1.92	2.08	3.63	6.24	1.8	12.38	1.85	1.9	2.13	2.54	2.62	2.64	2.05	2.29	1.76	2.1	2.26	2.24	1.61	1.49	1.43	1.39	1.34	1.34	1.43	1.69	1.47	1.51	1.72	1.66	1.54	1.5	1.61	1.57	1.38	1.55	1.5	1.42	1.2	1.76	1.86	1.38	1.42	1.33	1.3	1.25	1.26	1.21	1.16	1.26	1.49	1.49	1.12	1.08	1.0	1.02	1.04	0.88	1.44	1.64	1.54	1.59	1.66	1.99	1.47	1.41	1.44	1.21	1.54
BS_4-8_manning003_extreme/E01267N3753E01646N3535-BS-M809_E01575N3670_D010_S157D90R270_A006995_S075	0.26	0.24	0.49	0.64	0.55	1.43	1.59	1.65	1.21	8.12	7.06	0.87	4.22	1.11	0.83	0.79	0.82	0.79	0.77	0.73	0.94	1.74	0.71	12.4	1.1	1.16	1.71	2.36	1.53	1.2	0.95	1.01	1.22	1.77	1.28	1.56	1.34	1.5	2.46	2.57	2.51	2.47	2.62	7.13	6.22	3.32	3.98	7.91	3.89	3.22	4.23	5.3	4.56	6.78	5.32	5.66	3.85	2.9	7.79	5.13	3.6	4.02	3.48	2.68	2.81	3.08	3.19	2.89	3.56	5.27	4.68	3.38	2.7	2.86	1.98	2.49	2.79	2.22	2.64	2.64	2.86	3.79	2.14	2.54	4.74	4.16	4.72
BS_4-8_manning003_extreme/E01522N3585E03578N2685-BS-M809_E01609N3535_D010_S247D50R090_A006995_S075	0.32	0.38	0.47	0.57	0.57	2.14	2.77	2.61	1.79	8.11	7.06	1.79	4.21	1.86	1.92	1.78	1.87	1.99	2.43	2.52	5.67	6.8	2.05	12.38	1.99	1.9	3.41	2.93	2.78	2.37	2.11	2.51	1.88	2.33	2.2	2.44	1.71	1.6	1.57	1.49	1.41	1.43	1.57	1.85	1.57	1.72	1.87	1.83	1.74	1.73	1.84	1.79	1.58	1.83	1.84	1.77	1.52	2.22	2.29	1.72	1.79	1.67	1.63	1.59	1.6	1.55	1.46	1.63	1.96	1.92	1.44	1.26	1.15	1.04	1.09	1.16	1.49	1.9	2.24	2.35	2.51	2.86	2.24	1.35	1.61	1.67	1.82
BS_4-8_manning003_extreme/E01470N3877E01631N3641-BS-M809_E01583N3715_D010_S157D90R270_A012497_S042	0.29	0.48	0.7	0.69	0.67	2.3	1.63	1.57	2.52	8.44	7.43	1.64	4.72	1.56	1.41	1.46	1.55	1.59	2.02	2.63	5.28	5.02	3.14	11.18	3.28	2.78	4.26	4.92	6.53	6.25	3.89	4.85	2.95	5.04	3.51	3.78	4.21	1.82	2.8	2.47	2.47	2.44	2.22	4.12	4.7	2.39	2.97	4.98	2.52	2.23	2.68	3.49	2.81	4.7	4.18	4.2	2.25	2.14	4.52	3.9	3.09	3.12	2.87	2.36	2.09	2.64	2.37	2.79	2.86	3.81	3.25	2.29	1.94	2.31	1.61	1.99	2.11	1.87	2.22	2.22	2.29	3.05	1.78	1.82	3.08	2.85	3.19
BS_4-8_manning003_extreme/E01522N3585E03578N2685-BS-M809_E01855N3378_D010_S247D30R090_A006995_S075	0.33	0.43	0.54	0.65	0.71	2.16	2.82	2.58	1.49	8.11	7.05	1.48	4.2	1.48	1.57	1.66	2.01	1.78	2.09	2.32	2.44	5.06	1.95	12.37	1.9	1.73	2.52	2.84	3.14	2.71	2.33	2.82	1.78	2.79	2.43	2.7	1.55	1.56	1.53	1.48	1.42	1.68	1.47	1.89	1.54	1.76	2.18	1.79	1.69	1.6	1.7	1.69	1.57	1.75	1.7	2.01	1.25	1.8	2.06	1.49	1.4	1.28	1.24	1.21	1.26	1.22	1.12	1.29	1.6	1.63	1.16	0.98	0.87	0.75	0.83	0.79	0.8	1.4	1.66	1.73	1.93	2.41	1.63	1.04	1.23	1.26	1.46
BS_4-8_manning003_extreme/E01522N3585E03578N2685-BS-M774_E01832N3400_D010_S247D30R090_A003139_S050	0.12	0.14	0.18	0.29	0.24	1.0	1.09	0.99	1.09	8.1	7.05	0.81	4.2	0.91	0.92	0.94	0.99	1.08	1.26	1.28	1.93	3.13	1.24	12.37	1.07	1.15	1.46	1.46	1.45	1.58	1.37	1.49	0.99	1.54	1.1	1.13	0.77	0.82	0.78	0.75	0.7	0.88	0.78	0.97	0.62	0.74	1.02	0.92	0.76	0.82	0.92	0.84	0.8	0.82	0.74	1.05	0.64	0.91	0.99	0.52	0.5	0.47	0.48	0.47	0.51	0.48	0.44	0.51	0.71	0.76	0.44	0.46	0.41	0.34	0.38	0.3	0.33	0.56	0.68	0.7	0.79	1.1	0.63	0.44	0.57	0.57	0.63
BS_4-8_manning003_extreme/E01522N3585E03578N2685-BS-M809_E01640N3557_D010_S067D30R090_A006995_S075	0.37	0.44	0.56	0.69	0.68	3.2	3.39	3.08	2.16	8.12	7.06	2.87	4.21	4.35	4.43	3.71	5.45	5.64	3.52	4.19	6.34	6.23	3.52	12.39	3.35	4.08	4.48	4.59	3.77	4.69	4.61	3.62	2.28	3.58	2.86	2.61	1.89	1.73	1.65	1.66	1.53	1.63	1.77	1.94	1.53	1.62	1.84	2.09	1.67	1.78	1.79	1.75	1.7	1.61	1.51	1.92	1.37	2.25	2.58	1.82	1.45	1.48	1.34	1.33	1.32	1.29	1.21	1.52	1.96	2.19	1.31	1.27	1.19	1.47	1.37	1.34	1.64	1.81	2.31	2.55	3.09	3.61	2.58	1.11	1.43	1.58	1.8
BS_4-8_manning003_extreme/E01267N3753E01646N3535-BS-M809_E01575N3670_D010_S112D10R090_A006995_S075	0.23	0.24	0.39	0.47	0.41	1.14	1.49	1.42	1.1	8.12	7.06	0.91	4.21	0.89	0.75	0.76	0.81	0.77	0.85	0.88	0.95	1.21	0.74	12.38	0.93	0.65	0.84	1.04	1.01	0.83	0.71	0.96	0.61	0.85	0.97	0.88	0.67	0.52	0.51	0.75	0.56	0.98	0.68	0.73	0.74	0.62	0.65	0.67	0.62	0.7	0.81	0.73	0.64	0.76	0.81	0.86	1.32	1.37	1.38	1.28	1.26	1.24	1.21	1.33	1.14	2.0	1.7	0.53	0.93	1.39	1.87	1.85	1.59	1.73	1.63	1.63	1.64	1.57	1.69	1.7	1.67	1.78	1.43	1.48	1.26	1.13	1.57
BS_4-8_manning003_extreme/E01267N3753E01646N3535-BS-M809_E01561N3580_D010_S067D90R090_A006995_S075	0.29	0.36	0.46	0.66	0.68	1.88	2.67	2.07	2.6	8.1	7.04	2.8	4.19	3.38	3.17	2.32	4.43	4.78	4.03	3.86	6.98	6.74	3.96	12.37	3.49	5.33	3.83	5.41	3.26	6.29	6.74	5.08	2.04	3.95	3.65	2.42	2.66	2.27	2.11	2.12	1.83	2.56	1.93	2.4	2.92	1.41	2.27	2.49	1.48	2.0	2.3	1.8	1.84	2.08	1.7	2.44	1.49	2.82	3.43	2.0	1.86	1.74	1.47	1.29	1.56	1.79	1.59	2.21	2.48	3.16	1.69	1.57	1.37	1.99	1.95	1.93	1.79	1.94	3.67	4.57	5.61	6.11	4.54	1.23	1.81	2.05	2.81
BS_4-8_manning003_extreme/E01522N3585E03578N2685-BS-M792_E01708N3467_D010_S247D50R090_A004781_S062	0.2	0.25	0.3	0.34	0.35	1.56	1.59	1.5	1.14	8.11	7.05	1.05	4.2	1.41	1.1	1.15	1.93	1.23	1.32	1.44	2.52	3.35	1.4	12.38	1.14	1.23	1.49	1.72	1.71	1.47	1.4	1.58	1.14	1.5	1.33	1.46	1.07	1.02	0.99	0.94	0.88	0.88	0.99	1.18	0.95	1.04	1.12	1.14	1.05	1.06	1.15	1.04	0.96	1.07	1.07	1.06	0.9	1.32	1.32	0.92	0.92	0.89	0.88	0.84	0.9	0.86	0.81	0.87	1.11	1.12	0.84	0.96	0.72	0.68	0.76	0.73	1.01	1.04	1.17	1.21	1.31	1.6	1.14	0.95	1.26	0.93	1.25
BS_4-8_manning003_extreme/E01446N4259E02038N3783-BS-M809_E01970N3805_D010_S157D90R270_A006995_S075	0.48	0.56	0.76	0.93	0.98	3.04	3.35	3.14	1.48	8.1	7.05	2.61	4.19	2.65	2.97	2.92	3.55	3.93	4.01	5.03	4.76	6.73	4.06	12.37	4.24	3.52	5.01	5.61	5.0	6.85	5.68	5.66	3.64	5.87	5.42	3.67	3.33	4.49	3.39	3.0	2.71	3.07	3.33	4.72	5.24	3.41	4.05	5.85	3.27	3.59	4.44	4.16	4.02	5.69	3.97	4.22	3.3	2.25	7.16	3.93	2.25	1.86	1.62	1.48	2.21	2.15	1.78	1.76	2.12	3.93	2.77	1.62	1.58	1.33	1.61	1.57	1.64	1.37	1.78	1.76	1.78	2.27	1.24	1.47	2.42	2.09	2.4
BS_4-8_manning003_extreme/E01522N3585E03578N2685-BS-M809_E01684N3490_D010_S067D30R090_A006995_S075	0.27	0.33	0.42	0.53	0.52	2.11	2.38	2.21	1.57	8.11	7.06	1.44	4.2	2.72	2.36	1.95	3.15	2.68	2.35	2.29	4.14	3.98	2.08	12.38	2.18	2.51	2.64	2.76	2.5	3.05	2.82	3.35	1.82	2.67	2.16	1.97	1.34	1.47	1.36	1.35	1.29	1.24	1.36	1.69	1.21	1.41	1.54	1.77	1.47	1.6	1.74	1.65	1.64	1.62	1.56	1.64	1.44	2.12	2.01	1.4	1.31	1.24	1.25	1.23	1.27	1.2	1.12	1.25	1.74	1.84	1.12	1.12	1.03	1.18	1.24	1.21	0.91	1.54	1.86	1.95	2.37	3.21	1.95	1.12	1.43	1.49	1.58
BS_4-8_manning003_extreme/E01470N3877E01631N3641-BS-M809_E01559N3737_D010_S022D90R090_A012497_S042	0.69	0.78	0.92	1.01	1.19	3.41	4.31	3.95	2.17	7.5	6.43	2.37	3.54	2.67	2.06	2.43	2.69	2.88	2.97	3.86	6.68	7.14	4.59	11.77	3.66	3.5	4.79	5.43	5.39	5.74	5.61	6.41	3.1	4.98	4.7	4.56	4.05	2.13	2.82	1.94	1.81	1.99	2.91	3.47	4.29	2.52	3.56	3.39	2.67	2.31	3.38	2.94	2.48	5.01	3.72	4.68	1.74	2.83	4.64	2.7	2.44	2.93	2.31	2.03	2.39	2.89	2.62	3.29	1.71	1.13	1.57	1.43	1.07	1.19	1.17	1.13	1.11	1.07	1.03	0.93	0.69	0.58	0.71	1.85	1.57	1.45	1.49
BS_4-8_manning003_extreme/E01470N3877E01631N3641-BS-M809_E01603N3670_D010_S337D70R090_A012497_S042	0.17	0.19	0.34	0.38	0.34	0.96	1.12	1.1	0.77	8.09	7.03	0.72	4.18	0.73	0.68	0.69	0.72	0.75	0.7	0.71	0.85	0.86	0.65	12.31	0.85	0.75	0.93	1.32	1.29	1.13	1.11	1.59	1.2	2.18	1.38	1.89	1.95	1.21	1.89	1.63	1.55	1.51	1.72	4.44	3.64	2.38	2.77	5.21	2.79	2.58	3.01	3.95	3.15	3.26	3.58	3.96	2.62	1.97	5.31	3.93	3.1	2.76	2.24	2.12	2.52	2.29	1.94	2.27	3.1	4.04	3.44	2.53	2.23	2.02	1.82	2.1	2.25	2.05	2.31	2.31	2.37	2.9	1.84	2.22	2.96	3.61	2.82
BS_4-8_manning003_extreme/E01522N3585E03578N2685-BS-M809_E01855N3378_D010_S067D50R090_A006995_S075	0.38	0.5	0.61	0.72	0.75	2.69	3.29	3.03	1.9	8.11	7.05	2.06	4.2	3.81	3.28	2.73	4.68	4.28	4.07	4.24	6.95	7.75	4.26	12.37	4.05	4.16	4.62	6.1	4.22	6.14	6.43	5.56	3.44	5.1	5.0	2.93	2.94	3.21	2.94	2.53	2.3	2.09	2.94	2.96	2.35	2.35	3.25	3.44	2.68	3.15	3.88	2.52	2.52	2.93	2.72	2.63	2.2	2.99	3.56	1.68	1.45	1.39	1.44	1.35	1.53	1.48	1.34	1.51	2.18	2.38	1.25	1.44	1.26	1.1	0.98	0.96	0.95	1.75	2.09	2.16	2.44	3.41	1.98	1.26	1.74	1.66	1.75
BS_4-8_manning003_extreme/E01470N3877E01631N3641-BS-M809_E01603N3670_D010_S022D70R090_A012497_S042	0.46	0.45	0.58	0.89	1.01	2.3	2.71	2.57	1.83	8.06	7.0	2.2	4.14	2.1	2.11	2.0	2.55	2.94	3.38	3.75	6.46	6.52	3.48	12.31	3.2	3.54	3.66	4.81	3.92	5.11	5.03	5.34	3.13	5.45	3.78	4.07	2.9	3.82	2.99	2.35	2.19	2.26	2.71	3.44	4.26	2.73	3.82	4.11	2.85	3.08	4.35	3.84	3.03	3.28	3.77	3.61	2.57	4.38	7.38	4.12	2.66	2.71	2.57	2.05	2.22	2.13	1.99	2.29	2.88	3.85	2.81	1.96	1.79	1.57	1.92	1.76	2.08	2.57	2.95	2.99	3.27	4.7	2.51	1.71	2.61	2.68	2.62
BS_4-8_manning003_extreme/E01522N3585E03578N2685-BS-M792_E01867N3445_D010_S067D70R270_A004781_S062	0.35	0.42	0.46	0.55	0.61	1.5	1.73	1.77	1.89	8.1	7.04	1.68	4.19	1.74	2.13	1.2	2.7	1.81	1.79	2.2	3.9	6.15	1.47	12.37	1.46	1.22	1.98	3.32	1.54	3.02	2.11	1.99	1.57	2.5	1.56	1.16	1.29	1.07	1.43	0.61	0.54	1.14	1.17	1.05	1.11	0.83	1.77	1.08	0.82	0.67	0.86	0.64	0.6	1.28	1.11	1.04	0.5	0.88	0.74	0.7	0.91	0.65	0.59	0.76	0.43	0.66	0.52	0.71	0.49	0.58	0.58	0.5	0.38	0.36	0.39	0.39	0.4	0.33	0.4	0.41	0.54	0.98	0.46	0.37	0.42	0.44	0.52
BS_4-8_manning003_extreme/E01267N3753E01646N3535-BS-M809_E01547N3670_D010_S202D70R270_A006995_S075	0.44	0.59	0.78	1.12	1.02	2.85	3.53	3.59	2.93	8.12	7.07	2.16	4.21	1.53	1.47	1.7	1.78	1.53	1.63	1.85	2.6	2.74	1.43	12.36	1.68	1.58	2.74	2.51	2.7	3.77	3.93	5.88	2.92	6.08	3.92	4.24	4.15	5.52	3.7	3.14	2.84	2.34	3.67	3.98	6.17	3.49	5.61	5.31	3.74	3.27	5.2	4.31	4.03	4.29	6.52	4.98	2.54	4.84	9.26	4.01	3.96	3.99	3.39	3.02	2.7	3.5	3.32	3.77	3.73	5.79	3.49	2.51	2.45	2.36	2.07	2.55	3.24	4.41	6.78	6.91	7.18	7.16	5.58	1.93	3.44	2.71	3.24
BS_4-8_manning003_extreme/E01522N3585E03578N2685-BS-M809_E01878N3355_D010_S067D70R090_A006995_S075	0.4	0.48	0.62	0.79	0.79	2.65	3.35	2.97	1.88	8.1	7.05	2.17	4.2	2.59	2.67	3.19	3.46	3.86	4.11	3.65	6.36	6.17	2.99	12.37	3.51	3.58	5.4	5.22	3.77	6.15	5.8	5.44	3.84	5.73	5.53	3.05	3.35	3.38	3.2	2.85	2.55	2.21	3.34	3.23	3.2	2.64	3.72	4.03	2.95	3.64	4.71	2.66	2.57	3.59	3.03	2.91	2.4	3.5	4.29	1.97	1.3	1.26	1.29	1.27	1.64	1.59	1.4	1.65	2.56	3.01	1.36	1.69	1.44	1.17	1.13	0.95	0.89	1.86	2.31	2.4	2.88	4.27	2.15	1.48	2.1	2.25	2.1
BS_4-8_manning003_extreme/E01522N3585E03578N2685-BS-M809_E01660N3512_D010_S067D50R090_A006995_S075	0.37	0.44	0.56	0.72	0.66	2.52	3.14	2.96	1.9	8.11	7.06	1.91	4.21	3.33	3.12	2.99	4.81	4.62	3.26	3.57	6.43	6.88	3.66	12.38	3.66	3.71	3.71	4.92	3.07	5.54	5.33	3.94	2.52	4.19	3.72	2.67	1.85	2.09	1.89	1.83	1.76	1.68	2.25	2.39	1.89	1.88	2.36	2.71	1.96	2.2	2.61	2.14	2.12	2.09	1.81	2.31	1.66	2.93	3.12	1.98	1.63	1.43	1.48	1.43	1.4	1.45	1.3	1.6	2.34	2.72	1.45	1.56	1.38	1.22	1.04	1.18	1.26	2.07	2.59	2.85	3.52	4.79	2.99	1.33	1.95	2.02	2.04
BS_4-8_manning003_extreme/E01522N3585E03578N2685-BS-M809_E01817N3467_D010_S067D30R090_A006995_S075	0.46	0.6	0.67	0.77	0.83	3.06	3.06	2.89	2.01	8.11	7.05	2.2	4.2	3.67	3.44	2.48	3.4	3.89	3.12	2.97	5.85	5.33	2.88	12.38	3.05	3.11	3.08	3.88	2.76	4.04	3.84	2.95	2.02	3.0	2.41	2.6	1.69	1.79	1.59	1.41	1.4	1.38	1.59	1.69	1.52	1.52	1.72	1.94	1.49	1.57	1.72	1.5	1.51	1.46	1.52	1.54	1.32	1.71	1.77	1.27	1.14	1.08	1.05	0.97	1.09	1.01	0.94	1.09	1.28	1.23	0.94	0.78	0.71	0.65	0.69	0.66	0.88	1.14	1.32	1.38	1.52	1.9	1.32	0.9	1.09	1.21	1.31
BS_4-8_manning003_extreme/E01267N3753E01646N3535-BS-M809_E01592N3602_D010_S022D70R090_A006995_S075	0.22	0.23	0.33	0.47	0.53	1.1	1.29	1.22	1.28	8.09	7.03	1.2	4.18	1.22	1.28	1.05	1.31	1.04	0.99	1.03	1.78	1.91	0.88	12.36	1.06	1.18	1.51	1.71	1.84	2.18	1.93	2.07	1.3	2.13	1.54	2.07	1.14	1.09	1.42	1.1	1.08	2.0	1.36	1.76	2.13	1.5	2.06	2.76	1.7	2.16	3.05	2.43	2.11	4.94	3.27	3.51	3.27	5.64	9.13	4.02	2.46	2.69	2.52	2.02	3.22	3.18	2.85	2.8	4.31	5.77	3.31	3.19	2.87	2.43	2.11	1.89	1.88	3.25	3.93	3.87	4.06	6.1	2.96	2.9	4.49	3.99	4.4
BS_4-8_manning003_extreme/E01267N3753E01646N3535-BS-M809_E01575N3670_D010_S157D90R090_A006995_S075	0.26	0.3	0.4	0.44	0.45	1.58	1.69	1.48	0.79	8.09	7.03	0.83	4.17	0.97	0.79	0.8	0.95	0.84	1.15	1.22	1.48	1.59	1.07	12.34	1.21	1.0	1.45	1.94	1.88	1.58	1.28	1.33	1.59	2.22	1.29	1.38	1.08	1.65	1.87	2.02	2.01	2.09	2.23	2.98	2.83	2.8	3.45	3.23	2.63	2.74	2.92	3.22	3.22	3.3	5.34	3.87	2.74	2.61	3.58	3.23	2.86	2.64	2.61	2.6	2.58	2.4	2.28	2.33	2.6	3.16	2.78	2.38	2.05	1.88	1.74	1.69	1.66	1.84	1.85	1.77	1.69	1.92	1.36	2.15	2.71	2.84	2.75
BS_4-8_manning003_extreme/E01522N3585E03578N2685-BS-M809_E01977N3310_D010_S067D50R090_A006995_S075	0.35	0.4	0.49	0.57	0.54	1.9	2.53	2.24	1.42	8.11	7.05	1.38	4.2	1.54	1.81	1.57	2.03	2.03	2.13	2.67	2.67	2.74	2.38	12.37	1.75	1.78	2.89	2.95	3.15	2.33	2.32	2.94	1.84	2.84	1.94	2.08	1.42	1.6	1.49	1.41	1.35	1.34	1.5	1.72	1.28	1.38	1.53	1.76	1.34	1.51	1.82	1.51	1.37	1.55	1.38	1.45	1.21	1.9	2.34	1.4	0.97	0.88	0.85	0.85	1.02	1.01	0.91	0.98	1.51	1.73	0.94	0.98	0.88	0.77	0.84	0.71	0.93	1.17	1.41	1.46	1.69	2.45	1.35	0.88	1.2	1.2	1.28
BS_4-8_manning003_extreme/E01522N3585E03578N2685-BS-M809_E01851N3355_D010_S067D50R090_A006995_S075	0.34	0.45	0.55	0.65	0.71	2.32	3.07	2.72	1.71	8.11	7.05	1.91	4.2	2.65	2.45	2.43	2.78	2.82	4.13	3.53	4.97	5.73	2.96	12.37	3.17	3.03	4.85	4.77	3.28	4.9	5.17	4.86	3.15	4.58	4.57	2.65	2.91	2.99	2.83	2.47	2.2	1.92	2.89	2.82	2.37	2.28	3.14	3.32	2.64	3.11	3.97	2.4	2.31	3.0	2.74	2.62	2.21	2.94	3.7	1.64	1.35	1.32	1.35	1.31	1.55	1.5	1.35	1.55	2.28	2.58	1.27	1.52	1.3	1.11	1.0	0.96	0.94	1.73	2.08	2.15	2.48	3.59	1.93	1.34	1.88	1.91	1.83
BS_4-8_manning003_extreme/E01522N3585E03578N2685-BS-M809_E01664N3535_D010_S067D30R090_A006995_S075	0.36	0.43	0.53	0.67	0.65	2.88	3.26	3.07	2.03	8.11	7.06	2.37	4.21	4.18	3.8	2.8	4.16	4.3	3.52	3.28	6.59	5.84	3.21	12.38	3.15	3.27	4.36	4.35	3.32	4.6	4.42	4.26	2.21	3.14	2.74	2.63	1.5	1.79	1.63	1.47	1.39	1.42	1.77	1.99	1.52	1.54	1.82	1.98	1.59	1.72	1.83	1.68	1.63	1.61	1.5	1.95	1.3	2.29	2.46	1.77	1.46	1.43	1.3	1.3	1.32	1.25	1.21	1.5	1.81	2.01	1.31	1.22	1.26	1.05	1.23	1.28	1.05	1.7	2.1	2.3	2.79	3.4	2.35	1.28	1.31	1.38	1.74
BS_4-8_manning003_extreme/E01522N3585E03578N2685-BS-M809_E01636N3535_D010_S247D50R090_A006995_S075	0.38	0.45	0.57	0.67	0.67	2.51	3.27	3.12	2.27	8.11	7.06	2.19	4.21	2.11	2.81	2.19	2.58	2.49	2.47	2.63	6.21	7.92	2.36	12.38	2.44	2.33	2.88	3.24	3.3	2.6	2.52	2.98	2.24	2.73	2.64	2.99	2.06	1.91	1.87	1.77	1.67	1.69	1.86	2.18	1.86	2.02	2.15	2.12	2.04	2.01	2.15	2.04	1.78	2.08	2.11	2.01	1.74	2.51	2.51	1.89	1.99	1.86	1.82	1.76	1.75	1.69	1.62	1.8	2.1	2.07	1.56	1.36	1.22	1.11	1.19	1.34	1.33	2.02	2.33	2.44	2.58	2.89	2.32	1.45	1.75	1.77	1.92
BS_4-8_manning003_extreme/E01522N3585E03578N2685-BS-M809_E01828N3378_D010_S067D70R090_A006995_S075	0.41	0.48	0.61	0.79	0.85	2.7	3.2	2.96	1.91	8.11	7.05	1.82	4.2	3.27	3.21	2.73	4.68	4.85	3.89	4.03	7.92	7.36	4.29	12.37	3.92	4.68	4.51	5.25	3.79	6.92	7.33	5.65	3.24	4.91	4.68	2.97	2.93	2.83	2.67	2.48	2.26	2.06	3.15	3.02	2.83	2.25	2.93	3.82	2.72	3.09	4.0	2.5	2.66	2.84	2.71	2.6	2.19	2.89	3.85	1.77	1.23	1.2	1.28	1.2	1.48	1.46	1.3	1.5	2.36	2.66	1.24	1.41	1.21	1.01	0.9	0.82	0.87	1.75	2.21	2.32	2.84	4.06	2.2	1.3	1.84	1.74	1.87
BS_4-8_manning003_extreme/E01522N3585E03578N2685-BS-M792_E01905N3355_D010_S067D70R270_A004781_S062	0.32	0.38	0.4	0.51	0.52	1.21	1.7	1.62	1.38	8.1	7.04	1.32	4.19	1.46	1.5	0.92	2.04	1.82	1.15	1.58	1.94	4.88	1.45	12.37	1.61	1.94	2.47	1.87	1.35	2.93	2.11	2.76	1.68	2.64	2.41	1.12	1.81	0.96	1.17	0.72	0.72	1.37	1.3	1.22	2.03	0.77	2.46	0.89	0.72	0.94	1.05	0.84	0.85	1.98	1.62	2.23	0.51	1.51	1.44	0.71	1.04	0.82	0.69	0.76	0.61	0.8	0.54	0.66	0.65	0.96	0.99	0.87	0.62	0.4	0.91	0.48	0.74	0.54	0.72	0.71	1.31	2.89	1.03	0.64	0.73	0.7	1.05
BS_4-8_manning003_extreme/E01522N3585E03578N2685-BS-M809_E01786N3445_D010_S067D70R090_A006995_S075	0.46	0.55	0.7	0.93	0.98	3.08	3.72	3.45	2.14	8.11	7.05	2.62	4.33	5.19	5.05	3.4	5.06	5.98	4.31	3.78	9.37	8.52	4.36	12.37	4.61	4.75	4.62	5.83	3.72	6.83	6.45	4.74	3.28	4.77	3.83	3.4	2.16	2.95	2.53	1.97	2.0	2.16	2.58	2.58	2.33	2.23	2.71	3.27	2.22	2.45	2.94	2.29	2.33	2.35	2.25	2.45	1.9	2.46	3.46	1.89	1.66	1.52	1.36	1.35	1.47	1.42	1.28	1.82	2.15	2.28	1.46	1.31	1.18	0.95	0.9	0.86	1.15	1.86	2.33	2.5	3.03	4.02	2.41	1.4	1.74	1.86	2.07
BS_4-8_manning003_extreme/E01522N3585E03578N2685-BS-M792_E01798N3512_D010_S067D30R090_A004781_S062	0.31	0.39	0.44	0.53	0.59	1.91	1.89	1.8	1.34	8.11	7.05	1.26	4.2	2.12	1.97	1.38	1.94	2.14	1.97	1.73	3.14	2.89	1.52	12.37	1.56	1.67	1.87	1.94	1.72	1.9	1.73	1.77	1.07	1.6	1.52	1.51	1.02	0.9	0.81	0.74	0.73	0.9	0.76	0.88	0.93	0.78	0.87	0.94	0.75	0.8	0.84	0.8	0.79	0.76	0.75	0.83	0.65	0.89	0.84	0.7	0.6	0.59	0.55	0.52	0.57	0.53	0.49	0.58	0.65	0.64	0.52	0.39	0.39	0.37	0.35	0.35	0.37	0.61	0.7	0.74	0.82	1.01	0.7	0.46	0.54	0.53	0.67
BS_4-8_manning003_extreme/E01522N3585E03578N2685-BS-M809_E01919N3288_D010_S067D50R090_A006995_S075	0.36	0.42	0.53	0.55	0.56	2.05	2.62	2.45	1.45	8.11	7.05	1.41	4.2	2.1	2.0	1.52	2.66	2.26	1.72	2.35	4.16	4.03	2.55	12.37	1.9	2.0	2.55	3.73	3.24	2.48	2.57	3.17	1.83	2.88	2.02	2.21	1.64	1.73	1.59	1.61	1.54	1.51	1.7	1.9	1.46	1.57	1.7	1.88	1.55	1.7	1.99	1.79	1.6	1.79	1.55	1.56	1.4	2.26	2.69	1.46	1.16	1.05	1.08	1.03	1.24	1.24	1.12	1.22	1.9	2.19	1.09	1.16	1.15	1.06	0.9	0.83	1.05	1.44	1.68	1.73	2.06	2.9	1.67	1.14	1.59	1.53	1.58
BS_4-8_manning003_extreme/E01522N3585E03578N2685-BS-M809_E01688N3512_D010_S067D50R090_A006995_S075	0.42	0.5	0.63	0.82	0.78	2.98	3.64	3.29	2.17	8.11	7.06	1.93	4.21	4.05	3.5	2.66	4.5	3.87	3.62	3.2	6.37	6.51	3.33	12.38	3.71	3.27	5.34	4.19	4.35	4.41	3.82	4.71	2.8	4.29	2.93	2.76	1.89	2.11	1.95	1.88	1.8	1.74	1.97	2.39	1.75	1.88	2.17	2.58	1.98	2.22	2.42	2.22	2.13	2.06	1.83	2.42	1.65	2.75	3.06	2.13	1.67	1.56	1.46	1.47	1.45	1.42	1.3	1.62	2.22	2.56	1.52	1.55	1.37	1.21	1.06	1.27	1.35	2.12	2.63	2.86	3.44	4.73	3.0	1.36	1.74	1.73	1.89
BS_4-8_manning003_extreme/E01522N3585E03578N2685-BS-M792_E01859N3400_D010_S067D70R270_A004781_S062	0.34	0.4	0.44	0.56	0.59	1.54	2.04	1.94	1.87	8.1	7.04	1.99	4.19	1.88	2.14	1.4	2.98	2.19	2.8	2.63	5.64	7.78	2.02	12.37	2.22	1.67	3.12	4.46	1.6	4.04	2.62	3.59	1.9	3.02	2.23	1.21	1.53	1.17	1.35	0.8	0.84	1.17	1.29	1.3	1.73	0.73	2.77	1.03	0.89	0.71	1.01	0.87	0.81	1.75	1.42	2.41	0.56	1.08	1.19	0.73	0.92	0.79	0.71	0.8	0.49	0.8	0.54	0.68	0.47	0.64	0.7	0.6	0.49	0.41	0.58	0.57	0.67	0.51	0.65	0.74	1.18	1.92	0.89	0.68	0.59	0.58	0.7
BS_4-8_manning003_extreme/E01522N3585E03578N2685-BS-M809_E01959N3355_D010_S067D30R090_A006995_S075	0.35	0.42	0.49	0.57	0.62	1.68	1.98	1.82	1.24	8.11	7.05	1.08	4.2	1.88	1.76	1.43	1.98	1.93	2.32	2.53	3.06	3.35	1.76	12.37	1.77	1.82	3.06	2.71	2.28	2.78	2.91	2.58	1.78	2.77	2.21	1.79	1.57	1.66	1.52	1.38	1.28	1.29	1.72	1.78	1.53	1.4	1.81	2.27	1.57	1.65	2.09	1.44	1.48	1.65	1.59	1.51	1.29	1.75	2.33	1.09	0.89	0.85	0.92	0.83	1.08	1.06	0.97	0.99	1.47	1.64	0.87	0.96	0.84	0.73	0.64	0.64	0.63	1.03	1.22	1.24	1.38	2.02	1.07	0.89	1.2	1.26	1.29
BS_4-8_manning003_extreme/E01522N3585E03578N2685-BS-M792_E01692N3535_D010_S067D70R270_A004781_S062	0.43	0.51	0.6	0.71	0.64	1.72	3.42	2.73	2.43	8.1	7.04	2.12	4.19	1.83	1.86	1.78	1.99	2.68	2.53	2.61	5.66	8.09	2.01	12.36	1.76	1.66	2.51	3.3	1.76	2.81	2.86	2.2	1.48	2.85	2.09	1.47	1.67	1.0	1.3	0.79	0.77	0.95	1.09	1.31	1.27	0.89	2.42	0.97	0.97	0.75	0.82	0.74	0.7	1.19	1.51	1.2	0.73	1.41	1.16	1.09	1.25	1.12	1.12	1.27	0.79	1.06	0.84	1.02	0.86	0.98	0.83	0.75	0.73	0.55	0.61	0.78	0.57	0.8	0.95	1.26	1.65	1.63	1.33	0.62	0.65	0.64	0.66
BS_4-8_manning003_extreme/E01446N4259E02038N3783-BS-M809_E01875N3895_D010_S112D90R270_A006995_S075	0.27	0.26	0.39	0.43	0.51	1.4	1.49	1.3	0.82	8.1	7.05	0.9	4.19	0.73	0.78	0.72	0.79	0.84	0.97	1.64	1.95	2.93	1.57	12.37	1.6	1.86	2.95	2.96	2.75	3.68	3.6	3.79	2.52	4.4	3.51	2.59	3.16	3.47	2.74	3.03	2.85	2.61	2.88	3.68	4.39	2.52	2.78	4.55	2.1	2.44	3.08	3.4	2.41	3.1	2.95	2.81	2.15	1.26	3.09	2.55	2.17	1.99	1.34	1.42	1.66	1.74	1.6	1.9	1.99	2.52	2.49	1.78	1.19	1.05	0.91	0.97	1.09	1.45	1.62	1.61	1.66	2.11	1.27	1.64	1.97	2.23	2.3
BS_4-8_manning003_extreme/E01522N3585E03578N2685-BS-M809_E01668N3557_D010_S247D30R090_A006995_S075	0.47	0.56	0.71	0.9	0.83	3.1	3.98	3.63	2.24	8.12	7.06	2.23	4.21	2.4	2.33	2.44	2.64	2.58	3.35	3.27	4.65	6.82	2.78	12.38	2.73	2.48	3.3	4.03	4.13	2.81	2.91	3.54	2.27	3.13	3.03	3.19	1.93	1.98	1.99	1.73	1.67	1.83	1.8	2.2	1.81	2.08	2.23	2.13	1.92	1.83	1.97	1.88	1.8	2.15	1.96	1.97	1.49	2.06	2.17	1.61	1.52	1.35	1.33	1.32	1.44	1.41	1.33	1.71	1.8	1.76	1.34	1.12	1.01	0.96	1.11	1.22	1.36	1.76	2.35	2.51	2.81	3.15	2.45	1.18	1.46	1.55	1.77
BS_4-8_manning003_extreme/E01522N3585E03578N2685-BS-M792_E01909N3378_D010_S067D90R090_A004781_S062	0.25	0.3	0.39	0.56	0.57	1.73	1.99	1.79	1.4	8.1	7.05	1.66	4.19	2.46	2.45	2.01	3.0	3.37	2.85	2.39	5.58	5.4	2.47	12.37	2.66	3.0	4.1	4.1	2.48	4.77	4.58	3.91	2.7	4.15	3.79	2.12	2.21	2.25	2.15	1.87	1.65	2.12	2.29	2.14	2.52	1.66	2.46	2.64	1.93	2.46	3.36	1.67	1.62	2.45	2.03	1.93	1.58	2.32	3.14	1.31	0.8	0.74	0.81	0.62	0.88	0.94	0.81	1.01	1.66	2.08	0.91	0.96	0.82	0.69	0.82	0.55	0.48	1.06	1.32	1.4	1.72	2.76	1.29	0.79	1.39	1.44	1.22
BS_4-8_manning003_extreme/E01267N3753E01646N3535-BS-M809_E01564N3602_D010_S067D90R090_A006995_S075	0.39	0.47	0.62	0.82	0.75	2.53	2.93	2.49	3.1	8.1	7.04	2.93	4.19	3.65	3.5	2.85	5.47	5.65	4.42	4.68	8.15	8.71	4.48	12.36	4.31	6.66	4.78	6.22	4.29	6.82	7.05	6.26	2.79	5.29	3.94	3.16	2.62	2.18	1.96	2.25	2.07	2.76	2.51	2.56	3.43	1.83	3.01	3.15	1.89	2.34	2.49	2.45	2.58	3.11	2.4	3.61	1.73	3.23	3.24	2.54	1.96	1.97	1.6	1.34	1.69	2.28	2.12	2.94	2.6	3.37	2.13	1.76	1.73	1.99	2.08	2.02	2.61	3.04	5.44	6.3	6.72	6.7	5.48	1.42	2.17	2.41	3.03
BS_4-8_manning003_extreme/E01522N3585E03578N2685-BS-M792_E01747N3535_D010_S067D70R270_A004781_S062	0.42	0.53	0.61	0.61	0.6	1.9	2.43	2.26	2.46	8.1	7.04	1.58	4.19	1.58	1.68	1.29	2.1	1.73	1.76	1.95	3.39	5.5	1.65	12.37	1.67	1.52	1.57	2.19	2.03	2.61	2.24	1.47	1.11	1.18	1.39	1.48	1.46	1.12	1.34	0.71	0.68	1.32	0.9	1.15	1.51	1.07	1.5	0.89	0.88	0.69	0.64	0.77	0.78	0.82	0.92	0.76	0.52	1.13	1.03	1.09	0.99	0.85	0.81	0.86	0.55	0.82	0.64	0.95	0.62	0.91	0.85	0.54	0.5	0.48	0.48	0.42	0.44	0.48	0.5	0.57	0.49	0.95	0.59	0.57	0.75	0.63	0.79
BS_4-8_manning003_extreme/E01522N3585E03578N2685-BS-M792_E01882N3378_D010_S067D90R090_A004781_S062	0.27	0.33	0.42	0.62	0.62	1.87	2.18	1.87	1.54	8.1	7.05	1.82	4.19	2.72	2.43	1.75	3.06	2.63	4.03	3.37	5.43	6.25	3.05	12.37	2.92	3.13	4.55	4.52	2.76	5.05	5.5	4.71	2.84	4.2	4.0	2.25	2.52	2.35	2.27	2.12	1.89	2.18	2.69	2.43	2.46	1.64	2.48	3.26	2.23	2.62	3.58	1.91	2.07	2.36	2.23	2.14	1.76	2.45	3.34	1.35	0.76	0.85	0.81	0.72	1.06	1.09	0.95	1.07	1.86	2.24	0.86	1.04	0.93	0.77	0.94	0.61	0.52	1.19	1.49	1.57	1.9	2.98	1.46	0.94	1.47	1.36	1.42
BS_4-8_manning003_extreme/E01446N4259E02038N3783-BS-M809_E01899N3872_D010_S112D90R270_A006995_S075	0.19	0.21	0.31	0.33	0.31	1.13	1.06	1.02	0.76	8.1	7.05	0.86	4.19	0.73	0.76	0.72	0.88	0.93	1.19	1.57	2.34	2.85	1.63	12.37	1.62	1.81	2.61	3.33	2.16	3.87	3.17	3.83	2.37	3.25	3.04	2.02	2.45	2.67	2.4	2.01	1.93	1.74	2.03	2.77	2.75	1.8	2.06	2.64	1.52	1.32	1.91	2.05	1.4	1.89	2.33	2.1	1.26	1.12	2.61	1.68	1.8	1.57	1.38	1.04	1.34	1.27	1.01	1.46	1.6	1.92	1.77	1.56	0.9	1.02	0.73	0.98	1.08	1.11	1.09	1.09	1.16	1.59	0.96	1.09	1.5	1.54	1.69
BS_4-8_manning003_extreme/E01522N3585E03578N2685-BS-M809_E01851N3355_D010_S247D50R090_A006995_S075	0.4	0.49	0.61	0.69	0.64	2.35	2.59	2.47	1.62	8.11	7.05	1.61	4.2	1.62	1.68	1.63	2.6	1.88	1.99	2.08	2.45	4.44	1.89	12.37	1.94	1.86	2.86	2.69	2.78	2.83	2.14	2.47	1.89	2.36	2.56	2.47	1.77	1.64	1.6	1.54	1.47	1.55	1.56	1.89	1.63	1.69	2.55	1.85	1.72	1.69	1.78	1.78	1.54	1.73	1.74	1.79	1.38	2.02	2.06	1.57	1.57	1.5	1.47	1.37	1.44	1.37	1.3	1.39	1.64	1.61	1.19	1.07	0.95	0.88	1.08	0.94	0.97	1.4	1.61	1.66	1.74	2.11	1.51	1.15	1.35	1.34	1.57
BS_4-8_manning003_extreme/E01522N3585E03578N2685-BS-M809_E01878N3355_D010_S247D50R090_A006995_S075	0.43	0.53	0.64	0.68	0.68	2.48	2.66	2.54	1.72	8.11	7.05	1.69	4.2	1.7	1.73	1.77	3.46	2.0	2.08	2.18	2.66	4.05	2.28	12.37	2.09	2.02	3.28	2.83	2.88	2.76	2.2	2.63	2.01	2.49	2.56	2.56	1.83	1.74	1.69	1.59	1.51	1.71	1.66	1.98	1.64	1.77	2.61	1.93	1.82	1.75	1.89	1.86	1.62	1.81	1.8	2.41	1.41	2.06	2.16	1.59	1.64	1.56	1.52	1.43	1.48	1.39	1.33	1.44	1.67	1.68	1.21	1.1	1.09	0.9	1.2	0.96	0.99	1.43	1.64	1.68	1.75	2.16	1.51	1.1	1.35	1.37	1.5
BS_4-8_manning003_extreme/E01522N3585E03578N2685-BS-M774_E01859N3400_D010_S067D30R090_A003139_S050	0.16	0.18	0.2	0.28	0.22	1.15	0.97	0.84	0.9	8.1	7.05	0.87	4.2	1.6	1.37	1.24	2.0	1.84	1.45	1.76	2.62	2.89	1.61	12.37	1.51	1.68	1.63	2.28	1.59	2.15	2.23	1.88	1.17	1.8	1.67	1.05	1.11	1.14	1.06	0.97	0.89	0.97	1.07	1.13	0.89	0.88	1.18	1.23	0.96	1.13	1.4	0.94	0.88	1.11	1.01	1.08	0.82	1.05	1.17	0.49	0.52	0.5	0.51	0.5	0.58	0.55	0.5	0.54	0.75	0.8	0.45	0.49	0.43	0.37	0.39	0.33	0.32	0.53	0.62	0.63	0.69	1.0	0.52	0.46	0.66	0.67	0.62
BS_4-8_manning003_extreme/E01522N3585E03578N2685-BS-M809_E01853N3512_D010_S067D50R090_A006995_S075	0.39	0.47	0.61	0.64	0.62	2.24	2.94	2.73	1.68	8.11	7.05	1.71	4.2	2.69	2.76	2.35	3.7	3.71	2.43	2.73	5.29	4.7	2.58	12.38	2.5	2.49	3.46	3.22	2.54	3.38	3.24	2.85	1.71	2.62	2.22	2.13	1.28	1.5	1.33	1.0	1.01	1.18	1.4	1.4	1.74	1.21	1.59	1.83	1.12	1.41	1.74	1.25	1.07	1.35	1.07	1.15	0.92	1.53	1.63	1.16	0.89	0.85	0.79	0.78	0.76	0.72	0.67	0.82	1.03	1.18	0.79	0.67	0.58	0.54	0.52	0.55	0.61	0.88	1.05	1.09	1.29	1.76	1.09	0.59	0.81	0.79	1.06
BS_4-8_manning003_extreme/E01522N3585E03578N2685-BS-M809_E01836N3422_D010_S247D30R090_A006995_S075	0.37	0.48	0.6	0.72	0.73	2.44	3.15	2.88	1.86	8.11	7.05	1.72	4.2	2.19	1.85	1.89	2.91	2.17	2.34	2.58	4.65	6.83	2.32	12.38	2.15	1.91	2.86	3.12	3.37	3.17	2.41	2.96	2.0	2.83	2.51	2.84	1.68	1.71	1.68	1.57	1.51	1.53	1.59	2.01	1.65	1.86	2.13	1.88	1.77	1.67	1.78	1.69	1.55	1.8	1.75	1.75	1.25	1.75	1.94	1.42	1.32	1.19	1.15	1.15	1.21	1.18	1.09	1.22	1.5	1.5	1.1	0.9	0.81	0.71	0.81	0.77	0.78	1.3	1.55	1.61	1.8	2.19	1.54	0.97	1.14	1.2	1.37
BS_4-8_manning003_extreme/E00979N4372E01586N3827-BS-M809_E01517N3827_D010_S157D70R270_A006995_S075	2.85	2.78	3.22	4.12	3.39	5.59	4.52	3.12	3.33	9.16	8.22	3.4	5.65	2.51	2.54	2.33	2.17	2.36	2.57	4.85	8.07	7.65	5.25	9.77	5.06	4.8	6.43	7.42	10.43	10.1	6.51	7.39	3.58	6.1	3.55	3.53	4.17	2.45	2.13	2.8	2.63	2.58	2.27	2.75	2.25	1.6	1.62	2.2	1.64	1.3	1.19	1.46	1.28	0.98	0.95	0.99	0.61	0.62	0.76	0.72	0.76	0.74	0.71	0.67	0.65	0.62	0.6	0.45	0.4	0.48	0.52	0.4	0.41	0.36	0.3	0.3	0.32	0.28	0.29	0.3	0.31	0.33	0.31	0.46	0.41	0.38	0.38
BS_4-8_manning003_extreme/E01522N3585E03578N2685-BS-M809_E01932N3355_D010_S247D50R090_A006995_S075	0.45	0.56	0.64	0.68	0.78	2.4	2.52	2.41	1.62	8.11	7.05	1.55	4.2	1.82	1.84	1.61	2.4	1.79	1.92	2.04	3.34	3.33	2.04	12.37	1.88	1.8	2.66	2.62	2.7	3.23	2.18	2.35	1.8	2.23	2.18	2.28	1.65	1.56	1.49	1.44	1.39	1.41	1.51	1.74	1.54	1.62	2.18	1.7	1.65	1.6	1.71	1.64	1.46	1.6	1.56	1.52	1.25	1.81	1.95	1.44	1.46	1.37	1.34	1.28	1.27	1.22	1.15	1.27	1.49	1.51	1.09	0.97	0.92	0.94	0.91	0.85	0.92	1.26	1.44	1.46	1.52	1.86	1.32	1.04	1.19	1.17	1.31
BS_4-8_manning003_extreme/E01522N3585E03578N2685-BS-M809_E01847N3333_D010_S067D50R090_A006995_S075	0.32	0.41	0.5	0.57	0.64	2.05	2.72	2.33	1.59	8.11	7.05	1.76	4.2	1.71	2.12	2.06	2.23	2.26	3.58	3.27	3.28	3.77	2.09	12.37	2.62	2.44	4.14	3.13	2.97	3.89	3.86	3.58	2.72	3.92	3.52	2.26	2.27	2.45	2.06	1.99	1.87	1.78	2.6	2.45	2.06	1.82	2.39	3.03	2.27	2.56	3.37	2.0	1.88	2.59	2.24	2.14	1.78	2.86	3.54	1.62	1.14	1.15	1.13	1.11	1.33	1.36	1.22	1.41	2.11	2.47	1.16	1.35	1.15	0.96	0.99	0.92	1.19	1.52	1.86	1.92	2.28	3.32	1.78	1.25	1.8	1.93	1.65
BS_4-8_manning003_extreme/E01522N3585E03578N2685-BS-M792_E01778N3400_D010_S247D50R090_A004781_S062	0.21	0.27	0.33	0.4	0.41	1.67	1.61	1.51	1.26	8.11	7.05	1.1	4.2	1.57	1.5	1.14	1.41	1.3	1.37	1.4	3.19	3.9	1.29	12.37	1.19	1.22	1.78	1.8	1.81	1.77	1.43	1.61	1.17	1.54	1.37	1.51	1.09	1.03	1.0	0.96	0.9	0.88	0.98	1.19	0.93	1.03	1.14	1.14	1.04	1.03	1.12	1.05	0.95	1.03	1.02	1.01	0.84	1.22	1.26	0.87	0.88	0.8	0.8	0.79	0.82	0.79	0.74	0.8	1.01	1.02	0.85	0.83	0.8	0.63	0.79	0.68	0.85	0.94	1.01	1.05	1.13	1.4	0.96	1.06	1.27	0.95	1.2
BS_4-8_manning003_extreme/E01522N3585E03578N2685-BS-M809_E01973N3288_D010_S067D50R090_A006995_S075	0.33	0.4	0.51	0.57	0.61	2.02	2.73	2.42	1.51	8.11	7.05	1.42	4.2	1.62	1.84	1.88	2.16	2.09	2.89	3.48	3.23	3.18	2.41	12.37	2.16	2.36	4.14	3.02	3.7	2.68	2.83	3.94	2.48	3.71	2.59	2.39	1.85	2.19	2.07	1.78	1.65	1.71	1.98	2.23	1.67	1.84	1.95	2.38	1.81	2.07	2.44	2.05	1.79	2.04	1.84	1.85	1.61	2.5	2.83	1.56	1.15	1.11	1.09	1.08	1.31	1.27	1.15	1.27	1.88	2.18	1.07	1.27	1.09	0.92	0.84	0.8	0.89	1.43	1.73	1.78	2.05	2.98	1.59	1.14	1.61	1.76	1.59
BS_4-8_manning003_extreme/E01522N3585E03578N2685-BS-M809_E01731N3445_D010_S247D50R090_A006995_S075	0.3	0.39	0.48	0.52	0.53	2.13	2.57	2.43	1.7	8.11	7.05	1.65	4.2	1.88	1.86	1.76	2.52	1.95	2.3	2.11	4.03	6.12	1.87	12.38	1.89	1.87	2.28	2.62	2.65	2.84	2.08	2.41	1.81	2.22	2.11	2.26	1.65	1.51	1.47	1.43	1.37	1.36	1.45	1.75	1.47	1.52	1.71	1.72	1.59	1.55	1.69	1.61	1.45	1.59	1.53	1.5	1.28	1.89	1.97	1.42	1.46	1.36	1.34	1.31	1.31	1.27	1.19	1.31	1.59	1.6	1.27	1.16	1.1	0.95	0.87	0.96	1.27	1.43	1.66	1.71	1.82	2.16	1.6	1.38	1.74	1.32	1.67
BS_4-8_manning003_extreme/E01522N3585E03578N2685-BS-M792_E01905N3355_D010_S247D70R270_A004781_S062	0.24	0.28	0.39	0.61	0.55	1.49	1.78	1.36	1.49	8.1	7.04	1.81	4.19	1.98	1.46	1.68	2.21	2.36	2.61	2.93	4.17	3.73	1.97	12.37	1.77	2.25	4.07	2.6	2.87	3.55	3.59	2.81	2.36	3.78	2.93	2.11	1.74	2.01	1.72	1.46	1.37	1.72	2.15	2.08	2.34	1.28	2.0	2.62	1.72	2.17	3.11	1.49	1.53	2.3	1.91	2.03	1.54	2.37	3.42	1.38	1.04	0.89	0.77	0.59	0.89	1.01	0.81	1.15	1.77	2.29	0.89	1.02	0.92	0.73	1.03	0.65	0.53	1.06	1.39	1.47	1.94	3.24	1.4	0.84	1.56	1.56	1.42
BS_4-8_manning003_extreme/E01522N3585E03578N2685-BS-M774_E01801N3378_D010_S067D50R090_A003139_S050	0.12	0.15	0.18	0.25	0.23	1.09	1.06	0.97	0.96	8.1	7.05	0.93	4.2	1.59	1.52	1.12	1.64	1.82	1.36	1.34	2.86	2.51	1.48	12.37	1.45	1.72	1.41	1.93	1.4	2.1	2.11	1.6	0.98	1.64	1.46	0.9	0.85	1.09	0.94	0.76	0.69	0.82	0.99	1.01	0.88	0.81	1.09	1.24	0.81	0.96	1.11	0.86	0.79	0.96	0.79	0.79	0.66	1.07	1.13	0.48	0.44	0.44	0.43	0.41	0.49	0.49	0.44	0.48	0.76	0.87	0.58	0.46	0.51	0.45	0.49	0.51	0.75	0.64	0.7	0.72	0.84	1.25	0.65	0.55	0.87	0.81	0.87
BS_4-8_manning003_extreme/E01267N3753E01646N3535-BS-M792_E01551N3692_D125_S292D10R270_A004781_S062	0.66	0.69	0.96	1.1	0.98	3.17	4.43	4.47	2.39	8.11	7.05	1.3	4.2	1.03	0.93	0.9	0.9	0.89	0.89	0.85	0.89	0.81	0.75	12.41	0.96	0.77	0.85	1.07	1.53	1.14	0.74	0.67	0.66	0.85	0.99	1.33	0.94	0.62	0.67	0.71	0.76	0.89	1.18	1.2	0.96	1.04	1.1	1.17	1.18	1.1	1.05	1.11	1.0	0.85	0.81	0.95	1.0	1.51	1.53	1.96	2.5	2.55	2.18	2.36	2.02	2.68	2.14	1.96	2.71	1.79	1.81	1.62	1.38	1.32	1.11	1.24	1.3	1.64	1.81	1.76	1.65	1.92	1.35	0.97	1.09	1.29	1.45
BS_4-8_manning003_extreme/E01522N3585E03578N2685-BS-M792_E01731N3445_D010_S247D50R090_A004781_S062	0.2	0.26	0.31	0.34	0.34	1.56	1.58	1.49	1.11	8.11	7.05	1.08	4.2	1.22	1.46	1.18	1.42	1.3	1.59	1.43	3.03	3.57	1.3	12.37	1.18	1.26	1.7	1.8	1.77	1.62	1.46	1.63	1.17	1.55	1.37	1.47	1.09	1.05	1.01	0.95	0.89	0.88	1.0	1.19	0.94	1.04	1.13	1.16	1.05	1.05	1.15	1.03	0.96	1.05	1.05	1.05	0.88	1.28	1.3	0.89	0.88	0.84	0.83	0.81	0.86	0.83	0.77	0.82	1.07	1.08	0.92	0.92	0.75	0.64	0.74	0.77	0.97	0.93	1.1	1.14	1.22	1.53	1.06	1.05	1.33	0.93	1.27
BS_4-8_manning003_extreme/E01522N3585E03578N2685-BS-M774_E01882N3378_D010_S247D70R270_A003139_S050	0.15	0.17	0.24	0.4	0.34	1.02	1.14	0.92	1.06	8.1	7.05	1.16	4.19	1.56	1.47	1.3	2.18	1.86	2.39	1.96	3.44	3.87	1.53	12.37	1.72	1.77	3.27	2.61	1.61	3.24	2.96	2.64	1.78	2.78	2.48	1.39	1.51	1.54	1.47	1.29	1.12	1.17	1.62	1.39	1.78	1.06	1.66	1.98	1.32	1.72	2.44	1.13	1.12	1.72	1.44	1.38	1.17	1.56	2.31	0.88	0.59	0.52	0.5	0.37	0.58	0.64	0.52	0.75	1.18	1.52	0.59	0.66	0.59	0.51	0.73	0.45	0.42	0.69	0.9	0.95	1.25	2.13	0.89	0.54	1.01	1.01	0.89
BS_4-8_manning003_extreme/E01522N3585E03578N2685-BS-M809_E01794N3490_D010_S247D30R090_A006995_S075	0.42	0.51	0.63	0.78	0.77	2.73	3.56	3.23	2.0	8.11	7.05	1.98	4.2	1.99	2.1	2.16	2.25	2.36	2.57	2.75	3.15	5.75	2.32	12.38	2.32	2.16	2.76	3.51	3.64	2.52	2.53	3.04	2.05	2.64	2.47	2.94	1.75	1.76	1.69	1.51	1.42	1.47	1.61	1.96	1.6	1.79	1.97	1.86	1.7	1.58	1.75	1.5	1.38	1.67	1.64	1.56	1.12	1.5	1.63	1.27	1.18	1.07	1.01	0.99	1.06	1.04	0.98	1.11	1.28	1.25	0.96	0.77	0.69	0.68	0.61	0.7	0.72	1.15	1.38	1.46	1.62	1.89	1.42	0.83	1.01	1.05	1.2
BS_4-8_manning003_extreme/E01267N3753E01646N3535-BS-M809_E01519N3670_D010_S337D10R270_A006995_S075	0.21	0.26	0.3	0.33	0.33	1.21	1.55	1.7	1.39	8.11	7.05	0.91	4.2	0.85	0.65	0.63	0.57	0.52	0.48	0.42	0.53	0.39	0.35	12.39	0.94	0.38	0.34	0.39	0.35	0.33	0.27	0.24	0.19	0.32	0.36	0.52	0.67	0.75	0.83	1.0	1.1	1.01	0.9	0.85	0.67	0.62	0.58	0.68	1.0	1.14	1.16	1.28	0.94	0.9	1.11	1.1	1.41	1.69	1.38	0.85	0.91	0.98	1.06	1.17	1.37	1.53	1.29	1.26	1.4	1.75	1.61	1.08	1.08	1.34	1.37	1.41	1.45	1.45	1.45	1.51	1.57	1.94	1.28	1.06	1.36	1.42	1.32
BS_4-8_manning003_extreme/E01267N3753E01646N3535-BS-M809_E01575N3670_D010_S112D90R090_A006995_S075	0.65	0.78	1.06	1.22	1.12	4.42	4.33	4.17	2.96	8.09	7.03	2.27	4.18	2.41	2.0	1.65	1.8	1.84	2.59	2.28	2.68	2.37	2.04	12.33	1.49	1.6	2.09	3.44	2.9	2.68	1.91	2.46	1.56	2.08	2.35	2.64	1.61	1.04	1.46	0.93	1.26	2.29	2.55	1.71	2.33	1.75	2.45	1.86	1.98	1.69	2.18	2.14	1.96	2.43	2.43	3.25	4.81	7.57	5.27	3.25	3.61	3.06	1.97	1.48	3.41	2.97	2.82	2.66	2.46	2.38	2.39	2.16	1.9	1.71	1.55	1.47	1.34	1.33	1.23	1.16	0.98	1.04	0.82	2.01	2.37	2.52	2.25
BS_4-8_manning003_extreme/E01522N3585E03578N2685-BS-M809_E01660N3512_D010_S247D50R090_A006995_S075	0.34	0.4	0.5	0.59	0.61	2.21	2.85	2.71	1.88	8.11	7.06	1.81	4.21	2.28	2.89	1.92	3.59	2.2	2.19	2.25	3.64	4.9	2.36	12.38	2.16	2.09	2.67	2.93	2.98	2.39	2.29	2.57	1.99	2.49	2.41	2.58	1.84	1.75	1.69	1.55	1.47	1.53	1.69	1.92	1.69	1.8	1.95	1.9	1.82	1.81	1.92	1.84	1.61	1.86	1.86	1.8	1.52	2.22	2.26	1.7	1.77	1.67	1.64	1.56	1.6	1.54	1.48	1.61	1.88	1.88	1.39	1.26	1.13	1.04	1.08	1.23	1.22	1.8	2.1	2.16	2.3	2.65	2.02	1.29	1.58	1.57	1.7
BS_4-8_manning003_extreme/E01522N3585E03578N2685-BS-M809_E01909N3378_D010_S067D70R090_A006995_S075	0.41	0.48	0.61	0.8	0.84	2.77	3.32	3.05	1.75	8.1	7.05	2.25	4.2	3.06	3.04	3.3	4.25	4.54	3.66	4.01	7.42	6.77	3.71	12.37	3.93	4.27	4.2	5.58	3.51	7.0	6.85	4.84	3.52	5.53	4.92	3.14	2.78	3.39	3.02	2.39	2.11	2.16	3.1	2.98	2.89	2.59	3.52	4.11	2.39	3.2	3.98	2.45	2.48	3.23	2.63	2.58	2.15	2.94	3.74	1.88	1.11	1.09	1.12	1.09	1.46	1.43	1.26	1.33	2.2	2.52	1.22	1.45	1.24	1.02	0.92	0.8	0.78	1.6	1.98	2.06	2.45	3.64	1.84	1.26	1.7	1.84	1.81
BS_4-8_manning003_extreme/E01522N3585E03578N2685-BS-M809_E01825N3512_D010_S247D50R090_A006995_S075	0.52	0.63	0.75	0.76	0.81	2.51	3.09	2.97	2.23	8.11	7.05	2.14	4.2	2.07	2.29	2.11	2.53	2.39	2.48	2.44	3.86	4.86	2.16	12.38	2.25	2.14	2.49	2.88	2.9	2.39	2.21	2.38	1.79	2.23	2.02	2.38	1.54	1.5	1.4	1.29	1.24	1.27	1.39	1.53	1.34	1.38	1.47	1.48	1.37	1.36	1.44	1.33	1.16	1.33	1.26	1.24	0.97	1.41	1.49	1.12	1.11	1.06	0.97	0.94	0.97	0.94	0.88	0.94	1.13	1.13	0.81	0.72	0.64	0.63	0.62	0.67	0.7	0.98	1.11	1.13	1.2	1.36	1.06	0.71	0.89	0.87	0.95
BS_4-8_manning003_extreme/E01267N3753E01646N3535-BS-M809_E01575N3670_D010_S022D10R270_A006995_S075	0.25	0.25	0.41	0.53	0.66	1.06	1.19	1.23	1.08	8.11	7.05	0.99	4.2	0.75	0.83	0.61	0.93	0.93	0.7	1.26	1.72	1.55	1.39	12.36	1.09	1.28	1.31	1.88	1.77	2.2	2.28	2.54	1.7	3.2	2.94	1.98	1.83	2.12	2.19	1.97	1.82	2.05	1.9	2.7	2.47	1.88	2.35	2.95	1.78	1.95	2.4	1.91	2.04	2.89	2.2	2.79	1.68	1.76	3.1	1.43	1.73	1.65	1.11	1.06	1.06	1.68	1.2	1.53	1.58	2.24	1.39	0.85	1.01	0.85	1.25	1.09	0.79	1.55	1.83	1.88	2.09	3.01	1.49	1.08	1.4	1.54	1.8
BS_4-8_manning003_extreme/E01108N3882E01527N3690-BS-M809_E01509N3782_D010_S112D90R270_A012497_S042	1.54	1.67	1.84	2.15	1.9	5.77	3.44	3.28	3.55	8.6	7.59	3.23	4.86	2.05	2.19	1.65	1.7	1.63	1.58	1.5	2.2	3.05	1.71	14.11	2.79	2.21	2.07	2.05	2.84	3.73	4.63	3.39	2.84	3.59	2.78	3.16	4.02	2.13	1.85	2.06	1.75	1.63	1.89	4.23	4.17	2.67	3.12	3.76	2.35	2.0	2.25	3.08	2.31	2.34	2.88	2.7	2.58	1.73	2.71	3.92	2.23	2.14	1.9	1.69	2.04	1.7	1.44	1.3	1.46	1.77	2.29	1.52	1.07	1.17	1.07	1.02	1.11	1.12	1.14	1.09	0.91	1.08	0.83	1.09	1.71	1.66	1.8
BS_4-8_manning003_extreme/E01522N3585E03578N2685-BS-M809_E01747N3535_D010_S247D30R090_A006995_S075	0.45	0.54	0.68	0.85	0.79	2.87	3.81	3.49	2.04	8.11	7.06	2.09	4.21	2.09	2.22	2.31	2.36	2.46	2.71	2.91	2.67	3.36	2.41	12.38	2.29	2.14	2.76	3.42	3.5	2.4	2.45	3.0	2.0	2.63	2.46	2.72	1.65	1.58	1.85	1.5	1.41	1.57	1.45	1.88	1.5	1.66	1.89	1.77	1.57	1.51	1.64	1.47	1.42	1.64	1.61	1.61	1.19	1.64	1.75	1.27	1.17	1.05	1.05	1.03	1.12	1.1	1.03	1.14	1.41	1.39	1.04	0.87	0.78	0.7	0.66	0.74	0.77	1.3	1.59	1.69	1.88	2.2	1.65	0.92	1.13	1.18	1.35
BS_4-8_manning003_extreme/E01522N3585E03578N2685-BS-M809_E01644N3580_D010_S067D70R270_A006995_S075	0.68	0.87	1.08	1.08	0.97	3.13	5.31	4.54	4.5	8.09	7.04	3.11	4.19	3.46	2.75	2.37	4.67	4.35	3.18	3.76	8.57	10.23	2.55	12.36	3.14	2.1	2.95	3.51	3.36	4.03	3.36	2.46	1.84	2.44	2.59	2.6	2.36	1.51	1.81	1.19	1.17	1.81	1.29	1.81	2.18	1.6	2.43	1.45	1.67	1.31	1.18	1.06	1.02	1.22	1.63	1.07	1.06	2.0	1.63	1.61	1.85	1.69	1.81	1.84	1.24	1.58	1.34	1.85	1.6	1.2	1.19	0.86	0.93	0.93	1.0	1.03	1.07	1.0	1.17	1.19	1.29	1.31	1.18	0.97	1.23	0.98	1.3
BS_4-8_manning003_extreme/E01522N3585E03578N2685-BS-M809_E01828N3378_D010_S067D30R090_A006995_S075	0.35	0.44	0.54	0.66	0.62	2.54	2.45	2.29	1.5	8.11	7.05	1.69	4.2	2.65	2.6	2.13	3.11	3.41	2.39	2.62	5.22	4.46	2.88	12.37	2.74	3.24	2.75	3.82	2.71	4.64	4.72	3.6	2.25	3.46	2.99	2.19	2.02	1.93	1.76	1.69	1.6	1.58	2.16	2.23	1.85	1.77	2.12	2.62	1.93	2.01	2.5	1.94	1.87	2.09	1.77	1.73	1.5	2.13	2.52	1.22	1.19	1.15	1.19	1.14	1.28	1.23	1.13	1.19	1.73	1.85	1.05	1.05	0.95	0.85	0.8	0.79	0.83	1.35	1.6	1.65	1.88	2.54	1.47	1.05	1.32	1.36	1.41
BS_4-8_manning003_extreme/E01267N3753E01646N3535-BS-M809_E01519N3670_D010_S067D90R090_A006995_S075	0.5	0.59	0.8	0.98	0.9	3.77	3.33	2.92	3.38	8.09	7.03	2.69	4.18	3.2	3.16	2.47	4.71	5.35	4.69	5.07	8.67	9.69	4.08	12.33	4.89	7.08	6.0	6.66	4.93	8.27	8.4	7.94	3.67	6.23	4.11	4.39	3.11	2.58	2.31	2.34	2.27	2.95	2.59	3.13	4.27	2.98	4.27	3.34	2.85	2.67	3.06	2.96	3.08	5.9	4.39	4.33	2.47	6.64	6.13	4.03	4.11	3.72	2.78	2.59	2.73	5.68	4.78	4.18	2.62	2.03	3.58	3.23	2.94	3.02	2.87	2.86	2.98	2.58	2.62	2.68	2.82	2.69	3.15	2.68	2.63	2.6	2.49
BS_4-8_manning003_extreme/E01108N3882E01527N3690-BS-M809_E01442N3715_D010_S067D70R090_A012497_S042	0.36	0.46	0.6	0.64	0.59	2.22	2.19	2.23	1.61	8.02	6.96	1.44	4.09	1.56	1.21	1.16	1.15	1.39	1.08	1.38	1.85	2.2	1.37	12.04	1.66	2.24	2.94	2.94	3.31	4.31	5.14	5.59	3.28	4.31	3.41	4.08	2.49	2.31	2.14	2.0	1.85	1.8	1.74	2.28	2.3	1.65	1.16	1.06	1.04	0.91	0.84	0.75	0.67	0.6	0.76	0.5	0.38	0.4	0.38	0.37	0.38	0.38	0.38	0.43	0.42	0.54	0.49	0.52	0.57	0.46	0.7	0.82	0.78	0.62	0.66	0.72	0.77	1.0	0.87	0.75	0.7	0.62	0.76	0.67	0.5	0.34	0.66
BS_4-8_manning003_extreme/E01522N3585E03578N2685-BS-M774_E01855N3378_D010_S247D30R090_A003139_S050	0.12	0.14	0.17	0.28	0.23	0.94	1.06	0.94	1.07	8.1	7.05	0.72	4.2	0.88	0.89	0.9	0.95	1.05	1.16	1.26	1.55	3.07	1.06	12.37	1.07	1.14	1.74	1.43	1.43	1.75	1.37	1.48	1.01	1.57	1.14	1.14	0.78	0.83	0.79	0.76	0.71	0.91	0.81	0.99	0.64	0.74	1.1	0.94	0.78	0.85	0.96	0.87	0.82	0.84	0.74	1.1	0.65	0.94	1.05	0.53	0.52	0.5	0.51	0.48	0.53	0.51	0.46	0.53	0.74	0.79	0.45	0.48	0.42	0.36	0.46	0.31	0.3	0.58	0.69	0.72	0.81	1.16	0.62	0.45	0.6	0.58	0.66
BS_4-8_manning003_extreme/E01522N3585E03578N2685-BS-M809_E01664N3535_D010_S247D30R090_A006995_S075	0.4	0.48	0.61	0.79	0.75	2.61	3.3	2.97	1.87	8.11	7.06	1.79	4.21	1.88	1.89	1.97	2.67	2.13	2.46	2.7	3.3	5.74	2.51	12.38	2.14	1.95	2.76	3.36	3.57	2.63	2.48	3.13	2.05	2.81	2.48	2.91	1.72	1.78	1.73	1.61	1.55	1.58	1.67	2.08	1.73	2.0	2.19	2.05	1.91	1.82	1.96	1.86	1.74	2.1	2.04	1.87	1.4	1.98	2.2	1.68	1.59	1.45	1.42	1.36	1.46	1.46	1.4	1.56	1.8	1.77	1.35	1.12	1.1	0.88	0.92	1.09	1.03	1.75	2.2	2.33	2.5	2.89	2.31	1.2	1.49	1.53	1.72
BS_4-8_manning003_extreme/E01522N3585E03578N2685-BS-M792_E01636N3535_D010_S067D70R270_A004781_S062	0.27	0.35	0.4	0.44	0.47	1.59	2.48	2.11	2.41	8.1	7.04	2.03	4.19	2.0	1.77	1.21	1.87	1.49	1.75	2.17	5.33	7.06	1.56	12.36	1.74	1.61	3.06	3.37	1.63	2.78	2.45	2.2	1.16	1.8	1.79	1.03	1.09	0.82	0.95	0.66	0.72	1.02	0.96	1.32	1.14	0.7	1.98	0.74	0.67	0.67	0.74	0.7	0.64	1.13	1.19	1.2	0.67	1.15	0.83	0.68	0.86	0.7	0.85	1.01	0.63	0.86	0.62	0.88	0.72	0.83	0.8	0.78	0.88	1.09	0.94	1.18	0.65	0.79	0.98	1.35	1.97	1.96	1.61	0.69	0.95	0.77	0.72
BS_4-8_manning003_extreme/E01522N3585E03578N2685-BS-M809_E01758N3445_D010_S067D30R090_A006995_S075	0.35	0.45	0.55	0.63	0.66	2.86	2.51	2.36	1.66	8.11	7.05	1.71	4.2	3.05	2.53	2.44	3.83	3.57	2.59	3.12	4.9	5.32	3.01	12.38	2.78	2.74	2.82	4.03	2.83	4.1	3.82	2.94	2.19	3.17	2.44	2.23	1.89	1.92	1.87	1.69	1.54	1.39	1.75	2.14	1.5	1.66	1.97	2.15	1.69	1.93	2.15	1.9	1.75	2.08	1.7	1.75	1.41	2.0	2.29	1.42	1.29	1.24	1.25	1.26	1.32	1.27	1.18	1.35	1.65	1.66	1.17	1.16	0.97	0.86	0.94	0.95	1.12	1.45	1.71	1.79	2.06	2.66	1.67	1.27	1.52	1.6	1.75
BS_4-8_manning003_extreme/E01522N3585E03578N2685-BS-M809_E01874N3333_D010_S067D50R270_A006995_S075	0.43	0.51	0.57	0.75	0.77	1.72	2.29	2.09	2.08	8.1	7.04	2.14	4.19	1.91	1.46	1.22	2.37	1.77	1.68	2.01	2.99	3.85	1.5	12.36	1.6	1.16	2.55	1.81	1.84	2.87	2.32	2.55	1.66	3.01	2.23	1.48	1.82	1.23	2.01	0.69	1.06	1.33	1.4	1.6	1.95	1.05	3.07	0.89	1.19	0.94	1.12	0.99	0.85	2.02	1.75	2.05	0.75	1.64	1.04	0.97	1.59	1.24	1.08	1.25	0.84	1.23	0.8	1.17	0.9	1.01	1.12	1.04	0.81	0.71	1.0	0.75	1.32	0.77	0.96	1.04	1.91	2.9	1.51	0.86	1.13	1.23	1.14
BS_4-8_manning003_extreme/E01522N3585E03578N2685-BS-M809_E01805N3400_D010_S067D30R090_A006995_S075	0.36	0.46	0.57	0.66	0.65	2.73	2.48	2.36	1.55	8.11	7.05	1.83	4.2	2.99	2.91	2.18	3.03	3.47	2.71	2.51	5.3	4.64	2.78	12.38	2.74	3.11	2.81	3.82	2.61	4.34	4.28	3.17	2.11	3.09	2.74	2.19	1.71	1.94	1.8	1.57	1.46	1.5	1.95	2.11	1.69	1.69	1.99	2.36	1.76	1.83	2.21	1.85	1.75	1.92	1.64	1.68	1.4	1.95	2.35	1.31	1.19	1.14	1.18	1.13	1.25	1.19	1.09	1.16	1.64	1.72	1.04	1.01	0.92	0.82	0.81	0.79	0.98	1.35	1.59	1.66	1.88	2.48	1.5	1.04	1.28	1.35	1.41
BS_4-8_manning003_extreme/E01548N3896E01854N3659-BS-M754_E01619N3760_D010_S337D30R090_A003524_S022	0.11	0.14	0.24	0.31	0.31	0.65	0.85	0.82	0.61	8.07	7.02	0.43	4.17	0.45	0.47	0.5	0.51	0.5	0.66	0.76	0.97	1.08	0.71	12.37	0.92	0.82	1.05	1.4	1.47	1.44	1.28	1.52	1.08	1.67	1.41	1.2	0.85	0.91	1.34	1.04	0.96	1.16	1.31	1.52	0.98	0.99	1.13	1.71	0.94	0.98	1.14	1.07	0.94	1.16	0.7	0.87	0.53	0.43	0.83	0.75	0.41	0.37	0.35	0.32	0.37	0.38	0.32	0.3	0.34	0.45	0.45	0.3	0.26	0.23	0.21	0.2	0.21	0.21	0.23	0.22	0.22	0.28	0.17	0.25	0.33	0.36	0.35
BS_4-8_manning003_extreme/E01522N3585E03578N2685-BS-M809_E01794N3490_D010_S067D70R090_A006995_S075	0.54	0.63	0.82	1.09	1.0	3.64	4.4	4.01	2.29	8.11	7.05	2.55	4.36	5.42	4.84	3.24	5.46	5.22	4.28	4.33	8.94	8.7	4.05	12.37	4.37	4.31	4.29	5.22	4.09	5.65	5.2	4.92	2.69	3.94	3.01	3.66	1.63	2.04	2.58	1.61	1.55	1.92	1.77	2.19	2.25	1.87	2.53	2.41	1.76	1.98	2.19	1.76	1.89	1.83	1.82	2.12	1.58	1.98	2.2	1.68	1.4	1.42	1.28	1.04	1.17	1.16	1.08	1.59	1.52	1.57	1.28	0.88	0.78	0.8	0.77	0.82	1.01	1.43	1.8	1.97	2.29	3.08	2.01	1.14	1.46	1.58	1.93
BS_4-8_manning003_extreme/E01108N3882E01527N3690-BS-M809_E01442N3715_D010_S247D70R270_A012497_S042	0.23	0.28	0.4	0.42	0.51	1.63	1.87	2.02	1.69	8.07	7.01	1.22	4.15	1.6	1.06	0.91	1.15	1.13	1.18	1.17	1.72	2.3	1.26	12.09	1.14	1.69	2.27	2.3	2.53	3.13	3.72	4.14	2.67	4.3	4.41	3.86	2.91	1.57	1.38	1.25	1.97	1.74	2.13	2.14	1.92	2.06	2.11	1.18	0.99	1.23	0.81	1.01	0.83	0.86	1.48	0.72	0.43	0.7	0.5	0.57	0.64	0.75	0.72	0.78	0.68	0.61	0.63	0.85	0.8	0.65	0.67	0.74	0.66	0.87	0.92	0.95	1.0	0.98	1.05	1.12	1.15	1.09	1.2	0.62	0.47	0.39	0.54
BS_4-8_manning003_extreme/E01522N3585E03578N2685-BS-M809_E01853N3512_D010_S247D50R090_A006995_S075	0.44	0.53	0.63	0.64	0.64	2.09	2.72	2.6	1.9	8.11	7.05	1.92	4.2	1.96	2.6	1.93	3.11	2.26	2.29	2.24	4.17	4.85	2.08	12.38	2.0	2.02	2.32	2.77	2.72	2.27	2.19	2.38	1.76	2.13	2.09	2.13	1.57	1.45	1.35	1.32	1.26	1.26	1.39	1.54	1.36	1.38	1.49	1.46	1.38	1.36	1.48	1.29	1.12	1.28	1.24	1.17	0.93	1.33	1.39	1.06	1.05	0.98	0.94	0.92	0.94	0.9	0.85	0.89	1.05	1.03	0.77	0.65	0.58	0.54	0.56	0.6	0.63	0.88	0.99	1.01	1.08	1.24	0.94	0.68	0.79	0.79	0.89
BS_4-8_manning003_extreme/E01522N3585E03578N2685-BS-M809_E01692N3535_D010_S067D30R090_A006995_S075	0.4	0.55	0.67	0.77	0.75	3.33	3.61	3.36	2.34	8.11	7.06	2.48	4.21	3.93	3.75	2.98	4.31	4.58	3.45	3.44	6.28	5.94	3.18	12.38	3.22	3.47	3.79	4.1	3.49	4.31	4.0	4.44	2.12	3.38	2.7	2.83	1.79	1.59	1.47	1.42	1.37	1.4	1.8	1.92	1.58	1.57	1.79	2.02	1.58	1.7	1.92	1.71	1.66	1.59	1.49	1.98	1.3	2.36	2.53	1.77	1.44	1.42	1.3	1.31	1.32	1.23	1.19	1.49	1.83	2.04	1.3	1.23	1.12	1.1	1.01	1.09	1.05	1.69	2.06	2.26	2.76	3.43	2.32	1.08	1.35	1.42	1.74
BS_4-8_manning003_extreme/E01522N3585E03578N2685-BS-M792_E01824N3355_D010_S067D30R090_A004781_S062	0.2	0.25	0.3	0.38	0.34	1.51	1.42	1.29	1.03	8.1	7.05	1.0	4.2	1.47	1.34	1.29	1.56	1.62	1.49	1.42	2.79	2.71	1.59	12.37	1.6	1.8	1.84	2.24	1.69	2.41	2.52	2.14	1.36	2.06	1.94	1.25	1.29	1.42	1.3	1.08	0.97	1.0	1.2	1.31	1.14	1.1	1.45	1.57	1.11	1.34	1.62	1.11	1.02	1.28	1.12	1.09	0.94	1.38	1.54	0.64	0.66	0.63	0.67	0.64	0.77	0.75	0.68	0.71	1.08	1.19	0.64	0.69	0.61	0.53	0.58	0.55	0.72	0.79	0.93	0.96	1.09	1.59	0.85	0.76	1.02	0.88	1.02
BS_4-8_manning003_extreme/E01522N3585E03578N2685-BS-M809_E01719N3535_D010_S067D70R270_A006995_S075	0.69	0.86	1.05	0.97	0.94	5.6	4.61	4.05	3.3	8.1	7.04	3.05	4.19	2.02	2.95	1.67	2.74	2.35	2.83	3.35	4.35	8.1	2.51	12.36	2.32	1.64	2.91	3.1	2.88	3.24	2.93	2.16	1.58	1.96	2.52	2.58	2.42	1.84	2.13	1.1	0.96	1.52	1.43	1.68	2.2	1.55	2.49	1.21	1.56	1.29	1.07	1.03	1.04	1.15	1.63	1.58	0.89	2.52	1.53	1.41	1.67	1.63	1.59	1.7	1.15	1.36	1.09	1.81	1.14	1.38	1.2	0.86	0.93	0.78	0.77	0.89	0.65	0.96	1.08	1.44	1.23	1.96	1.25	0.84	0.82	0.82	0.83
BS_4-8_manning003_extreme/E01522N3585E03578N2685-BS-M809_E01743N3512_D010_S067D30R090_A006995_S075	0.51	0.63	0.76	0.8	0.84	3.04	3.46	3.31	2.25	8.11	7.06	2.14	4.21	3.16	3.03	2.47	3.21	3.54	3.11	3.2	4.99	4.31	2.46	12.38	2.71	2.35	4.0	3.28	3.95	3.41	3.31	3.97	2.05	2.96	2.6	3.0	1.77	1.56	1.59	1.53	1.44	1.45	1.43	1.81	1.57	1.55	1.66	1.81	1.54	1.65	1.74	1.72	1.52	1.72	1.5	1.74	1.31	2.05	2.08	1.54	1.37	1.31	1.23	1.21	1.25	1.19	1.1	1.24	1.66	1.79	1.08	1.12	1.02	0.93	0.87	0.88	0.93	1.57	1.85	1.96	2.26	2.95	1.93	1.07	1.34	1.24	1.44
BS_4-8_manning003_extreme/E01522N3585E03578N2685-BS-M809_E01867N3445_D010_S067D70R090_A006995_S075	0.44	0.52	0.67	0.88	0.88	3.0	3.54	3.28	1.97	8.11	7.05	2.21	4.2	4.5	3.62	3.27	5.65	5.17	3.63	4.32	7.58	8.22	4.3	12.37	3.92	3.71	4.05	5.49	3.44	5.72	5.06	4.04	2.94	4.36	3.32	2.94	2.06	2.03	1.99	1.87	1.7	1.97	1.99	2.3	2.43	1.66	2.31	2.64	1.75	2.21	2.69	1.79	1.72	2.25	1.79	1.81	1.4	1.9	2.52	1.42	1.06	1.04	1.12	0.82	0.91	0.97	0.91	1.32	1.43	1.61	0.95	0.9	0.79	0.64	0.59	0.65	0.71	1.19	1.51	1.6	1.92	2.61	1.54	0.85	1.25	1.41	1.29
BS_4-8_manning003_extreme/E01522N3585E03578N2685-BS-M809_E01825N3512_D010_S067D50R090_A006995_S075	0.44	0.51	0.64	0.75	0.7	2.59	3.37	3.15	2.02	8.11	7.05	1.82	4.2	3.35	2.74	2.73	4.46	4.15	3.31	3.25	5.54	5.62	2.95	12.38	2.66	2.51	3.36	3.72	3.07	3.83	3.5	3.14	1.93	2.82	1.98	2.49	1.36	1.71	1.58	1.2	1.04	1.19	1.45	1.69	1.45	1.4	1.6	1.81	1.27	1.5	1.72	1.39	1.4	1.5	1.19	1.27	1.02	1.51	1.77	1.1	0.93	0.93	0.86	0.78	0.83	0.82	0.74	0.86	1.11	1.14	0.77	0.68	0.62	0.54	0.51	0.55	0.59	1.0	1.2	1.27	1.45	1.87	1.25	0.73	0.92	1.09	1.12
BS_4-8_manning003_extreme/E01522N3585E03578N2685-BS-M809_E01932N3355_D010_S067D30R090_A006995_S075	0.38	0.48	0.57	0.63	0.72	2.16	2.32	2.11	1.42	8.11	7.05	1.44	4.2	1.96	1.62	2.08	2.54	2.45	2.58	2.97	3.8	3.66	2.18	12.37	2.22	2.42	3.08	2.97	2.6	3.71	3.69	2.88	2.27	3.47	2.97	2.09	2.05	2.05	1.93	1.74	1.6	1.44	1.93	2.09	1.79	1.71	2.26	2.58	1.72	2.13	2.61	1.72	1.7	2.08	1.74	1.68	1.45	2.14	2.47	1.2	1.04	1.03	1.05	1.01	1.23	1.2	1.09	1.13	1.64	1.8	0.98	1.11	0.96	0.84	0.76	0.75	0.73	1.22	1.43	1.46	1.63	2.35	1.26	1.01	1.29	1.44	1.41
BS_4-8_manning003_extreme/E01522N3585E03578N2685-BS-M809_E01644N3580_D010_S067D30R090_A006995_S075	0.42	0.5	0.63	0.78	0.75	3.27	3.83	3.56	2.43	8.12	7.06	2.95	4.31	4.92	4.66	3.49	4.98	5.64	4.03	4.35	7.3	6.87	3.35	12.39	3.61	4.42	3.88	4.42	3.88	4.55	4.24	4.44	2.26	3.84	3.15	2.92	1.98	1.92	1.67	1.7	1.63	1.54	1.92	2.09	1.74	1.65	2.02	2.23	1.75	1.88	1.91	1.9	1.77	1.74	1.56	1.92	1.44	2.57	2.55	1.84	1.55	1.49	1.43	1.39	1.36	1.39	1.27	1.53	2.1	2.36	1.33	1.4	1.26	1.18	1.45	1.58	1.53	1.94	2.5	2.78	3.35	3.92	2.8	1.22	1.67	1.79	1.83
BS_4-8_manning003_extreme/E01522N3585E03578N2685-BS-M809_E01778N3400_D010_S067D50R090_A006995_S075	0.32	0.42	0.51	0.6	0.7	2.45	2.71	2.53	1.86	8.11	7.05	1.84	4.2	3.27	3.17	2.36	3.5	3.95	2.77	2.82	6.15	5.22	3.13	12.38	3.06	3.47	3.24	3.98	2.86	4.87	4.81	3.57	2.39	3.6	3.22	2.22	1.85	2.05	1.85	1.73	1.66	1.63	2.16	2.23	1.85	1.8	2.08	2.63	1.96	2.19	2.65	1.93	1.97	2.09	2.01	2.0	1.7	2.29	2.72	1.43	1.21	1.1	1.17	1.09	1.26	1.2	1.09	1.2	1.78	1.89	1.06	1.13	0.99	0.87	0.79	0.77	1.29	1.5	1.82	1.91	2.23	3.03	1.79	1.21	1.51	1.44	1.62
BS_4-8_manning003_extreme/E01470N3877E01631N3641-BS-M774_E01603N3670_D010_S067D90R270_A005608_S028	0.32	0.42	0.5	0.51	0.49	1.46	2.06	2.07	1.86	8.11	7.05	1.39	4.2	1.36	1.25	1.0	1.18	1.13	1.22	1.58	3.49	4.29	1.08	12.38	1.22	1.09	1.26	1.71	1.55	1.89	1.59	1.26	0.93	1.11	1.39	1.54	1.24	0.89	0.85	0.76	0.73	0.77	0.84	0.85	1.08	0.81	1.24	0.87	0.88	0.79	0.86	0.87	0.78	0.87	0.8	0.78	0.77	1.12	0.99	0.83	0.91	0.88	0.87	0.85	0.82	0.77	0.75	0.82	0.9	0.86	0.71	0.62	0.62	0.67	0.6	0.41	0.46	0.35	0.46	0.46	0.48	0.55	0.34	0.63	0.78	0.83	0.77
BS_4-8_manning003_extreme/E01470N3877E01631N3641-BS-M809_E01579N3692_D010_S112D90R090_A012497_S042	0.63	0.68	0.86	0.98	0.93	3.7	4.01	4.21	3.64	8.04	6.98	2.59	4.12	2.42	2.01	1.89	1.88	1.77	2.09	1.4	2.28	2.36	1.49	12.2	1.01	1.08	1.53	2.19	1.96	1.93	0.98	1.99	1.02	1.66	1.34	1.78	1.36	0.81	0.94	1.53	0.91	1.5	1.91	1.66	1.44	1.21	1.73	1.52	1.44	1.33	1.66	1.75	1.25	1.68	2.0	1.95	1.75	1.61	1.5	1.43	1.33	1.35	1.42	1.57	1.32	1.52	1.48	2.03	1.63	1.48	1.53	1.4	1.21	1.15	1.06	1.03	0.99	1.01	0.98	0.95	0.87	0.91	0.71	1.22	1.36	1.42	1.39
BS_4-8_manning003_extreme/E01522N3585E03578N2685-BS-M809_E01936N3378_D010_S067D30R090_A006995_S075	0.33	0.42	0.5	0.57	0.65	1.94	2.15	1.98	1.31	8.11	7.05	1.32	4.2	1.98	1.96	1.85	2.82	2.9	2.14	2.37	4.27	3.8	2.38	12.37	2.23	2.68	2.39	3.22	2.17	3.9	3.93	2.87	2.03	3.18	2.77	2.0	1.82	2.04	1.85	1.54	1.38	1.41	1.87	1.92	1.77	1.66	2.14	2.43	1.57	1.95	2.4	1.61	1.58	1.95	1.61	1.56	1.32	1.89	2.23	1.05	0.94	0.91	0.92	0.89	1.08	1.05	0.95	0.99	1.44	1.57	0.86	0.96	0.84	0.73	0.67	0.65	0.65	1.07	1.26	1.29	1.43	2.04	1.1	0.88	1.11	1.23	1.21
BS_4-8_manning003_extreme/E01522N3585E03578N2685-BS-M809_E01794N3490_D010_S067D30R090_A006995_S075	0.49	0.62	0.7	0.8	0.85	3.12	3.21	3.04	2.08	8.11	7.05	2.04	4.2	3.45	3.19	2.29	3.21	3.61	2.86	2.66	5.43	4.88	2.73	12.38	2.85	2.96	3.3	3.41	2.92	3.61	3.43	3.4	1.82	2.79	2.36	2.67	1.55	1.4	1.35	1.38	1.3	1.2	1.48	1.76	1.51	1.31	1.58	1.75	1.37	1.54	1.66	1.52	1.31	1.66	1.4	1.43	1.17	1.63	1.7	1.31	1.14	1.12	0.99	0.97	1.02	0.94	0.88	1.02	1.26	1.32	0.91	0.82	0.73	0.67	0.68	0.66	0.8	1.16	1.35	1.41	1.66	2.17	1.4	0.84	1.08	1.02	1.28
BS_4-8_manning003_extreme/E01522N3585E03578N2685-BS-M792_E01832N3400_D010_S247D70R270_A004781_S062	0.27	0.32	0.45	0.69	0.66	1.7	1.96	1.66	1.83	8.1	7.04	1.87	4.19	2.91	2.68	1.69	2.94	3.52	2.37	2.25	6.5	6.13	2.94	12.37	2.95	3.64	3.22	4.23	2.43	5.63	5.77	3.76	2.36	4.15	2.74	2.26	2.03	1.8	1.58	1.42	1.33	1.72	2.14	2.05	2.31	1.46	2.05	2.79	1.57	1.79	2.44	1.64	1.78	2.1	1.44	2.11	1.27	1.78	2.34	1.07	0.93	0.91	0.78	0.58	0.76	1.05	0.82	1.23	1.41	1.71	0.73	0.83	0.74	0.57	0.64	0.65	0.7	1.03	1.38	1.49	1.98	2.98	1.5	0.72	1.02	1.13	1.09
BS_4-8_manning003_extreme/E01522N3585E03578N2685-BS-M809_E01848N3490_D010_S067D30R090_A006995_S075	0.42	0.53	0.61	0.67	0.7	2.36	2.63	2.5	1.67	8.11	7.05	1.82	4.2	2.94	2.82	2.11	2.92	3.26	2.54	2.39	4.77	4.27	2.38	12.38	2.41	2.57	2.57	3.25	2.36	3.34	3.19	2.72	1.74	2.51	1.98	2.21	1.33	1.64	1.44	1.23	1.22	1.23	1.49	1.47	1.43	1.33	1.61	1.84	1.33	1.41	1.6	1.22	1.22	1.35	1.33	1.32	1.11	1.35	1.74	0.95	0.94	0.89	0.81	0.76	0.91	0.87	0.8	0.84	1.15	1.2	0.74	0.71	0.64	0.56	0.52	0.55	0.56	0.88	1.03	1.07	1.2	1.49	1.0	0.74	1.0	0.92	1.11
BS_4-8_manning003_extreme/E01522N3585E03578N2685-BS-M774_E01909N3378_D010_S247D30R090_A003139_S050	0.1	0.13	0.15	0.26	0.22	0.86	0.91	0.83	0.85	8.1	7.05	0.74	4.2	0.81	0.81	0.83	1.36	0.96	1.07	1.12	1.53	2.04	1.26	12.37	1.03	1.09	1.4	1.41	1.27	1.42	1.44	1.51	1.02	1.63	1.16	1.01	0.81	0.84	0.8	0.76	0.73	1.05	0.82	0.99	0.65	0.76	1.07	0.96	0.78	0.87	0.97	0.89	0.84	0.85	0.76	1.16	0.67	0.96	1.08	0.51	0.52	0.5	0.52	0.48	0.54	0.51	0.46	0.52	0.76	0.81	0.44	0.48	0.42	0.36	0.53	0.3	0.29	0.55	0.66	0.68	0.77	1.1	0.55	0.45	0.6	0.56	0.65
BS_4-8_manning003_extreme/E01522N3585E03578N2685-BS-M809_E01609N3535_D010_S067D30R090_A006995_S075	0.27	0.32	0.41	0.5	0.48	2.63	2.33	2.17	1.4	8.11	7.06	1.88	4.21	2.85	2.96	2.6	3.91	4.0	2.43	3.19	4.91	4.7	2.94	12.38	2.64	3.67	2.73	3.95	2.88	4.03	4.09	3.26	1.9	2.99	2.68	1.83	1.83	1.62	1.51	1.57	1.48	1.37	1.74	1.78	1.53	1.47	1.72	1.97	1.55	1.69	1.74	1.63	1.61	1.53	1.42	1.55	1.32	2.29	2.33	1.38	1.35	1.26	1.22	1.22	1.2	1.23	1.12	1.2	1.86	2.09	1.17	1.23	1.11	1.02	0.91	1.08	1.64	1.69	2.13	2.35	2.84	3.58	2.39	1.07	1.46	1.56	1.68
BS_4-8_manning003_extreme/E01522N3585E03578N2685-BS-M809_E01636N3535_D010_S067D30R090_A006995_S075	0.32	0.37	0.47	0.58	0.57	2.6	2.83	2.65	1.76	8.11	7.06	2.12	4.21	3.7	3.08	3.02	4.67	4.19	3.35	3.21	6.24	5.39	3.27	12.38	2.94	3.19	4.05	4.44	2.85	4.64	4.6	3.38	2.17	3.13	2.91	2.4	1.69	1.82	1.69	1.53	1.46	1.39	1.67	1.95	1.37	1.52	1.81	1.94	1.61	1.73	1.77	1.68	1.62	1.6	1.47	1.9	1.32	2.2	2.45	1.67	1.4	1.41	1.3	1.28	1.29	1.21	1.15	1.46	1.83	2.05	1.25	1.19	1.17	1.0	1.01	1.01	1.26	1.71	2.14	2.35	2.84	3.46	2.39	1.07	1.34	1.45	1.75
BS_4-8_manning003_extreme/E01446N4259E02038N3783-BS-M809_E01846N3895_D010_S292D70R090_A006995_S075	0.27	0.32	0.49	0.53	0.57	1.65	2.1	1.85	0.98	8.1	7.04	0.87	4.19	1.24	1.2	1.21	1.54	1.7	1.77	1.85	2.79	3.54	2.34	12.37	2.44	2.35	3.31	4.08	3.35	4.53	4.13	5.07	3.85	5.11	4.41	2.78	3.22	3.39	4.18	3.71	3.28	3.3	3.38	5.1	3.92	3.55	4.04	5.26	3.17	2.92	3.79	3.92	3.42	3.78	3.33	3.41	2.66	2.07	4.34	3.41	2.61	1.97	2.05	1.92	1.99	1.89	1.7	2.12	2.61	3.3	3.07	1.91	1.65	1.5	1.31	1.32	1.37	1.65	1.91	1.88	1.88	2.42	1.44	1.97	2.61	2.46	2.64
BS_4-8_manning003_extreme/E01522N3585E03578N2685-BS-M809_E01711N3490_D010_S067D70R090_A006995_S075	0.43	0.51	0.66	0.84	0.88	2.71	3.29	2.95	2.04	8.11	7.05	1.98	4.2	4.39	4.02	2.3	4.72	4.34	3.51	3.33	7.56	7.02	3.35	12.38	3.42	3.63	3.74	3.98	3.52	4.42	4.02	4.8	2.46	3.92	2.66	2.93	1.7	1.96	2.28	1.67	1.57	2.04	1.78	2.39	2.06	1.81	2.13	2.34	2.03	2.2	2.44	2.13	2.29	2.48	2.11	2.77	1.72	2.4	2.62	1.97	1.59	1.48	1.34	1.25	1.53	1.41	1.35	1.94	2.1	2.07	1.56	1.22	1.09	0.92	1.13	1.13	0.96	1.95	2.48	2.73	3.39	4.64	2.87	1.46	1.99	1.75	2.5
BS_4-8_manning003_extreme/E01522N3585E03578N2685-BS-M809_E01896N3310_D010_S067D50R090_A006995_S075	0.35	0.41	0.52	0.56	0.57	1.94	2.58	2.35	1.46	8.11	7.05	1.32	4.2	2.06	2.15	1.61	2.44	2.21	1.8	2.59	3.77	3.47	2.78	12.37	1.92	2.41	2.8	3.73	3.38	2.61	2.71	3.53	2.1	3.24	2.27	2.22	1.89	1.84	1.83	1.89	1.78	1.64	1.82	2.32	1.53	1.59	1.84	2.22	1.79	1.98	2.59	2.0	1.76	2.02	1.88	1.86	1.65	2.66	3.35	1.58	1.18	1.12	1.18	1.11	1.41	1.42	1.28	1.43	2.18	2.56	1.23	1.31	1.17	1.03	0.88	0.89	1.11	1.52	1.83	1.88	2.24	3.22	1.77	1.24	1.96	1.91	1.88
BS_4-8_manning003_extreme/E01522N3585E03578N2685-BS-M809_E01844N3467_D010_S247D30R090_A006995_S075	0.37	0.47	0.58	0.71	0.69	2.44	3.09	2.85	1.74	8.11	7.05	1.77	4.2	1.84	1.86	1.93	2.51	2.06	2.3	2.56	2.8	5.0	2.17	12.38	2.06	1.88	2.59	2.99	3.15	2.15	2.22	2.77	1.79	2.56	2.15	2.62	1.5	1.51	1.44	1.38	1.31	1.32	1.38	1.68	1.41	1.54	1.64	1.56	1.42	1.36	1.43	1.38	1.29	1.47	1.36	1.38	0.97	1.36	1.52	1.13	1.0	0.9	0.86	0.85	0.91	0.89	0.82	1.01	1.14	1.16	0.82	0.7	0.63	0.53	0.52	0.57	0.59	1.01	1.2	1.25	1.39	1.7	1.2	0.71	0.88	0.87	1.02
BS_4-8_manning003_extreme/E01522N3585E03578N2685-BS-M809_E01882N3378_D010_S247D30R090_A006995_S075	0.33	0.44	0.55	0.68	0.73	2.2	2.86	2.59	1.5	8.11	7.05	1.51	4.2	1.55	1.65	1.69	1.76	1.86	2.16	2.37	2.44	5.41	2.07	12.37	1.98	1.8	2.54	2.91	3.23	2.88	2.37	2.9	1.82	2.82	2.49	2.68	1.59	1.6	1.57	1.51	1.44	1.67	1.49	1.93	1.58	1.79	2.3	1.8	1.7	1.6	1.7	1.69	1.57	1.75	1.69	1.77	1.24	1.77	2.0	1.47	1.37	1.25	1.21	1.19	1.24	1.19	1.1	1.26	1.56	1.57	1.12	0.94	0.85	0.75	0.78	0.76	0.77	1.34	1.59	1.64	1.83	2.29	1.54	1.01	1.19	1.22	1.42
BS_4-8_manning003_extreme/E01522N3585E03578N2685-BS-M809_E01739N3490_D010_S067D70R090_A006995_S075	0.5	0.6	0.77	1.0	0.99	3.29	3.94	3.56	2.13	8.11	7.05	2.19	4.2	4.98	4.4	2.97	5.34	4.57	4.05	4.08	8.25	8.24	3.8	12.37	4.12	4.23	4.2	5.14	4.18	5.67	5.4	6.03	3.01	4.27	3.04	3.45	2.0	2.03	2.74	2.0	1.85	2.2	1.84	2.74	1.95	2.25	2.41	2.7	2.07	2.29	2.49	2.19	2.27	2.51	2.12	2.56	1.84	2.54	2.98	2.13	1.83	1.52	1.47	1.34	1.55	1.5	1.42	1.96	2.19	2.18	1.61	1.28	1.15	0.98	0.94	1.04	1.11	2.05	2.59	2.84	3.43	4.66	2.94	1.52	2.04	1.98	2.48
BS_4-8_manning003_extreme/E01522N3585E03578N2685-BS-M809_E01936N3378_D010_S067D70R090_A006995_S075	0.35	0.42	0.53	0.68	0.72	2.32	2.87	2.58	1.49	8.1	7.05	1.92	4.2	2.97	2.46	2.46	3.98	3.59	3.96	4.1	6.05	6.16	3.36	12.37	3.04	3.58	4.45	4.15	3.2	5.74	5.89	4.48	2.92	4.67	3.65	2.72	2.33	2.84	2.51	2.02	1.89	1.94	2.9	2.66	2.61	2.22	3.01	3.82	2.35	2.59	3.24	2.05	2.26	2.65	2.26	2.52	1.79	2.61	3.74	1.74	0.97	0.98	1.13	0.89	1.34	1.33	1.18	1.2	2.06	2.41	1.15	1.31	1.12	0.91	0.97	0.7	0.76	1.38	1.71	1.77	2.12	3.25	1.58	1.16	1.65	1.68	1.77
BS_4-8_manning003_extreme/E01522N3585E03578N2685-BS-M809_E01836N3422_D010_S067D70R270_A006995_S075	0.58	0.72	0.86	0.91	0.91	2.38	3.21	3.1	2.38	8.1	7.04	2.33	4.19	2.25	2.27	1.71	3.24	3.12	2.1	2.8	7.79	10.47	2.23	12.37	2.34	2.09	4.13	5.22	2.4	4.83	2.75	3.39	2.06	3.87	2.51	1.79	2.31	1.6	1.93	1.17	0.85	1.47	1.54	1.9	1.76	1.31	3.23	1.51	1.41	1.05	1.02	1.03	0.92	1.86	2.0	1.95	0.85	1.49	1.25	1.17	1.65	1.17	1.23	1.38	0.82	1.32	0.88	1.21	0.84	0.98	1.11	0.92	0.72	0.69	0.9	0.93	0.83	0.77	0.83	0.75	1.1	1.86	0.9	1.08	1.09	0.9	1.3
BS_4-8_manning003_extreme/E01522N3585E03578N2685-BS-M809_E01739N3490_D010_S067D50R090_A006995_S075	0.45	0.58	0.7	0.86	0.9	3.3	3.87	3.55	2.13	8.11	7.06	2.36	4.2	4.31	4.07	2.85	4.15	4.71	3.59	3.34	7.33	6.3	3.56	12.38	3.61	3.59	3.98	4.29	4.19	4.32	3.96	4.75	2.5	3.78	2.85	3.46	2.18	2.03	2.06	1.87	1.71	1.78	2.09	2.39	1.75	2.14	2.2	2.41	2.06	2.15	2.32	2.09	2.17	2.16	2.01	2.52	1.84	2.34	2.79	2.11	1.9	1.78	1.52	1.46	1.69	1.59	1.45	1.74	2.09	2.06	1.56	1.28	1.17	1.03	1.08	1.08	1.09	1.95	2.34	2.51	3.07	3.98	2.55	1.43	1.97	1.93	2.38
BS_4-8_manning003_extreme/E01522N3585E03578N2685-BS-M809_E01824N3355_D010_S247D50R090_A006995_S075	0.37	0.44	0.56	0.63	0.62	2.32	2.43	2.31	1.54	8.11	7.05	1.5	4.2	1.55	1.5	1.57	1.71	1.76	1.78	1.92	2.2	5.38	1.76	12.37	1.79	1.86	2.47	2.5	2.57	3.0	1.93	2.24	1.74	2.09	2.22	2.21	1.58	1.5	1.43	1.38	1.33	1.36	1.46	1.68	1.49	1.58	1.99	1.65	1.59	1.56	1.65	1.59	1.37	1.55	1.57	1.5	1.26	1.85	1.87	1.44	1.43	1.36	1.33	1.28	1.32	1.25	1.19	1.27	1.51	1.48	1.11	0.97	0.87	1.06	1.03	0.92	1.11	1.29	1.49	1.54	1.65	1.97	1.41	1.27	1.42	1.29	1.69
BS_4-8_manning003_extreme/E01522N3585E03578N2685-BS-M792_E01836N3422_D010_S067D70R270_A004781_S062	0.36	0.44	0.5	0.59	0.6	1.6	2.18	1.99	1.85	8.1	7.04	2.2	4.19	1.95	2.17	1.54	3.56	2.57	2.51	2.53	6.55	7.92	1.94	12.37	2.16	1.56	3.78	4.59	1.67	4.12	2.56	2.76	1.56	2.95	1.98	1.2	1.56	1.15	1.44	0.81	0.87	1.09	1.26	1.26	1.48	0.79	2.57	1.01	0.83	0.59	0.61	0.76	0.69	1.39	1.28	1.83	0.5	1.0	0.88	0.82	1.03	0.79	0.76	0.85	0.48	0.79	0.53	0.7	0.53	0.65	0.74	0.62	0.52	0.45	0.6	0.65	0.61	0.56	0.64	0.64	0.97	1.72	0.74	0.72	0.73	0.66	0.77
BS_4-8_manning003_extreme/E01522N3585E03578N2685-BS-M809_E01782N3422_D010_S067D30R090_A006995_S075	0.36	0.45	0.56	0.64	0.67	2.76	2.47	2.37	1.54	8.11	7.05	1.82	4.2	3.1	2.96	2.05	2.95	3.3	2.8	2.6	5.13	4.84	2.6	12.38	2.72	2.98	2.77	3.81	2.58	4.16	4.01	2.89	2.09	3.04	2.55	2.16	1.8	2.0	1.88	1.58	1.41	1.5	1.86	2.06	1.69	1.72	2.0	2.3	1.69	1.85	2.06	1.8	1.74	1.88	1.63	1.64	1.42	1.97	2.29	1.37	1.26	1.19	1.2	1.15	1.27	1.2	1.11	1.23	1.65	1.69	1.07	1.03	0.94	0.83	0.84	0.82	1.13	1.39	1.64	1.71	1.94	2.53	1.56	1.13	1.36	1.45	1.48
BS_4-8_manning003_extreme/E01267N3753E01646N3535-BS-M809_E01557N3557_D010_S067D70R270_A006995_S075	0.33	0.38	0.44	0.49	0.52	2.0	2.62	2.41	2.39	8.1	7.04	1.56	4.19	2.39	1.79	1.27	3.18	1.85	1.49	1.59	4.85	6.25	1.49	12.36	1.65	1.85	3.26	3.55	1.84	2.81	2.18	3.17	0.89	1.39	1.67	1.16	0.96	0.74	0.7	0.83	0.88	0.85	0.85	1.15	0.81	0.71	1.82	0.74	0.7	0.73	0.79	0.78	0.66	0.83	1.13	1.01	0.78	1.19	0.97	0.78	1.19	0.96	1.02	1.12	0.81	1.19	1.49	2.1	1.96	1.92	2.14	1.84	1.91	2.06	2.48	2.56	2.88	2.62	2.23	2.27	2.86	4.07	2.56	2.08	3.73	2.29	2.93
BS_4-8_manning003_extreme/E01522N3585E03578N2685-BS-M809_E01874N3333_D010_S067D30R090_A006995_S075	0.35	0.42	0.54	0.58	0.61	1.97	2.2	2.02	1.46	8.11	7.05	1.48	4.2	1.5	1.58	1.62	1.85	2.05	2.67	2.68	3.1	2.94	1.78	12.37	1.96	1.96	3.47	2.7	2.62	2.9	2.8	2.79	2.18	3.2	2.83	2.09	1.84	2.02	1.77	1.65	1.56	1.51	2.11	2.07	1.71	1.56	1.99	2.5	1.94	2.15	2.79	1.7	1.59	2.22	1.99	1.89	1.6	2.41	3.08	1.23	1.08	1.12	1.1	1.07	1.26	1.28	1.16	1.3	1.86	2.13	1.08	1.16	0.99	0.89	0.82	0.78	0.79	1.31	1.57	1.6	1.83	2.59	1.42	1.04	1.59	1.64	1.5
BS_4-8_manning003_extreme/E01267N3753E01646N3535-BS-M774_E01568N3625_D010_S067D90R270_A003139_S050	0.22	0.23	0.26	0.31	0.32	1.28	1.64	1.62	1.61	8.1	7.05	1.24	4.2	1.53	1.06	1.0	2.06	1.18	1.4	1.57	4.39	4.38	1.0	12.37	1.39	1.36	3.05	2.49	1.35	1.86	1.9	1.61	0.96	1.32	1.44	1.26	0.96	0.87	0.86	0.81	0.74	0.92	0.86	0.95	0.84	0.88	1.5	0.93	0.82	0.91	0.99	0.98	0.87	1.06	1.04	1.19	0.93	1.3	1.23	0.9	0.98	0.98	0.98	0.99	0.99	0.93	0.88	0.92	1.2	1.16	0.85	0.89	1.11	0.76	0.81	0.82	0.87	1.24	2.32	1.88	1.85	1.68	1.48	0.98	1.05	1.18	1.19
BS_4-8_manning003_extreme/E01267N3753E01646N3535-BS-M809_E01530N3737_D010_S157D90R270_A006995_S075	0.54	0.63	1.02	1.22	1.28	3.03	3.32	2.79	2.23	8.35	7.33	2.83	4.56	2.44	1.8	1.69	1.71	1.65	1.61	1.56	1.91	3.74	1.97	14.05	2.84	2.11	2.31	3.6	3.23	2.94	2.93	3.63	4.17	7.59	6.6	5.62	4.61	4.86	3.99	3.52	3.45	3.07	3.71	6.57	6.6	3.24	3.96	7.6	4.03	3.09	4.42	5.49	4.74	4.72	5.68	4.84	3.49	3.05	8.02	6.13	4.2	3.99	3.79	2.82	3.31	3.85	4.2	3.4	3.62	5.39	4.37	3.08	2.66	2.94	1.93	2.27	2.49	2.09	2.38	2.34	2.42	3.2	1.76	2.71	4.43	4.93	4.62
BS_4-8_manning003_extreme/E01522N3585E03578N2685-BS-M809_E01766N3490_D010_S247D30R090_A006995_S075	0.42	0.52	0.65	0.79	0.78	2.71	3.54	3.22	1.94	8.11	7.05	1.92	4.2	1.94	1.95	2.08	3.07	2.28	2.5	2.72	3.37	5.75	2.59	12.38	2.3	2.1	2.8	3.43	3.71	2.46	2.44	3.15	2.09	2.73	2.74	3.01	1.81	1.78	1.74	1.59	1.49	1.54	1.63	2.06	1.64	1.88	2.07	1.88	1.79	1.67	1.77	1.67	1.53	1.79	1.75	1.69	1.23	1.77	1.96	1.49	1.37	1.25	1.17	1.16	1.22	1.21	1.13	1.31	1.51	1.56	1.12	0.96	0.85	0.85	0.74	0.83	0.86	1.41	1.72	1.82	2.01	2.37	1.78	0.98	1.23	1.22	1.41
BS_4-8_manning003_extreme/E01522N3585E03578N2685-BS-M792_E01778N3400_D010_S067D30R090_A004781_S062	0.18	0.24	0.29	0.38	0.3	1.57	1.37	1.24	1.02	8.11	7.05	1.06	4.2	1.54	1.55	1.33	1.96	2.0	1.35	1.61	2.92	2.81	1.62	12.37	1.55	1.7	1.58	2.22	1.59	2.2	2.13	1.62	1.24	1.98	1.57	1.21	1.0	1.02	0.98	0.97	0.91	0.94	1.07	1.24	0.9	0.92	1.18	1.35	0.96	1.12	1.26	1.08	0.98	1.18	1.0	1.01	0.84	1.19	1.24	0.7	0.65	0.66	0.66	0.63	0.69	0.67	0.61	0.64	0.96	1.02	0.72	0.66	0.67	0.54	0.56	0.55	0.77	0.77	0.9	0.94	1.08	1.45	0.89	0.86	1.05	0.9	1.06
BS_4-8_manning003_extreme/E01470N3877E01631N3641-BS-M792_E01603N3670_D010_S022D90R090_A008541_S034	0.26	0.25	0.36	0.52	0.66	1.31	1.22	1.24	1.39	8.09	7.03	1.56	4.18	1.35	1.06	1.06	1.2	1.2	1.34	1.41	2.53	2.79	1.09	12.34	1.4	1.59	2.13	2.12	2.16	2.87	2.91	3.56	1.98	3.88	3.1	2.77	2.35	3.01	2.12	1.88	1.66	2.23	2.22	2.89	3.22	1.79	2.78	3.24	2.05	2.35	3.47	2.9	2.47	3.13	3.43	3.02	1.8	3.4	5.59	2.93	1.91	2.01	1.8	1.37	1.54	1.83	1.63	2.03	1.96	2.99	2.12	1.37	1.25	1.04	1.41	1.22	1.47	1.78	2.18	2.19	2.44	3.94	1.84	1.13	1.94	2.03	2.06
BS_4-8_manning003_extreme/E01522N3585E03578N2685-BS-M809_E01954N3333_D010_S247D50R090_A006995_S075	0.43	0.53	0.6	0.65	0.72	1.96	2.2	2.12	1.37	8.11	7.05	1.3	4.2	1.47	1.34	1.3	1.69	1.47	1.49	1.56	3.15	3.02	1.5	12.37	1.4	1.43	1.69	2.03	2.13	2.9	1.7	1.8	1.44	1.66	1.75	1.89	1.34	1.24	1.2	1.13	1.07	1.1	1.19	1.41	1.42	1.28	1.62	1.36	1.33	1.24	1.33	1.32	1.12	1.26	1.29	1.16	0.99	1.46	1.5	1.24	1.23	1.14	1.11	1.09	1.09	1.04	0.99	1.04	1.21	1.18	0.92	0.83	0.96	0.92	0.78	0.75	0.99	1.05	1.18	1.22	1.29	1.5	1.12	1.07	1.11	1.03	1.28
BS_4-8_manning003_extreme/E01522N3585E03578N2685-BS-M809_E01857N3535_D010_S022D70R090_A006995_S075	0.33	0.42	0.56	0.71	0.66	1.77	2.01	1.85	1.09	8.1	7.05	1.46	4.2	1.42	1.21	1.24	1.44	1.36	2.09	2.19	3.61	3.72	1.71	12.37	2.03	1.82	3.32	2.5	2.64	3.85	3.88	3.91	2.54	4.43	3.37	2.96	2.29	3.49	3.07	2.45	2.13	2.36	2.84	3.09	3.07	2.28	3.28	3.82	2.92	3.38	4.88	3.74	3.38	4.46	3.65	4.56	3.79	4.96	9.25	3.88	1.98	2.2	2.18	2.16	2.69	2.8	2.53	2.95	4.26	5.8	2.43	2.99	2.59	2.14	1.98	1.7	1.64	2.7	3.15	3.18	3.52	5.25	2.5	2.77	3.53	4.51	4.1
BS_4-8_manning003_extreme/E01522N3585E03578N2685-BS-M809_E01813N3445_D010_S067D70R090_A006995_S075	0.49	0.57	0.74	0.97	1.01	3.2	3.9	3.72	2.18	8.11	7.05	2.76	4.35	4.89	4.97	3.92	6.22	6.61	4.16	4.69	9.62	8.43	4.78	12.37	4.66	4.69	5.25	5.58	4.27	6.23	6.14	4.91	3.32	5.03	3.85	3.44	2.13	2.63	2.18	2.17	2.09	2.02	2.47	2.6	2.19	1.94	2.36	2.96	2.15	2.49	2.98	2.11	2.08	2.61	2.19	2.27	1.78	2.21	3.22	1.75	1.52	1.43	1.25	1.19	1.25	1.21	1.18	1.61	1.84	1.96	1.22	1.09	0.98	0.89	0.83	0.83	1.25	1.63	2.04	2.19	2.6	3.36	2.15	1.15	1.64	1.57	1.86
BS_4-8_manning003_extreme/E01522N3585E03578N2685-BS-M792_E01798N3512_D010_S247D30R090_A004781_S062	0.25	0.3	0.38	0.51	0.49	1.78	2.12	1.91	1.33	8.11	7.05	1.28	4.2	1.33	1.44	1.43	1.92	1.55	1.77	1.83	1.79	3.38	1.64	12.37	1.28	1.31	1.76	2.1	2.15	1.67	1.59	1.9	1.21	1.66	1.55	1.76	0.99	1.04	0.94	0.91	0.85	0.83	0.87	1.12	0.89	0.93	1.07	1.04	0.87	0.86	0.93	0.86	0.82	0.93	0.82	0.86	0.63	0.84	0.96	0.69	0.64	0.56	0.51	0.52	0.55	0.55	0.5	0.64	0.7	0.72	0.51	0.43	0.39	0.37	0.36	0.36	0.37	0.61	0.75	0.78	0.85	1.0	0.75	0.44	0.55	0.58	0.63
BS_4-8_manning003_extreme/E01522N3585E03578N2685-BS-M809_E01886N3400_D010_S067D30R090_A006995_S075	0.42	0.54	0.59	0.7	0.75	2.61	2.66	2.47	1.68	8.11	7.05	1.87	4.2	3.07	2.58	2.43	3.8	3.59	2.92	3.29	5.33	5.54	3.13	12.37	2.86	3.05	3.36	4.26	3.06	4.09	4.25	3.53	2.33	3.5	3.11	2.45	1.96	1.92	1.77	1.66	1.56	1.59	1.94	2.01	1.59	1.56	2.03	2.23	1.79	2.0	2.42	1.73	1.66	1.89	1.73	1.69	1.42	1.88	2.35	1.16	1.05	1.05	1.04	0.99	1.1	1.07	0.98	1.07	1.48	1.58	0.9	0.93	0.83	0.74	0.75	0.69	0.73	1.17	1.37	1.42	1.57	2.1	1.26	0.88	1.19	1.15	1.23
BS_4-8_manning003_extreme/E01522N3585E03578N2685-BS-M809_E01863N3422_D010_S067D70R090_A006995_S075	0.46	0.54	0.69	0.92	0.89	3.19	3.73	3.46	2.12	8.11	7.05	2.51	4.32	4.82	4.0	3.84	6.53	6.16	4.27	5.07	8.7	9.21	4.95	12.37	4.51	4.42	4.74	6.3	4.02	6.38	5.82	4.56	3.34	5.09	3.99	3.2	2.17	2.29	2.03	2.08	1.96	1.83	2.32	2.55	2.32	1.8	2.52	2.85	2.06	2.49	2.99	2.06	2.08	2.42	2.07	2.1	1.66	2.17	2.91	1.6	1.23	1.18	1.0	1.0	1.12	1.11	1.08	1.45	1.7	1.85	1.03	1.03	0.9	0.8	0.66	0.71	0.8	1.42	1.78	1.89	2.25	3.01	1.79	0.99	1.44	1.45	1.56
BS_4-8_manning003_extreme/E01267N3753E01646N3535-BS-M809_E01530N3737_D144_S067D10R270_A006995_S075	0.97	1.14	1.54	1.74	1.62	6.71	6.87	6.36	3.86	8.03	6.97	2.48	4.1	2.13	2.02	1.88	1.81	1.86	2.23	1.77	2.2	2.88	1.92	12.06	2.29	2.25	3.02	3.49	4.52	3.59	1.73	2.75	1.62	2.27	2.7	3.01	2.06	1.35	2.19	2.09	2.46	2.14	1.62	1.54	1.64	1.22	0.87	1.17	1.27	1.35	1.43	1.53	1.43	1.33	1.17	1.06	0.85	0.87	1.06	1.26	1.39	1.4	1.68	1.81	1.64	1.64	1.44	1.84	1.68	1.17	1.01	0.92	0.91	0.86	0.79	0.79	0.74	0.66	0.57	0.55	0.52	0.55	0.51	0.84	0.6	0.62	0.61
BS_4-8_manning003_extreme/E01522N3585E03578N2685-BS-M809_E01901N3333_D010_S067D70R090_A006995_S075	0.38	0.45	0.58	0.71	0.74	2.37	3.05	2.67	1.7	8.1	7.05	1.79	4.2	2.05	2.37	2.43	2.72	2.4	2.59	3.71	4.16	4.43	3.15	12.37	2.42	3.26	4.19	4.19	3.84	4.11	4.15	4.43	3.11	4.74	3.56	2.93	2.1	2.61	2.37	2.0	1.9	1.91	2.57	2.76	2.46	2.0	2.69	3.25	2.31	2.85	3.69	2.33	2.19	3.04	2.5	2.47	2.08	3.37	4.04	1.87	1.18	1.25	1.3	1.13	1.54	1.47	1.3	1.57	2.44	2.98	1.48	1.61	1.34	1.07	1.11	0.86	0.98	1.73	2.17	2.24	2.74	4.13	2.08	1.42	2.19	2.51	2.04
BS_4-8_manning003_extreme/E01522N3585E03578N2685-BS-M809_E01640N3557_D010_S067D70R090_A006995_S075	0.51	0.6	0.78	1.04	0.87	3.57	4.04	3.76	2.41	8.11	7.05	3.16	4.65	6.09	5.27	4.92	8.42	7.46	5.59	5.66	10.93	9.21	5.14	12.38	4.67	4.39	7.57	6.64	5.03	7.35	7.24	6.39	3.17	4.18	3.66	3.46	2.14	2.28	2.91	1.71	1.62	1.97	2.09	2.37	2.62	2.06	2.61	2.34	1.8	1.99	2.0	1.87	2.09	2.32	2.51	2.77	1.39	2.76	3.03	2.29	1.87	1.61	1.44	1.36	1.44	1.56	1.55	2.19	2.07	2.5	1.82	1.36	1.12	1.09	1.17	1.21	1.37	1.96	2.94	3.45	4.35	4.72	3.5	1.14	1.59	1.55	2.47
BS_4-8_manning003_extreme/E01522N3585E03578N2685-BS-M809_E01840N3445_D010_S067D30R090_A006995_S075	0.44	0.58	0.65	0.76	0.76	2.79	2.89	2.69	1.99	8.11	7.05	2.15	4.2	3.11	3.19	2.77	4.06	4.18	2.79	3.18	5.78	5.21	3.06	12.38	2.88	2.98	3.27	3.8	2.82	3.62	3.6	2.98	2.12	3.19	2.46	2.51	1.79	1.72	1.47	1.51	1.45	1.36	1.6	1.81	1.46	1.37	1.63	1.87	1.52	1.67	1.91	1.53	1.41	1.71	1.5	1.52	1.24	1.55	2.02	1.22	1.1	1.12	0.96	0.94	1.04	0.99	0.92	0.99	1.28	1.3	0.87	0.8	0.72	0.66	0.7	0.64	0.78	1.11	1.29	1.34	1.46	1.83	1.27	0.84	1.14	1.12	1.28
BS_4-8_manning003_extreme/E01446N4259E02038N3783-BS-M809_E01946N3827_D010_S337D70R090_A006995_S075	0.48	0.52	0.73	0.85	1.02	2.87	3.46	3.22	1.81	8.11	7.05	2.6	4.2	2.88	2.97	3.23	3.69	4.1	4.32	5.31	5.48	7.31	4.0	12.37	4.78	4.15	5.09	6.54	4.76	7.38	6.05	5.43	3.87	5.77	5.57	3.18	3.55	4.49	3.32	3.03	2.75	3.05	3.26	4.62	4.35	3.24	3.72	5.04	3.16	3.26	4.01	3.78	3.42	4.09	3.13	3.58	2.67	1.91	5.57	3.21	1.57	1.58	1.49	1.4	1.95	1.75	1.46	1.38	1.85	2.91	2.18	1.36	1.27	1.09	1.18	1.2	1.16	1.17	1.43	1.41	1.43	1.84	1.02	1.19	1.71	1.68	1.76
BS_4-8_manning003_extreme/E01267N3753E01646N3535-BS-M809_E01544N3647_D010_S067D90R090_A006995_S075	0.47	0.55	0.76	0.96	0.91	2.98	3.32	2.86	3.63	8.09	7.04	3.26	4.18	3.67	3.84	3.0	5.37	6.02	5.27	5.18	9.74	10.47	4.97	12.35	5.07	6.38	6.05	6.94	4.53	8.46	8.47	8.02	3.8	5.99	4.68	4.23	3.08	2.2	2.47	2.07	2.01	2.56	2.8	2.89	3.68	2.63	4.04	3.15	2.31	2.42	2.95	2.74	2.71	3.16	3.41	3.76	1.89	4.52	4.17	2.84	2.72	2.84	2.45	2.0	2.07	3.0	2.84	4.7	4.12	4.63	5.73	4.83	6.01	5.01	5.7	5.85	6.24	6.71	5.83	5.62	5.05	3.84	4.55	3.61	2.47	3.32	3.18
BS_4-8_manning003_extreme/E00979N4372E01586N3827-BS-M809_E01517N3827_D010_S337D70R090_A006995_S075	3.45	3.87	4.63	4.95	3.74	5.88	3.49	3.54	3.08	9.05	8.13	2.82	5.63	2.7	2.49	2.32	2.79	2.56	2.8	3.4	3.72	4.29	3.97	9.98	5.92	5.44	7.23	8.01	9.43	13.18	8.5	7.94	4.72	6.75	4.28	3.93	5.01	3.57	3.47	2.15	2.07	1.96	1.76	2.21	2.18	1.18	1.55	1.68	1.25	1.11	0.99	1.22	1.0	1.03	1.3	1.18	0.82	0.68	0.83	0.82	0.72	0.7	0.81	0.93	0.93	1.03	0.85	0.77	1.08	0.84	0.96	0.78	0.67	0.64	0.57	0.61	0.61	0.59	0.61	0.6	0.53	0.55	0.44	0.53	0.58	0.62	0.61
BS_4-8_manning003_extreme/E01522N3585E03578N2685-BS-M809_E01817N3467_D010_S067D70R090_A006995_S075	0.5	0.59	0.77	1.0	1.03	3.33	4.06	3.86	2.26	8.11	7.05	2.8	4.37	5.2	5.17	3.87	6.02	6.59	4.05	4.45	9.65	8.11	4.7	12.37	4.43	4.68	4.62	5.28	3.93	5.97	5.82	4.4	2.93	4.48	3.39	3.54	1.91	2.14	2.3	1.96	1.85	1.93	2.05	2.34	2.25	1.93	2.48	2.59	1.84	2.13	2.49	1.88	1.86	2.23	1.99	2.06	1.63	1.94	2.62	1.58	1.32	1.2	1.08	0.98	1.12	1.11	1.06	1.48	1.55	1.57	1.14	0.88	0.79	0.79	0.78	0.86	1.02	1.4	1.75	1.89	2.25	2.84	1.86	1.06	1.44	1.33	1.77
BS_4-8_manning003_extreme/E01267N3753E01646N3535-BS-M809_E01530N3737_D144_S067D90R090_A006995_S075	0.97	1.14	1.47	1.68	1.5	6.01	6.59	6.25	3.72	7.83	6.76	2.66	3.85	2.32	2.04	1.94	1.99	2.17	2.58	2.98	3.13	3.39	2.41	11.65	2.55	2.2	3.26	4.14	4.49	3.92	2.89	3.75	2.09	2.92	2.67	3.39	2.17	1.23	1.77	2.4	1.94	2.0	2.12	1.78	1.63	1.6	1.75	1.81	1.81	1.75	1.69	1.59	1.48	1.35	1.21	1.11	0.95	0.97	1.09	1.28	1.49	1.55	1.73	1.78	1.46	1.65	1.4	1.97	1.66	1.27	1.05	0.89	0.82	0.84	0.87	0.9	0.88	0.78	0.68	0.63	0.56	0.62	0.55	0.73	0.7	0.71	0.7
BS_4-8_manning003_extreme/E01522N3585E03578N2685-BS-M809_E01754N3422_D010_S247D50R090_A006995_S075	0.31	0.4	0.5	0.52	0.53	2.22	2.53	2.4	1.67	8.11	7.05	1.63	4.2	1.99	2.04	1.63	2.2	1.83	1.94	2.04	3.58	5.98	1.82	12.38	1.86	1.82	2.16	2.57	2.64	2.41	1.98	2.3	1.73	2.14	2.04	2.24	1.61	1.49	1.45	1.39	1.33	1.3	1.41	1.71	1.42	1.51	1.67	1.67	1.55	1.51	1.63	1.55	1.39	1.53	1.49	1.46	1.23	1.8	1.89	1.39	1.41	1.32	1.29	1.26	1.27	1.22	1.14	1.26	1.52	1.52	1.26	1.18	1.19	1.11	0.83	0.96	1.49	1.51	1.58	1.63	1.73	2.03	1.52	1.42	1.69	1.38	1.55
BS_4-8_manning003_extreme/E01522N3585E03578N2685-BS-M809_E01585N3557_D010_S067D30R090_A006995_S075	0.26	0.3	0.38	0.47	0.47	2.11	2.3	2.14	1.4	8.12	7.06	1.64	4.21	2.85	2.54	2.11	3.37	2.96	2.81	2.64	5.51	5.14	2.88	12.39	2.7	2.98	4.04	4.18	2.66	4.6	4.77	3.32	1.92	2.8	2.79	1.75	1.77	2.08	1.94	1.56	1.37	1.57	1.94	2.09	1.66	1.67	1.97	2.08	1.6	1.74	1.92	1.83	1.6	1.78	1.49	1.61	1.36	2.62	2.72	1.35	1.44	1.31	1.34	1.27	1.31	1.33	1.22	1.34	2.02	2.19	1.26	1.41	1.24	1.35	1.65	1.89	2.01	1.94	2.39	2.65	3.1	4.01	2.71	1.24	1.64	1.54	1.76
BS_4-8_manning003_extreme/E01522N3585E03578N2685-BS-M809_E01867N3445_D010_S067D50R270_A006995_S075	0.51	0.61	0.68	0.84	0.89	2.6	2.35	2.44	2.0	8.1	7.04	2.13	4.19	1.89	2.62	1.44	2.62	2.76	2.07	2.37	4.99	6.38	1.87	12.36	1.98	1.67	2.36	4.3	2.22	3.56	2.27	2.42	1.69	2.66	2.11	1.94	1.97	1.56	2.44	0.77	0.78	1.39	1.22	1.66	1.48	1.28	2.46	1.38	1.35	0.84	1.1	0.88	0.77	1.27	1.56	1.27	0.6	1.51	1.18	1.11	1.42	1.11	0.91	1.11	0.83	1.09	0.72	1.2	0.72	0.8	0.86	0.54	0.57	0.52	0.58	0.58	0.7	0.45	0.57	0.63	0.8	1.14	0.71	0.66	0.6	0.68	0.69
BS_4-8_manning003_extreme/E01522N3585E03578N2685-BS-M809_E01832N3400_D010_S247D30R090_A006995_S075	0.35	0.44	0.55	0.67	0.7	2.28	2.91	2.68	1.58	8.11	7.05	1.56	4.2	1.97	1.61	1.72	2.25	1.84	2.14	2.38	3.38	5.74	2.09	12.37	1.99	1.77	2.58	2.92	3.21	2.91	2.34	2.83	1.88	2.79	2.41	2.77	1.61	1.61	1.59	1.51	1.45	1.6	1.51	1.96	1.59	1.8	2.07	1.84	1.74	1.65	1.74	1.71	1.57	1.8	1.74	1.78	1.28	1.84	2.07	1.48	1.4	1.27	1.23	1.21	1.27	1.23	1.14	1.3	1.61	1.63	1.17	0.97	0.87	0.74	0.74	0.81	0.84	1.4	1.67	1.74	1.94	2.39	1.65	1.05	1.24	1.29	1.48
BS_4-8_manning003_extreme/E01267N3753E01646N3535-BS-M754_E01616N3580_D010_S067D90R090_A001972_S039	0.08	0.1	0.13	0.19	0.17	1.04	0.79	0.56	0.93	8.1	7.05	1.0	4.19	1.8	1.46	0.93	1.78	2.02	1.46	1.74	3.67	3.58	1.41	12.37	1.77	2.56	2.69	2.07	1.54	2.81	2.65	2.61	1.05	1.43	1.58	1.09	1.04	1.11	0.81	0.81	0.81	0.83	1.07	0.82	1.0	0.66	0.86	0.98	0.6	0.8	0.88	0.72	0.64	0.66	0.64	0.89	0.48	1.34	1.33	0.63	0.42	0.46	0.41	0.28	0.46	0.52	0.41	0.73	0.91	1.14	0.6	0.69	0.58	0.53	0.65	0.32	0.43	0.71	1.14	1.44	1.94	2.72	1.64	0.51	0.9	0.94	0.88
BS_4-8_manning003_extreme/E01522N3585E03578N2685-BS-M809_E01824N3355_D010_S067D50R090_A006995_S075	0.32	0.41	0.5	0.6	0.66	2.38	2.8	2.5	1.81	8.11	7.05	1.71	4.2	2.39	2.11	1.95	2.95	2.99	3.54	3.1	5.33	4.96	2.9	12.37	3.07	3.28	3.83	4.01	2.88	5.2	5.31	4.31	2.71	3.89	3.73	2.35	2.53	2.28	2.24	2.13	1.93	1.74	2.61	2.48	2.1	1.83	2.49	3.09	2.31	2.59	3.34	2.08	2.09	2.36	2.27	2.17	1.85	2.6	3.21	1.51	1.17	1.15	1.18	1.12	1.32	1.31	1.19	1.34	2.02	2.28	1.12	1.3	1.11	0.95	0.87	0.82	1.06	1.53	1.87	1.94	2.29	3.27	1.79	1.22	1.63	1.6	1.58
BS_4-8_manning003_extreme/E01522N3585E03578N2685-BS-M809_E01762N3467_D010_S067D30R090_A006995_S075	0.42	0.51	0.63	0.74	0.72	3.12	2.96	2.75	1.98	8.11	7.05	2.16	4.2	3.21	3.06	2.8	4.15	4.12	2.9	3.33	5.7	5.73	3.34	12.38	3.04	3.07	3.38	4.11	2.99	4.01	3.61	3.61	2.36	3.34	2.6	2.7	1.82	1.78	1.71	1.7	1.61	1.55	1.83	2.04	1.54	1.62	1.97	2.09	1.86	1.95	2.18	1.9	1.77	2.04	1.79	1.92	1.5	2.02	2.5	1.62	1.41	1.43	1.34	1.34	1.45	1.42	1.32	1.5	1.71	1.76	1.3	1.11	1.0	0.89	0.92	0.91	1.08	1.54	1.8	1.89	2.14	2.68	1.79	1.21	1.6	1.78	1.85
BS_4-8_manning003_extreme/E01522N3585E03578N2685-BS-M809_E01905N3355_D010_S067D30R090_A006995_S075	0.38	0.49	0.58	0.64	0.71	2.37	2.45	2.28	1.56	8.11	7.05	1.66	4.2	2.05	2.04	2.32	2.57	2.76	2.39	2.65	4.23	4.06	2.24	12.37	2.52	2.6	3.22	3.66	2.71	4.05	3.89	3.54	2.55	3.78	3.48	2.28	2.3	2.26	2.14	1.93	1.76	1.59	2.2	2.22	1.84	1.84	2.44	2.61	2.03	2.37	2.97	1.91	1.74	2.27	1.97	1.89	1.61	2.42	2.85	1.23	1.19	1.15	1.14	1.11	1.28	1.23	1.12	1.26	1.77	1.99	1.03	1.17	1.02	0.89	0.83	0.81	0.8	1.34	1.58	1.61	1.8	2.55	1.39	1.05	1.41	1.47	1.42
BS_4-8_manning003_extreme/E01446N4259E02038N3783-BS-M809_E01846N3895_D010_S112D90R270_A006995_S075	0.28	0.32	0.46	0.5	0.58	1.69	1.78	1.64	0.95	8.1	7.04	0.86	4.19	0.86	0.87	0.82	1.09	1.06	1.34	2.06	2.49	3.57	2.08	12.37	2.01	2.35	3.15	3.76	3.3	4.52	3.77	4.65	3.0	4.84	4.28	2.71	3.47	3.95	3.31	3.38	3.2	2.88	3.25	4.35	4.41	3.01	3.25	4.92	2.45	2.76	3.56	3.86	2.63	3.41	2.76	3.2	2.48	1.53	3.35	2.87	2.39	2.06	1.54	1.62	1.75	1.92	1.83	1.96	2.38	2.87	2.85	1.89	1.38	1.17	1.1	1.0	1.07	1.56	1.78	1.75	1.82	2.4	1.38	1.95	2.18	2.61	2.66
BS_4-8_manning003_extreme/E01522N3585E03578N2685-BS-M809_E01613N3557_D010_S067D50R270_A006995_S075	0.46	0.53	0.65	0.82	0.72	2.09	4.1	3.37	3.06	8.09	7.03	2.35	4.18	2.61	2.4	2.07	3.72	2.84	3.09	2.81	8.57	8.95	2.19	12.35	2.54	1.75	3.88	4.94	2.45	3.13	3.42	2.28	1.53	2.59	2.39	1.38	2.02	1.24	1.99	1.04	1.05	1.05	1.31	1.86	2.06	1.07	3.17	1.07	1.28	0.96	0.92	0.82	0.82	1.79	1.92	1.65	0.84	1.44	1.3	1.13	1.71	1.32	1.27	1.54	0.98	1.63	1.14	1.73	1.17	1.08	1.15	0.94	1.04	0.9	0.76	0.89	0.89	1.01	1.77	2.35	2.38	2.24	2.04	1.07	1.21	1.01	1.1
BS_4-8_manning003_extreme/E01548N3896E01854N3659-BS-M754_E01619N3760_D010_S157D50R270_A003524_S022	0.14	0.2	0.25	0.23	0.22	1.02	1.07	1.03	0.51	8.12	7.06	0.56	4.21	0.42	0.39	0.32	0.48	0.37	0.5	0.64	0.94	1.1	0.54	12.38	0.92	0.68	0.95	1.47	1.65	1.48	1.44	1.67	0.86	1.92	1.17	1.18	1.38	1.22	0.99	0.99	0.87	1.28	0.96	1.43	1.83	0.58	1.0	1.51	0.66	0.56	0.77	0.63	0.53	0.88	1.0	1.01	0.28	0.27	0.55	0.37	0.63	0.45	0.37	0.38	0.31	0.43	0.28	0.39	0.34	0.3	0.25	0.23	0.15	0.2	0.17	0.15	0.14	0.18	0.15	0.12	0.12	0.18	0.13	0.16	0.2	0.16	0.19
BS_4-8_manning003_extreme/E01267N3753E01646N3535-BS-M809_E01564N3602_D010_S067D10R090_A006995_S075	0.17	0.21	0.27	0.3	0.3	1.26	1.28	1.15	0.89	8.11	7.05	1.0	4.2	1.57	1.11	1.08	1.33	1.22	1.18	1.37	3.19	3.14	1.31	12.38	1.46	1.53	2.53	1.96	1.49	2.74	2.35	1.72	0.99	1.44	1.42	1.17	0.93	1.0	0.93	0.81	0.72	0.8	0.91	1.04	0.8	0.81	1.62	1.09	0.91	0.98	1.02	1.0	0.94	0.94	0.89	1.14	0.83	1.34	1.51	0.93	0.94	0.87	0.88	0.87	0.85	0.81	0.75	0.87	1.19	1.32	0.79	0.8	0.75	0.72	0.7	0.68	0.69	1.21	1.84	2.06	2.29	2.32	1.89	0.72	0.9	0.96	1.12
BS_4-8_manning003_extreme/E01522N3585E03578N2685-BS-M792_E01668N3557_D010_S067D70R270_A004781_S062	0.37	0.47	0.6	0.68	0.59	1.99	3.33	2.71	3.23	8.1	7.04	2.1	4.19	2.44	2.48	1.83	3.1	3.49	2.39	2.54	7.29	9.48	1.86	12.36	2.0	2.0	2.03	3.22	2.25	3.3	2.61	2.09	1.51	2.26	1.78	1.56	1.77	1.27	1.35	0.83	0.82	1.21	1.16	1.37	1.33	1.06	2.21	0.95	1.08	0.86	0.82	0.81	0.7	1.07	1.32	0.98	0.73	1.14	0.96	1.07	1.24	0.97	0.86	1.17	0.76	1.24	0.79	1.24	0.81	0.99	1.02	0.76	0.59	0.62	0.68	0.71	0.63	0.73	1.16	1.49	1.45	1.32	1.21	0.8	0.76	0.69	0.73
BS_4-8_manning003_extreme/E01522N3585E03578N2685-BS-M809_E01901N3333_D010_S067D30R090_A006995_S075	0.37	0.46	0.57	0.63	0.68	1.99	2.21	2.1	1.49	8.11	7.05	1.49	4.2	1.61	1.59	1.81	2.24	2.26	2.01	2.32	3.39	3.11	1.91	12.37	1.88	2.2	2.86	2.67	2.57	3.24	3.21	2.69	2.28	3.44	2.9	2.2	1.9	2.03	1.8	1.68	1.6	1.56	2.09	2.12	1.65	1.6	2.13	2.35	1.92	2.21	2.83	1.77	1.66	2.29	1.99	1.9	1.62	2.45	3.07	1.22	1.13	1.15	1.1	1.1	1.28	1.26	1.15	1.31	1.85	2.14	1.08	1.2	1.03	0.89	0.85	0.81	0.8	1.34	1.6	1.63	1.84	2.62	1.41	1.09	1.59	1.71	1.46
BS_4-8_manning003_extreme/E01522N3585E03578N2685-BS-M809_E01640N3557_D010_S247D30R090_A006995_S075	0.42	0.5	0.63	0.8	0.74	2.77	3.51	3.21	1.98	8.12	7.06	1.99	4.21	2.33	2.22	2.15	2.76	2.79	3.18	2.9	5.46	6.81	2.79	12.39	2.49	2.22	3.13	3.6	3.8	2.52	2.72	3.42	2.14	3.13	2.75	3.04	1.85	1.91	1.85	1.71	1.65	1.72	1.77	2.19	1.74	2.05	2.2	2.15	1.92	1.87	2.0	1.93	1.86	2.2	2.01	2.01	1.52	2.12	2.25	1.61	1.53	1.37	1.34	1.35	1.46	1.42	1.33	1.63	1.87	1.82	1.38	1.16	1.05	1.29	1.18	1.25	1.16	1.83	2.42	2.63	2.94	3.36	2.6	1.22	1.5	1.6	1.85
BS_4-8_manning003_extreme/E01267N3753E01646N3535-BS-M809_E01530N3737_D010_S112D90R270_A006995_S075	0.84	0.69	1.08	1.51	1.72	4.1	6.28	5.83	3.13	8.19	7.14	2.92	4.31	2.77	2.74	2.6	2.68	2.57	2.57	3.16	3.84	3.44	2.83	12.81	2.22	2.69	3.79	5.06	3.16	2.76	2.19	2.36	2.27	2.58	2.63	2.88	3.27	3.64	2.09	2.59	2.48	3.5	2.96	9.31	7.23	4.11	4.08	6.0	4.21	2.71	2.94	5.55	3.92	7.13	7.09	5.7	3.44	2.45	4.03	4.73	3.31	3.63	2.72	2.51	2.89	2.99	2.81	2.49	3.36	4.54	5.2	2.96	2.79	2.37	1.91	1.93	2.08	2.41	2.43	2.24	2.16	2.85	1.71	2.88	3.61	4.85	3.78
BS_4-8_manning003_extreme/E01522N3585E03578N2685-BS-M809_E01895N3445_D010_S247D70R270_A006995_S075	0.36	0.43	0.6	0.78	0.77	2.22	2.28	1.9	1.97	8.1	7.04	2.34	4.19	2.93	3.16	2.3	4.31	4.54	2.21	3.31	7.53	6.44	3.38	12.37	2.9	3.68	3.18	3.7	2.48	5.35	5.51	3.5	2.22	3.78	2.44	2.41	2.15	1.89	1.81	1.04	1.05	1.73	1.63	1.5	2.35	1.2	2.16	2.12	1.56	1.4	2.11	1.05	1.14	1.38	1.5	1.72	0.8	1.58	1.95	1.22	1.29	1.12	0.91	0.87	0.94	1.13	0.8	1.19	0.88	1.22	0.71	0.64	0.56	0.54	0.55	0.47	0.72	0.64	0.9	1.04	1.44	2.24	1.14	0.43	0.69	0.62	1.06
BS_4-8_manning003_extreme/E01522N3585E03578N2685-BS-M809_E01878N3355_D010_S067D50R270_A006995_S075	0.44	0.56	0.6	0.82	0.78	2.13	2.55	2.5	2.0	8.1	7.04	2.09	4.19	1.81	1.9	1.34	1.98	1.84	2.1	2.34	2.95	6.31	1.81	12.36	2.24	2.08	3.0	3.35	2.13	3.71	2.82	4.28	1.92	3.62	2.9	1.79	2.36	1.46	1.9	0.97	1.03	1.63	1.58	1.84	2.57	1.18	3.34	1.25	1.32	0.99	1.04	1.08	1.21	2.73	2.29	2.79	0.79	1.59	1.12	1.02	1.44	1.15	1.1	1.29	0.86	1.36	0.92	1.14	0.77	0.88	1.12	0.88	0.71	0.64	1.02	0.62	1.14	0.62	0.95	1.28	2.03	3.41	1.59	0.76	0.86	0.7	1.34
BS_4-8_manning003_extreme/E01522N3585E03578N2685-BS-M809_E01847N3333_D010_S067D30R090_A006995_S075	0.32	0.39	0.49	0.58	0.55	2.05	2.12	1.89	1.33	8.11	7.05	1.37	4.2	1.4	1.5	1.67	1.9	1.57	2.75	2.74	2.8	2.87	1.7	12.37	1.98	1.86	3.09	2.58	2.33	3.14	3.11	2.67	1.96	2.85	2.44	1.89	1.64	1.94	1.7	1.46	1.41	1.41	1.96	1.9	1.72	1.52	1.93	2.43	1.75	1.83	2.4	1.58	1.52	1.78	1.71	1.63	1.38	2.16	2.71	1.18	0.99	1.02	1.01	0.95	1.17	1.17	1.06	1.16	1.69	1.92	0.99	1.03	0.92	0.82	0.84	0.75	0.91	1.21	1.43	1.47	1.7	2.33	1.36	1.1	1.4	1.38	1.42
BS_4-8_manning003_extreme/E01108N3882E01527N3690-BS-M809_E01442N3715_D010_S247D30R270_A012497_S042	0.31	0.33	0.43	0.44	0.5	1.92	2.56	2.71	1.77	8.16	7.11	1.06	4.27	0.99	0.71	0.59	0.8	0.69	0.78	0.7	1.03	1.19	0.73	12.57	1.13	0.96	1.4	1.66	1.61	1.98	1.33	2.23	1.15	2.16	1.9	2.27	1.67	1.58	1.46	1.45	1.52	1.5	1.93	2.31	2.54	1.76	2.31	1.4	1.08	0.83	0.8	1.06	0.66	0.91	1.53	0.84	0.24	0.43	0.32	0.33	0.53	0.67	0.61	0.56	0.5	0.58	0.43	0.4	0.46	0.37	0.56	0.56	0.58	0.84	0.87	0.93	1.08	0.92	0.92	0.94	0.91	0.89	0.9	0.55	0.4	0.33	0.43
BS_4-8_manning003_extreme/E01522N3585E03578N2685-BS-M792_E01633N3512_D010_S067D30R090_A004781_S062	0.15	0.18	0.22	0.28	0.28	1.05	1.3	1.19	0.99	8.11	7.05	0.82	4.2	1.28	1.15	1.08	1.71	1.6	1.34	1.38	2.42	2.53	1.41	12.38	1.51	1.96	1.38	2.07	1.61	2.16	2.25	1.97	1.17	1.71	1.66	1.39	1.37	1.15	1.14	1.01	0.89	0.75	1.08	1.06	0.86	0.85	1.19	1.26	0.9	1.07	1.19	0.89	0.78	0.95	0.83	0.83	0.72	1.56	1.74	0.74	0.7	0.67	0.67	0.64	0.81	0.79	0.72	0.81	1.18	1.35	0.76	0.87	0.75	0.65	0.69	0.71	0.83	1.0	1.24	1.31	1.69	2.42	1.38	0.83	1.08	1.13	1.18
BS_4-8_manning003_extreme/E01522N3585E03578N2685-BS-M792_E01886N3400_D010_S067D90R090_A004781_S062	0.28	0.33	0.42	0.62	0.63	1.88	2.13	1.9	1.61	8.1	7.05	1.69	4.19	3.25	2.65	2.16	4.23	3.8	3.49	3.62	6.62	6.93	3.62	12.37	3.12	3.64	4.01	4.64	2.92	5.43	5.82	4.49	2.59	3.86	3.62	2.27	2.15	2.07	2.0	1.81	1.61	1.69	2.33	2.17	2.25	1.46	2.17	2.84	1.89	2.23	3.04	1.65	1.77	1.96	1.86	1.85	1.47	2.01	2.81	1.22	0.75	0.75	0.7	0.57	0.84	0.91	0.79	1.04	1.5	1.82	0.83	0.84	0.76	0.63	0.6	0.43	0.43	1.04	1.31	1.39	1.71	2.6	1.28	0.75	1.18	1.08	1.13
BS_4-8_manning003_extreme/E01267N3753E01646N3535-BS-M792_E01589N3580_D010_S067D90R270_A004781_S062	0.29	0.34	0.4	0.47	0.46	1.83	2.24	2.02	1.97	8.1	7.05	1.81	4.2	2.29	1.73	1.21	2.58	1.97	1.76	2.17	5.54	6.88	1.86	12.37	1.83	1.73	3.57	3.86	1.74	3.1	2.2	2.91	1.25	1.78	1.67	1.46	1.14	1.14	0.99	1.01	1.02	1.11	1.02	1.18	0.95	1.03	2.0	1.17	1.06	1.09	1.2	1.09	1.0	1.12	1.17	1.33	1.11	1.59	1.41	1.09	1.19	1.11	1.1	1.08	1.08	1.03	0.98	1.07	1.29	1.26	0.94	0.86	0.8	1.01	1.24	1.31	1.0	1.24	1.43	1.46	2.02	1.83	1.75	0.93	1.16	1.18	1.2
BS_4-8_manning003_extreme/E01267N3753E01646N3535-BS-M809_E01561N3580_D010_S067D90R270_A006995_S075	0.39	0.46	0.53	0.59	0.57	2.14	2.78	2.7	2.59	8.1	7.05	2.36	4.2	2.53	1.74	1.61	2.65	2.5	2.54	2.42	7.76	7.73	2.37	12.37	1.93	1.67	5.34	3.91	2.03	2.79	2.54	2.53	1.49	2.07	2.19	1.88	1.48	1.43	1.34	1.21	1.21	1.32	1.36	1.43	1.31	1.25	2.23	1.48	1.36	1.35	1.49	1.44	1.34	1.47	1.43	1.59	1.4	2.08	1.84	1.47	1.62	1.56	1.54	1.47	1.49	1.39	1.35	1.47	1.69	1.81	1.77	1.81	1.9	1.99	1.98	1.66	1.75	1.76	2.05	2.11	2.28	2.56	1.99	1.92	2.77	2.07	2.51
BS_4-8_manning003_extreme/E01522N3585E03578N2685-BS-M809_E01905N3355_D010_S067D70R090_A006995_S075	0.4	0.47	0.61	0.78	0.85	2.66	3.29	2.99	1.84	8.1	7.05	2.13	4.2	2.53	2.51	3.4	3.77	3.69	3.74	4.65	6.16	5.55	3.2	12.37	3.45	3.59	4.73	4.57	4.14	6.09	5.9	4.82	3.82	5.73	5.06	3.11	3.17	3.17	3.0	2.7	2.44	2.1	2.94	3.14	3.03	2.55	3.58	4.15	2.61	3.39	4.25	2.69	2.58	3.31	2.65	2.58	2.15	3.39	4.1	2.03	1.34	1.24	1.25	1.21	1.65	1.62	1.44	1.55	2.46	2.82	1.35	1.67	1.41	1.16	1.04	0.93	0.88	1.8	2.22	2.29	2.74	4.1	2.04	1.46	1.92	2.2	2.13
BS_4-8_manning003_extreme/E01470N3877E01631N3641-BS-M809_E01583N3715_D010_S022D90R090_A012497_S042	0.61	0.68	0.89	1.03	1.18	3.41	3.66	3.4	2.6	7.92	6.85	2.76	3.99	2.32	2.01	1.96	2.59	2.33	3.53	3.42	6.13	6.91	4.42	12.14	3.61	3.2	5.56	4.54	5.16	5.1	4.41	5.63	3.11	5.41	3.46	4.13	3.48	3.23	2.91	1.88	1.86	1.93	2.47	3.11	4.74	2.63	3.91	3.99	2.58	2.61	3.92	3.35	2.49	3.71	3.51	3.75	1.89	3.88	6.64	3.58	2.52	2.6	2.28	1.75	1.75	2.53	2.33	2.68	2.65	3.86	2.74	1.77	1.6	1.89	2.48	1.73	2.17	2.7	3.5	3.76	4.56	5.49	3.67	1.47	2.56	2.43	2.51
BS_4-8_manning003_extreme/E01522N3585E03578N2685-BS-M809_E01798N3512_D010_S247D50R090_A006995_S075	0.57	0.73	0.86	0.81	0.92	2.83	3.5	3.36	2.56	8.11	7.05	2.39	4.2	2.38	2.44	2.35	2.61	2.7	2.72	2.7	3.68	5.21	2.44	12.38	2.62	2.48	2.77	3.32	3.31	2.79	2.54	2.71	2.09	2.51	2.37	2.72	1.92	1.79	1.69	1.5	1.45	1.5	1.66	1.81	1.64	1.67	1.73	1.7	1.64	1.6	1.71	1.57	1.35	1.56	1.54	1.42	1.18	1.68	1.67	1.24	1.28	1.21	1.19	1.13	1.16	1.12	1.07	1.14	1.31	1.29	0.95	0.86	0.76	0.71	0.75	0.8	0.83	1.14	1.31	1.34	1.39	1.58	1.25	0.86	1.08	1.06	1.12
BS_4-8_manning003_extreme/E01267N3753E01646N3535-BS-M809_E01575N3670_D010_S202D70R270_A006995_S075	0.47	0.49	0.78	1.05	1.11	2.47	2.76	2.91	2.64	8.11	7.06	2.7	4.2	2.08	1.9	1.82	2.11	2.0	1.9	2.34	4.94	4.85	2.1	12.36	2.63	2.38	4.62	3.39	3.33	5.01	4.43	6.65	3.63	6.53	4.34	4.09	4.1	4.43	4.01	2.64	2.5	2.7	3.12	4.17	6.86	3.49	5.71	5.3	3.66	3.14	4.99	4.1	3.4	7.38	6.03	5.45	2.32	3.68	8.46	3.66	4.24	3.54	3.06	2.81	2.95	3.34	2.9	3.1	2.74	4.5	3.09	1.94	1.89	1.45	2.0	2.13	2.01	2.68	3.41	3.44	4.1	6.95	3.16	1.52	2.95	3.31	3.11
BS_4-8_manning003_extreme/E01267N3753E01646N3535-BS-M774_E01592N3602_D010_S067D90R090_A003139_S050	0.14	0.19	0.22	0.33	0.34	1.17	1.43	1.01	1.27	8.1	7.05	1.68	4.19	2.08	1.7	1.33	2.75	2.7	2.61	2.02	4.96	4.64	2.64	12.37	2.34	3.03	3.59	3.73	2.03	4.54	4.91	3.38	1.4	2.23	2.34	1.39	1.63	1.76	1.61	1.29	1.01	1.22	1.49	1.64	1.85	1.1	1.51	1.66	0.98	1.27	1.55	1.21	1.1	1.33	1.01	1.37	0.96	1.91	2.3	1.23	0.98	0.85	0.81	0.61	0.83	1.03	0.84	1.31	1.53	1.99	1.14	0.93	0.83	0.75	1.03	0.67	1.18	1.16	2.56	2.95	3.58	4.49	3.21	0.75	1.08	1.29	1.86
BS_4-8_manning003_extreme/E01522N3585E03578N2685-BS-M809_E01874N3333_D010_S247D50R090_A006995_S075	0.4	0.48	0.6	0.62	0.62	2.02	2.38	2.28	1.45	8.11	7.05	1.42	4.2	1.66	1.86	1.47	2.23	1.68	1.73	1.81	3.17	2.62	1.76	12.37	1.67	1.67	2.03	2.39	2.44	3.07	1.9	2.23	1.71	2.11	2.12	2.21	1.58	1.49	1.44	1.37	1.3	1.31	1.42	1.71	1.44	1.52	2.15	1.67	1.58	1.52	1.63	1.62	1.4	1.57	1.58	1.77	1.25	1.84	1.9	1.51	1.48	1.4	1.37	1.32	1.35	1.28	1.22	1.3	1.54	1.5	1.14	0.99	1.11	0.82	0.96	0.96	1.11	1.31	1.51	1.56	1.66	1.99	1.42	1.23	1.51	1.34	1.73
BS_4-8_manning003_extreme/E01470N3877E01631N3641-BS-M809_E01587N3737_D010_S157D90R270_A012497_S042	0.54	0.65	0.73	0.96	1.08	2.53	2.57	2.41	2.38	9.59	8.73	1.81	6.25	4.69	3.76	2.72	4.66	2.98	4.64	4.61	5.81	5.48	3.54	11.42	3.52	3.27	4.57	5.78	6.35	7.95	4.43	4.79	2.76	4.86	3.58	3.82	3.9	2.11	2.58	2.56	2.75	2.42	2.34	3.87	4.4	2.39	2.98	4.56	2.62	2.33	3.25	3.2	2.96	5.18	4.46	3.76	2.38	1.98	5.38	3.66	3.17	2.69	2.36	2.15	2.1	2.14	2.14	2.8	2.91	4.09	3.02	2.29	2.06	1.86	1.58	1.77	2.02	1.6	2.06	2.05	2.11	2.67	1.55	2.12	2.63	3.64	2.94
BS_4-8_manning003_extreme/E01522N3585E03578N2685-BS-M809_E01613N3557_D010_S067D30R090_A006995_S075	0.32	0.38	0.5	0.59	0.57	2.7	2.83	2.67	1.76	8.12	7.06	2.37	4.21	4.01	3.93	2.89	4.07	4.83	3.56	3.96	6.53	6.3	3.09	12.39	3.24	4.13	3.52	4.31	3.31	4.65	4.43	3.33	2.11	3.59	2.73	2.1	1.81	2.01	1.74	1.54	1.53	1.5	1.91	2.09	1.74	1.65	2.0	2.16	1.7	1.86	1.87	1.87	1.71	1.74	1.53	1.92	1.36	2.52	2.39	1.74	1.49	1.44	1.38	1.33	1.31	1.3	1.19	1.48	1.98	2.23	1.27	1.36	1.21	1.32	1.48	1.64	1.91	1.87	2.39	2.65	3.16	3.88	2.71	1.18	1.62	1.7	1.76
BS_4-8_manning003_extreme/E01522N3585E03578N2685-BS-M809_E01692N3535_D010_S067D50R270_A006995_S075	0.62	0.78	0.97	1.11	0.97	4.85	4.63	4.09	3.43	8.09	7.03	3.01	4.18	2.95	2.53	2.57	1.77	3.13	2.99	3.2	5.38	8.84	2.2	12.36	2.37	1.59	2.4	3.08	3.01	3.69	3.48	2.33	1.67	2.81	2.3	2.27	2.11	1.63	1.96	0.95	0.95	1.94	1.45	1.88	2.06	1.56	2.71	1.23	1.59	1.08	0.9	0.88	0.9	1.72	1.95	1.4	0.88	2.02	1.6	1.55	1.86	1.73	1.53	1.78	1.39	1.91	1.32	1.94	1.14	1.04	1.22	0.8	0.79	0.84	0.76	0.79	0.82	0.99	1.65	1.65	1.57	1.57	1.62	0.96	0.96	1.14	1.03
BS_4-8_manning003_extreme/E01522N3585E03578N2685-BS-M809_E01928N3333_D010_S067D30R090_A006995_S075	0.39	0.48	0.57	0.65	0.71	1.89	2.21	2.05	1.42	8.11	7.05	1.46	4.2	1.61	1.72	1.86	1.86	1.88	2.24	2.87	2.71	2.95	1.74	12.37	1.82	2.28	3.13	2.53	2.82	2.73	2.71	2.92	2.06	3.11	2.39	2.17	1.59	1.76	1.61	1.43	1.38	1.38	1.71	1.87	1.38	1.41	1.84	2.17	1.61	1.89	2.33	1.63	1.52	1.92	1.62	1.58	1.37	2.23	2.62	1.22	1.07	1.07	1.01	0.98	1.19	1.14	1.04	1.16	1.63	1.9	0.96	1.11	0.95	0.82	0.77	0.74	0.73	1.23	1.46	1.49	1.69	2.41	1.3	1.01	1.39	1.57	1.38
BS_4-8_manning003_extreme/E01522N3585E03578N2685-BS-M809_E01708N3467_D010_S247D50R090_A006995_S075	0.3	0.38	0.49	0.51	0.55	2.07	2.54	2.42	1.74	8.11	7.06	1.66	4.2	1.94	1.92	1.66	2.92	2.0	1.85	1.98	4.48	5.29	1.97	12.38	1.79	1.74	2.23	2.43	2.49	2.26	1.92	2.24	1.71	2.07	1.98	2.17	1.56	1.44	1.4	1.36	1.31	1.3	1.4	1.68	1.41	1.48	1.69	1.66	1.57	1.53	1.66	1.57	1.41	1.53	1.53	1.6	1.29	1.92	1.98	1.46	1.5	1.38	1.35	1.34	1.35	1.3	1.23	1.32	1.62	1.62	1.19	1.13	0.93	1.08	1.12	1.1	1.29	1.49	1.71	1.76	1.91	2.25	1.66	1.42	1.91	1.34	1.75
BS_4-8_manning003_extreme/E01522N3585E03578N2685-BS-M809_E01782N3422_D010_S247D50R090_A006995_S075	0.41	0.5	0.63	0.69	0.73	2.66	2.84	2.71	2.0	8.11	7.05	1.92	4.2	2.07	2.66	1.92	2.52	2.17	2.25	2.33	4.78	6.27	2.13	12.38	2.27	2.16	3.09	3.01	3.08	2.65	2.31	2.63	1.99	2.49	2.35	2.61	1.87	1.74	1.69	1.61	1.53	1.49	1.65	1.97	1.62	1.74	1.96	1.91	1.79	1.73	1.87	1.75	1.57	1.71	1.7	1.65	1.39	2.02	2.11	1.55	1.57	1.47	1.43	1.4	1.41	1.36	1.28	1.4	1.68	1.69	1.23	1.15	1.1	1.01	1.02	0.99	1.15	1.49	1.72	1.76	1.88	2.2	1.63	1.42	1.72	1.42	1.63
BS_4-8_manning003_extreme/E01522N3585E03578N2685-BS-M809_E01817N3467_D010_S247D30R090_A006995_S075	0.4	0.5	0.62	0.76	0.75	2.65	3.38	3.07	1.92	8.11	7.05	1.92	4.2	1.91	2.04	2.09	2.57	2.25	2.57	2.78	3.65	6.02	2.39	12.38	2.37	2.13	2.86	3.31	3.55	2.42	2.54	3.15	2.05	2.81	2.42	2.95	1.68	1.73	1.66	1.55	1.48	1.5	1.58	1.91	1.55	1.76	1.87	1.78	1.64	1.58	1.67	1.59	1.47	1.69	1.59	1.59	1.12	1.58	1.76	1.29	1.15	1.04	1.01	1.0	1.07	1.04	0.97	1.13	1.34	1.35	0.95	0.83	0.73	0.67	0.62	0.68	0.7	1.18	1.4	1.46	1.64	1.97	1.41	0.84	1.05	1.03	1.21
BS_4-8_manning003_extreme/E01446N4259E02038N3783-BS-M809_E01822N3917_D010_S292D70R090_A006995_S075	0.28	0.34	0.51	0.54	0.6	1.72	2.21	1.96	0.95	8.1	7.04	0.77	4.19	1.04	1.03	1.1	1.23	1.27	1.66	2.11	2.63	3.35	2.11	12.37	2.25	2.28	3.08	3.61	3.41	4.43	3.52	4.57	3.29	4.84	4.45	2.83	3.45	3.76	3.66	3.13	3.04	2.71	3.14	4.61	3.39	3.31	3.51	4.61	2.79	2.86	3.67	3.91	2.79	3.18	2.94	3.08	2.4	1.83	3.57	2.87	2.19	1.86	1.75	1.68	1.68	1.63	1.47	1.95	2.14	2.86	2.58	1.51	1.42	1.26	1.1	1.1	1.11	1.31	1.55	1.53	1.56	1.95	1.16	1.51	2.01	2.15	1.83
BS_4-8_manning003_extreme/E01522N3585E03578N2685-BS-M774_E01874N3333_D010_S067D70R090_A003139_S050	0.14	0.16	0.21	0.31	0.27	0.94	1.19	1.03	1.08	8.1	7.05	0.98	4.2	0.91	1.23	1.38	1.54	1.52	1.83	2.15	1.74	2.4	1.42	12.37	1.19	1.19	2.31	1.55	1.67	2.0	1.93	1.99	1.46	2.23	1.81	1.22	1.35	1.33	1.26	1.16	1.03	0.89	1.28	1.4	1.12	1.05	1.44	1.78	1.11	1.26	1.56	1.01	1.06	1.16	1.2	1.16	1.0	1.32	1.88	0.76	0.5	0.45	0.53	0.49	0.7	0.72	0.64	0.7	1.13	1.35	0.58	0.69	0.6	0.53	0.63	0.37	0.67	0.69	0.86	0.89	1.08	1.76	0.8	0.61	1.07	1.01	1.02
BS_4-8_manning003_extreme/E01548N3896E01854N3659-BS-M754_E01595N3782_D010_S337D50R090_A003524_S022	0.16	0.19	0.23	0.29	0.31	1.0	1.24	1.17	0.93	7.96	6.91	0.82	4.07	1.04	0.61	0.53	0.6	0.81	1.02	1.14	1.44	1.48	0.96	12.34	1.09	1.06	1.44	1.99	2.0	2.5	1.65	1.9	1.52	1.99	1.79	1.09	1.58	1.78	1.12	1.27	1.18	1.27	1.12	1.55	0.86	0.69	0.97	1.2	0.62	0.61	0.75	0.8	0.48	0.5	0.43	0.59	0.36	0.27	0.52	0.52	0.35	0.32	0.28	0.28	0.37	0.32	0.23	0.22	0.26	0.32	0.32	0.23	0.18	0.18	0.16	0.17	0.17	0.18	0.17	0.17	0.16	0.2	0.15	0.18	0.23	0.25	0.25
BS_4-8_manning003_extreme/E01522N3585E03578N2685-BS-M809_E01874N3333_D010_S067D50R090_A006995_S075	0.34	0.44	0.54	0.6	0.65	2.1	2.88	2.52	1.73	8.11	7.05	1.87	4.2	1.76	2.27	2.44	2.64	2.66	2.77	2.99	4.12	3.72	2.52	12.37	2.48	2.88	3.77	3.19	3.28	4.09	4.02	3.42	2.97	4.42	3.81	2.54	2.41	2.49	2.18	2.13	2.0	1.89	2.63	2.58	2.15	2.0	2.81	3.13	2.38	2.86	3.68	2.19	2.21	3.03	2.46	2.37	1.98	3.17	3.79	1.65	1.27	1.28	1.31	1.26	1.6	1.52	1.37	1.56	2.28	2.68	1.29	1.55	1.32	1.11	1.0	0.95	0.98	1.68	2.03	2.09	2.44	3.63	1.84	1.4	2.0	2.26	2.0
BS_4-8_manning003_extreme/E01108N3882E01527N3690-BS-M809_E01484N3805_D010_S157D90R270_A012497_S042	1.38	2.03	2.42	2.49	2.13	1.61	1.21	1.11	0.89	8.45	7.42	0.85	4.63	0.8	0.75	0.72	0.71	0.7	0.69	0.73	0.79	0.91	0.97	13.38	2.02	1.16	1.36	1.42	1.62	1.39	1.43	1.66	1.81	1.94	2.04	1.72	2.32	1.53	1.83	1.85	1.54	2.71	1.95	2.22	2.65	1.71	2.09	1.58	1.52	0.94	0.98	0.85	0.68	0.7	0.69	0.65	0.38	0.49	0.52	0.54	0.59	0.57	0.54	0.54	0.5	0.51	0.5	0.4	0.42	0.44	0.44	0.37	0.32	0.34	0.32	0.32	0.33	0.31	0.31	0.31	0.3	0.3	0.27	0.28	0.29	0.29	0.29
BS_4-8_manning003_extreme/E01267N3753E01646N3535-BS-M809_E01551N3692_D010_S022D70R090_A006995_S075	0.68	0.62	0.75	1.2	1.41	5.01	2.89	2.73	2.17	8.01	6.95	2.7	4.09	2.34	1.92	2.44	2.77	2.53	2.61	3.72	7.18	8.33	3.8	12.19	4.94	6.21	7.8	9.12	5.88	10.39	9.37	9.43	5.92	8.48	6.86	5.71	5.44	4.46	4.61	3.64	3.49	3.6	4.78	5.12	6.51	3.72	5.27	6.67	4.01	4.52	6.23	4.75	3.99	6.58	4.91	4.81	3.2	6.0	10.49	5.69	3.95	3.56	3.24	2.99	3.69	4.07	3.54	4.76	5.84	6.47	3.56	3.56	4.15	4.08	2.95	2.64	3.02	2.39	2.42	2.53	2.57	2.87	2.72	2.31	4.29	4.05	4.21
BS_4-8_manning003_extreme/E01522N3585E03578N2685-BS-M809_E01857N3535_D010_S247D50R090_A006995_S075	0.37	0.44	0.54	0.54	0.52	1.93	2.51	2.39	1.63	8.11	7.05	1.64	4.2	1.65	1.78	1.66	2.2	1.92	1.98	1.96	2.29	3.62	1.8	12.38	1.67	1.71	2.06	2.39	2.38	1.98	1.9	2.14	1.58	1.97	1.83	1.84	1.36	1.37	1.3	1.18	1.14	1.17	1.28	1.45	1.25	1.32	1.38	1.4	1.28	1.26	1.37	1.25	1.15	1.24	1.21	1.17	0.96	1.36	1.37	0.97	0.97	0.88	0.87	0.87	0.89	0.85	0.79	0.86	1.04	1.05	0.74	0.66	0.59	0.54	0.54	0.57	0.59	0.84	0.96	0.98	1.03	1.23	0.88	0.68	0.84	0.85	0.88
BS_4-8_manning003_extreme/E01267N3753E01646N3535-BS-M792_E01589N3580_D010_S067D90R090_A004781_S062	0.22	0.26	0.35	0.54	0.5	1.81	1.91	1.36	1.72	8.1	7.05	2.15	4.19	3.01	2.24	1.97	3.96	3.48	3.53	2.67	7.0	6.39	3.42	12.37	3.08	2.95	5.07	4.76	2.74	5.81	6.13	3.91	1.71	2.71	2.94	1.92	1.91	2.19	2.03	1.43	1.12	1.96	1.97	2.03	2.32	1.47	1.89	2.07	1.23	1.57	1.84	1.59	1.42	1.7	1.47	1.94	1.09	2.54	2.75	1.5	1.18	1.18	0.93	0.89	1.15	1.21	1.05	1.64	1.87	2.35	1.29	1.16	0.96	0.88	1.03	0.95	1.12	1.53	2.64	3.25	4.14	4.82	3.43	0.88	1.28	1.22	2.18
BS_4-8_manning003_extreme/E01522N3585E03578N2685-BS-M809_E01762N3467_D010_S067D70R090_A006995_S075	0.48	0.57	0.74	0.96	0.94	3.25	3.85	3.56	2.25	8.11	7.05	2.29	4.33	5.09	4.25	3.61	6.29	5.72	4.04	4.88	7.95	9.38	4.91	12.37	4.61	4.07	4.44	6.15	3.94	6.47	5.75	4.85	3.36	4.79	3.26	3.46	2.27	2.61	2.5	2.2	2.01	2.36	2.33	2.71	1.88	2.16	2.64	2.89	2.38	2.67	3.09	2.38	2.44	2.79	2.28	2.8	1.82	2.76	3.49	2.02	1.67	1.69	1.42	1.44	1.71	1.7	1.54	1.95	2.27	2.46	1.69	1.38	1.23	0.97	0.92	0.94	1.2	1.95	2.46	2.66	3.24	4.14	2.63	1.55	2.16	2.52	2.57
BS_4-8_manning003_extreme/E01522N3585E03578N2685-BS-M792_E01847N3333_D010_S067D30R090_A004781_S062	0.19	0.25	0.31	0.37	0.36	1.37	1.4	1.26	0.94	8.1	7.05	1.02	4.2	1.04	1.21	1.42	1.32	1.6	1.49	1.58	2.03	2.17	1.25	12.37	1.41	1.44	1.68	1.88	1.6	2.13	2.22	2.08	1.44	2.11	1.95	1.37	1.37	1.29	1.25	1.15	1.05	0.98	1.28	1.31	1.03	1.07	1.44	1.55	1.15	1.37	1.71	1.07	1.02	1.28	1.09	1.05	0.91	1.35	1.52	0.68	0.64	0.64	0.67	0.62	0.8	0.78	0.71	0.72	1.09	1.21	0.65	0.73	0.63	0.55	0.6	0.51	0.77	0.79	0.94	0.96	1.1	1.61	0.83	0.76	1.01	0.92	1.1
BS_4-8_manning003_extreme/E01522N3585E03578N2685-BS-M809_E01794N3490_D010_S247D50R090_A006995_S075	0.55	0.73	0.84	0.87	0.88	3.19	3.58	3.44	2.64	8.11	7.05	2.53	4.2	2.57	2.62	2.5	2.7	2.87	2.95	2.93	4.58	7.69	2.7	12.38	2.88	2.71	2.99	3.65	3.61	2.96	2.76	3.01	2.21	2.73	2.63	2.89	2.19	1.94	1.86	1.71	1.6	1.62	1.78	2.04	1.85	1.84	1.98	1.94	1.81	1.73	1.85	1.69	1.49	1.67	1.68	1.62	1.33	1.89	1.87	1.43	1.4	1.34	1.31	1.26	1.3	1.25	1.18	1.25	1.48	1.45	1.08	0.96	0.86	0.8	0.83	0.88	0.94	1.32	1.51	1.56	1.67	1.95	1.46	0.96	1.17	1.16	1.3
BS_4-8_manning003_extreme/E01446N4259E02038N3783-BS-M792_E01822N3917_D010_S112D90R270_A004781_S062	0.22	0.24	0.38	0.38	0.38	1.24	1.4	1.24	0.56	8.1	7.05	0.64	4.19	0.68	0.7	0.71	0.89	1.03	1.26	1.51	1.74	2.63	1.4	12.37	1.55	1.64	2.37	2.63	2.84	2.99	2.91	3.08	2.56	3.75	2.65	2.11	2.42	2.69	2.93	2.74	2.45	2.4	2.48	3.71	2.86	2.41	2.84	3.84	2.12	2.02	2.6	2.68	2.33	2.73	2.03	2.37	1.8	1.17	2.85	2.15	1.27	0.91	0.91	0.91	1.01	1.11	1.0	1.19	1.4	1.92	1.72	0.97	0.85	0.74	0.62	0.66	0.68	0.81	0.98	0.97	1.01	1.32	0.73	0.94	1.28	1.24	1.25
BS_4-8_manning003_extreme/E01522N3585E03578N2685-BS-M792_E01644N3580_D010_S247D70R090_A004781_S062	0.33	0.46	0.53	0.61	0.55	2.2	2.5	2.38	2.61	8.11	7.05	2.1	4.2	3.44	2.74	2.34	4.69	3.31	2.72	3.65	8.07	8.56	2.69	12.38	2.44	2.44	2.75	3.49	2.9	2.7	2.7	2.74	1.92	2.44	2.31	2.53	1.83	1.74	1.66	1.46	1.39	1.45	1.64	1.7	1.55	1.57	1.77	1.72	1.51	1.58	1.66	1.61	1.48	1.67	1.5	1.5	1.4	2.06	1.9	1.35	1.45	1.41	1.41	1.3	1.42	1.35	1.28	1.36	1.7	1.65	1.15	1.11	1.0	0.93	0.94	1.04	1.07	1.48	1.74	1.81	1.99	2.34	1.7	1.1	1.43	1.45	1.55
BS_4-8_manning003_extreme/E01522N3585E03578N2685-BS-M809_E01882N3378_D010_S067D70R090_A006995_S075	0.43	0.51	0.65	0.86	0.87	2.96	3.51	3.21	1.92	8.1	7.05	2.03	4.2	3.87	3.59	3.12	3.72	4.29	4.35	3.61	7.56	8.28	4.1	12.37	4.43	4.09	5.62	6.57	4.18	7.24	6.59	5.94	3.74	5.78	5.56	3.25	3.05	3.65	3.28	2.61	2.29	2.15	3.03	3.14	3.2	2.65	3.66	4.02	2.75	3.44	4.33	2.61	2.5	3.3	2.91	2.82	2.33	3.08	3.89	1.92	1.29	1.23	1.27	1.22	1.44	1.43	1.26	1.47	2.29	2.6	1.19	1.49	1.29	1.07	0.93	0.86	0.97	1.76	2.18	2.28	2.71	3.9	2.05	1.27	1.81	1.77	1.74
BS_4-8_manning003_extreme/E01522N3585E03578N2685-BS-M809_E01684N3490_D010_S067D50R090_A006995_S075	0.34	0.4	0.51	0.65	0.63	2.27	2.92	2.61	1.63	8.11	7.06	1.9	4.2	3.62	3.49	2.28	3.36	3.91	3.04	2.69	6.04	5.08	2.94	12.38	2.74	3.05	3.48	3.92	3.27	4.12	4.05	4.04	2.09	3.57	2.47	2.33	1.71	1.69	1.58	1.54	1.43	1.4	1.66	2.03	1.57	1.69	1.81	2.15	1.69	1.92	2.08	1.99	2.01	2.08	1.97	2.11	1.81	2.43	2.59	1.7	1.4	1.4	1.34	1.37	1.4	1.31	1.21	1.42	2.06	2.14	1.24	1.33	1.17	1.16	1.3	1.22	1.08	1.85	2.28	2.43	3.01	4.01	2.41	1.32	1.69	1.86	1.97
BS_4-8_manning003_extreme/E01522N3585E03578N2685-BS-M792_E01754N3422_D010_S247D50R090_A004781_S062	0.2	0.26	0.31	0.37	0.36	1.61	1.59	1.49	1.17	8.11	7.05	1.09	4.2	1.74	1.54	1.13	1.29	1.3	1.62	1.4	3.31	3.85	1.28	12.37	1.18	1.22	1.9	1.79	1.78	1.56	1.44	1.58	1.16	1.55	1.33	1.46	1.06	1.03	0.99	0.92	0.85	0.88	0.98	1.16	0.93	1.02	1.1	1.11	1.02	1.02	1.11	1.01	0.92	1.04	1.02	1.02	0.84	1.21	1.25	0.86	0.85	0.8	0.8	0.77	0.82	0.79	0.74	0.79	1.01	1.03	0.87	0.89	0.76	0.67	0.7	0.74	0.91	0.97	1.04	1.07	1.15	1.43	1.0	1.03	1.35	1.01	1.29
BS_4-8_manning003_extreme/E01267N3753E01646N3535-BS-M809_E01572N3647_D010_S067D90R090_A006995_S075	0.59	0.71	0.96	1.26	1.15	5.37	4.17	3.76	4.37	8.09	7.04	3.75	4.34	5.21	5.21	3.98	7.45	7.75	5.83	6.21	11.16	11.79	5.34	12.35	5.3	6.83	5.98	5.95	5.06	6.94	6.38	9.19	3.14	5.54	4.19	4.66	2.8	2.22	2.94	1.87	1.71	2.89	2.27	2.86	4.58	2.9	4.68	2.82	2.78	2.19	2.5	2.36	2.51	3.69	3.34	3.86	1.65	3.77	3.5	2.69	2.9	2.87	2.16	1.98	2.04	2.61	2.46	3.36	3.57	4.29	4.64	5.11	5.43	4.2	4.74	5.85	6.73	8.19	7.61	8.07	6.88	6.29	7.65	4.3	2.88	3.68	3.35
BS_4-8_manning003_extreme/E01267N3753E01646N3535-BS-M809_E01530N3737_D010_S292D70R090_A006995_S075	0.71	0.88	1.43	1.83	1.76	5.16	4.84	4.87	3.96	8.14	7.09	3.66	4.25	3.36	3.22	3.2	3.15	3.24	3.03	2.95	4.25	3.0	2.72	12.62	3.04	2.86	3.1	4.48	3.36	2.87	2.62	2.66	2.23	2.84	2.49	2.76	3.17	3.56	3.91	4.24	2.5	3.06	3.08	6.53	5.92	4.04	3.86	6.83	4.84	3.39	3.91	5.64	4.01	4.38	5.71	4.96	3.41	2.69	4.74	6.33	4.43	2.95	2.91	2.86	3.42	3.33	2.89	2.69	3.14	4.51	5.33	3.38	2.9	2.49	2.26	2.16	2.22	2.1	2.26	2.18	2.19	2.86	1.72	2.77	4.2	4.75	4.52
BS_4-8_manning003_extreme/E01522N3585E03578N2685-BS-M809_E01844N3467_D010_S067D30R090_A006995_S075	0.44	0.57	0.65	0.73	0.82	2.69	2.81	2.66	1.89	8.11	7.05	2.02	4.2	3.05	3.08	2.57	3.71	3.9	2.57	2.84	5.39	4.64	2.8	12.38	2.66	2.79	2.99	3.31	2.62	3.47	3.36	2.89	1.95	2.87	2.22	2.28	1.55	1.69	1.43	1.41	1.36	1.28	1.53	1.61	1.42	1.33	1.56	1.85	1.43	1.52	1.77	1.36	1.29	1.57	1.43	1.42	1.17	1.42	1.91	1.08	1.02	1.02	0.88	0.85	0.97	0.93	0.86	0.92	1.21	1.25	0.8	0.73	0.66	0.59	0.58	0.59	0.62	1.0	1.16	1.21	1.33	1.65	1.12	0.78	1.08	1.05	1.2
BS_4-8_manning003_extreme/E01522N3585E03578N2685-BS-M809_E01743N3512_D010_S247D30R090_A006995_S075	0.44	0.56	0.67	0.84	0.78	2.86	3.76	3.43	2.05	8.11	7.06	2.01	4.2	1.96	2.11	2.17	2.39	2.34	2.61	2.8	2.68	4.96	2.42	12.38	2.35	2.16	2.81	3.57	3.8	2.78	2.53	3.16	2.2	2.75	2.74	3.21	1.81	1.84	1.92	1.61	1.55	1.66	1.68	2.07	1.76	1.96	2.15	1.92	1.86	1.71	1.84	1.72	1.58	1.9	1.86	1.71	1.25	1.76	1.96	1.54	1.41	1.3	1.26	1.21	1.29	1.28	1.22	1.42	1.56	1.55	1.18	0.97	0.86	0.84	0.84	0.9	0.93	1.49	1.84	1.94	2.19	2.58	1.92	1.04	1.26	1.29	1.48
BS_4-8_manning003_extreme/E01522N3585E03578N2685-BS-M809_E01832N3400_D010_S067D30R090_A006995_S075	0.4	0.52	0.61	0.72	0.69	2.72	2.69	2.51	1.76	8.11	7.05	2.11	4.2	3.25	3.27	2.63	3.75	4.12	2.98	3.09	6.12	5.2	3.25	12.38	3.15	3.49	3.16	4.2	3.03	4.82	4.78	3.57	2.38	3.47	3.07	2.43	1.92	2.07	1.92	1.71	1.59	1.62	2.09	2.26	1.77	1.77	2.06	2.47	1.89	2.0	2.4	1.94	1.82	1.93	1.73	1.73	1.46	2.05	2.47	1.36	1.21	1.22	1.19	1.16	1.26	1.2	1.1	1.17	1.65	1.72	1.03	1.02	0.91	0.82	0.79	0.79	0.83	1.36	1.6	1.65	1.85	2.43	1.5	1.03	1.28	1.24	1.39
BS_4-8_manning003_extreme/E01522N3585E03578N2685-BS-M809_E01805N3400_D010_S247D50R090_A006995_S075	0.41	0.52	0.65	0.73	0.71	2.69	2.81	2.66	1.96	8.11	7.05	1.87	4.2	1.89	2.41	1.89	2.33	2.12	2.19	2.27	4.42	6.58	2.09	12.38	2.24	2.13	2.73	2.95	3.03	2.83	2.27	2.6	2.02	2.43	2.5	2.59	1.86	1.7	1.65	1.6	1.54	1.53	1.63	1.95	1.68	1.72	2.22	1.9	1.77	1.7	1.84	1.78	1.56	1.75	1.69	1.63	1.34	1.97	2.08	1.53	1.57	1.48	1.45	1.39	1.39	1.34	1.28	1.39	1.64	1.65	1.2	1.07	1.09	0.96	1.02	0.97	1.14	1.44	1.66	1.7	1.8	2.12	1.57	1.29	1.49	1.33	1.46
BS_4-8_manning003_extreme/E01522N3585E03578N2685-BS-M809_E01692N3535_D010_S247D30R090_A006995_S075	0.44	0.53	0.67	0.82	0.78	2.91	3.61	3.31	1.94	8.11	7.06	2.02	4.21	2.11	2.31	2.23	2.17	2.34	2.72	2.99	2.98	5.39	2.49	12.38	2.39	2.19	2.98	3.73	3.85	3.25	2.7	3.34	2.23	2.9	2.76	2.95	1.78	1.89	1.81	1.68	1.61	1.9	1.74	2.14	1.81	2.02	2.19	2.07	1.93	1.82	1.95	1.83	1.71	2.06	1.94	1.85	1.39	1.95	2.14	1.65	1.54	1.39	1.36	1.31	1.39	1.41	1.35	1.5	1.75	1.73	1.32	1.1	1.11	0.94	0.88	0.99	1.03	1.71	2.12	2.23	2.42	2.78	2.22	1.17	1.42	1.49	1.67
BS_4-8_manning003_extreme/E01522N3585E03578N2685-BS-M792_E01859N3400_D010_S247D70R270_A004781_S062	0.28	0.33	0.44	0.69	0.66	1.85	2.03	1.8	1.82	8.1	7.04	2.05	4.19	2.77	2.78	2.22	4.06	4.29	2.77	3.36	7.33	6.51	3.63	12.37	3.17	4.09	3.21	4.15	2.44	6.07	6.38	4.32	2.61	4.42	3.07	2.42	1.98	1.89	1.89	1.54	1.43	1.78	2.28	2.2	2.29	1.5	2.14	2.95	1.7	1.9	2.68	1.73	1.86	2.18	1.55	2.21	1.38	1.94	2.55	1.13	0.88	0.88	0.77	0.59	0.77	1.03	0.81	1.18	1.45	1.76	0.71	0.87	0.77	0.6	0.61	0.56	0.5	1.03	1.37	1.46	1.92	2.92	1.44	0.75	1.04	1.15	1.09
BS_4-8_manning003_extreme/E01522N3585E03578N2685-BS-M809_E01901N3333_D010_S247D50R090_A006995_S075	0.44	0.54	0.63	0.67	0.68	1.99	2.43	2.34	1.47	8.11	7.05	1.41	4.2	1.71	1.63	1.48	1.99	1.65	1.68	1.99	3.45	3.11	1.86	12.37	1.71	1.68	2.02	2.41	2.5	3.41	2.08	2.19	1.71	2.06	2.06	2.2	1.54	1.48	1.43	1.33	1.28	1.32	1.42	1.69	1.41	1.54	2.21	1.65	1.59	1.51	1.62	1.6	1.39	1.55	1.56	1.65	1.21	1.78	1.9	1.5	1.47	1.4	1.36	1.3	1.33	1.27	1.21	1.29	1.5	1.49	1.13	0.98	1.2	0.91	0.94	0.96	1.08	1.3	1.5	1.54	1.63	1.95	1.41	1.18	1.34	1.21	1.68
BS_4-8_manning003_extreme/E01522N3585E03578N2685-BS-M809_E01790N3467_D010_S247D30R090_A006995_S075	0.4	0.51	0.63	0.76	0.75	2.68	3.46	3.12	1.93	8.11	7.05	1.88	4.2	1.91	2.0	2.09	2.5	2.32	2.61	2.82	3.75	5.92	2.41	12.38	2.44	2.2	2.92	3.45	3.72	2.92	2.71	3.34	2.2	3.02	2.58	3.05	1.82	1.88	1.82	1.66	1.59	1.63	1.73	2.13	1.67	1.93	2.11	1.98	1.85	1.79	1.91	1.79	1.62	1.91	1.82	1.81	1.33	1.88	2.08	1.5	1.37	1.24	1.2	1.19	1.26	1.23	1.15	1.3	1.6	1.6	1.14	0.98	0.87	0.77	0.74	0.83	0.85	1.4	1.69	1.76	1.98	2.36	1.69	1.01	1.24	1.25	1.43
BS_4-8_manning003_extreme/E01267N3753E01646N3535-BS-M809_E01572N3647_D010_S022D70R090_A006995_S075	0.33	0.34	0.47	0.73	0.84	1.4	1.76	1.6	1.53	8.07	7.02	1.59	4.17	1.2	1.38	1.42	1.56	1.36	1.56	1.76	2.62	2.95	1.4	12.33	1.62	1.66	2.66	2.5	2.56	3.36	3.57	3.97	2.74	4.47	4.59	3.16	3.53	1.92	2.46	2.53	2.66	2.95	3.96	4.76	4.56	3.04	4.72	5.84	4.33	4.68	6.51	5.59	4.37	6.24	4.85	6.77	4.14	6.78	7.86	5.51	3.43	3.16	2.69	2.77	3.04	3.03	2.65	3.15	4.7	6.59	4.17	3.31	2.94	2.48	2.46	2.2	2.61	3.62	4.28	4.34	4.92	7.09	3.69	2.95	3.77	4.46	4.35
BS_4-8_manning003_extreme/E01522N3585E03578N2685-BS-M809_E01932N3355_D010_S067D70R090_A006995_S075	0.37	0.44	0.56	0.72	0.8	2.45	3.08	2.74	1.61	8.1	7.05	2.14	4.2	2.6	2.33	2.89	3.02	2.68	4.16	4.83	4.83	5.41	2.66	12.37	2.88	2.81	5.45	3.82	4.13	4.89	4.92	4.0	3.31	5.02	3.81	2.95	2.58	2.68	2.49	2.3	2.1	1.81	2.76	2.85	2.48	2.17	3.04	3.85	2.37	2.79	3.35	2.31	2.35	2.78	2.43	2.57	1.95	2.89	4.11	1.98	1.13	1.04	1.16	1.02	1.53	1.51	1.35	1.35	2.32	2.7	1.35	1.51	1.29	1.05	1.03	0.82	0.82	1.57	1.94	2.01	2.4	3.7	1.79	1.35	1.9	2.03	2.06
BS_4-8_manning003_extreme/E01522N3585E03578N2685-BS-M809_E01664N3535_D010_S067D50R270_A006995_S075	0.49	0.61	0.76	0.94	0.89	2.45	4.33	3.77	3.22	8.09	7.03	2.68	4.18	2.65	2.59	2.24	2.86	3.18	2.8	2.67	6.38	9.51	2.0	12.36	2.03	1.58	2.88	3.78	2.52	3.25	3.29	1.96	1.85	3.16	2.09	2.04	1.93	1.5	2.67	0.86	0.96	1.49	1.39	1.71	1.8	1.28	2.86	1.18	1.49	1.0	0.77	0.92	0.93	1.56	1.91	1.42	0.8	1.53	1.52	1.3	1.74	1.4	1.41	1.75	1.22	1.83	1.33	1.94	1.03	1.01	1.27	0.9	1.12	0.87	0.89	1.05	0.86	0.87	1.23	1.62	1.8	1.99	1.57	0.89	1.13	0.95	1.03
BS_4-8_manning003_extreme/E01470N3877E01631N3641-BS-M809_E01579N3692_D010_S157D90R270_A012497_S042	0.35	0.29	0.49	0.56	0.47	1.61	1.62	1.28	1.29	8.21	7.16	1.11	4.34	0.99	1.08	0.89	1.3	1.12	0.94	0.88	1.54	1.85	0.82	12.26	1.07	1.12	1.67	2.36	3.05	5.69	4.21	4.26	2.85	5.11	3.5	3.56	3.63	1.92	2.9	2.27	2.11	1.87	2.11	4.22	4.66	2.28	3.0	4.89	2.39	2.05	2.6	3.52	3.1	3.36	4.11	3.88	2.36	2.01	5.03	3.46	3.26	3.12	2.59	2.38	2.12	2.27	2.25	2.6	2.69	3.71	3.15	2.28	1.92	2.13	1.73	2.02	2.25	1.82	2.1	2.11	2.26	2.95	1.7	1.92	2.73	3.35	2.6
BS_4-8_manning003_extreme/E01470N3877E01631N3641-BS-M809_E01579N3692_D010_S022D90R090_A012497_S042	0.54	0.56	0.73	1.03	1.12	2.93	2.93	2.74	2.76	8.01	6.94	2.65	4.08	2.33	2.04	2.37	3.1	3.37	2.75	3.82	7.29	7.15	3.35	12.21	3.42	3.77	4.69	5.1	4.66	5.53	5.15	5.93	2.83	5.02	4.47	4.69	3.69	2.67	2.16	1.99	1.84	2.3	2.78	3.41	4.15	2.7	3.81	3.63	2.79	2.58	3.89	3.21	3.13	4.0	4.2	3.6	2.16	3.99	5.25	3.47	2.71	2.78	2.51	1.91	1.86	2.5	2.28	2.62	2.7	4.06	2.76	1.84	1.61	1.33	1.95	1.82	2.12	2.53	3.13	3.21	3.7	5.65	3.09	1.54	2.21	2.26	2.69
BS_4-8_manning003_extreme/E01522N3585E03578N2685-BS-M809_E01770N3512_D010_S067D30R090_A006995_S075	0.54	0.66	0.75	0.81	0.89	3.01	3.39	3.2	2.26	8.11	7.06	2.04	4.2	2.96	2.92	2.46	3.6	3.65	2.85	2.72	4.96	4.61	2.6	12.38	2.51	2.37	3.17	3.33	3.29	3.5	3.31	3.68	1.93	2.6	2.06	2.62	1.64	1.48	1.31	1.22	1.18	1.2	1.26	1.64	1.41	1.28	1.4	1.55	1.26	1.37	1.5	1.53	1.33	1.41	1.32	1.44	1.1	1.8	1.78	1.31	1.11	1.07	1.03	1.01	1.02	0.97	0.9	1.04	1.31	1.45	0.92	0.85	0.78	0.73	0.67	0.7	0.83	1.24	1.44	1.52	1.74	2.32	1.5	0.84	0.94	0.98	1.22
BS_4-8_manning003_extreme/E01522N3585E03578N2685-BS-M792_E01824N3355_D010_S247D50R090_A004781_S062	0.23	0.28	0.36	0.42	0.42	1.51	1.6	1.5	1.06	8.1	7.05	1.04	4.2	1.48	1.08	1.12	1.37	1.27	1.3	1.4	2.09	4.04	1.28	12.37	1.16	1.24	1.83	1.79	1.8	2.24	1.54	1.64	1.2	1.53	1.5	1.5	1.1	1.03	1.0	0.98	0.94	0.94	1.0	1.2	1.0	1.06	1.27	1.17	1.05	1.05	1.12	1.11	0.98	1.1	1.08	1.05	0.86	1.24	1.26	0.87	0.91	0.87	0.85	0.8	0.84	0.8	0.76	0.83	1.0	1.0	0.77	0.76	0.74	0.58	0.72	0.71	0.91	0.83	0.97	1.0	1.1	1.34	0.9	0.96	1.2	0.96	1.21
BS_4-8_manning003_extreme/E01522N3585E03578N2685-BS-M809_E01739N3490_D010_S247D50R090_A006995_S075	0.48	0.62	0.79	0.77	0.78	2.9	3.48	3.33	2.45	8.11	7.06	2.22	4.2	2.32	2.7	2.31	3.99	2.94	2.59	2.65	5.77	7.04	2.52	12.38	2.7	2.57	3.22	3.45	3.48	2.9	2.67	3.07	2.32	2.77	2.74	2.96	2.18	2.01	1.94	1.85	1.76	1.7	1.92	2.25	1.88	2.0	2.3	2.2	2.06	1.99	2.16	1.96	1.77	1.91	1.96	1.86	1.61	2.36	2.37	1.77	1.8	1.66	1.64	1.63	1.64	1.59	1.5	1.58	1.92	1.89	1.4	1.22	1.09	1.03	1.14	1.17	1.43	1.73	1.95	2.01	2.14	2.46	1.89	1.28	1.5	1.58	1.68
BS_4-8_manning003_extreme/E01522N3585E03578N2685-BS-M809_E01805N3400_D010_S067D50R090_A006995_S075	0.36	0.49	0.59	0.7	0.73	2.77	3.12	2.97	1.87	8.11	7.05	2.27	4.2	3.65	3.8	3.16	4.81	5.14	3.19	3.87	7.55	6.73	4.05	12.38	3.6	4.17	3.56	4.88	3.59	5.66	5.77	4.35	2.92	4.35	3.89	2.67	2.24	2.44	2.19	2.07	1.99	1.93	2.53	2.55	2.16	2.11	2.46	3.03	2.28	2.54	3.07	2.29	2.3	2.37	2.25	2.24	1.88	2.55	3.16	1.61	1.39	1.35	1.36	1.28	1.47	1.41	1.28	1.39	2.03	2.16	1.23	1.27	1.12	0.99	0.91	0.89	1.15	1.7	2.04	2.14	2.44	3.28	2.0	1.27	1.68	1.56	1.83
BS_4-8_manning003_extreme/E01522N3585E03578N2685-BS-M792_E01928N3333_D010_S247D50R090_A004781_S062	0.28	0.33	0.38	0.44	0.47	1.31	1.5	1.42	1.09	8.1	7.05	1.05	4.2	1.48	1.27	0.96	1.67	1.09	1.18	1.26	2.06	2.11	1.51	12.37	1.13	1.34	1.41	1.64	1.69	2.51	1.66	1.51	1.13	1.45	1.64	1.43	1.04	0.99	0.95	0.93	0.89	0.91	0.97	1.14	1.06	1.04	1.53	1.1	1.05	1.03	1.11	1.07	0.96	1.05	1.02	1.11	0.81	1.18	1.28	0.92	0.93	0.87	0.85	0.82	0.83	0.79	0.75	0.83	0.99	1.01	0.71	0.64	0.75	0.64	0.71	0.68	0.79	0.82	0.95	0.97	1.05	1.29	0.87	0.8	0.88	0.79	1.08
BS_4-8_manning003_extreme/E01522N3585E03578N2685-BS-M809_E01909N3378_D010_S247D30R090_A006995_S075	0.32	0.42	0.52	0.64	0.69	2.09	2.7	2.44	1.45	8.11	7.05	1.46	4.2	1.46	1.57	1.62	1.62	1.78	2.02	2.21	2.26	4.57	1.92	12.37	1.84	1.69	2.37	2.76	3.05	2.8	2.17	2.72	1.69	2.59	2.19	2.48	1.5	1.49	1.48	1.42	1.35	1.42	1.38	1.8	1.42	1.69	2.07	1.66	1.58	1.47	1.55	1.56	1.45	1.62	1.56	1.64	1.12	1.59	1.84	1.36	1.25	1.13	1.09	1.08	1.12	1.08	0.99	1.14	1.4	1.41	1.02	0.85	0.77	0.81	0.71	0.68	0.69	1.21	1.43	1.48	1.65	2.08	1.39	0.91	1.07	1.1	1.28
BS_4-8_manning003_extreme/E01522N3585E03578N2685-BS-M809_E01863N3422_D010_S247D30R090_A006995_S075	0.37	0.48	0.59	0.69	0.71	2.37	3.08	2.8	1.7	8.11	7.05	1.69	4.2	1.89	1.76	1.85	2.4	1.98	2.28	2.51	3.59	6.42	2.12	12.37	2.07	1.86	2.6	3.05	3.28	2.82	2.47	2.82	1.93	2.69	2.29	2.74	1.61	1.64	1.6	1.5	1.43	1.46	1.52	1.91	1.52	1.76	1.93	1.78	1.66	1.56	1.67	1.57	1.43	1.67	1.62	1.61	1.15	1.6	1.77	1.29	1.2	1.08	1.05	1.03	1.09	1.06	0.98	1.12	1.36	1.36	0.98	0.81	0.72	0.61	0.63	0.69	0.7	1.16	1.38	1.43	1.58	1.9	1.36	0.87	1.02	1.07	1.22
BS_4-8_manning003_extreme/E01517N3917E01678N3772-BS-M774_E01566N3782_D010_S337D30R090_A005608_S028	0.28	0.36	0.5	0.64	0.56	0.99	1.06	1.16	1.26	8.81	7.85	1.18	5.16	1.04	1.08	1.12	1.17	1.2	1.23	1.28	2.21	2.24	1.54	12.31	1.68	1.56	2.34	2.31	3.13	2.88	2.03	2.29	1.5	2.38	1.92	1.84	1.29	1.3	1.5	1.39	1.33	1.78	1.32	2.06	1.22	1.22	1.33	1.83	0.92	0.91	1.0	1.08	0.67	0.67	1.07	0.71	0.44	0.36	0.57	0.57	0.47	0.36	0.34	0.33	0.37	0.46	0.49	0.42	0.57	0.58	0.43	0.36	0.3	0.34	0.33	0.3	0.23	0.31	0.26	0.24	0.25	0.26	0.21	0.26	0.28	0.3	0.29
BS_4-8_manning003_extreme/E01522N3585E03578N2685-BS-M792_E01813N3445_D010_S067D70R270_A004781_S062	0.37	0.45	0.51	0.58	0.59	1.63	2.2	2.09	2.17	8.1	7.04	2.17	4.19	2.0	2.44	1.62	3.44	2.65	2.02	2.48	6.93	8.0	1.89	12.37	2.1	1.61	3.69	4.44	1.66	4.09	2.51	2.22	1.53	2.86	1.88	1.19	1.52	1.14	1.53	0.81	0.82	1.12	1.29	1.29	1.38	0.82	2.47	0.98	0.85	0.62	0.61	0.73	0.64	1.3	1.24	1.57	0.54	1.05	0.97	0.89	1.07	0.81	0.81	0.87	0.5	0.83	0.54	0.76	0.65	0.67	0.76	0.66	0.55	0.53	0.67	0.69	0.66	0.61	0.65	0.58	0.84	1.61	0.65	0.77	0.8	0.69	0.89
BS_4-8_manning003_extreme/E01522N3585E03578N2685-BS-M809_E01836N3422_D010_S067D70R090_A006995_S075	0.47	0.56	0.72	0.94	0.95	3.25	3.79	3.59	2.14	8.11	7.05	2.83	4.36	4.7	4.84	4.08	6.63	6.75	4.14	5.12	9.75	9.19	5.19	12.37	4.67	4.93	4.98	6.25	4.2	6.38	6.63	4.83	3.44	5.23	4.25	3.29	2.3	2.52	2.16	2.19	2.07	1.92	2.53	2.63	2.35	1.98	2.61	2.91	2.21	2.61	3.12	2.22	2.22	2.52	2.17	2.21	1.75	2.34	3.1	1.78	1.45	1.33	1.2	1.19	1.23	1.19	1.17	1.62	1.82	1.96	1.23	1.11	0.98	0.83	0.74	0.78	1.09	1.61	2.0	2.14	2.53	3.34	2.05	1.1	1.51	1.43	1.69
BS_4-8_manning003_extreme/E01267N3753E01646N3535-BS-M809_E01530N3737_D010_S337D70R090_A006995_S075	0.67	0.97	1.33	1.33	1.23	5.54	3.61	3.21	2.68	8.23	7.19	2.35	4.4	2.09	1.99	1.94	1.87	1.86	1.82	1.64	1.64	2.42	1.52	13.85	2.66	1.94	2.7	3.43	2.68	2.7	2.82	3.55	3.99	4.32	2.96	4.77	3.8	3.62	3.9	3.83	3.44	3.24	3.97	5.31	5.86	3.51	3.95	6.05	4.05	3.37	4.12	5.52	4.81	6.38	4.86	5.83	3.73	4.03	8.23	7.71	5.24	3.77	3.76	3.09	4.14	4.27	3.83	3.41	4.02	5.77	4.67	3.4	3.0	2.55	2.28	2.26	2.31	2.3	2.44	2.4	2.42	3.02	1.84	3.1	4.75	4.15	4.51
BS_4-8_manning003_extreme/E01522N3585E03578N2685-BS-M809_E02116N3333_D010_S202D50R090_A006995_S075	0.26	0.3	0.36	0.45	0.46	1.52	1.6	1.53	1.15	8.1	7.05	0.97	4.2	1.15	0.98	0.98	1.24	1.11	1.31	1.24	2.73	3.64	1.2	12.37	1.15	1.16	2.02	1.61	1.67	2.32	1.27	1.63	1.19	1.57	1.91	1.54	1.15	1.06	1.02	0.96	0.91	1.1	1.02	1.2	1.13	1.07	1.71	1.16	1.11	1.08	1.16	1.13	0.96	1.55	1.08	1.84	0.83	1.8	1.31	1.04	1.03	0.98	0.95	0.89	0.92	0.87	0.83	0.87	1.01	1.0	0.8	0.88	0.82	0.66	0.89	0.58	0.73	0.83	0.92	0.94	1.0	1.29	0.84	0.67	0.77	0.81	0.87
BS_4-8_manning003_extreme/E01522N3585E03578N2685-BS-M809_E01905N3355_D010_S247D50R090_A006995_S075	0.46	0.57	0.66	0.68	0.75	2.58	2.63	2.51	1.7	8.11	7.05	1.63	4.2	1.75	1.72	1.77	2.21	1.96	2.03	2.21	2.37	3.91	2.45	12.37	2.1	2.01	3.09	2.85	2.91	3.03	2.23	2.61	2.0	2.44	2.45	2.44	1.76	1.73	1.66	1.55	1.49	1.53	1.66	1.93	1.63	1.77	2.66	1.9	1.8	1.74	1.87	1.82	1.6	1.78	1.75	1.93	1.35	1.97	2.11	1.55	1.6	1.51	1.47	1.4	1.42	1.34	1.28	1.39	1.62	1.64	1.18	1.06	1.03	0.93	1.11	0.93	0.95	1.38	1.58	1.61	1.67	2.04	1.45	1.07	1.31	1.32	1.45
BS_4-8_manning003_extreme/E01522N3585E03578N2685-BS-M809_E01859N3400_D010_S067D70R090_A006995_S075	0.45	0.53	0.68	0.91	0.88	3.17	3.68	3.4	2.05	8.11	7.05	2.54	4.31	4.65	4.05	3.77	6.48	6.24	4.55	5.37	9.21	9.61	5.34	12.37	4.81	5.1	5.31	6.87	4.6	6.83	7.38	5.78	3.59	5.55	5.07	3.27	2.63	2.94	2.65	2.38	2.2	2.05	2.86	2.95	2.76	2.17	3.08	3.37	2.54	3.01	3.72	2.5	2.51	2.83	2.53	2.5	2.02	2.75	3.55	1.82	1.36	1.27	1.21	1.2	1.36	1.32	1.21	1.59	2.06	2.25	1.18	1.26	1.1	0.93	0.82	0.76	0.92	1.68	2.09	2.2	2.62	3.6	2.03	1.19	1.62	1.46	1.72
BS_4-8_manning003_extreme/E01470N3877E01631N3641-BS-M809_E01579N3692_D010_S067D90R270_A012497_S042	0.75	1.01	1.24	1.19	0.99	5.52	4.89	4.88	3.94	8.15	7.1	2.44	4.25	2.1	2.08	1.96	2.04	2.12	2.13	2.08	3.72	5.04	1.95	12.46	2.03	1.92	2.12	2.35	2.19	2.18	2.17	1.88	1.57	1.78	2.37	2.93	1.86	1.48	1.39	1.28	1.25	1.38	1.35	1.41	1.53	1.26	1.7	1.35	1.39	1.28	1.35	1.3	1.32	1.47	1.4	1.42	1.49	2.07	1.75	1.67	1.8	1.79	1.78	1.74	1.72	1.69	1.75	1.84	1.99	1.59	1.84	2.41	2.53	2.11	2.13	2.57	2.61	2.78	2.72	2.5	1.89	1.93	1.31	2.8	1.89	2.26	2.08
BS_4-8_manning003_extreme/E01108N3882E01527N3690-BS-M809_E01442N3715_D010_S067D70R270_A012497_S042	0.52	0.55	0.62	0.74	0.68	3.18	4.01	4.02	2.11	8.19	7.14	1.31	4.3	1.03	1.05	0.8	1.11	1.08	1.05	1.39	1.76	3.25	1.61	12.69	1.42	1.34	2.14	3.12	2.32	2.89	2.04	1.79	1.19	2.32	1.98	2.79	2.1	1.84	1.37	1.72	2.54	1.94	1.87	3.89	3.01	1.87	2.05	2.67	1.84	1.29	1.38	2.09	1.18	1.0	1.11	1.16	0.72	0.57	0.76	0.92	0.65	0.56	0.53	0.4	0.49	0.54	0.58	0.53	0.53	0.65	0.65	0.67	0.6	0.88	0.91	0.98	0.95	1.1	1.18	1.23	1.08	0.92	1.15	0.42	0.43	0.4	0.45
BS_4-8_manning003_extreme/E01446N4259E02038N3783-BS-M809_E01970N3805_D010_S337D70R090_A006995_S075	0.5	0.53	0.76	0.89	1.05	2.85	3.48	3.23	1.78	8.11	7.05	2.55	4.2	2.93	3.0	2.97	3.81	4.15	3.91	5.2	4.97	6.81	3.94	12.37	4.68	3.79	5.48	5.96	5.2	6.92	6.39	6.22	4.29	6.33	5.24	3.73	4.36	4.84	4.49	3.98	3.66	3.67	4.08	4.66	4.32	4.04	4.78	6.46	3.4	4.07	5.34	4.26	4.24	5.36	4.61	3.97	3.64	2.57	6.71	4.25	2.06	1.81	1.99	1.88	2.29	2.28	1.96	2.1	2.35	3.81	2.59	1.95	1.67	1.38	1.46	1.37	1.47	1.5	1.83	1.81	1.87	2.44	1.3	1.67	2.51	2.6	2.35
BS_4-8_manning003_extreme/E01522N3585E03578N2685-BS-M809_E01770N3512_D010_S247D30R090_A006995_S075	0.43	0.52	0.66	0.8	0.78	2.76	3.63	3.3	1.99	8.11	7.06	1.91	4.2	1.82	1.94	2.03	2.19	2.28	2.33	2.52	2.45	4.86	2.19	12.38	2.12	2.03	2.47	3.32	3.48	2.37	2.24	2.72	2.02	2.33	2.41	2.83	1.68	1.64	1.57	1.42	1.36	1.4	1.5	1.82	1.62	1.72	1.9	1.7	1.62	1.49	1.62	1.47	1.33	1.64	1.61	1.42	1.04	1.49	1.62	1.24	1.17	1.06	1.04	0.99	1.06	1.06	1.01	1.14	1.28	1.28	0.98	0.8	0.7	0.66	0.64	0.73	0.77	1.17	1.44	1.51	1.67	1.92	1.48	0.85	1.06	1.08	1.21
BS_4-8_manning003_extreme/E01522N3585E03578N2685-BS-M809_E01684N3490_D010_S247D50R090_A006995_S075	0.33	0.39	0.49	0.58	0.58	2.17	2.8	2.65	1.86	8.11	7.06	1.69	4.2	1.99	2.1	1.73	3.75	1.95	1.98	2.4	3.59	4.71	2.19	12.38	1.96	1.87	2.25	2.64	2.75	2.13	2.01	2.33	1.8	2.22	2.07	2.43	1.68	1.55	1.51	1.44	1.37	1.39	1.49	1.78	1.51	1.64	1.8	1.72	1.7	1.64	1.74	1.67	1.47	1.66	1.69	1.63	1.39	2.06	2.09	1.64	1.63	1.56	1.53	1.46	1.5	1.43	1.37	1.47	1.71	1.71	1.28	1.14	1.03	1.34	1.41	1.37	1.25	1.63	1.92	1.99	2.11	2.45	1.89	1.3	1.49	1.43	1.58
BS_4-8_manning003_extreme/E01522N3585E03578N2685-BS-M809_E01913N3400_D010_S067D70R090_A006995_S075	0.39	0.46	0.58	0.77	0.74	2.61	3.11	2.86	1.81	8.1	7.05	1.93	4.2	3.68	3.65	2.78	4.35	4.93	3.21	3.25	7.88	7.02	3.81	12.37	3.8	4.4	4.24	5.67	3.3	6.85	6.69	4.37	3.06	4.96	4.33	2.87	2.32	2.99	2.63	2.05	1.81	1.93	2.78	2.65	2.82	2.27	3.09	3.6	2.11	2.74	3.41	2.17	2.19	2.85	2.28	2.24	1.81	2.44	3.05	1.59	0.99	1.01	1.11	0.88	1.18	1.17	1.03	1.26	1.82	2.09	1.05	1.18	1.01	0.82	0.72	0.64	0.72	1.33	1.67	1.74	2.1	3.08	1.61	1.03	1.4	1.53	1.49
BS_4-8_manning003_extreme/E01522N3585E03578N2685-BS-M809_E01809N3422_D010_S067D70R090_A006995_S075	0.46	0.54	0.7	0.91	0.99	3.0	3.58	3.42	2.14	8.11	7.05	2.66	4.32	4.77	4.83	3.76	5.89	6.39	3.99	4.51	9.54	8.2	4.84	12.37	4.52	4.92	4.47	5.5	3.89	6.8	6.75	4.75	3.36	5.08	4.2	3.22	2.25	2.8	2.47	2.16	2.09	2.04	2.73	2.8	2.4	2.23	2.69	3.33	2.37	2.65	3.25	2.43	2.43	2.5	2.32	2.36	1.92	2.57	3.49	1.78	1.53	1.43	1.24	1.26	1.44	1.39	1.23	1.74	2.14	2.31	1.3	1.25	1.12	0.93	0.84	0.82	0.98	1.8	2.24	2.39	2.85	3.83	2.27	1.31	1.76	1.58	1.98
BS_4-8_manning003_extreme/E01522N3585E03578N2685-BS-M809_E01644N3580_D010_S022D50R090_A006995_S075	0.21	0.25	0.4	0.5	0.52	1.26	1.62	1.52	1.0	8.1	7.04	1.07	4.19	1.17	1.18	0.98	1.22	1.3	1.16	1.31	2.23	2.34	1.14	12.37	1.3	1.45	2.09	1.93	1.96	2.24	2.25	2.59	1.58	2.44	1.76	1.98	1.08	1.21	1.18	1.24	1.19	1.58	1.49	1.7	1.76	1.44	1.63	2.33	1.75	1.87	2.69	2.39	1.86	2.02	2.12	2.2	2.03	4.32	6.9	3.11	2.08	2.37	2.08	2.01	2.44	2.58	2.35	2.7	3.93	5.34	2.53	3.0	2.6	2.21	1.88	1.86	1.81	2.92	3.34	3.36	3.7	5.45	2.7	2.81	3.7	4.71	4.07
BS_4-8_manning003_extreme/E01267N3753E01646N3535-BS-M809_E01572N3647_D010_S022D90R090_A006995_S075	0.3	0.32	0.47	0.71	0.77	1.44	1.89	1.97	1.91	8.09	7.04	1.85	4.18	1.36	1.25	1.42	1.42	1.25	1.24	1.49	2.13	2.62	1.33	12.35	1.33	1.38	2.73	1.96	2.35	3.58	3.67	4.5	2.5	4.59	3.0	3.08	3.68	3.54	3.79	2.35	1.89	2.36	3.22	4.19	5.65	2.84	4.42	6.48	3.46	4.24	6.15	4.71	4.11	7.87	5.63	6.24	3.39	4.66	9.13	4.75	3.72	3.36	2.94	2.32	2.51	3.28	3.02	3.43	4.11	5.87	3.63	2.67	2.23	1.81	2.26	2.16	2.56	3.17	4.04	4.03	4.52	6.98	3.38	2.25	3.48	4.12	3.58
BS_4-8_manning003_extreme/E01108N3882E01527N3690-BS-M792_E01477N3760_D010_S292D10R270_A008541_S034	0.28	0.28	0.44	0.5	0.54	1.44	1.9	1.95	0.85	8.1	7.04	0.65	4.2	0.76	0.65	0.6	0.65	0.63	0.64	0.62	0.68	0.75	0.55	12.56	1.18	0.53	0.75	0.97	0.83	0.87	0.7	0.77	0.61	0.77	0.62	0.69	0.77	0.81	0.97	1.15	1.15	1.53	1.36	1.8	1.2	1.34	1.38	1.0	0.78	0.74	0.86	0.9	0.52	0.57	0.7	0.51	0.34	0.25	0.31	0.31	0.25	0.26	0.24	0.28	0.27	0.27	0.2	0.2	0.2	0.22	0.28	0.21	0.16	0.13	0.11	0.11	0.13	0.14	0.15	0.14	0.14	0.15	0.12	0.13	0.16	0.16	0.16
BS_4-8_manning003_extreme/E01267N3753E01646N3535-BS-M809_E01547N3670_D010_S022D90R090_A006995_S075	0.37	0.43	0.6	0.93	0.99	1.97	2.65	2.72	2.42	8.08	7.03	2.04	4.17	1.75	1.79	1.89	2.02	1.81	1.62	2.05	2.57	3.31	1.79	12.3	1.76	1.88	3.98	2.89	3.35	4.7	4.72	6.12	3.93	6.28	6.26	4.02	5.6	4.34	4.63	3.39	3.31	3.06	5.0	5.39	6.65	3.4	5.28	6.28	4.04	3.82	5.39	4.0	4.06	7.16	4.78	8.07	2.95	4.92	8.7	4.53	3.66	3.67	2.85	2.5	2.93	3.82	3.25	4.0	4.84	6.68	3.51	3.26	2.53	3.75	4.27	5.0	5.03	7.5	6.37	6.25	5.13	4.95	5.43	2.61	3.5	4.35	4.15
BS_4-8_manning003_extreme/E01522N3585E03578N2685-BS-M809_E01840N3445_D010_S247D30R090_A006995_S075	0.38	0.48	0.6	0.71	0.74	2.49	3.2	2.94	1.86	8.11	7.05	1.8	4.2	1.96	1.86	1.96	2.83	2.2	2.38	2.65	3.87	6.33	2.25	12.38	2.17	1.96	2.69	3.17	3.36	2.53	2.41	2.92	1.97	2.71	2.36	2.83	1.63	1.67	1.61	1.51	1.44	1.46	1.52	1.88	1.53	1.75	1.89	1.73	1.63	1.53	1.63	1.54	1.43	1.66	1.59	1.56	1.09	1.52	1.69	1.26	1.14	1.03	0.99	0.99	1.05	1.03	0.95	1.1	1.3	1.3	0.95	0.8	0.71	0.65	0.61	0.67	0.69	1.14	1.36	1.41	1.58	1.91	1.36	0.83	1.01	1.01	1.18
BS_4-8_manning003_extreme/E01522N3585E03578N2685-BS-M809_E01963N3378_D010_S067D30R090_A006995_S075	0.28	0.32	0.4	0.46	0.52	1.44	1.73	1.62	1.08	8.11	7.05	1.1	4.2	1.98	1.79	1.37	2.31	2.01	2.12	2.3	3.06	3.46	1.91	12.37	1.74	2.03	2.55	2.63	1.89	2.89	3.03	2.5	1.62	2.54	2.03	1.58	1.4	1.52	1.36	1.21	1.12	1.13	1.56	1.57	1.41	1.27	1.65	2.05	1.39	1.5	1.8	1.29	1.32	1.49	1.34	1.28	1.09	1.59	2.0	0.91	0.8	0.78	0.8	0.75	0.94	0.92	0.83	0.83	1.26	1.4	0.75	0.84	0.73	0.63	0.57	0.56	0.55	0.91	1.07	1.09	1.21	1.74	0.92	0.76	0.98	1.07	1.08
BS_4-8_manning003_extreme/E01522N3585E03578N2685-BS-M809_E01715N3512_D010_S067D70R090_A006995_S075	0.52	0.62	0.8	1.02	0.95	3.33	4.1	3.63	2.01	8.11	7.05	2.11	4.2	4.42	4.18	2.71	4.22	4.91	3.92	3.87	7.6	6.6	3.23	12.38	3.49	3.03	5.77	4.37	5.55	4.59	4.49	5.73	2.74	4.01	3.36	3.56	1.93	2.04	2.71	1.91	1.79	2.0	1.82	2.39	2.28	2.16	2.6	2.17	1.97	1.96	2.09	2.02	2.02	2.2	2.2	2.58	1.58	2.39	2.65	2.08	1.71	1.6	1.34	1.29	1.32	1.44	1.46	2.01	2.09	2.21	1.48	1.33	1.17	0.97	0.95	1.13	1.16	1.96	2.57	2.83	3.69	4.61	3.0	1.28	1.69	1.65	1.94
BS_4-8_manning003_extreme/E01522N3585E03578N2685-BS-M792_E01882N3378_D010_S247D70R270_A004781_S062	0.26	0.31	0.42	0.66	0.59	1.69	1.99	1.58	1.52	8.1	7.04	2.11	4.19	2.28	1.98	1.53	2.64	2.45	3.98	3.46	4.98	5.76	2.66	12.37	2.59	2.81	4.52	3.73	2.56	4.84	5.24	4.27	2.6	4.04	3.46	2.32	2.17	2.08	1.83	1.85	1.68	1.75	2.51	2.19	2.32	1.46	2.27	3.17	1.95	2.28	3.25	1.7	1.9	2.05	1.91	2.48	1.53	2.29	3.23	1.33	0.91	0.91	0.77	0.61	0.91	1.04	0.8	1.18	1.73	2.16	0.81	1.01	0.9	0.71	0.9	0.59	0.56	1.09	1.43	1.52	1.99	3.19	1.45	0.85	1.34	1.17	1.31
BS_4-8_manning003_extreme/E01522N3585E03578N2685-BS-M809_E01798N3512_D010_S247D30R090_A006995_S075	0.41	0.5	0.6	0.73	0.72	2.54	3.33	3.03	1.83	8.11	7.05	1.79	4.2	1.76	1.95	1.91	2.26	2.19	2.16	2.3	2.98	4.13	2.01	12.38	1.9	1.82	2.28	2.91	3.12	2.15	2.01	2.52	1.79	2.13	2.11	2.55	1.44	1.44	1.35	1.27	1.21	1.22	1.32	1.59	1.4	1.46	1.62	1.51	1.39	1.31	1.41	1.29	1.18	1.42	1.35	1.22	0.91	1.28	1.4	1.02	0.98	0.9	0.84	0.81	0.87	0.88	0.83	0.97	1.08	1.1	0.78	0.67	0.59	0.6	0.53	0.59	0.63	0.95	1.15	1.21	1.29	1.48	1.17	0.7	0.9	0.91	0.98
BS_4-8_manning003_extreme/E01522N3585E03578N2685-BS-M792_E01770N3512_D010_S067D70R270_A004781_S062	0.4	0.5	0.57	0.63	0.62	1.72	2.11	2.1	2.15	8.1	7.04	1.62	4.19	1.64	1.59	1.33	2.5	1.84	1.78	2.17	3.44	5.32	1.77	12.37	1.58	1.28	1.56	2.2	2.06	2.4	2.18	1.53	1.34	1.6	1.39	1.37	1.41	1.03	1.49	0.66	0.56	1.31	1.05	1.22	1.44	1.1	1.5	0.92	0.81	0.69	0.63	0.73	0.72	1.04	0.99	0.75	0.52	1.07	0.98	0.94	0.96	0.81	0.8	0.81	0.52	0.84	0.65	0.94	0.6	0.84	0.8	0.51	0.44	0.41	0.49	0.45	0.45	0.43	0.55	0.54	0.63	1.1	0.58	0.64	0.63	0.68	0.83
BS_4-8_manning003_extreme/E01522N3585E03578N2685-BS-M809_E01805N3400_D010_S247D30R090_A006995_S075	0.32	0.41	0.51	0.6	0.61	2.11	2.7	2.44	1.41	8.11	7.05	1.36	4.2	1.73	1.44	1.5	1.89	1.61	1.84	2.07	3.14	4.73	1.78	12.38	1.69	1.55	2.26	2.63	2.96	2.31	2.0	2.54	1.68	2.47	2.1	2.52	1.48	1.5	1.45	1.36	1.29	1.33	1.37	1.8	1.49	1.64	1.82	1.69	1.59	1.51	1.59	1.55	1.44	1.66	1.6	1.65	1.18	1.71	1.94	1.42	1.32	1.2	1.17	1.14	1.19	1.16	1.09	1.24	1.54	1.56	1.12	0.94	0.86	0.77	0.77	0.78	0.84	1.37	1.65	1.72	1.92	2.4	1.66	1.01	1.25	1.24	1.43
BS_4-8_manning003_extreme/E01522N3585E03578N2685-BS-M809_E01878N3355_D010_S067D30R090_A006995_S075	0.36	0.46	0.57	0.63	0.66	2.33	2.42	2.29	1.55	8.11	7.05	1.64	4.2	2.28	2.16	1.98	2.25	2.47	3.14	2.72	4.0	4.52	2.43	12.37	2.53	2.5	3.65	3.87	2.79	3.93	4.21	3.93	2.61	3.76	3.61	2.37	2.43	2.25	2.18	2.04	1.87	1.7	2.41	2.32	1.94	1.76	2.42	2.8	2.18	2.44	3.1	1.98	1.91	2.28	2.12	2.02	1.72	2.46	3.0	1.22	1.21	1.19	1.21	1.15	1.32	1.3	1.19	1.32	1.87	2.08	1.09	1.19	1.04	0.91	0.86	0.83	0.82	1.39	1.64	1.68	1.89	2.65	1.45	1.06	1.48	1.47	1.45
BS_4-8_manning003_extreme/E01522N3585E03578N2685-BS-M809_E01735N3467_D010_S247D50R090_A006995_S075	0.38	0.48	0.63	0.65	0.62	2.59	2.98	2.83	2.05	8.11	7.05	1.95	4.2	2.07	2.02	2.06	3.74	2.46	2.29	2.41	5.17	6.78	2.34	12.38	2.24	2.18	2.58	3.05	3.03	2.65	2.39	2.71	2.07	2.45	2.45	2.62	1.89	1.72	1.67	1.63	1.56	1.54	1.66	1.96	1.7	1.73	1.94	1.92	1.79	1.71	1.84	1.77	1.59	1.78	1.69	1.72	1.41	2.06	2.1	1.61	1.64	1.52	1.49	1.46	1.45	1.4	1.32	1.45	1.72	1.7	1.27	1.22	0.99	1.0	1.24	1.13	1.45	1.59	1.83	1.88	2.03	2.37	1.77	1.47	1.71	1.41	1.67
BS_4-8_manning003_extreme/E01522N3585E03578N2685-BS-M809_E01798N3512_D010_S067D50R090_A006995_S075	0.47	0.58	0.71	0.84	0.83	2.92	3.81	3.55	2.31	8.11	7.06	2.04	4.2	3.72	3.03	2.94	4.77	4.41	3.5	3.42	5.77	6.19	3.18	12.38	3.01	2.97	3.33	3.88	3.41	4.12	3.76	4.12	2.07	2.75	2.21	2.83	1.44	1.47	1.42	1.25	1.14	1.13	1.46	1.64	1.73	1.42	1.81	1.55	1.29	1.39	1.44	1.52	1.45	1.52	1.37	1.53	1.01	1.76	1.64	1.34	1.13	1.12	0.96	0.88	1.0	0.98	0.89	1.09	1.09	1.21	1.0	0.69	0.61	0.65	0.63	0.71	0.81	1.12	1.35	1.46	1.71	2.19	1.46	0.81	0.97	1.14	1.42
BS_4-8_manning003_extreme/E01522N3585E03578N2685-BS-M809_E01905N3355_D010_S067D50R090_A006995_S075	0.38	0.48	0.62	0.68	0.72	2.43	3.21	2.87	1.8	8.11	7.05	1.95	4.2	2.57	2.16	3.09	3.6	3.52	3.78	4.36	5.69	5.29	3.12	12.37	3.38	3.45	4.38	4.47	3.73	5.72	5.58	4.41	3.37	5.04	4.43	2.76	2.91	3.14	2.88	2.46	2.21	2.1	2.93	2.97	2.71	2.51	3.34	3.89	2.45	3.06	3.71	2.49	2.42	2.93	2.43	2.38	2.05	3.02	3.84	1.79	1.4	1.38	1.35	1.31	1.65	1.63	1.47	1.47	2.36	2.65	1.34	1.55	1.34	1.15	0.99	0.98	0.96	1.7	2.01	2.07	2.33	3.45	1.87	1.39	1.8	1.91	1.98
BS_4-8_manning003_extreme/E01446N4259E02038N3783-BS-M754_E01827N3940_D010_S112D90R270_A001972_S039	0.07	0.08	0.11	0.12	0.13	0.4	0.48	0.44	0.22	8.1	7.05	0.28	4.19	0.34	0.46	0.4	0.43	0.48	0.52	0.71	0.74	1.08	0.78	12.37	0.92	0.9	1.07	1.23	1.08	1.22	1.23	1.44	1.06	1.74	1.4	0.77	1.16	1.31	1.22	1.09	1.05	0.91	1.07	1.66	1.29	1.22	1.35	1.83	1.01	1.04	1.46	1.51	1.17	1.23	1.23	1.07	0.9	0.58	1.39	1.09	0.52	0.47	0.52	0.45	0.63	0.56	0.47	0.48	0.57	0.87	0.82	0.5	0.45	0.38	0.33	0.3	0.3	0.35	0.41	0.41	0.41	0.58	0.28	0.46	0.59	0.65	0.6
BS_4-8_manning003_extreme/E01522N3585E03578N2685-BS-M774_E01905N3355_D010_S247D30R090_A003139_S050	0.1	0.13	0.16	0.26	0.22	0.75	0.92	0.83	0.75	8.1	7.05	0.6	4.2	0.72	0.79	0.78	0.84	0.85	0.98	1.07	1.32	1.99	1.12	12.37	0.97	1.0	1.4	1.33	1.25	1.55	1.33	1.46	0.96	1.56	1.1	1.02	0.78	0.8	0.76	0.75	0.71	0.97	0.78	0.95	0.62	0.74	1.14	0.97	0.76	0.85	0.93	0.87	0.82	0.84	0.75	1.14	0.67	1.0	1.14	0.52	0.53	0.51	0.52	0.5	0.54	0.52	0.47	0.53	0.77	0.85	0.45	0.5	0.44	0.38	0.54	0.35	0.35	0.58	0.69	0.71	0.8	1.19	0.59	0.46	0.61	0.59	0.65
BS_4-8_manning003_extreme/E01108N3882E01527N3690-BS-M809_E01506N3760_D010_S022D90R090_A012497_S042	1.84	1.27	1.55	1.7	1.35	1.09	1.21	1.26	1.3	9.45	8.42	1.38	5.6	1.42	1.44	1.46	1.51	1.53	1.56	1.61	1.66	1.71	1.72	14.09	2.67	1.77	1.79	1.81	1.81	1.75	1.71	1.72	1.62	1.68	1.72	1.71	1.63	1.53	1.45	1.4	1.33	1.25	1.18	1.1	1.03	0.95	0.89	0.86	0.89	0.83	0.79	0.74	0.67	0.62	0.59	0.55	0.51	0.55	0.55	0.56	0.61	0.62	0.62	0.62	0.59	0.56	0.52	0.47	0.45	0.44	0.43	0.4	0.41	0.49	0.49	0.51	0.54	0.48	0.49	0.48	0.43	0.41	0.35	0.3	0.23	0.22	0.22
BS_4-8_manning003_extreme/E01267N3753E01646N3535-BS-M809_E01551N3692_D010_S202D10R270_A006995_S075	0.33	0.46	0.68	0.86	0.75	2.19	2.1	1.81	1.21	8.13	7.07	0.76	4.22	0.98	0.91	0.63	0.73	0.83	0.77	0.94	2.21	2.16	1.33	12.38	1.36	1.56	1.74	2.25	2.01	2.51	2.29	2.55	1.87	2.41	2.22	2.16	2.02	1.8	1.65	1.56	1.47	1.68	1.62	1.85	2.71	1.7	2.04	1.7	1.68	1.62	1.49	1.24	1.25	1.47	2.14	1.69	1.56	1.65	1.72	1.5	1.46	1.77	1.57	1.66	1.37	1.32	1.33	1.52	1.67	1.65	1.24	1.07	1.06	1.12	1.26	1.49	1.67	1.48	1.68	1.59	1.17	2.0	0.94	1.26	1.29	1.07	1.94
BS_4-8_manning003_extreme/E01522N3585E03578N2685-BS-M792_E02089N3333_D010_S022D50R090_A004781_S062	0.11	0.13	0.19	0.25	0.27	0.77	0.93	0.87	0.77	8.1	7.05	0.68	4.2	1.21	1.13	0.78	1.28	1.25	1.12	1.32	2.16	2.46	1.38	12.37	1.31	1.64	1.3	1.73	1.24	2.27	2.49	1.74	1.04	1.62	1.53	0.98	1.08	1.05	0.97	0.91	0.83	0.93	1.08	1.05	0.97	0.86	1.06	1.53	0.98	0.98	1.32	0.96	1.1	1.34	0.96	0.89	0.76	1.08	1.74	0.77	0.51	0.54	0.48	0.44	0.56	0.56	0.5	0.59	0.85	1.07	0.5	0.52	0.48	0.4	0.5	0.38	0.37	0.55	0.67	0.68	0.76	1.13	0.72	0.48	0.8	0.75	0.78
BS_4-8_manning003_extreme/E01267N3753E01646N3535-BS-M809_E01575N3670_D010_S022D90R090_A006995_S075	0.45	0.44	0.79	1.09	1.18	2.15	2.27	2.3	2.42	8.08	7.03	2.61	4.17	2.15	1.72	2.15	2.35	2.38	1.98	2.56	5.13	5.5	2.95	12.32	2.97	3.17	6.07	4.69	3.88	6.66	6.85	7.39	4.18	7.04	7.34	4.55	4.66	3.35	3.72	3.31	3.22	2.82	4.86	5.36	6.32	3.27	4.94	5.76	4.02	3.65	5.37	4.54	4.6	7.37	6.46	7.78	3.45	5.9	7.21	4.54	3.98	3.6	3.2	2.42	2.58	3.2	2.94	3.42	4.2	6.31	3.95	2.9	2.53	1.97	2.54	2.46	2.6	3.4	4.15	4.18	4.74	7.47	3.89	2.51	3.14	4.08	3.8
BS_4-8_manning003_extreme/E01522N3585E03578N2685-BS-M809_E01828N3378_D010_S067D50R090_A006995_S075	0.36	0.46	0.57	0.69	0.7	2.59	3.13	2.88	1.78	8.11	7.05	2.0	4.2	3.06	3.11	2.79	4.52	4.56	3.47	3.89	7.05	6.8	3.99	12.37	3.55	4.2	4.13	5.12	3.74	5.92	6.23	5.0	3.03	4.38	4.35	2.66	2.68	2.72	2.55	2.3	2.12	1.96	2.78	2.75	2.27	2.13	2.8	3.32	2.51	2.86	3.56	2.37	2.43	2.61	2.53	2.46	2.08	2.78	3.42	1.61	1.4	1.32	1.4	1.29	1.5	1.46	1.32	1.46	2.16	2.34	1.24	1.38	1.2	1.05	0.95	0.92	0.97	1.71	2.06	2.14	2.46	3.43	1.95	1.27	1.74	1.59	1.79
BS_4-8_manning003_extreme/E01267N3753E01646N3535-BS-M809_E01530N3737_D010_S022D10R270_A006995_S075	0.39	0.51	0.78	0.81	0.66	2.36	3.1	2.73	1.33	6.78	5.66	2.03	2.82	1.54	1.05	1.01	1.29	1.46	1.55	2.16	3.07	4.48	2.28	12.34	2.27	2.11	2.72	3.78	3.84	3.68	2.24	3.69	2.16	2.85	2.86	2.69	1.93	1.99	2.15	1.89	1.57	1.75	1.82	2.15	1.65	1.34	1.75	2.09	1.44	1.45	1.84	1.36	1.17	1.43	1.29	1.32	1.46	1.2	1.17	1.03	1.3	1.24	1.26	1.16	1.25	0.99	0.92	1.12	1.37	1.27	1.61	1.51	1.36	1.57	1.5	1.35	0.74	1.17	0.64	0.52	0.41	0.36	0.3	0.86	0.75	0.66	0.83
BS_4-8_manning003_extreme/E01522N3585E03578N2685-BS-M809_E01855N3378_D010_S067D30R090_A006995_S075	0.39	0.49	0.58	0.68	0.69	2.5	2.58	2.39	1.61	8.11	7.05	1.81	4.2	2.64	2.58	2.38	3.66	3.72	2.83	3.22	5.69	5.41	3.28	12.37	2.98	3.51	3.1	4.15	3.19	4.95	5.2	4.12	2.55	3.6	3.46	2.4	2.28	2.1	2.0	1.9	1.77	1.71	2.35	2.39	1.95	1.84	2.18	2.75	2.09	2.26	2.79	2.03	1.96	2.1	1.94	1.87	1.61	2.26	2.68	1.27	1.23	1.19	1.22	1.17	1.3	1.26	1.15	1.23	1.76	1.89	1.06	1.09	0.96	0.86	0.82	0.8	0.81	1.37	1.62	1.67	1.87	2.54	1.47	1.04	1.33	1.27	1.39
BS_4-8_manning003_extreme/E01522N3585E03578N2685-BS-M809_E01668N3557_D010_S067D70R270_A006995_S075	0.57	0.72	0.95	0.94	0.9	5.74	4.79	3.97	3.96	8.09	7.04	2.99	4.19	2.68	2.95	2.34	2.77	4.28	3.07	3.7	7.21	10.05	1.83	12.36	2.82	1.89	3.05	2.81	3.42	3.72	3.34	2.68	1.67	2.04	2.39	2.49	3.1	1.69	2.14	1.27	1.13	1.64	1.24	1.7	2.22	1.53	2.38	1.39	1.62	1.26	1.1	1.08	1.0	1.08	1.48	0.99	1.08	1.75	1.23	1.35	1.63	1.48	1.4	1.61	1.16	1.67	1.15	1.95	1.31	1.38	1.45	1.02	1.14	1.14	1.0	1.1	0.95	1.15	1.11	1.2	1.28	1.4	1.23	0.96	1.08	0.95	1.06
BS_4-8_manning003_extreme/E01522N3585E03578N2685-BS-M809_E01981N3333_D010_S067D50R090_A006995_S075	0.31	0.34	0.44	0.5	0.5	1.68	2.23	1.99	1.21	8.11	7.05	1.13	4.2	1.53	1.65	1.29	1.78	1.92	2.12	2.55	2.92	2.4	1.98	12.37	1.49	1.78	3.39	2.58	2.87	2.47	2.48	2.88	1.7	2.58	1.8	1.94	1.2	1.41	1.33	1.2	1.19	1.37	1.27	1.54	1.45	1.24	1.4	1.8	1.31	1.4	1.92	1.38	1.2	1.43	1.38	1.33	1.12	1.75	2.35	1.31	0.87	0.78	0.8	0.7	0.98	0.97	0.87	0.97	1.44	1.66	1.0	0.94	0.84	0.67	0.78	0.65	0.74	1.01	1.23	1.27	1.49	2.22	1.17	0.86	1.19	1.31	1.31
BS_4-8_manning003_extreme/E01522N3585E03578N2685-BS-M792_E01863N3422_D010_S067D70R270_A004781_S062	0.35	0.43	0.48	0.55	0.59	1.62	2.04	1.9	1.94	8.1	7.04	2.07	4.19	1.96	2.12	1.4	3.23	2.23	2.61	2.52	5.81	7.59	1.88	12.37	2.1	1.68	3.31	4.35	1.56	4.04	2.49	2.83	1.58	3.02	1.93	1.21	1.48	1.16	1.43	0.74	0.8	1.07	1.29	1.27	1.37	0.78	2.4	1.17	0.83	0.6	0.83	0.78	0.63	1.51	1.25	1.61	0.54	0.93	0.79	0.74	1.04	0.7	0.71	0.76	0.48	0.76	0.53	0.69	0.48	0.64	0.71	0.48	0.44	0.35	0.44	0.41	0.53	0.35	0.5	0.5	0.84	1.24	0.65	0.54	0.48	0.49	0.65
BS_4-8_manning003_extreme/E01522N3585E03578N2685-BS-M809_E01633N3512_D010_S247D50R090_A006995_S075	0.29	0.35	0.43	0.51	0.52	1.88	2.47	2.36	1.55	8.11	7.06	1.53	4.21	1.87	1.88	1.56	2.69	1.69	1.74	1.84	2.22	3.71	1.64	12.38	1.62	1.63	2.52	2.36	2.43	2.11	1.82	2.09	1.6	1.99	1.89	2.16	1.51	1.41	1.37	1.29	1.22	1.25	1.37	1.61	1.4	1.5	1.59	1.58	1.54	1.51	1.61	1.55	1.35	1.57	1.6	1.51	1.31	1.95	1.98	1.51	1.58	1.5	1.47	1.39	1.42	1.36	1.31	1.44	1.66	1.66	1.25	1.11	1.0	0.92	1.01	1.05	1.09	1.64	1.92	1.97	2.12	2.43	1.85	1.16	1.4	1.39	1.52
BS_4-8_manning003_extreme/E01522N3585E03578N2685-BS-M809_E01786N3445_D010_S247D30R090_A006995_S075	0.37	0.46	0.57	0.71	0.72	2.44	3.11	2.81	1.68	8.11	7.05	1.66	4.2	2.15	1.96	1.84	2.82	2.09	2.3	2.52	3.98	5.47	2.16	12.38	2.18	1.94	2.82	3.1	3.43	2.73	2.48	3.08	2.0	2.93	2.43	2.82	1.68	1.74	1.7	1.6	1.53	1.55	1.62	2.02	1.56	1.87	2.02	1.93	1.79	1.74	1.84	1.78	1.66	1.9	1.81	1.87	1.35	1.92	2.16	1.56	1.42	1.29	1.25	1.24	1.32	1.28	1.19	1.33	1.68	1.7	1.22	1.03	0.93	0.79	0.82	0.85	1.0	1.5	1.8	1.88	2.13	2.63	1.82	1.09	1.31	1.34	1.56
BS_4-8_manning003_extreme/E01522N3585E03578N2685-BS-M809_E01719N3535_D010_S247D30R090_A006995_S075	0.46	0.55	0.7	0.87	0.81	2.99	3.83	3.54	2.08	8.11	7.06	2.16	4.21	2.14	2.25	2.38	2.69	2.51	2.84	3.1	2.97	4.71	2.55	12.38	2.45	2.26	3.02	3.76	3.85	3.07	2.69	3.31	2.2	2.83	2.67	2.82	1.77	1.8	1.93	1.64	1.57	1.86	1.64	2.07	1.72	1.87	2.08	1.97	1.77	1.66	1.82	1.7	1.61	1.89	1.76	1.78	1.32	1.85	2.0	1.5	1.4	1.26	1.23	1.21	1.28	1.26	1.21	1.36	1.63	1.6	1.21	0.99	0.89	0.83	0.78	0.98	0.92	1.55	1.9	2.03	2.22	2.57	2.01	1.07	1.28	1.37	1.55
BS_4-8_manning003_extreme/E01522N3585E03578N2685-BS-M774_E01832N3400_D010_S067D30R090_A003139_S050	0.14	0.17	0.2	0.27	0.22	1.15	0.97	0.86	0.86	8.1	7.05	0.91	4.2	1.34	1.33	1.24	1.87	1.89	1.12	1.58	2.66	2.75	1.51	12.37	1.43	1.65	1.46	2.02	1.46	1.99	2.03	1.61	1.06	1.66	1.48	0.91	0.93	1.0	0.92	0.84	0.79	0.85	0.93	1.02	0.78	0.79	1.06	1.13	0.86	1.01	1.21	0.89	0.79	1.03	0.91	0.91	0.75	1.0	1.01	0.47	0.51	0.5	0.5	0.49	0.54	0.51	0.47	0.49	0.72	0.76	0.43	0.45	0.4	0.35	0.37	0.31	0.34	0.51	0.6	0.62	0.68	0.99	0.53	0.43	0.61	0.6	0.6
BS_4-8_manning003_extreme/E01522N3585E03578N2685-BS-M774_E01882N3378_D010_S247D30R090_A003139_S050	0.11	0.13	0.17	0.3	0.22	0.9	0.99	0.89	0.9	8.1	7.05	0.72	4.2	0.89	0.83	0.87	1.09	0.98	1.18	1.22	1.65	2.71	1.05	12.37	1.07	1.11	1.63	1.49	1.4	1.51	1.49	1.55	1.06	1.68	1.19	1.09	0.81	0.86	0.82	0.77	0.73	1.07	0.84	1.02	0.66	0.77	1.16	0.99	0.81	0.89	1.0	0.91	0.85	0.86	0.78	1.27	0.69	1.03	1.11	0.54	0.54	0.52	0.53	0.5	0.56	0.53	0.48	0.54	0.78	0.83	0.46	0.5	0.44	0.37	0.54	0.32	0.31	0.59	0.7	0.72	0.81	1.18	0.6	0.46	0.62	0.59	0.67
BS_4-8_manning003_extreme/E01522N3585E03578N2685-BS-M809_E01719N3535_D010_S022D30R090_A006995_S075	0.18	0.23	0.33	0.48	0.47	1.09	1.36	1.27	0.91	8.1	7.05	0.7	4.2	0.89	0.85	0.8	0.94	0.91	1.13	1.24	1.7	1.81	1.0	12.37	1.12	1.21	1.75	1.43	1.66	1.82	1.82	1.78	1.26	1.91	1.52	1.47	1.04	1.15	1.13	1.11	1.06	1.35	1.2	1.47	1.3	1.18	1.62	1.71	1.43	1.6	2.12	1.73	1.53	1.82	1.7	1.98	1.6	2.95	3.52	1.65	1.42	1.61	1.42	1.42	1.71	1.76	1.62	1.79	2.57	3.22	1.65	1.85	1.61	1.39	1.19	1.2	1.18	1.85	2.12	2.11	2.34	3.61	1.77	1.75	2.33	2.85	2.64
BS_4-8_manning003_extreme/E01522N3585E03578N2685-BS-M809_E01878N3355_D010_S067D50R090_A006995_S075	0.37	0.48	0.59	0.66	0.74	2.41	3.12	2.9	1.83	8.11	7.05	2.03	4.2	2.64	2.66	2.99	3.4	3.75	3.31	3.21	5.96	5.71	3.08	12.37	3.43	3.57	4.4	5.08	3.4	5.87	5.6	4.96	3.45	5.14	4.95	2.87	3.1	3.33	3.1	2.62	2.33	2.11	2.88	3.07	2.69	2.62	3.5	3.81	2.67	3.31	4.14	2.56	2.46	3.25	2.8	2.69	2.27	3.06	3.68	1.74	1.39	1.4	1.39	1.38	1.68	1.64	1.48	1.59	2.37	2.64	1.36	1.59	1.37	1.18	1.04	1.01	0.99	1.78	2.11	2.17	2.47	3.6	1.96	1.42	1.87	1.99	1.98
BS_4-8_manning003_extreme/E01522N3585E03578N2685-BS-M809_E01828N3378_D010_S247D50R090_A006995_S075	0.4	0.49	0.62	0.72	0.69	2.46	2.73	2.6	1.83	8.11	7.05	1.74	4.2	1.78	1.77	1.84	1.94	2.04	2.08	2.26	2.84	6.04	2.04	12.37	2.18	2.07	2.47	2.91	2.99	3.13	2.25	2.58	2.0	2.44	2.55	2.57	1.85	1.7	1.65	1.6	1.54	1.63	1.65	1.95	1.7	1.77	2.47	1.9	1.76	1.74	1.83	1.81	1.57	1.78	1.76	1.77	1.39	2.03	2.09	1.56	1.59	1.51	1.48	1.39	1.44	1.37	1.3	1.41	1.63	1.64	1.19	1.08	0.96	0.88	1.05	0.96	0.99	1.43	1.64	1.69	1.77	2.13	1.54	1.12	1.46	1.31	1.46
BS_4-8_manning003_extreme/E01522N3585E03578N2685-BS-M809_E01918N3422_D010_S247D30R270_A006995_S075	0.35	0.41	0.43	0.58	0.64	1.51	1.52	1.66	1.2	8.1	7.04	1.4	4.19	1.51	1.45	1.08	1.88	1.18	1.88	1.65	2.71	3.54	1.78	12.36	1.39	1.51	1.96	1.89	1.53	3.97	2.74	2.12	1.21	2.36	1.56	1.45	1.59	1.05	1.49	0.71	0.66	1.02	0.89	0.93	1.76	0.81	1.79	1.09	1.15	0.87	1.19	0.79	0.67	0.94	1.16	1.44	0.56	0.94	1.11	0.81	0.95	0.84	0.72	0.88	0.59	0.73	0.57	0.77	0.63	0.77	0.51	0.42	0.42	0.43	0.46	0.32	0.73	0.47	0.45	0.5	0.76	1.39	0.54	0.39	0.37	0.34	0.53
BS_4-8_manning003_extreme/E01522N3585E03578N2685-BS-M809_E01851N3355_D010_S067D30R090_A006995_S075	0.35	0.44	0.54	0.62	0.63	2.32	2.36	2.16	1.44	8.11	7.05	1.52	4.2	2.02	1.75	1.58	2.55	2.41	3.1	2.91	4.11	4.19	2.43	12.37	2.46	2.68	3.39	3.37	2.57	4.15	4.32	3.66	2.35	3.35	3.17	2.19	2.24	1.97	1.9	1.89	1.75	1.69	2.29	2.17	1.95	1.72	2.12	2.77	2.06	2.22	2.83	1.88	1.88	1.99	1.99	1.91	1.64	2.29	2.85	1.18	1.17	1.14	1.18	1.1	1.3	1.28	1.17	1.27	1.83	2.03	1.08	1.13	0.98	0.88	0.83	0.79	0.81	1.35	1.61	1.65	1.88	2.61	1.45	1.05	1.45	1.38	1.46
BS_4-8_manning003_extreme/E01522N3585E03578N2685-BS-M809_E01581N3535_D010_S247D50R090_A006995_S075	0.26	0.31	0.38	0.45	0.47	1.87	2.18	2.06	1.53	8.11	7.06	1.4	4.21	1.91	1.37	1.43	1.73	1.75	2.08	2.16	4.43	4.92	1.61	12.38	1.45	1.47	2.65	2.34	2.21	2.35	1.89	2.16	1.47	1.8	1.72	1.87	1.32	1.24	1.22	1.17	1.11	1.1	1.22	1.47	1.22	1.35	1.44	1.44	1.37	1.37	1.46	1.42	1.26	1.47	1.48	1.44	1.25	1.84	1.9	1.42	1.48	1.38	1.34	1.32	1.33	1.29	1.22	1.36	1.67	1.64	1.22	1.16	1.05	1.94	1.48	1.22	1.61	1.66	2.1	2.44	2.31	2.64	2.21	1.16	1.38	1.44	1.59
BS_4-8_manning003_extreme/E01470N3877E01631N3641-BS-M809_E01583N3715_D010_S067D90R270_A012497_S042	0.77	0.96	1.28	1.25	1.1	4.44	5.0	5.14	4.22	8.18	7.13	3.06	4.29	2.12	2.24	2.08	2.16	2.21	2.12	2.17	3.39	5.64	1.95	12.53	2.12	2.03	2.11	2.22	2.16	2.41	2.2	1.81	1.53	1.73	1.98	2.44	1.95	1.41	1.58	1.32	1.25	1.23	1.28	1.32	1.42	1.3	1.85	1.44	1.41	1.42	1.48	1.48	1.58	1.74	1.84	1.88	2.06	2.22	1.75	1.88	2.41	2.28	1.98	1.7	1.78	3.05	2.87	2.28	2.92	2.26	2.19	1.91	1.63	1.65	1.57	1.51	1.48	1.63	1.76	1.72	1.6	1.66	1.44	1.01	0.86	0.93	1.07
BS_4-8_manning003_extreme/E01522N3585E03578N2685-BS-M809_E01731N3445_D010_S067D50R090_A006995_S075	0.32	0.38	0.48	0.62	0.63	2.42	2.78	2.54	1.96	8.11	7.05	1.68	4.2	3.21	2.68	2.41	4.04	3.66	2.73	3.17	5.33	5.96	3.18	12.38	3.04	3.0	3.01	4.35	2.83	4.71	4.43	3.09	2.27	3.34	2.8	2.29	1.81	2.04	1.97	1.71	1.53	1.5	1.92	2.31	1.64	1.81	2.08	2.37	1.72	1.99	2.18	2.11	2.08	2.42	1.78	1.9	1.46	2.48	2.44	1.52	1.34	1.3	1.32	1.27	1.34	1.26	1.16	1.41	1.81	1.8	1.24	1.28	1.01	0.93	0.97	1.11	1.52	1.63	1.97	2.09	2.47	3.27	2.01	1.26	1.98	1.96	2.03
BS_4-8_manning003_extreme/E01522N3585E03578N2685-BS-M774_E01828N3378_D010_S067D70R090_A003139_S050	0.15	0.18	0.22	0.34	0.28	1.3	1.28	1.12	1.26	8.1	7.05	1.03	4.2	1.76	1.79	1.31	2.05	1.99	1.58	1.71	3.25	3.75	1.84	12.37	1.84	1.97	1.82	2.85	1.74	3.27	3.22	2.29	1.46	2.33	1.9	1.31	1.33	1.42	1.17	1.11	1.06	1.16	1.51	1.4	1.3	1.1	1.45	1.85	1.21	1.28	1.71	1.15	1.15	1.28	1.08	1.03	0.89	1.34	1.57	0.63	0.48	0.49	0.5	0.46	0.59	0.6	0.53	0.6	1.0	1.16	0.49	0.6	0.51	0.42	0.51	0.33	0.53	0.66	0.82	0.87	1.05	1.62	0.81	0.51	0.77	0.74	0.74
BS_4-8_manning003_extreme/E01522N3585E03578N2685-BS-M809_E01747N3535_D010_S022D50R090_A006995_S075	0.25	0.32	0.43	0.51	0.55	1.31	1.68	1.57	1.21	8.1	7.05	0.88	4.2	0.98	0.98	0.98	1.04	1.11	1.35	1.43	2.17	2.53	1.34	12.37	1.41	1.57	2.09	1.85	2.18	2.62	2.69	2.77	1.74	2.65	2.19	2.02	1.29	1.78	1.38	1.47	1.42	1.88	1.58	2.01	1.61	1.54	1.84	2.62	1.98	2.12	2.98	2.51	2.09	2.45	2.33	2.57	2.32	3.58	6.16	2.53	2.12	1.9	2.17	1.76	2.57	2.46	2.24	2.24	3.35	4.36	2.11	2.43	2.06	1.74	1.99	1.6	1.46	2.51	3.0	2.98	3.18	4.93	2.4	2.18	3.85	3.74	3.57
BS_4-8_manning003_extreme/E01267N3753E01646N3535-BS-M809_E01470N3715_D010_S067D10R270_A006995_S075	0.25	0.25	0.45	0.59	0.58	1.7	1.82	1.85	1.5	8.1	7.05	0.77	4.19	1.66	0.94	0.9	0.89	1.22	1.35	1.05	1.71	2.98	1.55	12.34	1.17	1.36	1.7	2.48	2.2	2.52	2.3	3.61	2.29	3.17	3.44	2.98	2.5	1.87	1.86	1.34	1.37	1.56	1.53	2.1	1.67	1.3	1.25	0.94	0.98	0.97	1.51	1.55	1.29	0.83	1.35	1.06	0.71	0.52	0.58	0.71	0.59	0.69	0.49	0.56	0.56	0.62	0.49	0.5	0.66	0.53	0.68	0.5	0.5	0.63	0.52	0.72	0.72	0.54	0.73	0.63	0.68	0.56	0.72	0.62	0.49	0.5	0.5
BS_4-8_manning003_extreme/E01522N3585E03578N2685-BS-M809_E01747N3535_D010_S067D30R090_A006995_S075	0.48	0.62	0.7	0.71	0.81	3.04	3.48	3.31	2.28	8.11	7.06	2.27	4.21	3.35	3.03	2.58	3.3	3.27	3.36	2.92	5.18	5.04	2.75	12.38	2.97	2.71	3.76	3.5	2.99	3.6	3.44	2.96	1.97	2.94	2.26	2.6	1.49	1.52	1.4	1.35	1.27	1.19	1.64	1.83	1.35	1.26	1.59	1.8	1.46	1.59	1.82	1.59	1.38	1.4	1.22	1.56	1.09	2.0	2.13	1.34	1.15	1.06	1.04	1.05	1.01	1.04	0.95	1.12	1.54	1.73	0.98	1.02	0.88	0.81	0.75	0.75	0.78	1.32	1.56	1.66	2.0	2.71	1.69	0.9	1.17	1.29	1.33
BS_4-8_manning003_extreme/E01522N3585E03578N2685-BS-M774_E01828N3378_D010_S067D30R090_A003139_S050	0.13	0.16	0.18	0.24	0.2	1.02	0.94	0.83	0.85	8.1	7.05	0.8	4.2	1.29	1.19	0.92	1.34	1.46	1.11	1.15	2.34	2.73	1.27	12.37	1.3	1.56	1.24	1.66	1.28	2.04	2.09	1.65	1.0	1.47	1.43	0.91	0.98	1.0	0.94	0.82	0.74	0.73	0.93	0.94	0.74	0.75	1.02	1.04	0.83	0.97	1.19	0.78	0.74	0.91	0.84	0.81	0.7	0.97	0.99	0.43	0.46	0.43	0.45	0.44	0.52	0.5	0.46	0.47	0.71	0.77	0.42	0.45	0.42	0.37	0.35	0.3	0.43	0.49	0.58	0.6	0.67	1.0	0.51	0.43	0.59	0.53	0.63
BS_4-8_manning003_extreme/E01522N3585E03578N2685-BS-M809_E01857N3535_D010_S022D50R090_A006995_S075	0.35	0.45	0.6	0.75	0.69	1.83	2.1	1.92	1.05	8.11	7.05	1.01	4.2	1.45	1.31	1.28	1.47	1.46	2.06	2.19	3.32	3.38	1.72	12.38	2.06	1.83	3.09	2.55	2.53	3.56	3.55	3.41	2.5	4.07	3.23	2.61	2.08	3.21	2.87	2.36	2.1	1.86	2.71	2.99	2.54	2.29	3.13	3.58	2.86	3.21	4.46	3.43	3.24	4.25	3.58	3.76	3.55	4.59	8.37	3.39	2.2	2.22	2.27	2.28	2.65	2.74	2.51	2.86	3.97	5.22	2.4	2.77	2.41	2.04	1.72	1.69	1.65	2.54	3.02	3.01	3.23	4.56	2.32	2.6	3.28	4.15	3.76
BS_4-8_manning003_extreme/E01522N3585E03578N2685-BS-M809_E01762N3467_D010_S247D30R090_A006995_S075	0.38	0.47	0.58	0.72	0.7	2.52	3.24	2.94	1.76	8.11	7.05	1.75	4.2	1.79	1.88	1.91	2.05	2.18	2.54	2.62	3.88	5.43	2.33	12.38	2.19	2.02	2.81	3.31	3.58	2.64	2.59	3.17	2.14	2.99	2.55	2.88	1.81	1.84	1.79	1.66	1.57	1.61	1.74	2.17	1.66	1.94	2.16	2.08	1.9	1.86	2.01	1.84	1.7	1.99	1.93	1.93	1.45	2.08	2.31	1.6	1.49	1.36	1.32	1.3	1.39	1.36	1.26	1.43	1.79	1.82	1.28	1.08	0.96	0.81	0.83	0.92	1.21	1.57	1.91	2.0	2.23	2.68	1.93	1.15	1.39	1.45	1.64
BS_4-8_manning003_extreme/E01522N3585E03578N2685-BS-M809_E01859N3400_D010_S247D30R090_A006995_S075	0.35	0.45	0.57	0.7	0.72	2.33	3.03	2.76	1.65	8.11	7.05	1.64	4.2	1.9	1.72	1.81	1.76	1.96	2.28	2.51	3.43	6.51	2.1	12.37	2.08	1.86	2.68	3.04	3.33	3.31	2.43	2.95	1.94	2.87	2.55	2.82	1.65	1.66	1.64	1.56	1.49	1.61	1.56	1.99	1.61	1.84	2.16	1.86	1.76	1.67	1.76	1.72	1.58	1.8	1.74	1.78	1.27	1.81	2.03	1.45	1.36	1.23	1.2	1.18	1.24	1.2	1.11	1.26	1.56	1.57	1.12	0.93	0.83	0.73	0.82	0.77	0.79	1.33	1.58	1.64	1.81	2.21	1.54	1.0	1.2	1.24	1.41
BS_4-8_manning003_extreme/E01470N3877E01631N3641-BS-M809_E01587N3737_D010_S022D90R090_A012497_S042	0.65	0.76	0.96	1.13	1.11	3.58	3.95	3.69	2.44	7.8	6.74	2.58	3.87	2.23	1.97	2.44	2.73	2.89	2.78	3.42	7.07	7.31	3.51	12.07	3.85	3.79	5.86	5.35	5.16	5.92	5.26	5.57	3.19	4.86	4.36	4.05	2.69	1.78	2.03	1.91	1.81	2.97	2.78	3.67	4.49	2.54	3.76	3.71	2.67	2.24	3.14	2.66	2.6	5.05	3.76	4.31	1.95	3.3	5.44	3.12	2.4	2.58	2.13	1.74	1.79	2.46	2.25	2.47	2.81	3.88	2.36	1.87	1.62	1.62	1.55	1.39	1.61	2.4	2.58	2.48	2.46	2.53	1.97	1.62	2.39	2.9	2.38
BS_4-8_manning003_extreme/E01522N3585E03578N2685-BS-M792_E01923N3310_D010_S067D50R090_A004781_S062	0.21	0.26	0.33	0.4	0.39	1.27	1.67	1.48	0.96	8.1	7.05	0.93	4.2	1.42	1.45	1.0	1.45	1.49	1.48	1.97	2.26	2.85	1.78	12.37	1.27	1.44	2.59	2.19	2.47	1.95	1.99	2.52	1.56	2.39	1.55	1.58	1.19	1.46	1.37	1.21	1.19	1.2	1.32	1.48	1.2	1.28	1.35	1.61	1.19	1.36	1.68	1.33	1.23	1.41	1.31	1.35	1.19	1.76	2.19	0.94	0.78	0.75	0.84	0.77	1.01	0.99	0.89	0.91	1.45	1.64	0.83	0.96	0.84	0.78	0.68	0.58	0.77	1.02	1.23	1.26	1.45	2.23	1.08	0.88	1.18	1.32	1.3
BS_4-8_manning003_extreme/E01522N3585E03578N2685-BS-M809_E01990N3378_D010_S202D50R090_A006995_S075	0.19	0.21	0.27	0.32	0.3	1.16	1.39	1.33	0.91	8.1	7.05	0.86	4.2	0.9	0.91	0.9	0.98	1.01	1.08	1.18	1.81	2.78	1.1	12.37	1.02	1.12	1.32	1.53	1.55	1.38	1.27	1.44	1.15	1.41	1.58	1.46	1.07	1.05	1.01	0.93	0.9	0.92	1.01	1.21	0.99	1.06	1.27	1.19	1.09	1.09	1.17	1.14	1.0	1.1	1.11	1.09	0.86	1.48	1.79	1.03	1.03	0.98	0.96	0.89	0.94	0.89	0.84	0.9	1.29	1.09	0.91	0.75	0.82	0.96	0.92	1.05	0.93	0.88	1.36	1.44	1.45	1.32	1.79	0.72	1.02	0.88	0.95
BS_4-8_manning003_extreme/E01267N3753E01646N3535-BS-M774_E01592N3602_D010_S067D90R270_A003139_S050	0.2	0.22	0.24	0.28	0.32	1.27	1.62	1.45	1.57	8.1	7.05	1.48	4.2	1.82	1.28	0.93	1.95	1.67	1.48	1.74	4.72	5.66	1.54	12.37	1.6	1.41	3.34	2.88	1.27	2.68	2.18	2.63	0.97	1.5	1.42	1.23	0.94	0.96	0.88	0.78	0.8	0.89	0.9	0.99	0.85	0.78	1.49	0.98	0.85	0.85	0.96	0.91	0.89	0.97	0.94	1.08	0.91	1.34	1.1	0.85	0.95	0.92	0.91	0.85	0.9	0.84	0.81	0.89	1.09	1.03	0.77	0.75	0.82	0.63	0.74	0.65	0.72	1.0	1.2	1.25	1.41	1.7	1.24	0.76	1.03	0.98	1.06
BS_4-8_manning003_extreme/E01446N4259E02038N3783-BS-M809_E01822N3917_D010_S112D90R270_A006995_S075	0.33	0.35	0.56	0.57	0.57	1.75	2.0	1.79	0.84	8.1	7.04	0.82	4.19	0.75	0.74	0.76	1.04	1.15	1.49	1.82	2.02	3.11	1.59	12.37	1.8	1.86	2.8	3.29	3.59	3.58	3.41	3.64	2.99	4.42	3.09	2.9	2.93	3.19	3.41	3.23	2.88	2.81	2.92	4.32	3.88	2.82	3.37	4.64	2.53	2.41	3.11	3.29	2.86	3.35	2.63	2.97	2.22	1.42	3.53	2.85	1.89	1.69	1.41	1.35	1.48	1.68	1.53	1.84	2.0	2.74	2.48	1.37	1.28	1.11	0.92	0.93	0.95	1.2	1.48	1.47	1.51	1.91	1.11	1.48	2.01	1.95	1.98
BS_4-8_manning003_extreme/E01522N3585E03578N2685-BS-M809_E01613N3557_D010_S067D70R090_A006995_S075	0.44	0.52	0.67	0.89	0.77	3.11	3.42	3.25	2.31	8.11	7.05	2.93	4.44	5.21	5.6	4.69	7.65	7.89	4.62	5.78	9.33	8.85	5.05	12.38	4.41	6.25	4.81	6.44	4.19	6.88	6.73	5.0	3.04	4.93	3.77	3.01	2.3	2.03	2.38	2.02	1.83	2.01	2.22	2.39	2.62	1.93	2.32	2.74	1.94	2.19	2.25	2.12	2.32	2.17	2.04	2.9	1.53	2.63	3.19	2.35	1.68	1.63	1.3	1.31	1.55	1.54	1.54	2.24	2.27	2.77	1.88	1.4	1.26	1.13	1.04	1.18	1.37	2.11	3.12	3.66	4.57	5.23	3.75	1.32	1.65	1.93	2.59
BS_4-8_manning003_extreme/E01267N3753E01646N3535-BS-M792_E01564N3602_D010_S067D90R270_A004781_S062	0.27	0.31	0.35	0.4	0.41	1.62	2.04	1.98	1.97	8.1	7.05	1.61	4.2	1.86	1.42	1.16	2.19	1.8	1.73	2.05	5.87	5.87	1.6	12.37	1.66	1.36	4.11	3.3	1.78	2.33	2.21	1.96	1.14	1.7	1.7	1.51	1.2	1.12	1.08	0.95	0.91	1.16	1.09	1.1	1.06	1.06	1.9	1.18	1.05	1.08	1.17	1.2	1.09	1.27	1.29	1.42	1.11	1.66	1.48	1.13	1.27	1.25	1.23	1.13	1.22	1.15	1.1	1.17	1.44	1.37	1.03	1.0	1.19	0.99	0.96	0.96	1.0	1.7	2.39	3.22	3.2	2.19	2.44	1.07	1.29	1.37	1.42
BS_4-8_manning003_extreme/E01522N3585E03578N2685-BS-M809_E01840N3445_D010_S067D70R090_A006995_S075	0.48	0.57	0.73	0.95	0.96	3.25	3.89	3.65	2.22	8.11	7.05	2.6	4.33	4.46	4.38	3.87	6.5	6.28	4.32	4.83	8.84	8.77	4.75	12.37	4.23	4.25	4.71	5.78	4.03	5.85	5.25	4.41	3.14	4.72	3.4	3.34	2.03	2.06	1.97	2.0	1.85	1.9	2.08	2.46	2.18	1.81	2.32	2.56	1.87	2.26	2.68	1.93	1.85	2.39	1.91	1.98	1.52	1.93	2.75	1.6	1.28	1.23	1.03	0.99	1.07	1.11	1.05	1.45	1.56	1.69	1.04	0.92	0.82	0.75	0.74	0.75	0.89	1.37	1.72	1.85	2.18	2.81	1.8	0.97	1.45	1.5	1.66
BS_4-8_manning003_extreme/E01522N3585E03578N2685-BS-M774_E01664N3535_D010_S067D90R270_A003139_S050	0.22	0.25	0.31	0.31	0.34	1.07	1.73	1.58	1.47	8.1	7.05	1.51	4.19	1.46	1.52	1.0	1.64	1.14	1.8	2.12	4.08	5.06	1.29	12.37	1.42	1.33	2.09	2.76	1.3	2.03	2.25	2.39	0.94	1.54	1.54	1.16	0.86	0.89	0.82	0.73	0.8	0.77	0.82	0.85	0.78	0.74	1.47	0.87	0.75	0.74	0.83	0.81	0.75	0.85	0.83	0.95	0.71	1.04	0.9	0.67	0.74	0.73	0.72	0.72	0.71	0.67	0.64	0.68	0.83	0.8	0.56	0.54	0.63	0.53	0.6	0.71	0.52	0.73	0.78	0.95	1.48	1.68	1.15	0.55	0.71	0.76	0.77
BS_4-8_manning003_extreme/E01522N3585E03578N2685-BS-M792_E01613N3557_D010_S067D70R270_A004781_S062	0.3	0.33	0.4	0.42	0.46	1.52	2.78	2.26	2.71	8.1	7.04	1.65	4.19	2.24	1.64	1.58	2.88	1.81	2.41	2.26	7.25	6.93	1.68	12.36	1.85	1.34	4.36	4.05	2.03	2.8	2.67	2.78	1.14	1.68	1.99	1.26	1.18	0.78	1.02	0.68	0.95	0.97	1.0	1.32	1.15	0.74	2.1	0.73	0.68	0.71	0.72	0.74	0.66	1.26	1.36	1.39	0.66	1.21	0.8	0.68	1.04	0.85	0.88	1.04	0.67	0.85	0.69	0.94	0.85	0.81	0.77	0.68	1.01	0.82	0.73	0.83	1.08	0.95	1.27	1.7	2.15	1.75	1.75	0.81	1.22	0.88	1.21
BS_4-8_manning003_extreme/E01267N3753E01646N3535-BS-M809_E01540N3625_D010_S067D90R090_A006995_S075	0.38	0.45	0.61	0.78	0.8	2.53	3.01	2.41	2.95	8.1	7.04	2.79	4.19	3.4	2.57	2.1	3.27	3.96	4.6	3.69	8.09	8.37	3.87	12.36	4.09	5.42	5.59	5.56	3.94	7.16	7.31	7.29	3.0	5.14	4.03	3.57	2.88	2.84	2.37	2.07	2.09	2.46	3.07	2.8	3.34	2.19	3.48	3.4	2.14	2.57	3.11	2.89	2.81	2.8	2.59	3.62	1.99	4.3	4.13	2.88	2.21	2.33	1.94	1.73	1.8	2.45	2.34	3.29	3.1	3.72	2.88	3.06	3.27	3.64	2.91	3.81	4.09	6.42	9.02	8.43	8.21	7.22	7.66	2.21	2.93	2.92	2.93
BS_4-8_manning003_extreme/E01522N3585E03578N2685-BS-M809_E01821N3490_D010_S247D30R090_A006995_S075	0.4	0.49	0.6	0.73	0.7	2.56	3.33	3.0	1.84	8.11	7.05	1.82	4.2	1.83	1.96	2.04	2.93	2.17	2.46	2.64	3.12	4.77	2.19	12.38	2.1	1.97	2.63	3.13	3.33	2.3	2.33	2.81	1.91	2.52	2.25	2.65	1.5	1.56	1.49	1.38	1.32	1.35	1.42	1.7	1.39	1.55	1.67	1.62	1.44	1.4	1.5	1.39	1.27	1.51	1.41	1.34	0.96	1.39	1.56	1.09	1.03	0.92	0.85	0.84	0.91	0.91	0.84	0.99	1.16	1.18	0.82	0.7	0.62	0.52	0.52	0.59	0.61	0.99	1.19	1.23	1.36	1.59	1.19	0.71	0.92	0.91	1.03
BS_4-8_manning003_extreme/E01522N3585E03578N2685-BS-M809_E01909N3378_D010_S067D30R090_A006995_S075	0.39	0.5	0.56	0.65	0.72	2.44	2.48	2.31	1.52	8.11	7.05	1.55	4.2	2.55	2.44	2.09	2.61	2.98	2.51	2.26	4.66	4.71	2.44	12.37	2.68	2.8	3.36	4.05	2.79	4.33	4.09	3.52	2.36	3.58	3.31	2.27	2.08	2.27	2.08	1.76	1.59	1.54	1.98	2.11	1.8	1.77	2.33	2.5	1.86	2.21	2.73	1.8	1.63	2.14	1.91	1.84	1.55	2.04	2.53	1.16	1.07	1.03	1.05	1.02	1.15	1.12	1.01	1.13	1.56	1.73	0.93	1.04	0.91	0.8	0.74	0.73	0.72	1.21	1.42	1.46	1.62	2.26	1.26	0.94	1.27	1.29	1.24
BS_4-8_manning003_extreme/E01522N3585E03578N2685-BS-M809_E01711N3490_D010_S247D50R090_A006995_S075	0.4	0.49	0.63	0.64	0.64	2.44	3.13	2.99	2.14	8.11	7.06	1.93	4.2	2.22	2.45	1.97	4.41	2.4	2.2	2.5	4.69	6.0	2.38	12.38	2.27	2.16	2.45	2.99	3.12	2.46	2.26	2.6	2.09	2.41	2.47	2.74	1.95	1.76	1.72	1.65	1.58	1.54	1.69	2.01	1.75	1.83	2.0	1.98	1.9	1.8	1.95	1.81	1.62	1.79	1.84	1.78	1.5	2.2	2.22	1.75	1.76	1.63	1.6	1.57	1.6	1.54	1.46	1.54	1.83	1.79	1.38	1.18	1.06	1.05	1.29	1.21	1.36	1.67	1.93	2.0	2.1	2.38	1.9	1.24	1.46	1.54	1.65
BS_4-8_manning003_extreme/E01267N3753E01646N3535-BS-M809_E01551N3692_D010_S157D90R270_A006995_S075	0.6	0.57	0.98	1.06	1.02	2.89	3.09	2.79	2.33	8.15	7.11	2.13	4.27	1.93	1.86	1.78	1.79	1.74	1.66	1.6	1.69	2.87	1.49	12.8	2.05	2.1	2.03	3.83	2.65	2.85	2.74	3.08	2.64	6.77	6.45	5.11	5.48	3.67	3.61	3.43	3.28	2.98	4.1	5.45	6.58	3.57	4.26	5.7	3.73	3.4	4.53	4.86	3.96	5.3	4.59	6.31	3.25	3.33	7.8	6.7	4.55	4.18	3.55	3.03	3.42	3.59	3.57	3.41	3.79	5.39	4.97	3.38	2.78	2.83	2.22	2.62	2.79	2.28	2.87	2.88	3.08	3.93	2.28	2.75	4.62	3.97	4.55
BS_4-8_manning003_extreme/E01522N3585E03578N2685-BS-M809_E01867N3445_D010_S247D30R090_A006995_S075	0.36	0.45	0.56	0.67	0.69	2.28	2.95	2.7	1.64	8.11	7.05	1.64	4.2	1.88	1.69	1.79	2.57	1.92	2.16	2.39	2.97	5.26	2.03	12.37	1.91	1.75	2.42	2.87	3.06	2.72	2.23	2.61	1.76	2.46	2.09	2.6	1.45	1.48	1.44	1.35	1.29	1.31	1.4	1.69	1.46	1.57	1.7	1.55	1.45	1.36	1.45	1.38	1.28	1.47	1.41	1.4	0.97	1.35	1.51	1.12	1.01	0.92	0.88	0.88	0.93	0.9	0.84	1.0	1.16	1.16	0.84	0.7	0.62	0.52	0.52	0.58	0.59	1.01	1.2	1.24	1.38	1.67	1.19	0.73	0.88	0.89	1.05
BS_4-8_manning003_extreme/E01446N4259E02038N3783-BS-M809_E01846N3895_D010_S112D70R270_A006995_S075	0.34	0.32	0.49	0.55	0.61	1.76	1.76	1.63	1.12	8.1	7.05	1.01	4.2	0.85	0.95	0.83	0.91	0.85	1.19	1.43	1.93	2.91	1.32	12.37	1.53	1.61	3.22	3.64	3.04	3.71	3.25	3.57	2.77	4.3	3.05	2.27	1.97	2.7	3.3	2.95	2.54	2.51	2.54	4.11	4.56	2.58	3.09	4.21	2.24	1.86	2.78	2.94	2.53	3.14	3.35	2.99	1.92	1.33	3.05	2.25	2.33	2.07	1.59	1.63	1.78	1.84	1.8	2.08	1.93	2.52	2.55	1.83	1.07	1.1	0.92	0.86	0.97	1.38	1.58	1.56	1.66	2.2	1.27	1.55	2.13	2.04	2.24
BS_4-8_manning003_extreme/E01522N3585E03578N2685-BS-M809_E01660N3512_D010_S067D30R090_A006995_S075	0.29	0.34	0.43	0.54	0.53	2.18	2.57	2.45	1.69	8.11	7.06	1.85	4.21	2.94	2.97	2.36	3.37	3.68	2.62	2.8	5.38	5.09	2.95	12.38	2.77	2.67	2.8	4.04	2.6	4.36	4.28	3.2	2.02	2.92	2.84	1.92	1.55	1.89	1.59	1.42	1.36	1.35	1.7	1.96	1.46	1.49	1.86	2.05	1.59	1.77	1.94	1.8	1.66	1.64	1.47	1.71	1.33	2.41	2.27	1.56	1.45	1.27	1.33	1.26	1.23	1.22	1.11	1.33	1.82	2.07	1.17	1.27	1.13	1.03	0.94	0.94	0.95	1.69	2.06	2.21	2.62	3.45	2.22	1.11	1.53	1.55	1.58
BS_4-8_manning003_extreme/E01522N3585E03578N2685-BS-M809_E01940N3400_D010_S067D70R090_A006995_S075	0.32	0.37	0.48	0.62	0.65	2.05	2.52	2.3	1.47	8.1	7.05	1.61	4.2	2.92	2.25	2.43	4.34	4.18	2.97	3.55	6.29	5.96	3.42	12.37	2.79	3.67	3.16	3.77	2.62	5.47	5.66	4.01	2.53	4.12	3.2	2.39	1.98	2.39	2.07	1.62	1.57	1.74	2.4	2.2	2.31	1.86	2.53	3.2	1.9	2.22	2.74	1.73	1.89	2.29	1.75	1.82	1.42	2.12	2.91	1.43	0.9	0.98	1.04	0.71	1.05	1.04	0.92	1.04	1.61	1.88	0.95	1.06	0.9	0.81	0.73	0.56	0.62	1.12	1.42	1.47	1.79	2.68	1.36	0.91	1.27	1.34	1.38
BS_4-8_manning003_extreme/E01267N3753E01646N3535-BS-M792_E01592N3602_D010_S067D90R090_A004781_S062	0.27	0.33	0.43	0.62	0.58	1.84	2.3	1.74	2.13	8.1	7.04	2.39	4.19	3.17	2.46	2.3	4.82	4.26	4.16	3.13	8.12	6.97	4.19	12.37	3.63	4.59	5.26	5.65	3.13	6.6	6.88	4.72	2.39	3.66	3.31	2.24	2.21	2.04	1.9	1.66	1.38	2.03	1.81	2.02	2.68	1.37	2.12	2.27	1.37	1.73	1.78	1.66	1.8	1.81	1.46	2.48	1.17	2.25	2.74	1.87	1.45	1.36	1.28	0.97	1.33	1.61	1.4	2.04	1.85	2.44	1.66	1.11	0.99	1.06	1.58	1.16	1.77	1.91	3.44	4.05	4.91	5.31	4.27	0.98	1.29	1.55	2.36
BS_4-8_manning003_extreme/E01522N3585E03578N2685-BS-M809_E01739N3490_D010_S067D30R090_A006995_S075	0.43	0.54	0.67	0.73	0.74	2.91	3.02	2.87	1.9	8.11	7.06	1.86	4.2	3.18	2.93	2.04	3.02	3.19	2.81	2.64	4.92	4.59	2.44	12.38	2.66	2.56	3.28	3.11	3.28	3.04	2.88	3.62	1.94	2.84	2.38	2.76	1.79	1.66	1.61	1.53	1.43	1.44	1.53	1.93	1.57	1.66	1.71	1.8	1.69	1.73	1.88	1.69	1.69	1.76	1.6	1.9	1.42	1.94	2.03	1.67	1.52	1.45	1.33	1.26	1.42	1.33	1.24	1.44	1.69	1.65	1.25	1.06	0.97	0.96	1.03	0.91	0.94	1.57	1.84	1.95	2.27	2.94	1.94	1.17	1.52	1.45	1.81
BS_4-8_manning003_extreme/E01267N3753E01646N3535-BS-M809_E01568N3625_D010_S067D90R270_A006995_S075	0.6	0.75	0.85	0.99	0.95	3.09	4.52	4.24	3.17	8.11	7.05	2.82	4.2	2.64	2.69	2.24	2.86	2.62	2.75	3.09	9.76	10.91	2.48	12.38	2.72	2.55	3.42	4.75	2.94	3.25	3.31	2.79	2.19	2.88	3.0	3.04	2.44	1.94	1.88	1.76	1.62	1.67	1.87	1.98	2.09	1.86	3.44	1.95	1.82	1.87	1.98	1.98	1.74	2.01	2.29	1.89	1.74	2.54	2.32	1.79	1.98	1.95	1.92	1.96	1.88	1.77	1.69	1.79	2.12	2.01	1.58	1.54	1.47	1.51	1.57	1.67	1.78	2.27	2.62	2.7	2.85	2.94	2.64	1.55	1.84	1.95	2.02
BS_4-8_manning003_extreme/E01267N3753E01646N3535-BS-M809_E01516N3647_D010_S067D90R090_A006995_S075	0.36	0.42	0.56	0.73	0.62	2.39	2.69	2.12	2.55	8.09	7.04	2.52	4.18	3.46	1.9	2.14	2.55	2.85	4.16	2.22	6.96	6.81	3.65	12.35	3.63	3.76	6.01	5.75	4.17	7.43	7.88	7.01	3.19	4.83	4.88	3.66	3.03	3.12	2.76	1.88	1.9	2.29	3.49	3.15	3.66	2.43	3.62	3.62	2.41	2.87	3.62	3.19	3.1	2.91	2.93	4.28	2.15	5.32	4.97	3.23	2.67	2.87	2.16	2.03	2.19	3.4	3.67	4.72	4.5	4.25	5.85	6.73	5.3	4.57	4.99	4.9	4.96	4.15	4.03	3.81	3.14	2.55	3.16	7.13	5.23	4.59	7.85
BS_4-8_manning003_extreme/E01522N3585E03578N2685-BS-M809_E01754N3422_D010_S067D50R090_A006995_S075	0.32	0.38	0.48	0.6	0.67	2.4	2.73	2.49	1.96	8.11	7.05	1.81	4.2	3.42	3.24	2.2	3.16	3.76	2.96	2.53	5.99	5.48	2.93	12.38	3.03	3.39	3.13	4.06	2.67	4.78	4.63	3.3	2.27	3.5	3.03	2.25	1.76	2.2	2.02	1.59	1.61	1.66	2.1	2.17	1.94	1.91	2.14	2.61	1.89	2.05	2.45	1.91	2.01	2.0	1.99	2.02	1.73	2.37	2.65	1.46	1.29	1.15	1.23	1.11	1.3	1.22	1.12	1.21	1.8	1.87	1.22	1.13	0.99	0.88	0.85	0.92	1.49	1.55	1.88	1.98	2.32	3.12	1.88	1.19	1.78	1.65	1.71
BS_4-8_manning003_extreme/E01446N4259E02038N3783-BS-M809_E01851N3917_D010_S292D70R090_A006995_S075	0.29	0.31	0.48	0.49	0.53	1.67	1.97	1.81	1.04	8.1	7.04	0.79	4.19	0.79	0.94	0.88	1.13	1.14	1.28	1.94	2.07	2.92	1.76	12.37	1.8	1.99	2.55	3.04	3.25	3.62	3.12	3.7	2.66	4.13	3.57	2.69	2.97	3.34	2.7	2.95	2.79	2.57	2.84	3.75	3.82	2.61	2.88	4.54	2.47	2.63	3.2	3.56	2.57	3.29	2.71	2.95	2.25	1.57	3.38	2.92	2.16	1.79	1.62	1.6	1.65	1.64	1.47	1.89	2.24	2.78	2.62	1.68	1.42	1.27	1.14	1.13	1.18	1.51	1.7	1.68	1.69	2.16	1.33	1.71	2.05	2.24	2.19
BS_4-8_manning003_extreme/E01522N3585E03578N2685-BS-M792_E01719N3535_D010_S067D70R270_A004781_S062	0.43	0.53	0.63	0.67	0.62	1.8	3.21	2.72	2.34	8.1	7.04	1.91	4.19	1.9	1.86	1.55	2.03	2.18	2.16	2.49	4.97	7.69	2.04	12.37	1.64	1.35	2.42	2.94	1.85	2.7	2.69	1.64	1.37	2.46	1.74	1.56	1.47	1.09	1.6	0.85	0.68	1.31	1.11	1.16	1.42	0.97	1.92	0.9	0.99	0.78	0.76	0.73	0.7	1.09	1.23	1.0	0.63	1.32	1.16	1.07	1.15	0.92	0.92	1.15	0.74	0.95	0.74	0.98	0.65	1.03	0.88	0.62	0.61	0.44	0.51	0.47	0.43	0.6	0.78	1.04	1.14	1.43	1.0	0.6	0.65	0.54	0.56
BS_4-8_manning003_extreme/E01548N3896E01854N3659-BS-M754_E01619N3760_D010_S337D50R090_A003524_S022	0.13	0.16	0.25	0.3	0.31	0.75	0.96	0.92	0.55	8.07	7.01	0.45	4.16	0.52	0.56	0.6	0.55	0.57	0.73	0.89	1.21	1.36	0.88	12.36	1.04	0.94	1.31	1.83	1.86	2.04	1.63	2.0	1.4	2.24	1.85	1.45	1.05	1.11	1.83	1.32	1.22	1.78	1.41	1.92	1.3	1.32	1.37	2.27	1.11	1.24	1.58	1.29	1.07	1.64	0.76	1.02	0.63	0.47	1.13	0.91	0.51	0.43	0.42	0.34	0.46	0.43	0.36	0.36	0.42	0.55	0.53	0.34	0.31	0.27	0.24	0.24	0.25	0.24	0.26	0.26	0.26	0.33	0.21	0.3	0.37	0.48	0.39
BS_4-8_manning003_extreme/E01522N3585E03578N2685-BS-M809_E01782N3422_D010_S067D70R090_A006995_S075	0.41	0.48	0.62	0.82	0.89	2.71	3.25	2.98	1.97	8.11	7.05	2.22	4.2	4.36	4.33	3.07	4.67	5.41	3.71	3.6	8.46	7.11	4.07	12.37	3.93	4.48	3.72	5.08	3.32	6.35	6.23	4.28	2.93	4.49	3.79	3.12	2.0	2.77	2.46	1.91	1.92	2.11	2.62	2.67	2.29	2.23	2.68	3.3	2.24	2.46	3.05	2.31	2.41	2.54	2.26	2.29	1.91	2.48	3.41	1.7	1.45	1.26	1.22	1.17	1.42	1.35	1.2	1.63	2.13	2.31	1.28	1.27	1.14	0.93	0.95	0.81	1.22	1.75	2.21	2.36	2.9	3.95	2.31	1.33	1.74	1.8	1.98
BS_4-8_manning003_extreme/E01522N3585E03578N2685-BS-M809_E01747N3535_D010_S022D30R090_A006995_S075	0.21	0.28	0.38	0.46	0.47	1.2	1.42	1.32	0.96	8.1	7.05	0.75	4.2	0.89	0.81	0.87	0.92	1.0	1.1	1.22	1.92	1.88	1.09	12.37	1.21	1.33	1.59	1.71	1.74	2.02	2.02	2.21	1.44	2.24	1.58	1.65	1.13	1.21	1.2	1.24	1.2	1.41	1.4	1.73	1.22	1.32	1.72	2.11	1.55	1.81	2.31	2.02	1.75	2.16	1.98	2.15	1.92	3.24	4.57	1.87	1.6	1.75	1.68	1.6	1.91	1.89	1.73	2.0	2.8	3.58	1.8	1.97	1.73	1.5	1.28	1.28	1.27	1.93	2.29	2.3	2.49	3.67	1.82	1.89	2.7	3.02	2.91
BS_4-8_manning003_extreme/E01522N3585E03578N2685-BS-M809_E01809N3422_D010_S067D30R090_A006995_S075	0.41	0.51	0.62	0.73	0.73	2.84	2.76	2.62	1.79	8.11	7.05	2.11	4.2	3.39	3.3	2.51	3.52	3.93	2.98	2.78	5.87	5.18	2.98	12.38	3.1	3.22	3.2	4.08	2.93	4.46	4.28	3.29	2.29	3.33	2.79	2.46	1.85	2.12	1.92	1.64	1.55	1.58	1.96	2.1	1.74	1.74	2.04	2.37	1.8	1.88	2.22	1.84	1.76	1.81	1.71	1.71	1.47	1.96	2.45	1.44	1.33	1.3	1.2	1.17	1.29	1.23	1.13	1.22	1.66	1.71	1.07	1.02	0.92	0.83	0.83	0.82	0.84	1.4	1.64	1.7	1.9	2.46	1.57	1.07	1.34	1.29	1.49
BS_4-8_manning003_extreme/E01522N3585E03578N2685-BS-M809_E01801N3378_D010_S247D50R090_A006995_S075	0.35	0.43	0.54	0.61	0.63	2.33	2.5	2.38	1.65	8.11	7.05	1.61	4.2	2.17	1.63	1.61	1.72	1.83	1.91	2.0	3.39	6.3	1.81	12.38	1.85	2.09	2.33	2.55	2.62	3.09	1.96	2.3	1.79	2.13	2.18	2.23	1.6	1.53	1.45	1.4	1.35	1.37	1.47	1.7	1.5	1.57	1.86	1.66	1.57	1.55	1.63	1.59	1.38	1.56	1.56	1.48	1.24	1.82	1.85	1.41	1.42	1.35	1.32	1.24	1.3	1.24	1.18	1.27	1.48	1.47	1.08	1.01	0.93	0.94	1.11	0.89	1.32	1.48	1.51	1.55	1.65	1.97	1.43	1.28	1.5	1.22	1.53
BS_4-8_manning003_extreme/E01522N3585E03578N2685-BS-M809_E01857N3535_D010_S202D50R270_A006995_S075	0.34	0.33	0.44	0.62	0.78	1.58	1.91	1.62	1.73	8.1	7.04	1.77	4.19	1.57	1.48	0.99	0.9	1.14	1.26	1.52	1.99	2.58	1.2	12.36	1.61	1.6	1.98	1.98	1.74	3.35	2.03	2.98	1.3	2.59	2.09	2.01	2.29	1.7	1.5	0.97	1.38	1.98	1.3	2.11	3.71	1.84	3.65	2.95	1.74	1.73	2.79	1.81	2.06	4.22	3.78	3.71	2.27	3.4	5.52	2.39	2.23	1.86	1.59	1.65	1.75	2.17	1.7	2.12	2.48	4.08	2.61	1.8	1.78	1.4	1.61	1.24	1.42	1.98	2.51	2.5	3.02	5.37	1.94	1.5	2.81	2.82	2.56
BS_4-8_manning003_extreme/E01267N3753E01646N3535-BS-M809_E01491N3670_D010_S202D10R270_A006995_S075	0.2	0.24	0.31	0.31	0.33	1.29	1.43	1.44	0.93	8.13	7.08	0.62	4.23	0.81	0.48	0.46	0.42	0.59	0.46	0.52	0.66	0.98	0.45	12.43	0.98	0.74	1.01	0.99	1.07	0.97	0.74	0.66	0.43	0.81	0.94	1.12	0.67	0.48	0.82	1.07	1.09	1.1	1.39	2.51	2.38	1.41	1.69	1.82	1.4	1.06	1.21	1.25	0.53	0.52	0.58	0.51	0.53	0.62	0.62	0.51	0.7	0.8	0.6	0.78	0.76	1.38	1.53	0.99	0.89	0.78	0.66	0.65	0.72	0.94	1.08	1.26	1.31	1.22	1.0	0.87	0.76	0.78	0.79	0.79	0.68	0.5	0.88
BS_4-8_manning003_extreme/E01522N3585E03578N2685-BS-M809_E01711N3490_D010_S067D30R090_A006995_S075	0.32	0.43	0.52	0.6	0.58	2.71	2.65	2.53	1.73	8.11	7.06	1.75	4.2	3.07	2.8	1.98	3.06	3.03	2.54	2.46	4.69	4.37	2.31	12.38	2.48	2.46	3.24	3.02	2.94	3.04	2.93	3.39	1.9	2.82	2.12	2.37	1.59	1.66	1.54	1.47	1.43	1.45	1.53	1.78	1.28	1.53	1.62	1.7	1.62	1.65	1.75	1.67	1.66	1.71	1.52	1.84	1.41	1.98	1.96	1.59	1.38	1.42	1.29	1.24	1.36	1.28	1.19	1.37	1.61	1.64	1.18	1.05	0.97	0.91	1.27	1.09	1.04	1.54	1.81	1.91	2.28	3.0	1.92	1.11	1.43	1.44	1.7
BS_4-8_manning003_extreme/E01267N3753E01646N3535-BS-M809_E01592N3602_D010_S067D10R090_A006995_S075	0.2	0.28	0.36	0.4	0.37	1.61	1.6	1.43	1.38	8.11	7.06	1.36	4.2	2.32	1.55	1.17	2.33	1.84	1.52	2.25	4.24	3.95	1.57	12.38	1.53	1.65	2.24	2.21	1.72	2.79	2.42	2.11	1.21	1.63	1.79	1.39	1.03	1.01	0.92	0.81	0.79	0.94	0.97	1.15	0.87	0.88	1.64	1.09	0.94	1.0	1.02	1.0	0.95	0.96	0.89	1.1	0.82	1.38	1.49	0.94	0.91	0.85	0.86	0.86	0.84	0.81	0.74	0.86	1.17	1.27	0.77	0.81	0.72	0.66	0.71	0.67	0.68	1.17	1.71	1.91	2.19	2.37	1.82	0.72	0.9	0.85	1.02
BS_4-8_manning003_extreme/E01522N3585E03578N2685-BS-M809_E01832N3400_D010_S067D70R090_A006995_S075	0.45	0.53	0.68	0.87	0.94	3.0	3.55	3.38	2.06	8.11	7.05	2.56	4.31	4.34	4.59	3.87	6.28	6.58	3.65	5.08	9.66	8.93	5.27	12.37	4.57	5.42	4.55	6.19	4.4	7.44	7.77	5.71	3.55	5.35	4.92	3.16	2.63	2.83	2.58	2.37	2.25	2.19	3.06	3.14	2.73	2.41	2.85	3.67	2.64	2.99	3.72	2.68	2.68	2.86	2.51	2.5	2.05	2.81	3.7	1.83	1.37	1.3	1.3	1.27	1.47	1.43	1.27	1.62	2.23	2.43	1.22	1.33	1.16	0.98	0.87	0.82	0.99	1.79	2.23	2.36	2.83	3.89	2.19	1.3	1.74	1.63	1.88
BS_4-8_manning003_extreme/E01522N3585E03578N2685-BS-M809_E01715N3512_D010_S067D30R090_A006995_S075	0.43	0.56	0.67	0.75	0.67	3.13	3.25	3.02	2.12	8.11	7.06	1.91	4.21	3.17	2.81	2.13	3.3	2.91	3.34	3.13	4.69	4.63	2.48	12.38	2.77	2.7	4.12	3.11	3.9	3.07	3.0	3.72	2.16	3.09	2.49	2.71	1.73	1.69	1.63	1.58	1.51	1.51	1.55	1.84	1.4	1.61	1.75	1.93	1.64	1.78	1.91	1.76	1.63	1.78	1.54	1.85	1.37	2.09	2.29	1.7	1.47	1.42	1.29	1.29	1.34	1.3	1.19	1.31	1.86	1.93	1.19	1.25	1.12	1.02	1.03	0.96	1.0	1.72	2.07	2.19	2.61	3.29	2.19	1.17	1.49	1.41	1.55
BS_4-8_manning003_extreme/E01522N3585E03578N2685-BS-M809_E02272N3310_D010_S022D30R090_A006995_S075	0.29	0.36	0.43	0.55	0.65	1.17	1.36	1.24	0.82	8.1	7.05	0.85	4.2	1.2	1.08	0.99	1.38	1.36	1.07	1.25	2.13	1.81	1.29	12.37	1.26	1.44	1.39	1.9	1.53	1.98	1.83	1.74	1.31	1.57	1.65	1.45	1.24	1.22	1.15	1.05	0.98	1.04	1.09	1.21	1.32	1.08	1.21	1.44	1.19	1.16	1.37	1.2	1.16	1.38	1.27	1.28	0.98	1.21	1.57	0.93	0.91	0.83	0.86	0.8	0.88	0.83	0.77	0.81	1.07	1.1	0.74	0.66	0.59	0.52	0.5	0.51	0.52	0.81	0.92	0.93	0.99	1.31	0.79	0.68	0.84	0.89	0.89
BS_4-8_manning003_extreme/E01522N3585E03578N2685-BS-M809_E01855N3378_D010_S067D70R090_A006995_S075	0.43	0.51	0.65	0.84	0.88	2.88	3.49	3.14	1.87	8.1	7.05	1.93	4.2	3.85	3.27	2.65	4.97	4.52	4.89	4.5	7.79	8.61	4.69	12.37	4.34	4.73	5.45	6.5	4.38	6.83	7.58	6.4	3.76	5.57	5.6	3.12	3.28	3.49	3.21	2.79	2.49	2.23	3.39	3.31	3.11	2.39	3.49	3.96	2.95	3.49	4.46	2.71	2.81	3.15	2.98	2.87	2.39	3.14	4.09	1.9	1.3	1.29	1.35	1.27	1.54	1.52	1.35	1.53	2.42	2.73	1.27	1.52	1.3	1.08	0.96	0.89	0.87	1.84	2.29	2.39	2.87	4.1	2.18	1.31	1.89	1.77	1.87
BS_4-8_manning003_extreme/E01522N3585E03578N2685-BS-M792_E01747N3535_D010_S067D30R090_A004781_S062	0.29	0.38	0.42	0.48	0.54	2.29	2.14	2.0	1.4	8.11	7.05	1.57	4.2	2.33	2.19	2.02	3.05	2.87	2.29	2.19	3.66	3.74	2.02	12.38	1.95	2.17	2.36	2.51	1.9	2.66	2.46	2.37	1.18	2.03	1.81	1.66	1.07	0.98	0.89	0.88	0.85	0.9	1.1	1.15	0.91	0.85	1.09	1.25	0.95	0.99	1.21	0.95	0.91	0.89	0.83	0.94	0.7	1.22	1.3	0.82	0.7	0.64	0.64	0.63	0.63	0.65	0.59	0.64	0.94	1.07	0.58	0.62	0.56	0.51	0.49	0.46	0.46	0.8	0.95	0.99	1.17	1.6	0.95	0.55	0.76	0.79	0.76
BS_4-8_manning003_extreme/E01522N3585E03578N2685-BS-M809_E01882N3378_D010_S067D50R090_A006995_S075	0.38	0.5	0.62	0.73	0.74	2.77	3.34	3.09	1.96	8.11	7.05	2.04	4.2	3.77	3.52	2.75	3.62	4.24	3.4	3.39	7.08	7.34	3.75	12.37	4.12	3.98	4.7	6.08	4.0	6.68	6.29	5.05	3.37	5.17	4.78	2.99	2.73	3.28	2.92	2.36	2.12	2.13	2.88	2.93	2.66	2.47	3.3	3.66	2.49	3.06	3.7	2.51	2.28	3.02	2.63	2.56	2.13	2.91	3.39	1.67	1.38	1.33	1.36	1.31	1.49	1.46	1.31	1.44	2.14	2.38	1.22	1.4	1.22	1.07	0.94	0.93	0.92	1.68	1.99	2.05	2.3	3.23	1.87	1.24	1.66	1.65	1.66
BS_4-8_manning003_extreme/E01522N3585E03578N2685-BS-M809_E01688N3512_D010_S067D70R090_A006995_S075	0.46	0.55	0.71	0.92	0.95	2.96	3.55	3.26	2.15	8.11	7.05	2.12	4.2	4.31	3.68	2.55	4.86	3.98	3.64	3.48	6.99	7.08	3.24	12.38	3.53	3.42	5.4	3.97	4.79	4.39	3.91	5.39	3.03	4.18	2.73	3.05	1.97	2.01	2.64	1.95	1.85	2.15	1.89	2.43	2.24	2.04	2.19	2.43	1.94	2.18	2.41	2.19	2.16	2.28	1.96	2.65	1.58	2.49	2.89	2.11	1.61	1.55	1.33	1.29	1.34	1.39	1.44	2.13	2.27	2.48	1.48	1.45	1.25	1.03	0.89	1.1	1.12	2.04	2.7	2.99	3.95	4.87	3.18	1.3	1.8	1.65	1.87
BS_4-8_manning003_extreme/E01522N3585E03578N2685-BS-M809_E01719N3535_D010_S067D30R090_A006995_S075	0.46	0.59	0.73	0.76	0.74	3.36	3.72	3.42	2.51	8.11	7.06	2.37	4.21	3.29	3.17	2.82	4.25	4.13	3.7	3.27	5.65	5.82	3.14	12.38	3.24	3.31	3.73	3.85	3.41	3.98	3.65	4.13	1.99	3.39	2.76	2.82	1.84	1.59	1.55	1.48	1.42	1.37	1.79	2.0	1.57	1.41	1.72	2.0	1.6	1.72	1.97	1.71	1.58	1.56	1.39	1.87	1.26	2.37	2.57	1.61	1.3	1.3	1.19	1.22	1.18	1.2	1.09	1.33	1.79	2.01	1.16	1.2	1.05	0.94	0.89	0.88	0.92	1.56	1.9	2.02	2.51	3.27	2.1	1.07	1.33	1.48	1.59
BS_4-8_manning003_extreme/E01522N3585E03578N2685-BS-M774_E01805N3400_D010_S067D70R090_A003139_S050	0.15	0.18	0.22	0.32	0.28	1.32	1.25	1.12	1.29	8.1	7.05	0.98	4.2	1.98	1.91	1.44	2.37	2.18	1.58	1.85	3.3	3.85	1.87	12.37	1.86	2.05	1.8	2.79	1.65	3.23	3.19	2.23	1.36	2.26	1.82	1.2	1.19	1.11	1.07	0.99	0.92	1.05	1.35	1.4	1.09	1.02	1.27	1.66	1.11	1.23	1.58	1.11	1.11	1.17	1.07	1.04	0.91	1.25	1.35	0.63	0.5	0.48	0.5	0.46	0.55	0.54	0.47	0.56	0.91	1.02	0.45	0.58	0.51	0.41	0.43	0.35	0.58	0.65	0.82	0.86	1.08	1.59	0.85	0.49	0.76	0.72	0.69
BS_4-8_manning003_extreme/E01522N3585E03578N2685-BS-M809_E01959N3355_D010_S247D50R090_A006995_S075	0.4	0.49	0.56	0.61	0.64	1.94	2.23	2.13	1.38	8.11	7.05	1.35	4.2	1.38	1.52	1.36	1.91	1.56	1.64	1.7	2.35	2.15	1.55	12.37	1.53	1.49	1.9	2.21	2.3	2.61	1.71	2.0	1.51	1.9	1.89	1.99	1.41	1.31	1.27	1.23	1.18	1.19	1.26	1.5	1.3	1.37	1.77	1.44	1.39	1.35	1.43	1.37	1.21	1.33	1.33	1.29	1.05	1.53	1.62	1.24	1.24	1.16	1.12	1.09	1.08	1.03	0.97	1.06	1.26	1.27	0.93	0.81	0.78	0.77	0.73	0.72	0.8	1.07	1.22	1.24	1.3	1.58	1.13	0.88	0.99	0.98	1.17
BS_4-8_manning003_extreme/E01267N3753E01646N3535-BS-M809_E01470N3715_D144_S067D10R270_A006995_S075	0.41	0.48	0.64	0.72	0.68	4.12	3.06	3.01	2.48	8.09	7.03	1.56	4.17	1.39	1.31	1.25	1.2	1.17	1.19	1.19	1.15	1.9	1.12	12.19	1.58	1.79	2.29	2.88	3.53	3.2	1.91	3.12	2.3	2.18	2.8	3.78	2.47	1.54	1.39	1.68	1.6	1.81	1.17	1.0	1.01	1.05	1.0	1.0	1.07	1.14	1.28	1.61	1.44	1.39	1.33	1.16	0.94	0.97	0.91	0.88	1.15	1.26	1.09	1.2	1.12	0.94	0.84	1.29	1.35	0.9	0.83	0.69	0.76	0.79	0.84	0.93	1.0	1.02	0.86	0.97	1.2	1.12	1.21	0.68	0.49	0.49	0.52
BS_4-8_manning003_extreme/E01522N3585E03578N2685-BS-M809_E01801N3378_D010_S067D50R090_A006995_S075	0.32	0.41	0.51	0.6	0.69	2.43	2.76	2.56	1.97	8.11	7.05	1.77	4.2	3.15	2.98	2.23	3.36	3.78	2.67	2.84	6.14	5.38	3.21	12.38	3.18	3.64	3.33	4.3	2.98	5.34	5.39	4.09	2.51	3.75	3.49	2.34	2.2	2.15	2.02	1.88	1.75	1.66	2.38	2.43	2.02	1.84	2.27	2.87	2.13	2.37	2.96	2.05	2.04	2.16	2.12	2.06	1.76	2.38	2.87	1.48	1.2	1.12	1.19	1.09	1.28	1.24	1.13	1.24	1.88	2.04	1.07	1.19	1.04	0.9	0.82	0.78	1.27	1.5	1.83	1.91	2.25	3.13	1.78	1.25	1.51	1.44	1.56
BS_4-8_manning003_extreme/E01267N3753E01646N3535-BS-M809_E01575N3670_D010_S022D70R090_A006995_S075	0.46	0.46	0.71	1.05	1.14	2.08	2.4	2.21	2.04	8.06	7.01	2.51	4.15	2.28	2.1	1.97	2.56	2.18	2.65	2.63	5.3	5.68	2.34	12.32	3.07	3.63	3.84	4.9	4.49	5.67	6.42	7.14	4.69	7.68	5.97	5.11	4.01	6.37	4.24	4.02	3.74	3.29	4.71	5.39	5.46	3.41	4.75	6.46	4.16	4.9	6.93	5.78	4.58	4.03	5.55	4.79	3.91	6.45	11.11	5.74	3.42	3.39	2.95	2.67	3.25	3.18	2.79	3.11	4.47	6.2	4.07	3.23	2.9	2.46	2.44	2.24	2.7	3.68	4.59	4.64	5.32	7.86	4.23	2.86	4.28	3.84	4.4
BS_4-8_manning003_extreme/E01522N3585E03578N2685-BS-M809_E01820N3333_D010_S067D50R090_A006995_S075	0.29	0.37	0.46	0.53	0.56	1.91	2.39	2.15	1.66	8.11	7.05	1.56	4.2	1.91	2.03	1.91	2.09	2.13	3.01	2.79	3.74	4.31	2.32	12.37	2.48	2.35	3.15	3.56	2.62	4.16	4.05	3.14	2.28	3.31	2.8	2.08	1.9	2.3	1.97	1.67	1.62	1.61	2.31	2.12	2.01	1.75	2.24	2.79	1.92	2.01	2.68	1.75	1.7	1.87	1.79	1.71	1.43	2.33	2.91	1.48	0.98	0.95	0.93	0.88	1.11	1.14	1.02	1.14	1.76	2.05	1.03	1.07	0.92	0.81	0.89	0.98	1.16	1.29	1.54	1.61	1.94	2.75	1.58	1.26	1.46	1.5	1.43
BS_4-8_manning003_extreme/E01446N4259E02038N3783-BS-M792_E01846N3895_D010_S112D90R270_A004781_S062	0.19	0.22	0.33	0.34	0.4	1.14	1.27	1.14	0.62	8.1	7.05	0.52	4.19	0.66	0.73	0.66	0.82	0.83	1.01	1.6	1.86	2.76	1.61	12.37	1.59	1.9	2.23	2.89	2.56	3.45	2.98	3.62	2.4	3.89	3.42	2.07	2.86	3.23	2.68	2.77	2.63	2.38	2.68	3.45	3.18	2.48	2.67	4.06	2.06	2.3	2.97	3.22	2.15	2.8	2.63	2.63	2.1	1.36	2.82	2.44	1.64	1.45	1.32	1.31	1.3	1.31	1.15	1.36	1.71	2.42	2.25	1.23	1.18	1.01	0.89	0.84	0.82	1.06	1.26	1.25	1.31	1.77	0.92	1.43	1.77	2.08	1.83
BS_4-8_manning003_extreme/E01522N3585E03578N2685-BS-M809_E01821N3490_D010_S067D30R090_A006995_S075	0.47	0.6	0.67	0.76	0.82	2.83	2.97	2.82	1.9	8.11	7.05	1.98	4.2	3.27	3.06	2.19	3.0	3.39	2.74	2.7	5.03	4.62	2.46	12.38	2.59	2.57	2.85	3.24	2.7	3.15	2.89	3.06	1.77	2.59	1.9	2.4	1.39	1.64	1.46	1.21	1.21	1.22	1.34	1.52	1.34	1.33	1.56	1.67	1.27	1.41	1.57	1.24	1.25	1.28	1.29	1.34	1.11	1.38	1.57	1.13	1.06	1.02	0.88	0.84	0.97	0.91	0.84	0.98	1.12	1.09	0.86	0.71	0.64	0.55	0.55	0.6	0.72	0.97	1.13	1.18	1.29	1.57	1.13	0.79	0.99	0.94	1.21
BS_4-8_manning003_extreme/E01522N3585E03578N2685-BS-M809_E01719N3535_D010_S067D50R270_A006995_S075	0.7	0.81	0.97	1.08	0.92	5.56	4.18	3.72	3.67	8.09	7.03	3.4	4.18	2.58	2.74	2.02	2.04	2.6	3.2	3.02	4.22	7.76	2.64	12.36	2.87	1.99	2.19	3.51	3.07	3.35	3.24	2.22	1.67	2.28	2.2	2.35	2.28	1.73	1.86	1.01	0.79	2.09	1.39	1.86	2.0	1.6	2.64	1.26	1.6	1.12	1.14	1.02	0.95	1.42	1.97	1.36	0.92	2.54	1.56	1.58	1.93	1.71	1.46	1.68	1.16	1.54	1.05	1.7	1.04	1.04	1.02	0.78	0.81	0.8	0.77	0.75	0.67	0.87	1.4	1.36	1.96	2.11	1.64	0.82	0.7	0.64	0.66
BS_4-8_manning003_extreme/E01522N3585E03578N2685-BS-M809_E01692N3535_D010_S067D70R270_A006995_S075	0.67	0.82	1.0	0.99	0.99	3.14	4.72	4.32	3.46	8.1	7.04	2.92	4.19	2.55	2.66	2.1	2.07	2.89	2.69	3.49	6.25	9.38	2.22	12.36	2.49	1.65	2.89	2.94	2.91	3.5	3.26	2.5	1.88	2.56	2.45	2.55	2.14	1.61	2.17	1.07	1.02	1.37	1.41	1.64	2.05	1.35	2.52	1.34	1.48	1.17	1.14	1.07	0.9	1.34	1.7	1.16	1.03	1.99	1.56	1.49	1.8	1.63	1.63	1.8	1.27	1.52	1.28	1.7	1.31	1.29	1.18	0.88	0.79	0.8	0.76	0.97	0.74	1.3	1.3	1.59	1.56	1.4	1.29	0.78	1.02	0.91	0.91
BS_4-8_manning003_extreme/E01522N3585E03578N2685-BS-M809_E01836N3422_D010_S067D30R090_A006995_S075	0.42	0.55	0.64	0.78	0.74	2.81	2.9	2.64	1.89	8.11	7.05	2.25	4.2	3.4	3.35	2.75	3.97	4.2	2.95	3.16	6.13	5.31	3.24	12.38	3.18	3.29	3.37	3.92	2.98	4.35	4.28	3.25	2.32	3.47	2.87	2.62	1.96	1.94	1.72	1.64	1.57	1.61	1.88	1.94	1.61	1.6	1.91	2.15	1.72	1.87	2.18	1.7	1.62	1.76	1.62	1.62	1.36	1.83	2.19	1.35	1.21	1.18	1.07	1.05	1.13	1.08	0.99	1.07	1.43	1.47	0.94	0.91	0.82	0.75	0.84	0.72	1.03	1.25	1.46	1.52	1.67	2.13	1.41	0.91	1.17	1.11	1.29
BS_4-8_manning003_extreme/E01522N3585E03578N2685-BS-M792_E01840N3445_D010_S067D70R270_A004781_S062	0.37	0.45	0.5	0.59	0.62	1.66	2.07	1.98	1.87	8.1	7.04	1.99	4.19	2.0	2.0	1.49	2.99	2.3	2.15	2.53	5.84	7.5	1.84	12.37	1.94	1.68	2.69	3.94	1.58	3.7	2.28	2.06	1.64	2.94	1.69	1.26	1.36	1.1	1.53	0.74	0.71	1.22	1.35	1.23	1.17	0.85	2.1	1.15	0.89	0.59	0.73	0.71	0.62	1.51	1.31	1.49	0.53	0.9	0.91	0.82	0.99	0.68	0.69	0.79	0.5	0.81	0.53	0.74	0.51	0.71	0.75	0.48	0.48	0.37	0.48	0.45	0.47	0.48	0.54	0.48	0.65	1.1	0.52	0.52	0.55	0.66	0.76
BS_4-8_manning003_extreme/E01446N4259E02038N3783-BS-M809_E01946N3827_D010_S157D90R270_A006995_S075	0.52	0.55	0.72	0.92	0.95	2.95	3.2	2.98	1.47	8.1	7.05	2.48	4.19	2.53	3.08	2.97	3.31	3.76	4.18	4.8	5.69	6.99	4.15	12.37	4.32	3.6	4.63	5.73	4.28	6.78	5.72	5.93	3.49	5.24	5.06	3.18	3.2	3.6	3.74	3.29	2.96	2.39	3.24	4.55	4.93	2.56	3.47	4.99	2.85	2.73	4.33	3.56	2.96	3.58	3.35	3.54	2.69	1.8	5.47	3.02	1.74	1.74	1.29	1.35	1.83	1.43	1.12	1.43	1.62	2.57	2.07	1.24	1.11	1.07	1.26	1.2	1.22	1.02	1.27	1.25	1.28	1.8	0.91	1.03	1.31	1.67	1.58
BS_4-8_manning003_extreme/E01522N3585E03578N2685-BS-M809_E01901N3333_D010_S067D50R090_A006995_S075	0.37	0.46	0.57	0.62	0.68	2.12	2.87	2.61	1.72	8.11	7.05	1.81	4.2	2.2	2.25	2.42	2.72	2.41	2.87	3.77	4.01	4.33	2.45	12.37	2.33	2.92	4.17	3.22	3.71	4.11	4.11	3.65	3.04	4.54	3.59	2.65	2.39	2.41	2.14	2.14	2.04	1.94	2.48	2.58	2.06	1.98	2.8	3.32	2.24	2.79	3.47	2.26	2.27	2.91	2.37	2.32	1.97	3.11	3.51	1.75	1.34	1.28	1.36	1.26	1.66	1.6	1.45	1.54	2.32	2.59	1.33	1.59	1.35	1.14	1.01	0.97	0.94	1.7	2.04	2.09	2.41	3.61	1.86	1.44	1.93	2.28	2.08
BS_4-8_manning003_extreme/E01522N3585E03578N2685-BS-M809_E01743N3512_D010_S067D70R090_A006995_S075	0.54	0.64	0.84	1.08	0.98	3.53	4.37	3.92	2.3	8.11	7.05	2.24	4.2	4.06	4.0	3.07	5.01	5.18	3.65	4.07	7.59	6.76	3.47	12.38	3.27	2.82	4.87	5.04	5.35	4.81	4.54	6.05	2.7	3.68	3.29	3.61	1.79	1.91	2.45	1.71	1.6	1.9	1.59	2.02	2.63	2.03	2.57	1.97	1.83	1.77	1.83	2.02	1.86	2.11	1.91	2.3	1.57	2.33	2.43	1.78	1.5	1.42	1.34	1.21	1.23	1.29	1.28	1.83	1.8	1.99	1.28	1.13	1.01	0.86	0.87	0.94	0.99	1.74	2.24	2.47	3.15	4.04	2.57	1.19	1.48	1.67	1.9
BS_4-8_manning003_extreme/E01522N3585E03578N2685-BS-M809_E01633N3512_D010_S067D30R090_A006995_S075	0.25	0.3	0.37	0.46	0.46	2.13	2.18	2.1	1.42	8.11	7.06	1.51	4.21	2.66	2.53	1.75	2.45	2.95	2.45	2.32	4.73	4.38	2.55	12.38	2.35	2.46	3.14	3.72	2.3	4.08	4.2	3.22	1.6	2.45	2.6	1.72	1.63	1.94	1.66	1.4	1.29	1.37	1.64	1.76	1.39	1.36	1.81	1.95	1.44	1.64	1.83	1.57	1.42	1.59	1.37	1.44	1.25	2.21	2.22	1.31	1.23	1.18	1.09	1.11	1.17	1.18	1.08	1.12	1.78	2.01	1.12	1.21	1.08	0.97	0.86	0.87	0.88	1.56	1.92	2.07	2.46	3.35	2.11	1.07	1.49	1.52	1.5
BS_4-8_manning003_extreme/E01522N3585E03578N2685-BS-M809_E01813N3445_D010_S247D30R090_A006995_S075	0.39	0.49	0.61	0.74	0.72	2.57	3.22	2.97	1.84	8.11	7.05	1.81	4.2	2.13	1.92	1.99	2.73	2.24	2.44	2.71	4.27	6.53	2.3	12.38	2.29	2.03	2.86	3.26	3.5	3.37	2.52	3.13	2.06	2.94	2.48	2.92	1.73	1.77	1.71	1.62	1.54	1.57	1.63	2.02	1.61	1.87	2.04	1.9	1.77	1.69	1.8	1.72	1.59	1.84	1.75	1.77	1.25	1.76	1.97	1.44	1.32	1.19	1.15	1.15	1.22	1.19	1.1	1.25	1.52	1.52	1.11	0.93	0.84	0.71	0.7	0.78	0.8	1.33	1.6	1.66	1.88	2.29	1.6	0.97	1.18	1.19	1.39
BS_4-8_manning003_extreme/E01522N3585E03578N2685-BS-M809_E01872N3467_D010_S067D30R090_A006995_S075	0.39	0.48	0.56	0.63	0.7	2.19	2.45	2.3	1.62	8.11	7.05	1.72	4.2	2.52	2.49	2.28	3.44	3.42	2.24	2.72	4.74	4.4	2.57	12.37	2.32	2.53	2.82	3.19	2.31	3.23	3.24	2.53	1.77	2.63	2.24	2.05	1.47	1.35	1.34	1.33	1.23	1.09	1.43	1.54	1.18	1.16	1.54	1.65	1.34	1.52	1.85	1.27	1.17	1.53	1.25	1.22	0.99	1.47	1.89	0.93	0.85	0.89	0.74	0.73	0.81	0.81	0.74	0.82	1.11	1.22	0.69	0.72	0.63	0.56	0.53	0.52	0.54	0.89	1.05	1.09	1.22	1.59	0.99	0.67	0.96	1.02	0.96
BS_4-8_manning003_extreme/E01522N3585E03578N2685-BS-M774_E01824N3355_D010_S067D50R090_A003139_S050	0.12	0.15	0.18	0.26	0.24	1.11	1.08	0.96	1.0	8.1	7.05	0.86	4.2	1.5	1.33	1.16	1.5	1.54	1.32	1.3	2.73	2.59	1.44	12.37	1.46	1.76	1.44	1.87	1.42	2.36	2.44	1.93	1.1	1.7	1.67	0.99	1.14	1.26	1.16	0.92	0.8	0.82	1.02	1.11	0.96	0.93	1.24	1.34	0.86	1.1	1.34	0.86	0.8	0.99	0.85	0.83	0.71	1.11	1.26	0.54	0.42	0.42	0.45	0.41	0.55	0.55	0.49	0.53	0.83	0.95	0.5	0.5	0.45	0.46	0.48	0.43	0.71	0.57	0.69	0.72	0.85	1.3	0.65	0.5	0.82	0.76	0.83
BS_4-8_manning003_extreme/E01267N3753E01646N3535-BS-M809_E01568N3625_D010_S067D90R090_A006995_S075	0.49	0.59	0.78	1.01	1.05	3.12	3.48	3.09	3.76	8.1	7.04	3.36	4.19	4.19	4.36	3.68	6.91	7.02	4.87	5.8	9.25	10.92	4.72	12.36	5.12	7.22	5.19	6.28	4.72	6.99	6.63	7.38	3.19	5.97	3.59	3.84	2.67	2.14	1.91	2.06	1.93	2.68	2.36	2.52	3.88	2.4	3.72	2.97	2.18	2.27	2.42	2.36	2.62	3.85	3.19	3.89	1.59	3.36	3.02	2.55	2.34	2.35	1.98	1.73	1.71	2.51	2.3	3.14	2.77	3.59	2.05	2.17	2.44	2.76	2.42	2.91	3.36	4.27	6.73	7.38	7.35	6.0	5.92	1.61	2.45	2.82	3.17
BS_4-8_manning003_extreme/E01522N3585E03578N2685-BS-M809_E01581N3535_D010_S067D50R090_A006995_S075	0.27	0.31	0.4	0.5	0.48	2.38	2.23	2.04	1.61	8.11	7.06	1.66	4.21	3.07	2.95	2.29	3.59	4.0	2.76	3.29	5.02	5.05	3.07	12.38	2.79	4.18	3.18	4.23	2.99	4.52	4.71	3.82	1.94	2.81	3.04	1.99	2.1	1.94	1.8	1.74	1.56	1.48	1.66	1.93	1.64	1.36	1.9	2.03	1.46	1.59	2.06	1.5	1.38	1.39	1.36	1.42	1.27	2.39	2.81	1.53	1.11	1.1	0.99	0.97	1.29	1.33	1.2	1.31	2.2	2.54	1.28	1.52	1.28	1.48	1.62	1.51	2.06	1.73	2.52	2.86	3.52	4.36	2.87	1.22	1.86	2.06	1.72
BS_4-8_manning003_extreme/E01267N3753E01646N3535-BS-M809_E01544N3647_D010_S202D70R270_A006995_S075	0.36	0.41	0.46	0.65	0.68	1.91	2.73	2.81	1.99	8.12	7.07	1.65	4.22	1.24	1.23	1.0	1.19	0.98	0.95	0.84	1.19	2.28	0.92	12.38	1.04	1.38	1.44	1.43	1.13	2.75	1.64	2.57	1.46	2.9	2.18	2.42	2.2	1.04	1.36	1.19	1.27	2.1	2.79	3.28	4.69	2.56	4.38	4.65	2.93	3.37	5.09	4.36	4.08	7.05	6.36	6.4	2.72	4.59	6.11	3.33	3.93	3.68	3.52	2.7	2.7	3.57	3.37	3.56	3.37	5.37	3.42	2.33	1.85	2.04	2.85	2.5	2.42	3.17	4.46	4.81	5.69	7.35	4.88	1.88	2.49	3.43	3.76
BS_4-8_manning003_extreme/E01522N3585E03578N2685-BS-M809_E01668N3557_D010_S067D30R090_A006995_S075	0.44	0.55	0.68	0.77	0.73	3.82	3.83	3.56	2.42	8.12	7.06	2.86	4.21	4.43	3.78	3.59	5.43	4.93	3.85	3.53	7.08	6.08	3.51	12.39	3.27	3.07	5.37	4.72	4.11	4.95	4.84	4.3	2.28	3.03	3.02	2.88	1.69	1.92	1.78	1.53	1.46	1.56	1.8	2.01	1.53	1.55	1.88	1.98	1.66	1.78	1.8	1.74	1.66	1.67	1.51	1.98	1.35	2.39	2.54	1.75	1.44	1.42	1.31	1.34	1.35	1.25	1.21	1.5	1.88	2.06	1.26	1.28	1.13	1.23	1.12	1.21	1.46	1.75	2.21	2.43	2.95	3.52	2.48	1.12	1.46	1.34	1.74
BS_4-8_manning003_extreme/E01522N3585E03578N2685-BS-M809_E01950N3310_D010_S067D50R090_A006995_S075	0.36	0.43	0.55	0.61	0.6	2.03	2.7	2.42	1.49	8.11	7.05	1.45	4.2	1.92	2.08	1.66	2.14	2.26	1.92	2.54	3.28	3.38	2.68	12.37	1.96	2.13	2.69	3.5	3.4	2.34	2.49	3.13	2.03	3.13	2.2	2.3	1.67	1.84	1.69	1.64	1.58	1.56	1.77	1.97	1.49	1.6	1.77	1.92	1.54	1.71	2.02	1.74	1.54	1.8	1.54	1.61	1.35	2.19	2.66	1.46	1.09	0.99	0.99	0.96	1.18	1.18	1.06	1.11	1.78	2.05	1.01	1.13	1.1	1.0	0.94	0.74	1.05	1.35	1.59	1.65	1.89	2.8	1.52	1.02	1.45	1.32	1.5
BS_4-8_manning003_extreme/E01522N3585E03578N2685-BS-M809_E01633N3512_D010_S067D50R090_A006995_S075	0.32	0.37	0.47	0.6	0.59	2.19	2.67	2.5	1.99	8.11	7.06	1.73	4.21	3.06	3.15	2.53	3.87	4.19	3.23	3.24	6.09	6.1	3.2	12.38	3.14	3.57	3.66	4.64	2.89	5.48	5.6	4.02	2.24	3.34	3.5	2.29	1.78	2.44	2.01	1.64	1.51	1.57	2.29	2.27	1.87	1.76	2.3	2.59	1.85	1.97	2.51	1.94	1.79	2.0	1.62	1.7	1.48	2.74	3.16	1.74	1.32	1.32	1.15	1.18	1.36	1.41	1.26	1.34	2.29	2.65	1.33	1.46	1.29	1.13	1.02	0.94	0.94	1.87	2.37	2.64	3.37	4.57	2.8	1.26	1.91	2.06	1.83
BS_4-8_manning003_extreme/E01522N3585E03578N2685-BS-M774_E01664N3535_D010_S067D70R270_A003139_S050	0.22	0.26	0.32	0.36	0.36	1.11	1.95	1.74	1.71	8.1	7.04	1.58	4.19	1.68	1.19	0.97	2.1	1.22	1.82	2.06	3.88	5.44	1.25	12.37	1.46	1.41	2.43	2.82	1.34	2.31	2.43	2.35	0.86	1.59	1.51	0.82	0.83	0.77	0.7	0.64	0.78	0.78	0.75	0.99	1.01	0.56	1.66	0.55	0.48	0.48	0.54	0.52	0.48	0.98	0.96	0.99	0.47	0.89	0.58	0.62	0.74	0.63	0.63	0.72	0.45	0.61	0.45	0.65	0.51	0.58	0.51	0.53	0.58	0.37	0.57	0.5	0.39	0.54	0.91	1.22	1.82	2.27	1.52	0.53	0.48	0.48	0.48
BS_4-8_manning003_extreme/E01267N3753E01646N3535-BS-M809_E01547N3670_D010_S067D90R090_A006995_S075	0.64	0.75	1.03	1.31	1.11	5.16	4.41	3.86	4.2	8.09	7.03	3.47	4.3	4.6	4.94	4.17	7.58	7.95	5.64	6.57	11.25	12.01	5.71	12.34	5.62	7.19	5.93	6.74	5.1	7.97	7.13	9.78	3.66	5.73	4.39	4.89	2.86	2.49	2.46	1.97	1.84	3.08	2.35	2.93	4.87	3.01	4.73	2.99	2.8	2.49	2.94	2.72	2.91	5.92	4.05	4.58	2.21	5.94	6.26	3.51	3.98	3.36	2.18	2.31	2.63	4.21	3.83	4.71	5.31	4.83	3.99	2.17	1.68	1.97	1.52	1.99	2.13	3.74	1.31	1.2	1.34	1.22	1.25	3.73	3.43	3.26	3.21
BS_4-8_manning003_extreme/E01522N3585E03578N2685-BS-M809_E01613N3557_D010_S247D30R090_A006995_S075	0.36	0.43	0.54	0.67	0.64	2.37	2.91	2.68	1.65	8.12	7.06	1.68	4.21	2.53	1.86	1.82	3.08	2.28	2.81	2.49	5.36	6.1	2.6	12.39	2.05	1.84	3.25	3.0	3.22	2.29	2.38	2.99	1.85	2.84	2.36	2.67	1.61	1.67	1.64	1.55	1.49	1.52	1.58	2.03	1.53	1.88	1.99	2.03	1.77	1.77	1.93	1.87	1.81	2.12	1.97	1.97	1.51	2.14	2.3	1.61	1.54	1.39	1.36	1.37	1.47	1.42	1.33	1.67	1.93	1.89	1.4	1.21	1.09	1.21	1.06	1.18	1.5	1.89	2.48	2.72	3.02	3.54	2.72	1.28	1.54	1.65	1.94
BS_4-8_manning003_extreme/E01522N3585E03578N2685-BS-M809_E01813N3445_D010_S067D30R090_A006995_S075	0.43	0.57	0.65	0.76	0.74	3.0	3.0	2.83	1.98	8.11	7.05	2.24	4.2	3.63	3.48	2.61	3.62	4.07	3.09	2.83	6.03	5.46	3.04	12.38	3.26	3.25	3.53	4.13	3.0	4.42	4.21	3.28	2.26	3.4	2.79	2.64	1.88	2.11	1.82	1.61	1.59	1.61	1.89	1.91	1.74	1.68	1.91	2.23	1.72	1.83	2.11	1.69	1.64	1.77	1.68	1.68	1.42	1.89	2.22	1.39	1.26	1.23	1.12	1.08	1.18	1.12	1.03	1.14	1.48	1.49	0.99	0.93	0.84	0.78	0.85	0.74	1.12	1.3	1.52	1.58	1.75	2.21	1.49	0.97	1.22	1.15	1.38
BS_4-8_manning003_extreme/E01577N3897E01966N3571-BS-M754_E01941N3805_D010_S337D50R090_A003524_S022	0.09	0.1	0.15	0.19	0.18	0.46	0.58	0.52	0.36	8.1	7.05	0.47	4.2	0.51	0.51	0.56	0.5	0.63	0.8	0.83	1.12	1.49	0.9	12.37	1.05	1.04	0.98	1.35	0.9	1.43	1.52	1.55	0.97	1.27	1.18	0.81	1.1	1.1	1.1	0.98	0.9	0.86	0.95	1.06	0.91	0.92	1.06	1.36	0.7	0.87	1.12	0.95	0.86	1.06	0.9	0.8	0.66	0.55	1.31	0.79	0.45	0.45	0.45	0.41	0.5	0.48	0.41	0.4	0.48	0.71	0.46	0.35	0.33	0.29	0.25	0.25	0.25	0.3	0.35	0.34	0.34	0.43	0.24	0.31	0.42	0.39	0.43
BS_4-8_manning003_extreme/E01522N3585E03578N2685-BS-M792_E01636N3535_D010_S067D50R270_A004781_S062	0.26	0.3	0.33	0.4	0.44	1.33	2.32	1.97	2.19	8.09	7.04	1.84	4.19	2.08	1.74	1.2	1.56	1.41	1.93	1.94	5.32	6.61	1.42	12.36	1.55	1.43	3.06	3.06	1.44	2.8	2.65	1.8	1.06	1.85	1.76	1.05	1.11	0.87	1.16	0.74	0.64	0.94	0.91	1.44	1.29	0.62	1.95	0.72	0.68	0.59	0.54	0.63	0.51	1.22	1.26	1.18	0.54	0.85	0.69	0.65	1.14	0.84	0.71	0.88	0.58	0.97	0.77	1.13	0.66	0.84	0.71	0.74	1.0	0.79	0.87	0.93	0.66	0.67	1.3	1.57	2.27	2.51	1.94	0.69	1.03	0.84	0.78
BS_4-8_manning003_extreme/E01267N3753E01646N3535-BS-M809_E01564N3602_D010_S067D70R090_A006995_S075	0.42	0.5	0.64	0.84	0.75	2.97	3.28	2.91	2.39	8.11	7.05	2.26	4.2	3.59	3.11	2.8	5.42	4.96	4.71	4.11	8.99	7.84	5.07	12.38	4.51	5.93	5.73	7.12	4.27	8.08	8.37	6.41	3.16	4.84	4.77	3.1	2.92	3.0	2.76	2.58	2.23	1.91	2.7	3.08	3.19	2.02	2.93	3.31	2.38	2.78	2.91	2.64	2.72	2.55	2.29	3.26	2.07	3.79	4.44	3.01	2.11	2.1	1.79	1.77	1.94	1.92	1.95	2.64	3.3	3.89	2.32	1.99	1.83	1.9	1.67	2.01	2.68	3.58	5.71	6.68	7.23	6.69	5.68	1.65	2.45	2.82	3.26
BS_4-8_manning003_extreme/E01522N3585E03578N2685-BS-M809_E01946N3288_D010_S067D50R090_A006995_S075	0.35	0.42	0.54	0.58	0.6	2.09	2.79	2.51	1.55	8.11	7.05	1.52	4.2	1.96	2.08	1.76	2.35	2.33	2.2	2.79	3.43	3.65	2.89	12.37	2.17	2.25	3.25	3.88	3.73	2.59	3.07	3.59	2.26	3.41	2.38	2.48	1.79	2.11	1.97	1.74	1.71	1.73	1.96	2.13	1.69	1.83	2.03	2.09	1.74	1.9	2.14	1.92	1.75	1.92	1.7	1.76	1.5	2.39	2.9	1.51	1.24	1.13	1.11	1.1	1.33	1.31	1.18	1.22	1.95	2.23	1.13	1.26	1.11	1.0	0.86	0.83	1.04	1.5	1.76	1.82	2.07	3.05	1.67	1.15	1.55	1.54	1.66
